raw_SMILES,reaxys_id,SMILES,cas_number
BrC1=CC=C(C=O)C=C1,507100,O=Cc1ccc(Br)cc1,1122-91-4
NC1=CC=C(Br)C=C1,742031,Nc1ccc(Br)cc1,106-40-1
CC(=O)C1=CC=C(Br)C=C1,386015,CC(=O)c1ccc(Br)cc1,99-90-1
CC1=CC=C(Br)C=C1,1903636,Cc1ccc(Br)cc1,106-38-7
COC1=CC=C(Br)C=C1,1237590,COc1ccc(Br)cc1,104-92-7
BrC1=CC=CC=C1C=O,636132,O=Cc1ccccc1Br,6630-33-7
OC1=CC=C(Br)C=C1,1680024,Oc1ccc(Br)cc1,106-41-2
BrC1=CC(C=O)=CC=C1,1634534,O=Cc1cccc(Br)c1,3132-99-8
BrC1=CC=C(I)C=C1,1904545,Brc1ccc(I)cc1,589-87-7
BrC1=CC=C(C=C1)C#N,2041518,N#Cc1ccc(Br)cc1,623-00-7
BrC1=CC=C(C=C1)N(=O)=O,636964,O=[N+]([O-])c1ccc(Br)cc1,586-78-7
BrC1=CC=CC2=CC=CC=C12,1906414,Brc1cccc2ccccc12,90-11-9
CC1=CC=CC=C1Br,1904176,Cc1ccccc1Br,95-46-5
NC1=CC=CC=C1Br,742062,Nc1ccccc1Br,615-36-1
ClC(=O)C1=CC=C(Br)C=C1,636641,O=C(Cl)c1ccc(Br)cc1,586-75-4
OC1=C(C=O)C=C(Br)C=C1,774710,O=Cc1cc(Br)ccc1O,1761-61-1
NC1=CC(Br)=CC=C1,742028,Nc1cccc(Br)c1,591-19-5
OC(=O)C1=CC=C(Br)C=C1,1906923,O=C(O)c1ccc(Br)cc1,586-76-5
BrCC(=O)C1=CC=C(Br)C=C1,607604,O=C(CBr)c1ccc(Br)cc1,99-73-0
FC1=CC=C(Br)C=C1,774102,Fc1ccc(Br)cc1,460-00-4
COC1=C(OCC2CCN(C)CC2)C=C2N=CN=C(NC3=CC=C(Br)C=C3F)C2=C1,9161676,COc1cc2c(Nc3ccc(Br)cc3F)ncnc2cc1OCC1CCN(C)CC1,443913-73-3
ClC1=CC=C(Br)C=C1,1099014,Clc1ccc(Br)cc1,106-39-8
BrC1=CC2=CC=CC=C2C=C1,1858110,Brc1ccc2ccccc2c1,580-13-2
BrCC1=CC=C(Br)C=C1,606498,BrCc1ccc(Br)cc1,589-15-1
FC(F)(F)C1=CC=C(Br)C=C1,2045666,FC(F)(F)c1ccc(Br)cc1,402-43-7
CC1=CC(Br)=CC=C1,1903633,Cc1cccc(Br)c1,591-17-3
OC1=CC=CC=C1Br,1905115,Oc1ccccc1Br,95-56-7
BrC1=CC=C(C=C)C=C1,1634204,C=Cc1ccc(Br)cc1,2039-82-9
BrC1=CC=CC(I)=C1,1854384,Brc1cccc(I)c1,591-18-4
COC1=CC=CC=C1Br,1859996,COc1ccccc1Br,578-57-4
COC1=CC(Br)=CC=C1,1524687,COc1cccc(Br)c1,2398-37-0
BrC1=CC=C(C=C1)C#C,1209726,C#Cc1ccc(Br)cc1,766-96-1
OB(O)C1=CC=C(Br)C=C1,2936347,OB(O)c1ccc(Br)cc1,5467-74-3
OCC1=CC=C(Br)C=C1,1931620,OCc1ccc(Br)cc1,873-75-6
ClS(=O)(=O)C1=CC=C(Br)C=C1,743518,O=S(=O)(Cl)c1ccc(Br)cc1,98-58-8
COC(=O)C1=CC=C(Br)C=C1,2045132,COC(=O)c1ccc(Br)cc1,619-42-1
CC(=O)C1=CC(Br)=CC=C1,507599,CC(=O)c1cccc(Br)c1,2142-63-4
OC1=CC=CC(Br)=C1,1853950,Oc1cccc(Br)c1,591-20-8
SC1=CC=C(Br)C=C1,507031,Sc1ccc(Br)cc1,106-53-6
CC(=O)C1=C(Br)C=CC=C1,1931534,CC(=O)c1ccccc1Br,2142-69-0
BrC1=CC=CC=C1C1=CC=CC=C1,1863156,Brc1ccccc1-c1ccccc1,2052-07-5
OC(=O)C1=CC=CC=C1Br,971266,O=C(O)c1ccccc1Br,88-65-3
CN(C)C1=CC=C(Br)C=C1,2206155,CN(C)c1ccc(Br)cc1,586-77-6
BrC1=CC=C(C=C1)C(=O)C1=CC=CC=C1,1910182,O=C(c1ccccc1)c1ccc(Br)cc1,90-90-4
BrC1=CC=C(C=C1)N(C1=CC=CC=C1)C1=CC=CC=C1,2730199,Brc1ccc(N(c2ccccc2)c2ccccc2)cc1,36809-26-4
BrC1=C2C=CC=CC2=CC2=CC=CC=C12,1869747,Brc1c2ccccc2cc2ccccc12,1564-64-3
BrCC1=CC=CC=C1Br,971015,BrCc1ccccc1Br,3433-80-5
BrC1=CC=C(C=C1)C1=NC(=NC(=N1)C1=CC=CC=C1)C1=CC=CC=C1,551030,Brc1ccc(-c2nc(-c3ccccc3)nc(-c3ccccc3)n2)cc1,23449-08-3
CN1C=NC2=C(F)C(NC3=C(Cl)C=C(Br)C=C3)=C(C=C12)C(=O)NOCCO,11099648,Cn1cnc2c(F)c(Nc3ccc(Br)cc3Cl)c(C(=O)NOCCO)cc21,606143-52-6
BrC1=CC=CC(=C1)C#N,1858942,N#Cc1cccc(Br)c1,6952-59-6
CCCSP(=O)(OCC)OC1=CC=C(Br)C=C1Cl,2150258,CCCSP(=O)(OCC)Oc1ccc(Br)cc1Cl,41198-08-7
BrC1=CC=CC=C1C#N,2042185,N#Cc1ccccc1Br,2042-37-7
OC(=O)C1=CC=CC(Br)=C1,2041792,O=C(O)c1cccc(Br)c1,585-76-2
BrC1=CC=C(C=C1)N1C2=CC=CC=C2C2=C1C=CC=C2,199590,Brc1ccc(-n2c3ccccc3c3ccccc32)cc1,57102-42-8
FC1=CC=CC=C1Br,1071819,Fc1ccccc1Br,1072-85-1
FC1=CC(Br)=CC=C1,1853969,Fc1cccc(Br)c1,1073-06-9
CCOC(=O)C1=CC=C(Br)C=C1,1867129,CCOC(=O)c1ccc(Br)cc1,5798-75-4
BrC1=CC=CC(=C1)N(=O)=O,2043212,O=[N+]([O-])c1cccc(Br)c1,585-79-5
NC1=C(N)C=C(Br)C=C1,742466,Nc1ccc(Br)cc1N,1575-37-7
ClC1=CC=CC(Br)=C1,1446353,Clc1cccc(Br)c1,108-37-2
OC1=CC2=CC=C(Br)C=C2C=C1,1100270,Oc1ccc2cc(Br)ccc2c1,15231-91-1
NCC1=CC=C(Br)C=C1,2689604,NCc1ccc(Br)cc1,3959-07-7
BrC1=CC=CC(=C1)C1=CC=CC=C1,2043191,Brc1cccc(-c2ccccc2)c1,2113-57-7
CC1=CC(Br)=CC(C)=C1,1926375,Cc1cc(C)cc(Br)c1,556-96-7
OC(=O)CC1=CC=C(Br)C=C1,972146,O=C(O)Cc1ccc(Br)cc1,1878-68-8
BrC1=CC2=C(C=CC=C2)C2=C1C=CC=C2,1869927,Brc1cc2ccccc2c2ccccc12,573-17-1
ClC(=O)C1=CC(Br)=CC=C1,1635505,O=C(Cl)c1cccc(Br)c1,1711-09-7
ClC(=O)C1=CC=CC=C1Br,508506,O=C(Cl)c1ccccc1Br,7154-66-7
NNC1=CC=C(Br)C=C1,742474,NNc1ccc(Br)cc1,589-21-9
CC(O)C1=CC=C(Br)C=C1,5729995,CC(O)c1ccc(Br)cc1,5391-88-8
BrCC1=CC=CC(Br)=C1,2078683,BrCc1cccc(Br)c1,823-78-9
OB(O)C1=CC(Br)=CC=C1,3127104,OB(O)c1cccc(Br)c1,89598-96-9
NC1=C(C=C(Br)C=C1)C(O)=O,639028,Nc1ccc(Br)cc1C(=O)O,5794-88-7
OCC1=C(Br)C=CC=C1,2243418,OCc1ccccc1Br,18982-54-2
ClC1=CC=CC=C1Br,1855303,Clc1ccccc1Br,694-80-4
CN1C=NC2=C(F)C(NC3=CC=C(Br)C=C3F)=C(C=C12)C(=O)NOCCO,11788880,Cn1cnc2c(F)c(Nc3ccc(Br)cc3F)c(C(=O)NOCCO)cc21,606143-89-9
BrC1=CC=C(C=C1)C1=NC2=CC=CC=C2N1C1=CC=CC=C1,617138,Brc1ccc(-c2nc3ccccc3n2-c2ccccc2)cc1,2620-76-0
CC(=O)NC1=CC=C(Br)C=C1,2208091,CC(=O)Nc1ccc(Br)cc1,103-88-8
FC1=C(C=C(Br)C=C1)N(=O)=O,2329084,O=[N+]([O-])c1cc(Br)ccc1F,364-73-8
CC1=CC=CC(C)=C1Br,1929780,Cc1cccc(C)c1Br,576-22-7
CC#CC(=O)NC1=CC2=C(C=C1)N=CN=C2NC1=CC=CC(Br)=C1,9076651,CC#CC(=O)Nc1ccc2ncnc(Nc3cccc(Br)c3)c2c1,194423-06-8
FC1=CC(Br)=CC(F)=C1,1931520,Fc1cc(F)cc(Br)c1,461-96-1
OB(O)C1=CC=CC=C1Br,8542615,OB(O)c1ccccc1Br,244205-40-1
BrC1=C(C=C)C=CC=C1,2323537,C=Cc1ccccc1Br,2039-88-5
BrC1=CC=C2C=CC3=CC=CC4=C3C2=C1C=C4,1912059,Brc1ccc2ccc3cccc4ccc1c2c34,1714-29-0
SC1=C(Br)C=CC=C1,2039769,Sc1ccccc1Br,6320-02-1
COC1=CC(OC)=CC(Br)=C1,2359696,COc1cc(Br)cc(OC)c1,20469-65-2
FC1=C(F)C(F)=C(Br)C(F)=C1F,1819390,Fc1c(F)c(F)c(Br)c(F)c1F,344-04-7
BrC1=CC=C(C=C1)N=C=O,508203,O=C=Nc1ccc(Br)cc1,2493-02-9
BrC1=CC(C=C)=CC=C1,2038490,C=Cc1cccc(Br)c1,2039-86-3
FC1=C(C=CC(Br)=C1)N(=O)=O,3530476,O=[N+]([O-])c1ccc(Br)cc1F,321-23-3
FC1=C(C=O)C=CC(Br)=C1,7700208,O=Cc1ccc(Br)cc1F,57848-46-1
CC1=CC(Br)=C(N)C=C1,1931711,Cc1ccc(N)c(Br)c1,583-68-6
COC1=CC=C2C=C(Br)C=CC2=C1,2043874,COc1ccc2cc(Br)ccc2c1,5111-65-9
BrC1=CC(=CC(=C1)C1=CC=CC=C1)C1=CC=CC=C1,4423206,Brc1cc(-c2ccccc2)cc(-c2ccccc2)c1,103068-20-8
COC1=CC=C(Br)C=C1OC,2046884,COc1ccc(Br)cc1OC,2859-78-1
BrC1=CC=C(C=C1)C1=CC2=C(C=C1)N(C1=C2C=CC=C1)C1=CC=CC=C1,19325695,Brc1ccc(-c2ccc3c(c2)c2ccccc2n3-c2ccccc2)cc1,1028647-93-9
NC1=CC=C(Br)C=C1F,2081089,Nc1ccc(Br)cc1F,367-24-8
COC(=O)C1=CC(Br)=CC=C1,1940810,COC(=O)c1cccc(Br)c1,618-89-3
COC1=CC(C=O)=C(Br)C=C1,2246539,COc1ccc(Br)c(C=O)c1,7507-86-0
CC(=O)C1=CC(Br)=CC=C1O,2045140,CC(=O)c1cc(Br)ccc1O,1450-75-5
CC1=CC(Br)=CC=C1C(O)=O,2249816,Cc1cc(Br)ccc1C(=O)O,68837-59-2
BrC1=CC2=C(C=C1)C1=C(C=CC=C1)C1=C2C=CC=C1,2272673,Brc1ccc2c3ccccc3c3ccccc3c2c1,19111-87-6
COC1=C(OC)C=C(C=O)C(Br)=C1,2052355,COc1cc(Br)c(C=O)cc1OC,5392-10-9
BrC1=CC=C(C=C1)C1=CC=CC2=C1OC1=C2C=CC=C1,14346140,Brc1ccc(-c2cccc3c2oc2ccccc23)cc1,955959-84-9
NC1=C(C=C(Br)C=C1)N(=O)=O,2210198,Nc1ccc(Br)cc1[N+](=O)[O-],875-51-4
FC1=CC=C(Br)C(F)=C1,1680892,Fc1ccc(Br)c(F)c1,348-57-2
FC1=CC=C(Br)C(C=O)=C1,5497835,O=Cc1cc(F)ccc1Br,94569-84-3
FC1=C(C=CC(Br)=C1)C#N,4231143,N#Cc1ccc(Br)cc1F,105942-08-3
NC1=C(C=CC=C1CC(O)=O)C(=O)C1=CC=C(Br)C=C1,8335547,Nc1c(CC(=O)O)cccc1C(=O)c1ccc(Br)cc1,0
OC1=CC(Br)=CC=C1C=O,2433855,O=Cc1ccc(Br)cc1O,22532-62-3
FC1=CC=C(C=O)C(Br)=C1,2412140,O=Cc1ccc(F)cc1Br,59142-68-6
OC(=O)C1=C(F)C=C(Br)C=C1,6323931,O=C(O)c1ccc(Br)cc1F,112704-79-7
CC1=C(N)C=CC(Br)=C1,636521,Cc1cc(Br)ccc1N,583-75-5
OCC1=CC(Br)=CC=C1,2242512,OCc1cccc(Br)c1,15852-73-0
NNC(=O)C1=CC=C(Br)C=C1,777006,NNC(=O)c1ccc(Br)cc1,5933-32-4
COC(=O)C1=CC=C(Br)C=C1C,2574507,COC(=O)c1ccc(Br)cc1C,99548-55-7
BrC1=CC=C(C=C1)N(C1=CC=C(C=C1)C1=CC=CC=C1)C1=CC=C(C=C1)C1=CC=CC=C1,14458443,Brc1ccc(N(c2ccc(-c3ccccc3)cc2)c2ccc(-c3ccccc3)cc2)cc1,499128-71-1
OC1=C(Br)C2=C(C=CC=C2)C=C1,2044001,Oc1ccc2ccccc2c1Br,573-97-7
CS(=O)(=O)C1=CC=C(Br)C=C1,2045675,CS(=O)(=O)c1ccc(Br)cc1,3466-32-8
SC1=CC=CC(Br)=C1,1926242,Sc1cccc(Br)c1,6320-01-0
OC(=O)CC1=CC=CC(Br)=C1,2045104,O=C(O)Cc1cccc(Br)c1,1878-67-7
BrC1=CC=C(C=CN(=O)=O)C=C1,2088460,O=[N+]([O-])C=Cc1ccc(Br)cc1,3156-37-4
CNC1=CC=C(Br)C=C1,2205847,CNc1ccc(Br)cc1,6911-87-1
FC1=CC=C(Br)C=C1C=O,7632798,O=Cc1cc(Br)ccc1F,93777-26-5
CC1=CC=C(C)C(Br)=C1,2040350,Cc1ccc(C)c(Br)c1,553-94-6
FC(F)(F)C1=CC=CC=C1Br,1945750,FC(F)(F)c1ccccc1Br,392-83-6
OCCC1=CC=C(Br)C=C1,2079929,OCCc1ccc(Br)cc1,4654-39-1
CC1=C(Br)C=CC(O)=C1,1859122,Cc1cc(O)ccc1Br,14472-14-1
CCC(=O)C1=CC=C(Br)C=C1,1210311,CCC(=O)c1ccc(Br)cc1,10342-83-3
ClS(=O)(=O)C1=CC(Br)=CC=C1,2691656,O=S(=O)(Cl)c1cccc(Br)c1,2905-24-0
BrC1=CC=C(C=C1)N=N#N,1939308,[N-]=[N+]=Nc1ccc(Br)cc1,2101-88-4
FC(F)(F)OC1=CC=C(Br)C=C1,2046332,FC(F)(F)Oc1ccc(Br)cc1,407-14-7
CCC1=C(Br)C=CC=C1,1929735,CCc1ccccc1Br,1973-22-4
OC(=O)C1=CC(Br)=CC=C1O,2209121,O=C(O)c1cc(Br)ccc1O,89-55-4
BrC1=CC=C(C=C1)C1=CC=C(I)C=C1,2518914,Brc1ccc(-c2ccc(I)cc2)cc1,105946-82-5
CC1=CC=C(O)C(Br)=C1,1859036,Cc1ccc(O)c(Br)c1,6627-55-0
COC(=O)CC1=CC=C(Br)C=C1,2613992,COC(=O)Cc1ccc(Br)cc1,41841-16-1
BrC1=C2C=CC=CC2=C(C2=CC=CC=C2)C2=CC=CC=C12,2277064,Brc1c2ccccc2c(-c2ccccc2)c2ccccc12,23674-20-6
NCCC1=CC=C(Br)C=C1,2802431,NCCc1ccc(Br)cc1,73918-56-6
BrC1=CC=C(C=C1)C1=C2C=CC=CC2=C(C2=CC=CC=C2)C2=C1C=CC=C2,11441859,Brc1ccc(-c2c3ccccc3c(-c3ccccc3)c3ccccc23)cc1,625854-02-6
BrC1=CC=C(OC2=CC=CC=C2)C=C1,1308972,Brc1ccc(Oc2ccccc2)cc1,101-55-3
NS(=O)(=O)C1=CC=C(Br)C=C1,2691657,NS(=O)(=O)c1ccc(Br)cc1,701-34-8
CC1=CC=C(Br)C(C)=C1,2040352,Cc1ccc(Br)c(C)c1,583-70-0
OC1=C(Cl)C=C(Br)C=C1,2042867,Oc1ccc(Br)cc1Cl,3964-56-5
BrC1=CC=C(C=C1)C1=CC=CC2=CC=CC=C12,3256523,Brc1ccc(-c2cccc3ccccc23)cc1,204530-94-9
OC1=CC=C(Br)C=C1F,1861281,Oc1ccc(Br)cc1F,2105-94-4
NCC1=CC=CC=C1Br,2689715,NCc1ccccc1Br,3959-05-5
CC1=C(C)C=C(Br)C=C1,2040354,Cc1ccc(Br)cc1C,583-71-1
COC1=CC(Br)=CC(OC)=C1OC,2101952,COc1cc(Br)cc(OC)c1OC,2675-79-8
BrCC(=O)C1=CC(Br)=CC=C1,775786,O=C(CBr)c1cccc(Br)c1,18523-22-3
FC1=C(I)C=CC(Br)=C1,4740250,Fc1cc(Br)ccc1I,105931-73-5
NC1=C(O)C=CC(Br)=C1,3236448,Nc1cc(Br)ccc1O,40925-68-6
ClC1=CC=C(Br)C(C=O)=C1,10423891,O=Cc1cc(Cl)ccc1Br,174265-12-4
BrC1=CC=C(C=C1)C1=CN2C=CC=CC2=N1,163834,Brc1ccc(-c2cn3ccccc3n2)cc1,34658-66-7
OC1=C(Br)C=C(C=O)C=C1,2205318,O=Cc1ccc(O)c(Br)c1,2973-78-6
COC(=O)C1=CC=C(Br)C=C1CBr,9902737,COC(=O)c1ccc(Br)cc1CBr,78471-43-9
CC1=CC=C(C=O)C(Br)=C1,2352756,Cc1ccc(C=O)c(Br)c1,824-54-4
BrC1=CC=CC(=C1)N1C2=CC=CC=C2C2=C1C=CC=C2,11062569,Brc1cccc(-n2c3ccccc3c3ccccc32)c1,185112-61-2
CC1(C)C2=CC=CC=C2C2=CC=C(C=C12)N(C1=CC=C(Br)C=C1)C1=CC=C(C=C1)C1=CC=CC=C1,21255006,CC1(C)c2ccccc2-c2ccc(N(c3ccc(Br)cc3)c3ccc(-c4ccccc4)cc3)cc21,1246562-40-2
OC(=O)CC1=CC=CC=C1Br,2250655,O=C(O)Cc1ccccc1Br,18698-97-0
CS(=O)C1=CC=C(Br)C=C1,1860103,CS(=O)c1ccc(Br)cc1,934-71-4
COC1=CC(C=O)=CC(Br)=C1O,2049761,COc1cc(C=O)cc(Br)c1O,2973-76-4
CCOC(=O)CC1=CC=C(Br)C=C1,2092638,CCOC(=O)Cc1ccc(Br)cc1,14062-25-0
ClS(=O)(=O)C1=C(Br)C=CC=C1,2692202,O=S(=O)(Cl)c1ccccc1Br,2905-25-1
ClCC1=CC=C(Br)C=C1,636506,ClCc1ccc(Br)cc1,589-17-3
COC1=C(Br)C=C(C=O)C=C1,1636939,COc1ccc(C=O)cc1Br,34841-06-0
NCC1=CC(Br)=CC=C1,2689601,NCc1cccc(Br)c1,10269-01-9
CC1=C(Br)C2=C(C=CC=C2)C=C1,2042531,Cc1ccc2ccccc2c1Br,2586-62-1
BrC1=CC=C(C=C(C#N)C#N)C=C1,639062,N#CC(C#N)=Cc1ccc(Br)cc1,2826-24-6
NC1=C(Br)C=C(F)C=C1,2802562,Nc1ccc(F)cc1Br,1003-98-1
BrC1=CC=C(NC2=CC=CC=C2)C=C1,2092704,Brc1ccc(Nc2ccccc2)cc1,54446-36-5
FC(F)(F)C(=O)C1=CC=C(Br)C=C1,1956460,O=C(c1ccc(Br)cc1)C(F)(F)F,16184-89-7
NC1=C(Br)C=C(Cl)C=C1,2802563,Nc1ccc(Cl)cc1Br,873-38-1
FC1=CC(Br)=CC=C1CBr,4307676,Fc1cc(Br)ccc1CBr,76283-09-5
C[Si](C)(C)C1=CC=C(Br)C=C1,2638178,C[Si](C)(C)c1ccc(Br)cc1,6999-03-7
NC1=CC(F)=C(Br)C=C1,3236457,Nc1ccc(Br)c(F)c1,656-65-5
FC1=CC=C(C=O)C=C1Br,5806226,O=Cc1ccc(F)c(Br)c1,77771-02-9
COC(=O)C1=CC(C)=C(Br)C=C1,6593534,COC(=O)c1ccc(Br)c(C)c1,148547-19-7
ClCS(=O)(=O)C1=CC=C(Br)C=C1,2098764,O=S(=O)(CCl)c1ccc(Br)cc1,54091-06-4
FC1=CC=C(Br)C=C1C#N,7701063,N#Cc1cc(Br)ccc1F,179897-89-3
CCC1=CC(Br)=CC=C1,2076983,CCc1cccc(Br)c1,2725-82-8
COC(=O)CC1=CC(Br)=CC=C1,6323479,COC(=O)Cc1cccc(Br)c1,150529-73-0
CC1=CC(Br)=CC=C1O,2041491,Cc1cc(Br)ccc1O,2362-12-1
COC1=CC=C(Br)C(=C1)C(O)=O,639763,COc1ccc(Br)c(C(=O)O)c1,22921-68-2
OC1=CC(F)=C(Br)C=C1,4740249,Oc1ccc(Br)c(F)c1,121219-03-2
BrC1=CC=C(C=C1)C1=NC=CC=C1,120274,Brc1ccc(-c2ccccn2)cc1,63996-36-1
COC(=O)C1=CC(Br)=CC=C1N,972720,COC(=O)c1cc(Br)ccc1N,52727-57-8
OC1=CC=C(Br)C=C1N(=O)=O,1870312,O=[N+]([O-])c1cc(Br)ccc1O,7693-52-9
COC1=CC(OC)=C(Br)C=C1,1867593,COc1ccc(Br)c(OC)c1,17715-69-4
CC(C)(C)C1=CC(=CC(Br)=C1)C(C)(C)C,2091559,CC(C)(C)c1cc(Br)cc(C(C)(C)C)c1,22385-77-9
COC1=CC(C)=C(Br)C=C1,1933865,COc1ccc(Br)c(C)c1,27060-75-9
BrC1=C(C=CC=C1)C#C,2553290,C#Cc1ccccc1Br,766-46-1
BrC1=CC=C(C=CC=O)C=C1,2041144,O=CC=Cc1ccc(Br)cc1,0
COC1=CC=C(Br)C=C1C=O,508840,COc1ccc(Br)cc1C=O,25016-01-7
BrC1=CC=C(OCC2=CC=CC=C2)C=C1,1371040,Brc1ccc(OCc2ccccc2)cc1,6793-92-6
OC(=O)C1=C(Cl)C=CC(Br)=C1,2691432,O=C(O)c1cc(Br)ccc1Cl,21739-92-4
COC1=CC=C2C=CC=CC2=C1Br,2045600,COc1ccc2ccccc2c1Br,3401-47-6
ClC1=CC=C(C=O)C(Br)=C1,5245665,O=Cc1ccc(Cl)cc1Br,84459-33-6
BrC1=CC=C(C=C1)C1(C2=CC=CC=C2C2=C1C=CC=C2)C1=CC=CC=C1,11053607,Brc1ccc(C2(c3ccccc3)c3ccccc3-c3ccccc32)cc1,0
BrC1=CC=C(\C=C\N(=O)=O)C=C1,2502065,O=[N+]([O-])/C=C/c1ccc(Br)cc1,0
BrC1=CC=C(C=CC(=O)C2=CC=CC=C2)C=C1,2049161,O=C(C=Cc1ccc(Br)cc1)c1ccccc1,1774-66-9
COC1=CC(Br)=C(OC)C=C1,2441884,COc1ccc(OC)c(Br)c1,25245-34-5
BrC1=C(C=C(C=C1)N(=O)=O)N(=O)=O,1113294,O=[N+]([O-])c1ccc(Br)c([N+](=O)[O-])c1,584-48-5
COC1=C(O)C(C=O)=CC(Br)=C1,2328601,COc1cc(Br)cc(C=O)c1O,5034-74-2
BrC1=CC(=CC=C1)C#C,2040367,C#Cc1cccc(Br)c1,766-81-4
CC1=CC=C(Br)C=C1F,1859028,Cc1ccc(Br)cc1F,51436-99-8
OC1=C(C=O)C=CC=C1Br,2041783,O=Cc1cccc(Br)c1O,1829-34-1
FC1=C(F)C=C(Br)C=C1,1934811,Fc1ccc(Br)cc1F,348-61-8
OC1=CC=C(F)C=C1Br,2355593,Oc1ccc(F)cc1Br,496-69-5
CC1=C(Br)C=CC(N)=C1,2689600,Cc1cc(N)ccc1Br,6933-10-4
CN(C)C1=CC=CC(Br)=C1,2079908,CN(C)c1cccc(Br)c1,16518-62-0
CC(C)C1=CC=C(Br)C=C1,1858096,CC(C)c1ccc(Br)cc1,586-61-8
BrC1=CC=C(C=C1)C1=CC=C(C=C1)N(C1=CC=CC=C1)C1=CC=CC=C1,9783398,Brc1ccc(-c2ccc(N(c3ccccc3)c3ccccc3)cc2)cc1,202831-65-0
NC1=C(I)C=C(Br)C=C1,2081110,Nc1ccc(Br)cc1I,66416-72-6
CC(=O)C1=C(O)C=C(Br)C=C1,2249800,CC(=O)c1ccc(Br)cc1O,30186-18-6
CC1=CC(Br)=CC(C)=C1N,1936300,Cc1cc(Br)cc(C)c1N,24596-19-8
BrC1=C(C=O)C=CC2=C1C=CC=C2,2613639,O=Cc1ccc2ccccc2c1Br,3378-82-3
NC1=C(C=CC(Br)=C1)C(O)=O,2209123,Nc1cc(Br)ccc1C(=O)O,20776-50-5
COC(=O)C1=C(Br)C=CC(Cl)=C1,1943036,COC(=O)c1cc(Cl)ccc1Br,27007-53-0
ClC1=CC(Br)=C(I)C=C1,1680894,Clc1ccc(I)c(Br)c1,31928-44-6
OC1=C(Br)C=C(Cl)C=C1,2042871,Oc1ccc(Cl)cc1Br,695-96-5
CCOC(=O)C1=CC=CC(Br)=C1,1867121,CCOC(=O)c1cccc(Br)c1,24398-88-7
FC1=CC(I)=CC=C1Br,4740251,Fc1cc(I)ccc1Br,136434-77-0
CC1=C(Br)C=CC=C1C(O)=O,2613792,Cc1c(Br)cccc1C(=O)O,76006-33-2
BrC1=CC=C(C=C1)C1=CC2=C(C=CC=C2)C=C1,2524078,Brc1ccc(-c2ccc3ccccc3c2)cc1,22082-99-1
OC1=CC(C=O)=C(Br)C=C1,2079921,O=Cc1cc(O)ccc1Br,2973-80-0
BrC1=CC=C(C=C1)C1=NC(=CC(=N1)C1=CC=CC=C1)C1=CC=CC=C1,9209402,Brc1ccc(-c2nc(-c3ccccc3)cc(-c3ccccc3)n2)cc1,0
CC1=C(Br)C=C(N)C=C1,1562057,Cc1ccc(N)cc1Br,7745-91-7
CC1=CC(F)=CC=C1Br,1859121,Cc1cc(F)ccc1Br,452-63-1
[H][C@@](C)(O)C1=CC=C(Br)C=C1,2042030,C[C@H](O)c1ccc(Br)cc1,0
OC(=O)\C=C\C1=CC=C(Br)C=C1,2207384,O=C(O)/C=C/c1ccc(Br)cc1,0
BrC1=CC(=CC=C1)C1=NC=CC=C1,9900265,Brc1cccc(-c2ccccn2)c1,4373-60-8
COC(=O)C1=C(I)C=CC(Br)=C1,3243995,COC(=O)c1cc(Br)ccc1I,181765-86-6
COC1=C(C)C=C(Br)C=C1,2082284,COc1ccc(Br)cc1C,14804-31-0
NC1=C(Cl)C=C(Br)C=C1,3117740,Nc1ccc(Br)cc1Cl,38762-41-3
BrC1=CC=C(C=C1)C1=NC2=C(S1)C=CC=C2,611323,Brc1ccc(-c2nc3ccccc3s2)cc1,19654-19-4
ClC1=CC=C(Br)C=C1Cl,1635735,Clc1ccc(Br)cc1Cl,18282-59-2
C[C@@H](O)C1=CC=C(Br)C=C1,4798442,C[C@@H](O)c1ccc(Br)cc1,0
BrC1=CC=C(C=C1)C(=O)C=CC1=CC=CC=C1,2049153,O=C(C=Cc1ccccc1)c1ccc(Br)cc1,2403-27-2
BrC1=CC(=CC=C1)C1=NC(=CC(=N1)C1=CC=CC=C1)C1=CC=CC=C1,22641705,Brc1cccc(-c2nc(-c3ccccc3)cc(-c3ccccc3)n2)c1,864377-22-0
CN(C)C\C=C(\C1=CC=C(Br)C=C1)C1=CC=CN=C1,479680,CN(C)C/C=C(/c1ccc(Br)cc1)c1cccnc1,56775-88-3
CC1=CC=C(C=C1Br)C(O)=O,1936510,Cc1ccc(C(=O)O)cc1Br,7697-26-9
BrC1=C(CC#N)C=CC=C1,2043684,N#CCc1ccccc1Br,19472-74-3
CC1(C)OB(OC1(C)C)C1=CC=C(Br)C=C1,8683807,CC1(C)OB(c2ccc(Br)cc2)OC1(C)C,68716-49-4
COC1=C(Br)C=CC(N)=C1,2690835,COc1cc(N)ccc1Br,19056-40-7
FC1=CC(Br)=CC(F)=C1C=O,14212170,O=Cc1c(F)cc(Br)cc1F,537013-51-7
CC1=CC(O)=CC(C)=C1Br,2207127,Cc1cc(O)cc(C)c1Br,7463-51-6
C[C@H](N)C1=CC=C(Br)C=C1,5729988,C[C@H](N)c1ccc(Br)cc1,27298-97-1
CN(C)CCC(C1=CC=C(Br)C=C1)C1=NC=CC=C1,217066,CN(C)CCC(c1ccc(Br)cc1)c1ccccn1,0
NC1=CC=C(Br)C=C1C#N,2085956,N#Cc1cc(Br)ccc1N,39263-32-6
CC1=C(C=C(Br)C=C1)C(O)=O,2613800,Cc1ccc(Br)cc1C(=O)O,79669-49-1
CSC1=CC=CC=C1Br,2243716,CSc1ccccc1Br,19614-16-5
CC(C)C1=C(Br)C=CC=C1,1857014,CC(C)c1ccccc1Br,7073-94-1
CCOP(=O)(CC1=CC=C(C=C1)C(=O)NC1=C(C=C(Br)C=C1)C#N)OCC,7497256,CCOP(=O)(Cc1ccc(C(=O)Nc2ccc(Br)cc2C#N)cc1)OCC,133208-93-2
BrC1=CC=C(C=C1)C#CC1=CC=CC=C1,2329659,Brc1ccc(C#Cc2ccccc2)cc1,13667-12-4
COC1=C(O)C=CC(Br)=C1,2045286,COc1cc(Br)ccc1O,7368-78-7
NC1=C(F)C(Br)=CC=C1,15311284,Nc1cccc(Br)c1F,58534-95-5
BrC1=CC(=CC=C1)C1=NC(=NC(=C1)C1=CC=CC=C1)C1=CC=CC=C1,22641706,Brc1cccc(-c2cc(-c3ccccc3)nc(-c3ccccc3)n2)c1,864377-28-6
CCCCC1=CC=C(Br)C=C1,2080263,CCCCc1ccc(Br)cc1,41492-05-1
CCOC(=O)C1=C(Br)C=CC=C1,2207360,CCOC(=O)c1ccccc1Br,6091-64-1
FC1=CC(Cl)=CC=C1Br,2081083,Fc1cc(Cl)ccc1Br,1996-29-8
BrC1=CC=C(C=C1)N1C2=C(C=CC=C2)N=C1C1=CC=CC=C1,14474560,Brc1ccc(-n2c(-c3ccccc3)nc3ccccc32)cc1,760212-58-6
NC1=C(F)C=C(Br)C=C1F,6858040,Nc1c(F)cc(Br)cc1F,67567-26-4
CC1=CC=CC(Br)=C1C,2077312,Cc1cccc(Br)c1C,576-23-8
BrC1=CC(=CC(=C1)N1C2=CC=CC=C2C2=CC=CC=C12)N1C2=CC=CC=C2C2=CC=CC=C12,21392964,Brc1cc(-n2c3ccccc3c3ccccc32)cc(-n2c3ccccc3c3ccccc32)c1,750573-24-1
BrC1=CC=C(C=C1)C1=CC=C(C=C1)N1C2=C(C=CC=C2)C2=C1C=CC=C2,19722874,Brc1ccc(-c2ccc(-n3c4ccccc4c4ccccc43)cc2)cc1,212385-73-4
BrC1=CC=C(C=C1)C1=CC=CC2=C1SC1=C2C=CC=C1,20081443,Brc1ccc(-c2cccc3c2sc2ccccc23)cc1,530402-77-8
CCOC1=CC=C(Br)C=C1,2042066,CCOc1ccc(Br)cc1,588-96-5
BrC1=CC=C(C=C1)P(=O)(C1=CC=CC=C1)C1=CC=CC=C1,2942393,O=P(c1ccccc1)(c1ccccc1)c1ccc(Br)cc1,5525-40-6
CC(C)C1=CC(C(C)C)=C(Br)C(=C1)C(C)C,1953440,CC(C)c1cc(C(C)C)c(Br)c(C(C)C)c1,21524-34-5
CC1=CC=C(Br)C=C1N(=O)=O,2328190,Cc1ccc(Br)cc1[N+](=O)[O-],60956-26-5
BrC1=CC=C(C=C1)N1C(=O)C=CC1=O,513122,O=C1C=CC(=O)N1c1ccc(Br)cc1,13380-67-1
COC1=C(Br)C=C(C)C=C1,2082223,COc1ccc(C)cc1Br,22002-45-5
OC1=CC(F)=CC=C1Br,7915214,Oc1cc(F)ccc1Br,147460-41-1
COC(=O)C(=[N]#N)C1=CC=C(Br)C=C1,8544012,COC(=O)C(=[N+]=[N-])c1ccc(Br)cc1,264881-99-4
CC1=CC(F)=C(Br)C=C1,2500154,Cc1ccc(Br)c(F)c1,452-74-4
OC(=O)CCC1=CC=C(Br)C=C1,1947951,O=C(O)CCc1ccc(Br)cc1,1643-30-7
CC(C)(C)[Si](C)(C)OC1=CC=C(Br)C=C1,1949183,CC(C)(C)[Si](C)(C)Oc1ccc(Br)cc1,67963-68-2
BrC1=CC=C(C=C1)N(C1=CC=CC=C1)C1=CC=C(C=C1)C1=CC=CC=C1,19325694,Brc1ccc(N(c2ccccc2)c2ccc(-c3ccccc3)cc2)cc1,503299-24-9
ClC1=CC(Br)=CC(Cl)=C1,1931524,Clc1cc(Cl)cc(Br)c1,19752-55-7
BrC1=CC=C(C=C1)C1=NC2=C(O1)C=CC=C2,162743,Brc1ccc(-c2nc3ccccc3o2)cc1,3164-13-4
NC(=O)C1=C(Br)C=CC=C1,2245289,NC(=O)c1ccccc1Br,4001-73-4
BrC1=C(C=CC=C1)C(=O)C1=CC=CC=C1,1949436,O=C(c1ccccc1)c1ccccc1Br,13047-06-8
COC1=CC=C(Br)C(CBr)=C1,1945118,COc1ccc(Br)c(CBr)c1,19614-12-1
BrC1=CC=CC(=C1)C1=NC2=C(C=CC=C2)N1C1=CC=CC=C1,14489825,Brc1cccc(-c2nc3ccccc3n2-c2ccccc2)c1,760212-40-6
BrC1=CC=C(\C=C\C(=O)C2=CC=CC=C2)C=C1,2049162,O=C(/C=C/c1ccc(Br)cc1)c1ccccc1,22966-09-2
CC1=C(Br)C=CC(=C1)C(O)=O,2356649,Cc1cc(C(=O)O)ccc1Br,7697-28-1
OC1=CC(O)=C(Br)C=C1,1861280,Oc1ccc(Br)c(O)c1,6626-15-9
CC1=CC(N)=C(Br)C=C1,2078767,Cc1ccc(Br)c(N)c1,53078-85-6
COC(=O)C1=CC2=C(C=C1)C=C(Br)C=C2,2578943,COC(=O)c1ccc2cc(Br)ccc2c1,33626-98-1
BrC1=CC=C(C=C1)C1=CC=C(C=C1)N(C1=CC=C(C=C1)C1=CC=CC=C1)C1=CC=C(C=C1)C1=CC=CC=C1,14458481,Brc1ccc(-c2ccc(N(c3ccc(-c4ccccc4)cc3)c3ccc(-c4ccccc4)cc3)cc2)cc1,728039-63-2
ClC1=C(Cl)C(Br)=CC=C1,2246806,Clc1cccc(Br)c1Cl,56961-77-4
OC(=O)C1=C(Br)C=C(F)C=C1,2614292,O=C(O)c1ccc(F)cc1Br,1006-41-3
COC(=O)C1=C(O)C=CC(Br)=C1,3047854,COC(=O)c1cc(Br)ccc1O,4068-76-2
BrC1=CC=C(C=C1)N(C1=CC=CC=C1)C1=CC=CC2=C1C=CC=C2,9338193,Brc1ccc(N(c2ccccc2)c2cccc3ccccc23)cc1,138310-84-6
FC1=C(Br)C=C(C=C1)N(=O)=O,2089367,O=[N+]([O-])c1ccc(F)c(Br)c1,701-45-1
BrC1=CC=C(C=C1)C1CO1,114322,Brc1ccc(C2CO2)cc1,32017-76-8
COC1=CC(Br)=CC=C1N,2717186,COc1cc(Br)ccc1N,59557-91-4
BrC1=CC=C(\C=C\C=O)C=C1,2041145,O=C/C=C/c1ccc(Br)cc1,49678-04-8
C[Si](C)(C)C#CC1=CC=C(Br)C=C1,2830864,C[Si](C)(C)C#Cc1ccc(Br)cc1,16116-78-2
CC1=CC=C(F)C=C1Br,1859038,Cc1ccc(F)cc1Br,1422-53-3
OC(=O)C1=CC2=CC=C(Br)C=C2C=C1,2328940,O=C(O)c1ccc2cc(Br)ccc2c1,5773-80-8
CC1=CC(Br)=C(F)C=C1,1680604,Cc1ccc(F)c(Br)c1,452-62-0
NC1=C(Br)C=CC(F)=C1,2802550,Nc1cc(F)ccc1Br,1003-99-2
NS(=O)(=O)NCCNC1=NON=C1\C(NC1=CC(Br)=C(F)C=C1)=N\O,19867602,NS(=O)(=O)NCCNc1nonc1/C(=N/O)Nc1ccc(F)c(Br)c1,1204669-58-8
COC1=CC=C(Br)C(=C1)N(=O)=O,2446617,COc1ccc(Br)c([N+](=O)[O-])c1,5344-78-5
COC(=O)C1=CC(Br)=C(O)C=C1,2614607,COC(=O)c1ccc(O)c(Br)c1,29415-97-2
FC1=CC(Br)=CC(F)=C1F,7249191,Fc1cc(Br)cc(F)c1F,138526-69-9
BrC1=CC=C(C=C1)N=CC1=CC=CC=C1,974147,Brc1ccc(N=Cc2ccccc2)cc1,780-20-1
FC1=CC=CC(Br)=C1C=O,2573976,O=Cc1c(F)cccc1Br,360575-28-6
OC1=CC2=CC(Br)=CC=C2C=C1,3237016,Oc1ccc2ccc(Br)cc2c1,116230-30-9
CC1=C(C=CC(Br)=C1)C#N,2574103,Cc1cc(Br)ccc1C#N,67832-11-5
CC(=C)C1=CC=C(Br)C=C1,1855243,C=C(C)c1ccc(Br)cc1,6888-79-5
BrC1=CC=C(\C=C\C2=CC=CC=C2)C=C1,2045494,Brc1ccc(/C=C/c2ccccc2)cc1,13041-70-8
BrC1=CC=C(C=C1)C1OCCO1,142470,Brc1ccc(C2OCCO2)cc1,10602-01-4
ClC1=CC=C(Br)C(=C1)N(=O)=O,1950424,O=[N+]([O-])c1cc(Cl)ccc1Br,41513-04-6
BrC1=CC(=C(C=O)C=C1)N(=O)=O,1869011,O=Cc1ccc(Br)cc1[N+](=O)[O-],5551-12-2
COC1=CC=C(C=O)C(Br)=C1,3088742,COc1ccc(C=O)c(Br)c1,43192-31-0
OC(=O)C1=CC=C(Br)C=C1Cl,2090441,O=C(O)c1ccc(Br)cc1Cl,59748-90-2
COC1=CC=C(O)C(Br)=C1,1862744,COc1ccc(O)c(Br)c1,17332-11-5
ON=CC1=CC=C(Br)C=C1,2324643,ON=Cc1ccc(Br)cc1,0
CCCC1=CC=C(Br)C=C1,3234161,CCCc1ccc(Br)cc1,588-93-2
COC(=O)C1=C(Br)C=C(F)C=C1,2575273,COC(=O)c1ccc(F)cc1Br,653-92-9
BrC1=C(C=CN(=O)=O)C=CC=C1,2090900,O=[N+]([O-])C=Cc1ccccc1Br,65185-68-4
CSC1=CC(Br)=CC=C1,2078598,CSc1cccc(Br)c1,33733-73-2
OC(=O)C1=CC(Br)=C(C=C1)C(O)=O,2616163,O=C(O)c1ccc(C(=O)O)c(Br)c1,586-35-6
BrC1=CC=C(C=C1)C1=NC2=CC=CC=C2N1,162670,Brc1ccc(-c2nc3ccccc3[nH]2)cc1,2622-74-4
BrC1=CC=C(C=C1)C1=CC=C(C=C1)C1=CC=CC=C1,1965499,Brc1ccc(-c2ccc(-c3ccccc3)cc2)cc1,1762-84-1
BrC1=CC=C(C=C1)C(=C(C1=CC=CC=C1)C1=CC=CC=C1)C1=CC=CC=C1,2565393,Brc1ccc(C(=C(c2ccccc2)c2ccccc2)c2ccccc2)cc1,34699-28-0
FC1=CC(C=O)=CC=C1Br,9321564,O=Cc1ccc(Br)c(F)c1,133059-43-5
COC(=O)C1=C(OC)C=C(Br)C=C1,2832249,COC(=O)c1ccc(Br)cc1OC,139102-34-4
ClCC(=O)NC1=CC=C(Br)C=C1,639451,O=C(CCl)Nc1ccc(Br)cc1,2564-02-5
COC(=O)C1=CC(OC)=CC=C1Br,2641378,COC(=O)c1cc(OC)ccc1Br,35450-36-3
OC1=C(Br)C=C(Cl)C=C1C=O,2362159,O=Cc1cc(Cl)cc(Br)c1O,19652-32-5
NC1=C(Br)C=CC(=C1)C(F)(F)F,2094535,Nc1cc(C(F)(F)F)ccc1Br,454-79-5
COC(=O)C1=C(C)C(Br)=CC=C1,2574422,COC(=O)c1cccc(Br)c1C,99548-54-6
CC1=CC(Br)=CC(C)=C1O,1862399,Cc1cc(Br)cc(C)c1O,2374-05-2
NC1=CC(=CC=C1Br)N(=O)=O,2803492,Nc1cc([N+](=O)[O-])ccc1Br,10403-47-1
COC(=O)C1=CC(Br)=C(C)C=C1,5251577,COC(=O)c1ccc(C)c(Br)c1,104901-43-1
COC(=O)C1=C(C)C(N)=CC(Br)=C1,22884302,COC(=O)c1cc(Br)cc(N)c1C,1000342-11-9
BrC1=CC(=CC=C1)C1OCCO1,1344030,Brc1cccc(C2OCCO2)c1,17789-14-9
COC1=CC2=NC=NC(NC3=CC(Br)=CC=C3)=C2C=C1OC,7384032,COc1cc2ncnc(Nc3cccc(Br)c3)c2cc1OC,153436-54-5
FC1=CC=CC(Br)=C1I,9119433,Fc1cccc(Br)c1I,450412-29-0
COC1=C(OC)C(Br)=CC(C=O)=C1,2580233,COc1cc(C=O)cc(Br)c1OC,6948-30-7
FC(F)(F)C1=CC(C=O)=C(Br)C=C1,6393246,O=Cc1cc(C(F)(F)F)ccc1Br,102684-91-3
BrC1=CC=C(C=C1)C1=NC2=C(C=CC=C2)C(=N1)C1=CC=CC=C1,9338095,Brc1ccc(-c2nc(-c3ccccc3)c3ccccc3n2)cc1,540466-42-0
BrC1=CC=C(C=C1)C(=O)C=O,1100018,O=CC(=O)c1ccc(Br)cc1,5195-29-9
BrC1=CC(CC#N)=CC=C1,2355439,N#CCc1cccc(Br)c1,31938-07-5
COC1=CC=C(Br)C=C1S(Cl)(=O)=O,3093014,COc1ccc(Br)cc1S(=O)(=O)Cl,23095-05-8
BrC1=CC=C(C=C1)C(=O)\C=C\C1=CC=CC=C1,2049154,O=C(/C=C/c1ccccc1)c1ccc(Br)cc1,0
CC1=C(C=C(Br)C=C1C(O)=O)N(=O)=O,14249526,Cc1c(C(=O)O)cc(Br)cc1[N+](=O)[O-],107650-20-4
NC1=CC(Br)=CC(=C1)C(F)(F)F,8616452,Nc1cc(Br)cc(C(F)(F)F)c1,54962-75-3
BrC1=CC2=C(C3=CC4=C(C=CC=C4)C=C3)C3=C(C=CC=C3)C(C3=CC4=C(C=CC=C4)C=C3)=C2C=C1,12490452,Brc1ccc2c(-c3ccc4ccccc4c3)c3ccccc3c(-c3ccc4ccccc4c3)c2c1,474688-76-1
OC(=O)C1(CC1)C1=CC=C(Br)C=C1,15699882,O=C(O)C1(c2ccc(Br)cc2)CC1,345965-52-8
NC1=C(O)C=C(Br)C=C1,2802553,Nc1ccc(Br)cc1O,38191-34-3
BrC1=CC=C(C=C1)C1=NN=C(O1)C1=CC=CC=C1,204891,Brc1ccc(-c2nnc(-c3ccccc3)o2)cc1,21510-43-0
COC(=O)C1=C(F)C=C(Br)C=C1F,14580588,COC(=O)c1c(F)cc(Br)cc1F,773134-11-5
FC1=C(Cl)C=CC(Br)=C1,2206649,Fc1cc(Br)ccc1Cl,60811-18-9
NC1=CC(Cl)=CC=C1Br,2802551,Nc1cc(Cl)ccc1Br,823-57-4
CC1=C(Br)C=CC(=C1)C#N,2354972,Cc1cc(C#N)ccc1Br,41963-20-6
BrC1=CC=CC=C1C#CC1=CC=CC=C1,2557054,Brc1ccccc1C#Cc1ccccc1,21375-88-2
FC1=CC(=CC(Br)=C1)C#N,8050055,N#Cc1cc(F)cc(Br)c1,179898-34-1
COC(=O)C1=CC(Br)=CC=C1C,2574506,COC(=O)c1cc(Br)ccc1C,79669-50-4
BrC1=CC(=CC=C1)C1=CC=CC2=C1SC1=C2C=CC=C1,20081444,Brc1cccc(-c2cccc3c2sc2ccccc23)c1,1084334-28-0
BrC1=CC=C(C=C1)N=O,2040049,O=Nc1ccc(Br)cc1,3623-23-2
OC(=O)C1=C(O)C=C(Br)C=C1,2209126,O=C(O)c1ccc(Br)cc1O,1666-28-0
CC(N)C1=CC=C(Br)C=C1,2412318,CC(N)c1ccc(Br)cc1,24358-62-1
FC1=C(Br)C=CC(=C1)C(F)(F)F,2641902,Fc1cc(C(F)(F)F)ccc1Br,40161-54-4
BrC1=CC=C(C=C1)C1=CC(=NC(=C1)C1=CC=CC=N1)C1=NC=CC=C1,6339618,Brc1ccc(-c2cc(-c3ccccn3)nc(-c3ccccn3)c2)cc1,89972-76-9
BrC1=CC=C(C=C1)N1CCOCC1,150987,Brc1ccc(N2CCOCC2)cc1,30483-75-1
OC(=O)C(=O)C1=CC=C(Br)C=C1,2208380,O=C(O)C(=O)c1ccc(Br)cc1,7099-87-8
OC1=CC=C(Br)C2=C1C=CC=C2,1941011,Oc1ccc(Br)c2ccccc12,571-57-3
COC(=O)C1=CC(O)=C(Br)C=C1,2091706,COC(=O)c1ccc(Br)c(O)c1,106291-80-9
CCOC(=O)\C=C\C1=CC=C(Br)C=C1,2502447,CCOC(=O)/C=C/c1ccc(Br)cc1,0
FC1=CC=C(C(Br)=C1)N(=O)=O,2444970,O=[N+]([O-])c1ccc(F)cc1Br,700-36-7
C[Si](C)(C)C#CC1=C(Br)C=CC=C1,2965263,C[Si](C)(C)C#Cc1ccccc1Br,38274-16-7
BrC1=CC=C(C=C1)N1CCNCC1,150988,Brc1ccc(N2CCNCC2)cc1,66698-28-0
CC1=CC=C(Br)C2=C1C=CC=C2,1863008,Cc1ccc(Br)c2ccccc12,6627-78-7
OC(=O)C1=C(F)C=C(Br)C=C1F,7636202,O=C(O)c1c(F)cc(Br)cc1F,183065-68-1
ClC(=O)CC1=CC=C(Br)C=C1,1101233,O=C(Cl)Cc1ccc(Br)cc1,37859-24-8
CC(=O)NC1=CC=CC=C1Br,2086970,CC(=O)Nc1ccccc1Br,614-76-6
NCCC1=CC(Br)=CC=C1,2716071,NCCc1cccc(Br)c1,58971-11-2
CC1=CC=C(C=C1)S(=O)(=O)N=CC1=CC=C(Br)C=C1,2381884,Cc1ccc(S(=O)(=O)N=Cc2ccc(Br)cc2)cc1,36176-90-6
COC1=C(F)C=C(Br)C=C1,3240714,COc1ccc(Br)cc1F,2357-52-0
COC(=O)C1=C(CBr)C=CC(Br)=C1,13349915,COC(=O)c1cc(Br)ccc1CBr,79670-17-0
NC1=NC(=CS1)C1=CC=C(Br)C=C1,153896,Nc1nc(-c2ccc(Br)cc2)cs1,2103-94-8
ClC1=CC(CBr)=C(Br)C=C1,2086168,Clc1ccc(Br)c(CBr)c1,66192-24-3
CC(=O)OC1=CC=C(Br)C=C1,1864958,CC(=O)Oc1ccc(Br)cc1,1927-95-3
OC(=O)C1=CC(Br)=CC=C1F,5808447,O=C(O)c1cc(Br)ccc1F,146328-85-0
COC(OC)C1=CC=C(Br)C=C1,2328708,COC(OC)c1ccc(Br)cc1,24856-58-4
COC1=CC(Br)=C(OC)C=C1CC(C)N,2807278,COc1cc(CC(C)N)c(OC)cc1Br,64638-07-9
COC1=C(Br)C=CC(O)=C1,3240537,COc1cc(O)ccc1Br,102127-34-4
CC(C)(C)OC(=O)NC1=CC=C(Br)C=C1,7855814,CC(C)(C)OC(=O)Nc1ccc(Br)cc1,131818-17-2
BrCC(=O)C1=C(Br)C=CC=C1,386753,O=C(CBr)c1ccccc1Br,49851-55-0
BrC1=C(C=CC=C1)C1OCCO1,1284374,Brc1ccccc1C1OCCO1,34824-58-3
OC1=CC(Br)=C(F)C=C1,2042872,Oc1ccc(F)c(Br)c1,27407-11-0
COC(=O)C1=CC(F)=CC=C1Br,2575195,COC(=O)c1cc(F)ccc1Br,6942-39-8
OC1=CC=C(Br)C=C1C#N,2936423,N#Cc1cc(Br)ccc1O,40530-18-5
COC(=O)C1=CC=CC(Br)=C1CBr,9760618,COC(=O)c1cccc(Br)c1CBr,337536-14-8
NNC1=CC(Br)=CC=C1,742471,NNc1cccc(Br)c1,40887-80-7
CC(O)C1=CC=CC=C1Br,2242529,CC(O)c1ccccc1Br,5411-56-3
BrC1=C(C=CC=C1)N1C2=C(C=CC=C2)C2=C1C=CC=C2,18360432,Brc1ccccc1-n1c2ccccc2c2ccccc21,902518-11-0
COC(=O)C1=C(C)C(NC2CCOCC2)=CC(Br)=C1,22917644,COC(=O)c1cc(Br)cc(NC2CCOCC2)c1C,1403257-49-7
[H][C@@](N)(CC1=CC=C(Br)C=C1)C(O)=O,2805759,N[C@H](Cc1ccc(Br)cc1)C(=O)O,62561-74-4
CC(C)(C)OC(=O)NCC1=CC=C(Br)C=C1,2973945,CC(C)(C)OC(=O)NCc1ccc(Br)cc1,68819-84-1
COC1=CC(Br)=C(OC)C=C1CCN,4863873,COc1cc(CCN)c(OC)cc1Br,66142-81-2
NNC(=O)C1=CC=CC(Br)=C1,1945814,NNC(=O)c1cccc(Br)c1,39115-96-3
CCOP(=O)(CC1=CC=C(Br)C=C1)OCC,2584799,CCOP(=O)(Cc1ccc(Br)cc1)OCC,38186-51-5
BrC1=CC=C(C=NC2=CC=CC=C2)C=C1,974153,Brc1ccc(C=Nc2ccccc2)cc1,5877-51-0
OC(=O)C1=C(F)C=C(Br)C(F)=C1,1953961,O=C(O)c1cc(F)c(Br)cc1F,28314-82-1
CNC1=CC(Br)=CC=C1,2078617,CNc1cccc(Br)c1,66584-32-5
OC1=C(Br)C=C(C=C1)C#N,2207020,N#Cc1ccc(O)c(Br)c1,2315-86-8
BrC1=CC=CC(=C1)C1(C2=CC=CC=C2C2=CC=CC=C12)C1=CC=CC=C1,20893220,Brc1cccc(C2(c3ccccc3)c3ccccc3-c3ccccc32)c1,1257251-75-4
BrC1=CC=CC(=C1)C1=CC(=CC=C1)C1=NC(=NC(=N1)C1=CC=CC=C1)C1=CC=CC=C1,30034334,Brc1cccc(-c2cccc(-c3nc(-c4ccccc4)nc(-c4ccccc4)n3)c2)c1,0
FC1=C(F)C(Br)=CC=C1,2082735,Fc1cccc(Br)c1F,38573-88-5
BrC1=CC=C(C(C=O)=C1)N(=O)=O,2443255,O=Cc1cc(Br)ccc1[N+](=O)[O-],20357-20-4
COC1=C(C=O)C=CC(Br)=C1,3089105,COc1cc(Br)ccc1C=O,43192-33-2
COC1=CC=CC(OC)=C1Br,2089787,COc1cccc(OC)c1Br,16932-45-9
CC(C)(C)OC(=O)NCCC1=CC=C(Br)C=C1,5943950,CC(C)(C)OC(=O)NCCc1ccc(Br)cc1,120157-97-3
CC(C)C1=CC(Br)=CC(C(C)C)=C1N,6195390,CC(C)c1cc(Br)cc(C(C)C)c1N,80058-84-0
BrC1=CC2=CC3=C(C=CC=C3)C=C2C=C1,2363670,Brc1ccc2cc3ccccc3cc2c1,7321-27-9
OC1=CC=C(Br)C=C1O,1934810,Oc1ccc(Br)cc1O,17345-77-6
BrC1=CC2=C(C=C1)C1=C(C=CC=C1)C=C2,2254705,Brc1ccc2c(ccc3ccccc32)c1,62162-97-4
CC1=C(Br)C=C(C=C1)N(=O)=O,1941232,Cc1ccc([N+](=O)[O-])cc1Br,7745-93-9
FC1=C(Br)C=CC(=C1)C#N,11403575,N#Cc1ccc(Br)c(F)c1,133059-44-6
OC(=O)CCC(=O)C1=CC=C(Br)C=C1,2104410,O=C(O)CCC(=O)c1ccc(Br)cc1,6340-79-0
OC(=O)C1=C(C=C(Br)C=C1)N(=O)=O,2581014,O=C(O)c1ccc(Br)cc1[N+](=O)[O-],99277-71-1
CC(C)(C)C1=CC(Br)=C(N)C=C1,2690041,CC(C)(C)c1ccc(N)c(Br)c1,103273-01-4
NC1=C(Br)C=C(C=C1)C(F)(F)F,8139978,Nc1ccc(C(F)(F)F)cc1Br,57946-63-1
[H][C@](C)(N)C1=CC=C(Br)C=C1,2412319,C[C@@H](N)c1ccc(Br)cc1,0
BrC1=CC=C(C=C1)C1(CC1)C#N,7369358,N#CC1(c2ccc(Br)cc2)CC1,124276-67-1
CCC(=O)C1=CC=CC(Br)=C1,1936736,CCC(=O)c1cccc(Br)c1,19829-31-3
BrC1=C(C=CC=C1)C1=NC(=NC(=N1)C1=CC=CC=C1)C1=CC=CC=C1,4515288,Brc1ccccc1-c1nc(-c2ccccc2)nc(-c2ccccc2)n1,77989-15-2
NC1=C(F)C=CC(Br)=C1,3236447,Nc1cc(Br)ccc1F,2924-09-6
CC(C)(C)OC(=O)C1=CC=C(Br)C=C1,1944639,CC(C)(C)OC(=O)c1ccc(Br)cc1,59247-47-1
BrC1=CC=C(C=C1)C1=CC=C(C=C1)N(C1=CC=CC=C1)C1=CC=CC2=C1C=CC=C2,10468019,Brc1ccc(-c2ccc(N(c3ccccc3)c3cccc4ccccc34)cc2)cc1,352359-42-3
BrC1=CC=C(C=C1)C1=CC2=C(OC3=C2C=CC=C3)C=C1,20081442,Brc1ccc(-c2ccc3oc4ccccc4c3c2)cc1,955959-86-1
CC1=C(Br)C(N)=CC=C1,2079474,Cc1cccc(N)c1Br,54879-20-8
CC1=CC(Br)=C(C=C1)C(O)=O,972386,Cc1ccc(C(=O)O)c(Br)c1,7697-27-0
CC(=O)CC1=CC=C(Br)C=C1,2043529,CC(=O)Cc1ccc(Br)cc1,6186-22-7
FC1=C(C=C(Br)C=C1)C(F)(F)F,2643550,Fc1ccc(Br)cc1C(F)(F)F,393-37-3
BrC1=CC=CC=C1N=C=S,2802536,S=C=Nc1ccccc1Br,13037-60-0
ClC1=CC(Br)=CC=C1C=O,9550262,O=Cc1ccc(Br)cc1Cl,158435-41-7
NC(=O)C1=CC(Br)=CC=C1,1860187,NC(=O)c1cccc(Br)c1,22726-00-7
NC1=CC2=C(C=C1)C=C(Br)C=C2,1935243,Nc1ccc2cc(Br)ccc2c1,7499-66-3
BrC1=CC2=C(C=C1)C=CC1=CC=CC=C21,1949481,Brc1ccc2ccc3ccccc3c2c1,715-50-4
BrC1=CC=C(NC(=O)C2=CC=CC=C2)C=C1,2104886,O=C(Nc1ccc(Br)cc1)c1ccccc1,7702-38-7
FC1=C(Cl)C=C(Br)C=C1,2206652,Fc1ccc(Br)cc1Cl,60811-21-4
CC1=CC(Cl)=C(Br)C=C1,2432999,Cc1ccc(Br)c(Cl)c1,6627-51-6
FC1=CC(=CC=C1Br)S(Cl)(=O)=O,10656955,O=S(=O)(Cl)c1ccc(Br)c(F)c1,0
OCCC1=CC=CC(Br)=C1,2433643,OCCc1cccc(Br)c1,28229-69-8
NC1=CC(Cl)=C(Br)C=C1,1210160,Nc1ccc(Br)c(Cl)c1,21402-26-6
OC(=O)C1=CC(=CC(Br)=C1)C(O)=O,2450187,O=C(O)c1cc(Br)cc(C(=O)O)c1,23351-91-9
BrC1=C(OC2=CC=CC=C2)C=CC=C1,2047194,Brc1ccccc1Oc1ccccc1,7025-06-1
FC1=CC(Br)=CC(F)=C1C#N,6967830,N#Cc1c(F)cc(Br)cc1F,123843-67-4
NC1=C(Br)C=CC=C1C(O)=O,2936928,Nc1c(Br)cccc1C(=O)O,20776-51-6
NC1=C(Br)C=C(C=C1N(=O)=O)N(=O)=O,916722,Nc1c(Br)cc([N+](=O)[O-])cc1[N+](=O)[O-],1817-73-8
COC(=O)C1=C(O)C=C(Br)C=C1,2830660,COC(=O)c1ccc(Br)cc1O,22717-56-2
OC\C=C\C1=CC=C(Br)C=C1,3537334,OC/C=C/c1ccc(Br)cc1,105515-33-1
NC1=C(S)C=C(Br)C=C1,971236,Nc1ccc(Br)cc1S,23451-95-8
COC1=CC(Br)=CC=C1Cl,2045287,COc1cc(Br)ccc1Cl,16817-43-9
CCCCCCC1=CC=C(Br)C=C1,2085114,CCCCCCc1ccc(Br)cc1,23703-22-2
COC(=O)C1=CC(=CC(Br)=C1)C(=O)OC,2375428,COC(=O)c1cc(Br)cc(C(=O)OC)c1,51760-21-5
OC1=CC(Br)=CC(O)=C1,3234777,Oc1cc(O)cc(Br)c1,106120-04-1
BrC1=CC=C(NCC2=CC=CC=C2)C=C1,2102716,Brc1ccc(NCc2ccccc2)cc1,2879-83-6
CC1=C(C=O)C=CC(Br)=C1,2573370,Cc1cc(Br)ccc1C=O,24078-12-4
BrC1=CC=C(NC=O)C=C1,2802372,O=CNc1ccc(Br)cc1,2617-78-9
BrC1=CC=CC(=C1)C1=CC(=CC=C1)N1C2=C(C=CC=C2)C2=C1C=CC=C2,20468428,Brc1cccc(-c2cccc(-n3c4ccccc4c4ccccc43)c2)c1,854952-41-3
OC(=O)C=CC1=CC=C(Br)C=C1,1939350,O=C(O)C=Cc1ccc(Br)cc1,1200-07-3
OS(=O)(=O)C1=CC=C(Br)C=C1,2209487,O=S(=O)(O)c1ccc(Br)cc1,138-36-3
FC(F)(F)OC1=CC(Br)=CC=C1,1945938,FC(F)(F)Oc1cccc(Br)c1,2252-44-0
COC1=C(O)C(Br)=C(C=O)C=C1,2211019,COc1ccc(C=O)c(Br)c1O,2973-58-2
FC1=C(OC(F)(F)F)C=CC(Br)=C1,13253474,Fc1cc(Br)ccc1OC(F)(F)F,105529-58-6
OCC1=C(O)C=CC(Br)=C1,509726,OCc1cc(Br)ccc1O,2316-64-5
BrC1=CC=C(C=C1)C1=CN=CC=C1,1423730,Brc1ccc(-c2cccnc2)cc1,129013-83-8
COC(=O)C1=CC=C(Br)C(OC)=C1,2096911,COC(=O)c1ccc(Br)c(OC)c1,17100-63-9
FC1=CC(Cl)=CC(Br)=C1,2432912,Fc1cc(Cl)cc(Br)c1,33863-76-2
OC(=O)CC1=NN(CC2=CC=C(Br)C=C2F)C(=O)C2=C1C=CC=C2,4271042,O=C(O)Cc1nn(Cc2ccc(Br)cc2F)c(=O)c2ccccc12,72702-95-5
OC1=CC(F)=CC(Br)=C1,11254715,Oc1cc(F)cc(Br)c1,433939-27-6
BrC1=CC=C(C=C1)C(=O)CC#N,743369,N#CCC(=O)c1ccc(Br)cc1,4592-94-3
FC1=CC=C(Br)C(=C1)C(F)(F)F,2643544,Fc1ccc(Br)c(C(F)(F)F)c1,40161-55-5
COC1=C(O)C=C(Br)C=C1,3240715,COc1ccc(Br)cc1O,37942-01-1
CC(C)(C)C1=CC(Br)=CC=C1,1931808,CC(C)(C)c1cccc(Br)c1,3972-64-3
CC(=NO)C1=CC=C(Br)C=C1,2086064,CC(=NO)c1ccc(Br)cc1,0
CC(C)(C)C1=CC(Br)=C(O)C=C1,2554310,CC(C)(C)c1ccc(O)c(Br)c1,2198-66-5
CC(=O)C1=C(N)C=CC(Br)=C1,2803094,CC(=O)c1cc(Br)ccc1N,29124-56-9
[H][C@](CC1=CC=C(Br)C=C1)(NC(=O)OC(C)(C)C)C(O)=O,6869331,CC(C)(C)OC(=O)N[C@H](Cc1ccc(Br)cc1)C(=O)O,0
CC(C)(O)C1=CC=C(Br)C=C1,1935066,CC(C)(O)c1ccc(Br)cc1,2077-19-2
OC1=CC(Br)=C(O)C=C1,2042870,Oc1ccc(O)c(Br)c1,583-69-7
ClC(=O)C1=C(Cl)C=CC(Br)=C1,2640763,O=C(Cl)c1cc(Br)ccc1Cl,21900-52-7
NC1=C(O)C(Br)=CC=C1,5248259,Nc1cccc(Br)c1O,28165-50-6
BrC1=CC=C(C=C1)C1=NN=NN1,141235,Brc1ccc(-c2nnn[nH]2)cc1,50907-23-8
NCCC1=C(Br)C=CC=C1,2802715,NCCc1ccccc1Br,65185-58-2
CC1=CC=C(Br)C=C1CC1=CC=C(S1)C1=CC=C(F)C=C1,18362680,Cc1ccc(Br)cc1Cc1ccc(-c2ccc(F)cc2)s1,1030825-20-7
OC1=C(Br)C=CC=C1N(=O)=O,2415063,O=[N+]([O-])c1cccc(Br)c1O,13073-25-1
BrC1=CC(=CC=C1)N=C=O,2802537,O=C=Nc1cccc(Br)c1,23138-55-8
COC1=C(Br)C=CC(F)=C1,3240536,COc1cc(F)ccc1Br,450-88-4
CN(C)C(=O)C1=CC=C(Br)C=C1,1944644,CN(C)C(=O)c1ccc(Br)cc1,18469-37-9
COC(=O)C1=CC=C(CBr)C(Br)=C1,4671932,COC(=O)c1ccc(CBr)c(Br)c1,78946-25-5
CC(C)C1=CC=CC(Br)=C1,1858092,CC(C)c1cccc(Br)c1,5433-01-2
NNC1=C(Br)C=CC=C1,742599,NNc1ccccc1Br,16732-66-4
BrC1=CC=C(CC=O)C=C1,2240954,O=CCc1ccc(Br)cc1,27200-79-9
CC1(C)CC(=O)C2=C(C1)OC(N)=C(C#N)C2C1=CC=C(Br)C=C1,7386713,CC1(C)CC(=O)C2=C(C1)OC(N)=C(C#N)C2c1ccc(Br)cc1,0
NC1=NON=C1C1=NOC(=O)N1C1=CC(Br)=C(F)C=C1,15018647,Nc1nonc1-c1noc(=O)n1-c1ccc(F)c(Br)c1,914471-43-5
COC1=CC(Br)=C(C=C1OC)C(O)=O,2105996,COc1cc(Br)c(C(=O)O)cc1OC,6286-46-0
BrC1=CC=CC(=C1)N(C1=CC=CC=C1)C1=CC=CC=C1,5433641,Brc1cccc(N(c2ccccc2)c2ccccc2)c1,78600-33-6
CC(C)(C)OC(=O)N1CCN(CC1)C1=CC=C(Br)C=C1,9405454,CC(C)(C)OC(=O)N1CCN(c2ccc(Br)cc2)CC1,352437-09-3
BrC1=CC2=C(C3=CC=CC=C3)C3=CC=CC=C3C(C3=CC=CC=C3)=C2C=C1,3400985,Brc1ccc2c(-c3ccccc3)c3ccccc3c(-c3ccccc3)c2c1,201731-79-5
NC1=CC=C(Br)C=C1C(=O)C1=CC=CC=C1,475641,Nc1ccc(Br)cc1C(=O)c1ccccc1,39859-36-4
BrC1=CC(OCC2=CC=CC=C2)=CC=C1,1106697,Brc1cccc(OCc2ccccc2)c1,53087-13-1
FC1=C(Br)C=C(Cl)C=C1,1635734,Fc1ccc(Cl)cc1Br,1996-30-1
CC(=O)NC1=CC=CC(Br)=C1,2086784,CC(=O)Nc1cccc(Br)c1,621-38-5
C[C@H](O)C1=CC=CC=C1Br,4840335,C[C@H](O)c1ccccc1Br,0
FC(F)(F)C1=C(Cl)C=C(Br)C=C1,9122178,FC(F)(F)c1ccc(Br)cc1Cl,467435-07-0
BrC1=CC(=CC=C1)C1=CC(=CC(=C1)C1=CC=CC=C1)C1=CC=CC=C1,23321211,Brc1cccc(-c2cc(-c3ccccc3)cc(-c3ccccc3)c2)c1,1233200-57-1
OC(O)C(=O)C1=CC=C(Br)C=C1,3250118,O=C(c1ccc(Br)cc1)C(O)O,80352-42-7
NC(=N)C1=CC=C(Br)C=C1,1932987,N=C(N)c1ccc(Br)cc1,22265-36-7
[H][C@](N)(CC1=CC=C(Br)C=C1)C(O)=O,2212159,N[C@@H](Cc1ccc(Br)cc1)C(=O)O,24250-84-8
COC1=CC=C(F)C=C1Br,2358880,COc1ccc(F)cc1Br,452-08-4
CC1(C)C2=CC=CC=C2N(C2=CC=C(Br)C=C2)C2=CC=CC=C12,27763854,CC1(C)c2ccccc2N(c2ccc(Br)cc2)c2ccccc21,0
BrC1=CC=C(C=C1)C1=CC=NC=C1,120275,Brc1ccc(-c2ccncc2)cc1,39795-60-3
BrC1=CC=C(C=C1)[Si](C1=CC=CC=C1)(C1=CC=CC=C1)C1=CC=CC=C1,2992351,Brc1ccc([Si](c2ccccc2)(c2ccccc2)c2ccccc2)cc1,18737-40-1
FC1=CC(=CC(Br)=C1)C(F)(F)F,10154812,Fc1cc(Br)cc(C(F)(F)F)c1,130723-13-6
OC(=O)C1=CC(Br)=C(F)C=C1,2438795,O=C(O)c1ccc(F)c(Br)c1,1007-16-5
OC1=CC=CC(O)=C1Br,2436075,Oc1cccc(O)c1Br,6751-75-3
NCC1=CC=C(Br)C=C1F,2829695,NCc1ccc(Br)cc1F,112734-22-2
FC1=CC(C=O)=CC(Br)=C1,13904428,O=Cc1cc(F)cc(Br)c1,188813-02-7
CS(=O)(=O)C1=CC=CC(Br)=C1,1943611,CS(=O)(=O)c1cccc(Br)c1,34896-80-5
OC(=O)C1=CC(Br)=CC(F)=C1,10153658,O=C(O)c1cc(F)cc(Br)c1,176548-70-2
NC1=C(F)C(Br)=C(Cl)C=C1C(O)=O,28150190,Nc1c(C(=O)O)cc(Cl)c(Br)c1F,0
BrC1=CC=C(C=C1)C1=CC(=NC(=N1)C1=CC=CC=C1)C1=CC=C(C=C1)C1=CC=CC=C1,30092406,Brc1ccc(-c2cc(-c3ccc(-c4ccccc4)cc3)nc(-c3ccccc3)n2)cc1,0
OC1=CC2=C(C=CC=C2)C=C1Br,2081478,Oc1cc2ccccc2cc1Br,30478-88-7
COC(=O)\C=C\C1=CC=C(Br)C=C1,2088446,COC(=O)/C=C/c1ccc(Br)cc1,0
BrC1=CC=C(C=C1)C1=CC=C(C=C1)C#N,1951670,N#Cc1ccc(-c2ccc(Br)cc2)cc1,57774-35-3
OC(C1=CC=C(Br)C=C1)C(F)(F)F,2367674,OC(c1ccc(Br)cc1)C(F)(F)F,0
BrC1=CC=C(I)C2=C1C=CC=C2,2044950,Brc1ccc(I)c2ccccc12,63279-58-3
BrC1=C(NC2=CC=CC=C2)C=CC=C1,2719431,Brc1ccccc1Nc1ccccc1,61613-22-7
CC1=CC(C)=C(N)C(Br)=C1,3046484,Cc1cc(C)c(N)c(Br)c1,41825-73-4
COC1=CC=C(C=C1)N(C1=CC=C(Br)C=C1)C1=CC=C(OC)C=C1,7818108,COc1ccc(N(c2ccc(Br)cc2)c2ccc(OC)cc2)cc1,194416-45-0
FC(F)(F)C1=C(Cl)C=CC(Br)=C1,2098752,FC(F)(F)c1cc(Br)ccc1Cl,445-01-2
CNC1=C(Br)C=CC=C1,2716106,CNc1ccccc1Br,6832-87-7
FC1=C(C=O)C=CC=C1Br,13904499,O=Cc1cccc(Br)c1F,149947-15-9
OC(=O)CCC1=CC=CC=C1Br,2045860,O=C(O)CCc1ccccc1Br,15115-58-9
CC1(C)C2=CC=CC=C2C2=C1C=C(C=C2)N(C1=CC=CC=C1)C1=CC=C(Br)C=C1,14543888,CC1(C)c2ccccc2-c2ccc(N(c3ccccc3)c3ccc(Br)cc3)cc21,885684-43-5
CC1(C)C2=C(C=CC=C2)C2=C1C=C(C=C2)C1=CC=C(Br)C=C1,19200026,CC1(C)c2ccccc2-c2ccc(-c3ccc(Br)cc3)cc21,574750-94-0
CCOC(=O)CC1=CC(Br)=CC=C1,2443889,CCOC(=O)Cc1cccc(Br)c1,14062-30-7
OCC1=CC(F)=CC=C1Br,8309550,OCc1cc(F)ccc1Br,202865-66-5
OC1=C(F)C=C(Br)C=C1F,8543473,Oc1c(F)cc(Br)cc1F,104197-13-9
BrC1=CC=C(C=C1)N1CCC2=C(C1)C=CC=C2,11439729,Brc1ccc(N2CCc3ccccc3C2)cc1,0
ClC1=CC(I)=C(Br)C=C1,15864120,Clc1ccc(Br)c(I)c1,148836-41-3
CC1=CC(Br)=C(I)C=C1,1931707,Cc1ccc(I)c(Br)c1,71838-16-9
COC(=O)C1=CC(CBr)=C(Br)C=C1,6594992,COC(=O)c1ccc(Br)c(CBr)c1,142031-67-2
CC(C)(C)C1=CC(Br)=CC(=C1O)C(C)(C)C,2051052,CC(C)(C)c1cc(Br)cc(C(C)(C)C)c1O,1139-52-2
BrC1=C(C=CC2=C1C=CC=C2)N(=O)=O,2103296,O=[N+]([O-])c1ccc2ccccc2c1Br,4185-55-1
FC1=CC(Br)=C(F)C=C1N(=O)=O,7411347,O=[N+]([O-])c1cc(F)c(Br)cc1F,167415-27-2
FC1=C(Br)C=CC(OC(F)(F)F)=C1,14085890,Fc1cc(OC(F)(F)F)ccc1Br,168971-68-4
BrC1=CC=C(NC2=CC=C(C=C2)C2=CC=CC=C2)C=C1,19325692,Brc1ccc(Nc2ccc(-c3ccccc3)cc2)cc1,1160294-93-8
FC1=CC(F)=C(F)C=C1Br,1636588,Fc1cc(F)c(Br)cc1F,327-52-6
NC(=S)NC1=CC=C(Br)C=C1,2361884,NC(=S)Nc1ccc(Br)cc1,2646-30-2
O[C@H]([C@@H]1CCCCC1=O)C1=CC=C(Br)C=C1,9488098,O=C1CCCC[C@H]1[C@@H](O)c1ccc(Br)cc1,281676-87-7
ON=C(Cl)C1=CC=C(Br)C=C1,973404,ON=C(Cl)c1ccc(Br)cc1,29203-58-5
OC(=O)\C=C\C1=CC=CC(Br)=C1,2084230,O=C(O)/C=C/c1cccc(Br)c1,14473-91-7
OC1=C(Br)C=C(C=C1)N(=O)=O,2441518,O=[N+]([O-])c1ccc(O)c(Br)c1,5847-59-6
[H]\C(=C(\[H])N(=O)=O)C1=C(Br)C=CC=C1,2442617,O=[N+]([O-])/C=C/c1ccccc1Br,65185-68-4
NC1=C(C(O)=O)C(Br)=CC=C1,3250761,Nc1cccc(Br)c1C(=O)O,20776-48-1
FC1=CC=C(Br)C(CBr)=C1,4177658,Fc1ccc(Br)c(CBr)c1,112399-50-5
FC1=CC(Br)=CC(F)=C1N(=O)=O,6327240,O=[N+]([O-])c1c(F)cc(Br)cc1F,147808-42-2
BrC1=C(C=CC=C1)P(C1=CC=CC=C1)C1=CC=CC=C1,958998,Brc1ccccc1P(c1ccccc1)c1ccccc1,62336-24-7
CCOC(=O)CC(=O)C1=CC(Br)=CC=C1,978609,CCOC(=O)CC(=O)c1cccc(Br)c1,21575-91-7
OC(=O)COC1=CC=C(Br)C=C1,1104546,O=C(O)COc1ccc(Br)cc1,1878-91-7
OC(=O)C1=C(Br)C=CC(F)=C1,2575978,O=C(O)c1cc(F)ccc1Br,394-28-5
CC1=C(Cl)C=CC(Br)=C1,3234896,Cc1cc(Br)ccc1Cl,54932-72-8
CC(C)(C)OC(=O)NC1=C(C=C(Br)C=C1)N(=O)=O,15695263,CC(C)(C)OC(=O)Nc1ccc(Br)cc1[N+](=O)[O-],327046-79-7
OC(=O)C1=CC(Cl)=C(Br)C=C1,1940683,O=C(O)c1ccc(Br)c(Cl)c1,25118-59-6
FC1=C(Br)C=CC(CBr)=C1,10152767,Fc1cc(CBr)ccc1Br,127425-73-4
OC1=CC=C(CC2=C(Cl)C=CC(Br)=C2)C=C1,14442722,Oc1ccc(Cc2cc(Br)ccc2Cl)cc1,864070-18-8
BrC1=CC=CC(=C1)C1=C2OC3=C(C=CC=C3)C2=CC=C1,14554555,Brc1cccc(-c2cccc3c2oc2ccccc23)c1,887944-90-3
BrC1=CC=C(C=C1)C1=NN(C=C1C=O)C1=CC=CC=C1,886486,O=Cc1cn(-c2ccccc2)nc1-c1ccc(Br)cc1,36640-41-2
FC1=C(Br)C=C(C=C1)C(F)(F)F,2093911,Fc1ccc(C(F)(F)F)cc1Br,68322-84-9
COC1=CC(=CC=C1Br)N(=O)=O,2520496,COc1cc([N+](=O)[O-])ccc1Br,77337-82-7
COC(=O)C1=C(Br)C=CC(=C1)N(=O)=O,2617575,COC(=O)c1cc([N+](=O)[O-])ccc1Br,6942-36-5
FC1=CC(Br)=C(C=C1)C(F)(F)F,10154601,Fc1ccc(C(F)(F)F)c(Br)c1,0
FC1=CC(Br)=CC=C1S(Cl)(=O)=O,10656880,O=S(=O)(Cl)c1ccc(Br)cc1F,0
NC(CC1=CC=C(Br)C=C1)C(O)=O,2212158,NC(Cc1ccc(Br)cc1)C(=O)O,14091-15-7
COC(=O)C1=CC=C(Cl)C=C1Br,4178186,COC(=O)c1ccc(Cl)cc1Br,57381-62-1
BrC1=CC=C(C=C1)C1=CC(=NC(=C1)C1=CC=CC=C1)C1=CC=CC=C1,1387683,Brc1ccc(-c2cc(-c3ccccc3)nc(-c3ccccc3)c2)cc1,1498-81-3
ClC1=CC=CC(Cl)=C1Br,1681054,Clc1cccc(Cl)c1Br,19393-92-1
BrC1=CC=C(CC2=CC=CC=C2)C=C1,1943636,Brc1ccc(Cc2ccccc2)cc1,2116-36-1
FC1=CC(F)=C(Br)C(F)=C1,2502668,Fc1cc(F)c(Br)c(F)c1,2367-76-2
OC1=CC=CC(C=O)=C1Br,3235638,O=Cc1cccc(O)c1Br,196081-71-7
OC(=O)C1=C(I)C=CC(Br)=C1,3247380,O=C(O)c1cc(Br)ccc1I,21740-00-1
NC1=CC=C(Br)C=C1CO,7633616,Nc1ccc(Br)cc1CO,20712-12-3
COC(=O)C1=CC(F)=C(Br)C=C1,13904696,COC(=O)c1ccc(Br)c(F)c1,849758-12-9
CCOC1=CC=C(C=C1)C(=O)C1=CC(Br)=CC=C1Cl,13908714,CCOc1ccc(C(=O)c2cc(Br)ccc2Cl)cc1,461432-22-4
CC1=CC(F)=CC(Br)=C1,2351403,Cc1cc(F)cc(Br)c1,202865-83-6
CC(=O)C1=CC(Br)=C(F)C=C1,3088698,CC(=O)c1ccc(F)c(Br)c1,1007-15-4
NC1=C(Br)C2=CC=CC=C2C=C1,2802776,Nc1ccc2ccccc2c1Br,20191-75-7
CC1=CC(Br)=CC(Cl)=C1,3233747,Cc1cc(Cl)cc(Br)c1,329944-72-1
C[C@@H](O)C1=CC=CC=C1Br,4840336,C[C@@H](O)c1ccccc1Br,0
OC(=O)C1=CC=CC(Br)=C1F,7127639,O=C(O)c1cccc(Br)c1F,161957-56-8
COC(=O)C1=CC(Br)=CC(O)=C1,10425644,COC(=O)c1cc(O)cc(Br)c1,192810-12-1
CS(=O)C1=CC=CC=C1Br,1934906,CS(=O)c1ccccc1Br,0
BrC1=CC=C(C=C1)S(=O)(=O)N=N#N,2695961,[N-]=[N+]=NS(=O)(=O)c1ccc(Br)cc1,6647-76-3
COC1=CC=C(Br)C2=C1C=CC=C2,2047433,COc1ccc(Br)c2ccccc12,5467-58-3
BrC1=CC=C(C=C1)C(=O)CC1=CC=CC=C1,2211322,O=C(Cc1ccccc1)c1ccc(Br)cc1,2001-29-8
BrC1=C(C=C(C=C1)C1=CC=CC=C1)C1=CC=CC=C1,2268607,Brc1ccc(-c2ccccc2)cc1-c1ccccc1,60631-83-6
BrC1=CC=CC=C1N=C=O,3588447,O=C=Nc1ccccc1Br,1592-00-3
C[C@@H](O)C1=CC(Br)=CC=C1,4798482,C[C@@H](O)c1cccc(Br)c1,0
NC1=C(I)C=CC(Br)=C1,5498790,Nc1cc(Br)ccc1I,64085-52-5
ClC1=CC=C(Br)C=C1C=O,9757388,O=Cc1cc(Br)ccc1Cl,189628-37-3
COC1=C(Br)C=C(N)C=C1,1448610,COc1ccc(N)cc1Br,19056-41-8
OC1=C(O)C(Br)=CC=C1,1936912,Oc1cccc(Br)c1O,14381-51-2
NC1=C(Br)C=C(C(F)=C1)N(=O)=O,15562114,Nc1cc(F)c([N+](=O)[O-])cc1Br,952664-69-6
OC1=CC(C=O)=CC(Br)=C1O,1868947,O=Cc1cc(O)c(O)c(Br)c1,16414-34-9
NC1=C(C=CC(Br)=C1F)C(O)=O,23243408,Nc1c(C(=O)O)ccc(Br)c1F,1416013-62-1
COC1=CC(I)=C(Br)C=C1,1937399,COc1ccc(Br)c(I)c1,4897-68-1
BrC1=C(C=CC=C1)C1=CC=CC2=C1C=CC=C2,1956897,Brc1ccccc1-c1cccc2ccccc12,18937-92-3
FC(F)(F)C1=CC(Br)=C(C=O)C=C1,5518185,O=Cc1ccc(C(F)(F)F)cc1Br,85118-24-7
COC1=CC=C(Br)C(C=O)=C1O,2047320,COc1ccc(Br)c(C=O)c1O,20035-41-0
OC(=O)C1=C(Br)C2=CC=CC=C2C=C1,2445031,O=C(O)c1ccc2ccccc2c1Br,20717-79-7
CC1=C(C=CC(Br)=C1)S(Cl)(=O)=O,3261587,Cc1cc(Br)ccc1S(=O)(=O)Cl,139937-37-4
FC1=CC(Br)=C(I)C=C1,6288420,Fc1ccc(I)c(Br)c1,0
CNC1=CC(Br)=CC=C1N,607650,CNc1cc(Br)ccc1N,337915-79-4
BrC1=CC=C(C=C1)C(=O)C(=O)C1=CC=CC=C1,1962171,O=C(C(=O)c1ccc(Br)cc1)c1ccccc1,39229-12-4
BrCCC1=CC=C(Br)C=C1,2042071,BrCCc1ccc(Br)cc1,1746-28-7
BrC1=C(OCC2=CC=CC=C2)C=CC=C1,2260334,Brc1ccccc1OCc1ccccc1,31575-75-4
OCCCC1=CC=C(Br)C=C1,2517457,OCCCc1ccc(Br)cc1,25574-11-2
ClC1=CC(=CC(Br)=C1)C1=NC(=NC(=N1)C1=CC=CC=C1)C1=CC=CC=C1,19801697,Clc1cc(Br)cc(-c2nc(-c3ccccc3)nc(-c3ccccc3)n2)c1,1073062-42-6
BrC1=CC(C=C(C#N)C#N)=CC=C1,1946649,N#CC(C#N)=Cc1cccc(Br)c1,2972-74-9
CC(C)(C)[Si](C)(C)OC1=CC(Br)=CC=C1,2256298,CC(C)(C)[Si](C)(C)Oc1cccc(Br)c1,65423-56-5
CC1=CC=C(Br)C(=C1)C(O)=O,2613799,Cc1ccc(Br)c(C(=O)O)c1,6967-82-4
NC1=C(Cl)C(Br)=CC=C1,15311283,Nc1cccc(Br)c1Cl,56131-46-5
CN(C(=O)C(C)=C)C1=CC=C(Br)C=C1,22151387,C=C(C)C(=O)N(C)c1ccc(Br)cc1,1353568-76-9
CC1=CC=C(C=C1)C1=CC=C(Br)C=C1,1937988,Cc1ccc(-c2ccc(Br)cc2)cc1,50670-49-0
CC1=CC=C(Br)C(C=O)=C1,2352722,Cc1ccc(Br)c(C=O)c1,90221-55-9
CC1=CC=C(C=C1)N(C1=CC=C(C)C=C1)C1=CC=C(Br)C=C1,2853654,Cc1ccc(N(c2ccc(C)cc2)c2ccc(Br)cc2)cc1,58047-42-0
CC1=CC(=CC=C1Br)S(Cl)(=O)=O,3254604,Cc1cc(S(=O)(=O)Cl)ccc1Br,72256-93-0
BrC1=CC=C2C=C(C=O)C=CC2=C1,8615079,O=Cc1ccc2cc(Br)ccc2c1,170737-46-9
FC(F)(F)C1(CC1)C1=CC=C(Br)C=C1,22078019,FC(F)(F)C1(c2ccc(Br)cc2)CC1,1227160-18-0
CC1=C(Br)C=CC(=C1)N(=O)=O,1940342,Cc1cc([N+](=O)[O-])ccc1Br,7149-70-4
BrC1=C(C=O)C=C(C=C1)N(=O)=O,5255103,O=Cc1cc([N+](=O)[O-])ccc1Br,84459-32-5
OC(=O)CCC1=CC=CC(Br)=C1,2362753,O=C(O)CCc1cccc(Br)c1,42287-90-1
CNS(=O)(=O)C1=CC=C(Br)C=C1,3261758,CNS(=O)(=O)c1ccc(Br)cc1,703-12-8
OCC1=CC(F)=C(Br)C=C1,8900230,OCc1ccc(Br)c(F)c1,222978-01-0
FC1=CC(Br)=CC=C1C1=CC=CC=C1,2208913,Fc1cc(Br)ccc1-c1ccccc1,41604-19-7
OC1=C(Cl)C=CC(Br)=C1,3236449,Oc1cc(Br)ccc1Cl,183802-98-4
COC(=O)C1=CC(Br)=C(N)C=C1,4905039,COC(=O)c1ccc(N)c(Br)c1,106896-49-5
OC(=O)CC1=C(F)C=C(Br)C=C1,13574936,O=C(O)Cc1ccc(Br)cc1F,114897-92-6
ClC1=C(I)C=CC(Br)=C1,2435075,Clc1cc(Br)ccc1I,31928-47-9
BrC1=CC=C(SC2=CC=CC=C2)C=C1,2443907,Brc1ccc(Sc2ccccc2)cc1,65662-88-6
CCN(CC)C1=CC=C(Br)C=C1,2803424,CCN(CC)c1ccc(Br)cc1,2052-06-4
COC(=O)C(C)(C)C1=CC=C(Br)C=C1,6802390,COC(=O)C(C)(C)c1ccc(Br)cc1,154825-97-5
CC1=C(Br)C=CC=C1N=C=O,24085468,Cc1c(Br)cccc1N=C=O,0
COC1=CC(C)=C(Br)C(C)=C1,2518476,COc1cc(C)c(Br)c(C)c1,6267-34-1
FC(F)(F)C1=CC(C=O)=CC(Br)=C1,14467737,O=Cc1cc(Br)cc(C(F)(F)F)c1,477535-41-4
CC(C)(C)C1=C(O)C=CC(Br)=C1,2359343,CC(C)(C)c1cc(Br)ccc1O,10323-39-4
CCOC(=O)C1=C(C)NC(=O)NC1C1=CC=C(Br)C=C1,3558976,CCOC(=O)C1=C(C)NC(=O)NC1c1ccc(Br)cc1,123629-43-6
CN(C)CCNC1=CC(Br)=CC(F)=C1,23960984,CN(C)CCNc1cc(F)cc(Br)c1,1467083-58-4
BrC1=CC=C(C=C1)C1=NC(=C(N1)C1=CC=CC=C1)C1=CC=CC=C1,889950,Brc1ccc(-c2nc(-c3ccccc3)c(-c3ccccc3)[nH]2)cc1,5496-33-3
FC(F)(F)C1=C(Br)C=CC(=C1)N(=O)=O,2460260,O=[N+]([O-])c1ccc(Br)c(C(F)(F)F)c1,367-67-9
COC1=CC=C(CC2=CC(Br)=CC=C2Cl)C=C1,11430049,COc1ccc(Cc2cc(Br)ccc2Cl)cc1,0
BrC1=CC=CC(=C1)C1=CC2=C(C=C1)N(C1=C2C=CC=C1)C1=CC=CC=C1,22337210,Brc1cccc(-c2ccc3c(c2)c2ccccc2n3-c2ccccc2)c1,854952-59-3
BrC1=CC=C(C=C1)C(=O)C=C,1930766,C=CC(=O)c1ccc(Br)cc1,22731-70-0
FC(F)(F)SC1=CC=C(Br)C=C1,2361926,FC(F)(F)Sc1ccc(Br)cc1,333-47-1
COC(=O)C1=C(Br)C=CC(C)=C1,9044108,COC(=O)c1cc(C)ccc1Br,90971-88-3
BrC1=C(C2=C(C=CC=C2)C=C1)N(=O)=O,1959880,O=[N+]([O-])c1c(Br)ccc2ccccc12,4185-62-0
BrC1=CC(=CC(=C1)N(=O)=O)N(=O)=O,2053146,O=[N+]([O-])c1cc(Br)cc([N+](=O)[O-])c1,18242-39-2
OC1=C(I)C=C(Br)C=C1,2516738,Oc1ccc(Br)cc1I,207115-22-8
NC1=CC=C(OC(F)(F)F)C=C1Br,8256812,Nc1ccc(OC(F)(F)F)cc1Br,175278-17-8
OC1=C(F)C=CC(Br)=C1,8829500,Oc1cc(Br)ccc1F,112204-58-7
CC1=CC=C(C=O)C=C1Br,1634654,Cc1ccc(C=O)cc1Br,36276-24-1
COC1=CC(Br)=CC(C)=C1,2079751,COc1cc(C)cc(Br)c1,29578-83-4
COC1=CC(Br)=CC(F)=C1,2082681,COc1cc(F)cc(Br)c1,29578-39-0
CNC(=O)C1=CC=C(Br)C=C1,2085930,CNC(=O)c1ccc(Br)cc1,27466-83-7
CS(=O)(=O)C1=CC(Br)=C(F)C=C1,11253224,CS(=O)(=O)c1ccc(F)c(Br)c1,0
CCN(C1CCOCC1)C1=CC(Br)=CC(C(=O)NCC2=C(C)C=C(C)NC2=O)=C1C,22917690,CCN(c1cc(Br)cc(C(=O)NCc2c(C)cc(C)[nH]c2=O)c1C)C1CCOCC1,1403257-80-6
BrC1=CC=C(C=C1)C1=NC2=CC=CC=C2C=C1,161056,Brc1ccc(-c2ccc3ccccc3n2)cc1,24641-31-4
COC1=CC(O)=C(Br)C=C1,1936262,COc1ccc(Br)c(O)c1,63604-94-4
OCC(=O)C1=CC=C(Br)C=C1,1940898,O=C(CO)c1ccc(Br)cc1,3343-45-1
BrC1=C(C=CC=C1)N=N#N,1941487,[N-]=[N+]=Nc1ccccc1Br,3302-39-4
OC1=C(C=C(Br)C=C1)C(F)(F)F,1955465,Oc1ccc(Br)cc1C(F)(F)F,50824-04-9
CC1=C(F)C=CC=C1Br,2433658,Cc1c(F)cccc1Br,1422-54-4
CC1=C(O)C=CC=C1Br,2500470,Cc1c(O)cccc1Br,7766-23-6
OC1=C(F)C=CC=C1Br,2517318,Oc1c(F)cccc1Br,2040-89-3
ClC1=CC=CC(Br)=C1C=O,2613087,O=Cc1c(Cl)cccc1Br,64622-16-8
CN(C)CC1=CC=C(Br)C=C1,2690848,CN(C)Cc1ccc(Br)cc1,6274-57-3
BrC1=CC=C(C=C1)C1=CC=C2SC3=CC=CC=C3C2=C1,22217017,Brc1ccc(-c2ccc3sc4ccccc4c3c2)cc1,1306786-03-7
CC(C)(C)OC(=O)N1[C@H](CC2=CC=C(Br)C=C2)CCC1=O,22584384,CC(C)(C)OC(=O)N1C(=O)CC[C@H]1Cc1ccc(Br)cc1,1383028-06-5
BrCCOC1=CC=C(Br)C=C1,637832,BrCCOc1ccc(Br)cc1,18800-30-1
OC(=O)C1=C(Br)C=CC(=C1)N(=O)=O,980242,O=C(O)c1cc([N+](=O)[O-])ccc1Br,943-14-6
COC(=O)CC(=O)C1=CC=C(Br)C=C1,1956559,COC(=O)CC(=O)c1ccc(Br)cc1,126629-81-0
NC1=C(C=C(Br)C=C1)C(F)(F)F,2211504,Nc1ccc(Br)cc1C(F)(F)F,445-02-3
FC1=CC=CC(Br)=C1C#N,4971528,N#Cc1c(F)cccc1Br,79544-27-7
CC(C)(C#N)C1=CC=C(Br)C=C1,7289086,CC(C)(C#N)c1ccc(Br)cc1,101184-73-0
OC(=O)C1=CC(=CC(Br)=C1)C(F)(F)F,9196595,O=C(O)c1cc(Br)cc(C(F)(F)F)c1,328-67-6
CS(=O)(=O)NCC1=CC(Br)=CC(F)=C1,23960987,CS(=O)(=O)NCc1cc(F)cc(Br)c1,1467083-70-0
ClC1=CC(COC2=CC3=C(CCCC3=O)C=C2)=C(Br)C=C1,23709147,O=C1CCCc2ccc(OCc3cc(Cl)ccc3Br)cc21,1378388-19-2
COC1=C(C)C=C(Br)C=C1C,1940290,COc1c(C)cc(Br)cc1C,14804-38-7
OC(C=C)C1=CC=C(Br)C=C1,2246995,C=CC(O)c1ccc(Br)cc1,58824-56-9
CC(C)(C)C1=CC=C(C=C1)C1=C(Br)C=C(C=C1)C(C)(C)C,2277577,CC(C)(C)c1ccc(-c2ccc(C(C)(C)C)cc2Br)cc1,70728-89-1
BrC1=CC(=C(C=C1)C1=CC=CC=C1)N(=O)=O,2560065,O=[N+]([O-])c1cc(Br)ccc1-c1ccccc1,70873-41-5
ClC1=CC(Br)=CC=C1CBr,5862217,Clc1cc(Br)ccc1CBr,89720-77-4
CC(C)(C)OC(=O)N[C@@H](CC1=CC=CC(Br)=C1)C(O)=O,10265788,CC(C)(C)OC(=O)N[C@@H](Cc1cccc(Br)c1)C(=O)O,82278-73-7
BrC1=C2C=CC=CC2=C(C2=CC=C(C=C2)C2=CC=CC=C2)C2=CC=CC=C12,11451727,Brc1c2ccccc2c(-c2ccc(-c3ccccc3)cc2)c2ccccc12,400607-05-8
COC(=O)C1=CC(=C(Br)C=C1)C(F)(F)F,18754892,COC(=O)c1ccc(Br)c(C(F)(F)F)c1,107317-58-8
BrC1=C2C=CC=CC2=C(C=C1)C1=NC(=NC(=N1)C1=CC=CC=C1)C1=CC=CC=C1,30027161,Brc1ccc(-c2nc(-c3ccccc3)nc(-c3ccccc3)n2)c2ccccc12,0
BrC1=CC(OC2=CC=CC=C2)=CC=C1,1869631,Brc1cccc(Oc2ccccc2)c1,6876-00-2
CCCCOC1=CC=C(Br)C=C1,2084422,CCCCOc1ccc(Br)cc1,39969-57-8
NC1=C(Br)C=C(C=C1)C#N,3237848,N#Cc1ccc(N)c(Br)c1,50397-74-5
COC(=O)C1=C(Cl)C=C(Br)C=C1,10246514,COC(=O)c1ccc(Br)cc1Cl,185312-82-7
COC(=O)C(C)(C)C1=CC(Br)=CC=C1,11412670,COC(=O)C(C)(C)c1cccc(Br)c1,251458-15-8
CC(C)(C)OC(=O)N1CCC[C@H]1C(=O)NCC(=O)C1=CC=C(Br)C=C1,15627795,CC(C)(C)OC(=O)N1CCC[C@H]1C(=O)NCC(=O)c1ccc(Br)cc1,1007881-98-2
OC(=O)C#CC1=CC=C(Br)C=C1,1947923,O=C(O)C#Cc1ccc(Br)cc1,25294-65-9
BrCC(=O)C1=CC2=CC=C(Br)C=C2C=C1,1957215,O=C(CBr)c1ccc2cc(Br)ccc2c1,50637-83-7
COC1=CC(OC)=C(Br)C(OC)=C1,1958171,COc1cc(OC)c(Br)c(OC)c1,1131-40-4
ClC1=CC(Br)=C(C=C1)N(=O)=O,2257346,O=[N+]([O-])c1ccc(Cl)cc1Br,63860-31-1
CC1=CC(Br)=CC=C1CBr,5861771,Cc1cc(Br)ccc1CBr,156001-49-9
OC1=CC=CC=C1C1=C(F)C=CC=C1Br,29927748,Oc1ccccc1-c1c(F)cccc1Br,0
COC1=CC=C(Br)C=C1C(O)=O,639664,COc1ccc(Br)cc1C(=O)O,2476-35-9
BrC1=CC=CC=C1OCC=C,2437407,C=CCOc1ccccc1Br,60333-75-7
OC1=CC(Br)=CC(Cl)=C1,3234780,Oc1cc(Cl)cc(Br)c1,56962-04-0
COC1=C(Br)C=CC(I)=C1,10061465,COc1cc(I)ccc1Br,755027-18-0
FC1=C(Br)C(C=O)=CC=C1,10529128,O=Cc1cccc(F)c1Br,891180-59-9
FC1=C(Br)C=CC=C1C#N,11424574,N#Cc1cccc(Br)c1F,840481-82-5
CC(C)(C)C1=CC(=CC2=CC=C(Br)C=C2)C=C(C1=O)C(C)(C)C,23934931,CC(C)(C)C1=CC(=Cc2ccc(Br)cc2)C=C(C(C)(C)C)C1=O,0
FC1=CC(F)=C(OC2=CC=C(C=C2Br)N(=O)=O)C=C1,24599150,O=[N+]([O-])c1ccc(Oc2ccc(F)cc2F)c(Br)c1,0
CC(Br)C(=O)C1=CC=C(Br)C=C1,743113,CC(Br)C(=O)c1ccc(Br)cc1,38786-67-3
FC1=CC(F)=C(F)C(Br)=C1F,1639660,Fc1cc(F)c(F)c(Br)c1F,1559-88-2
CC(C)(C)C1=CC(=C(Br)C(=C1)C(C)(C)C)C(C)(C)C,1913257,CC(C)(C)c1cc(C(C)(C)C)c(Br)c(C(C)(C)C)c1,3975-77-7
CC(=O)OC1=CC(Br)=CC=C1,2439294,CC(=O)Oc1cccc(Br)c1,35065-86-2
CNCC1=CC=C(Br)C=C1,2716185,CNCc1ccc(Br)cc1,699-03-6
NS(=O)(=O)C1=CC=CC(Br)=C1,3089942,NS(=O)(=O)c1cccc(Br)c1,89599-01-9
COC(=O)C1=C(Br)C=C(C)C=C1,3239215,COC(=O)c1ccc(C)cc1Br,87808-49-9
BrC1=CC=C(CNC2=CC=CC=C2)C=C1,3269536,Brc1ccc(CNc2ccccc2)cc1,68695-51-2
CC1(C)C2=CC=CC=C2C2=CC=C(C=C12)N(C1=CC=C(Br)C=C1)C1=CC=C2C3=CC=CC=C3C(C)(C)C2=C1,8878127,CC1(C)c2ccccc2-c2ccc(N(c3ccc(Br)cc3)c3ccc4c(c3)C(C)(C)c3ccccc3-4)cc21,313050-71-4
CC1=CC(F)=C(Br)C=C1N,9900768,Cc1cc(F)c(Br)cc1N,627871-16-3
BrC1=CC=C(C=C1)C1=CC2=C(C=CC=C2)C2=CC=CC=C12,11441857,Brc1ccc(-c2cc3ccccc3c3ccccc23)cc1,0
FC1=C(Cl)C=CC=C1Br,13320084,Fc1c(Cl)cccc1Br,144584-65-6
CC(=C)C1=C(Br)C=CC=C1,1929266,C=C(C)c1ccccc1Br,7073-70-3
OC(=O)C1=CC=C(O)C(Br)=C1,2086166,O=C(O)c1ccc(O)c(Br)c1,14348-41-5
COC1=C(Br)C=C(C=C1)C(O)=O,2087585,COc1ccc(C(=O)O)cc1Br,99-58-1
BrC1=CC=CC(=C1)C1=CC2=C(C=C1)C1=C(C=CC=C1)C1=C2C=CC=C1,20481398,Brc1cccc(-c2ccc3c4ccccc4c4ccccc4c3c2)c1,1313514-53-2
COC1=CC(Br)=C(C=O)C=C1O,1942858,COc1cc(Br)c(C=O)cc1O,2973-59-3
COC1=CC=C(C=C1)C1=CC=C(Br)C=C1,1946978,COc1ccc(-c2ccc(Br)cc2)cc1,58743-83-2
OC(=O)C1=C2C=CC=CC2=C(Br)C=C1,1950351,O=C(O)c1ccc(Br)c2ccccc12,16650-55-8
BrC1=CC=C(C2=CC=CC=C2)C2=C1C=CC=C2,2448584,Brc1ccc(-c2ccccc2)c2ccccc12,59951-65-4
COC(=O)C1=CC(I)=CC(Br)=C1,3128756,COC(=O)c1cc(Br)cc(I)c1,188813-07-2
ClCC1=CC(Br)=CC=C1,742267,ClCc1cccc(Br)c1,932-77-4
NC1=CC(Br)=CC=C1N(=O)=O,2642001,Nc1cc(Br)ccc1[N+](=O)[O-],5228-61-5
CC1=CC(Br)=C(C=C1)C#N,3088729,Cc1ccc(C#N)c(Br)c1,42872-73-1
CC(=O)C1=CC=C(Br)C=C1F,9387080,CC(=O)c1ccc(Br)cc1F,625446-22-2
CC(C)(C)[Si](C)(C)OC1=CC=C(CC2=C(Cl)C=CC(Br)=C2)C=C1,14442847,CC(C)(C)[Si](C)(C)Oc1ccc(Cc2cc(Br)ccc2Cl)cc1,864070-19-9
BrC1=CC=C(C=C1)C(=O)NC1=C2N=CC=CC2=CC=C1,20264497,O=C(Nc1cccc2cccnc12)c1ccc(Br)cc1,299928-52-2
CC1=C(Br)C=C(O)C=C1,2205840,Cc1ccc(O)cc1Br,60710-39-6
CN1CCN(CC1)S(=O)(=O)C1=CC=C(Br)C=C1,539660,CN1CCN(S(=O)(=O)c2ccc(Br)cc2)CC1,837-12-7
FC(F)(F)S(=O)(=O)C1=CC=C(Br)C=C1,2417492,O=S(=O)(c1ccc(Br)cc1)C(F)(F)F,312-20-9
CC1=CC(C)=C(SC2=CC=CC=C2Br)C=C1,13045986,Cc1ccc(Sc2ccccc2Br)c(C)c1,960203-41-2
FC1=CC(Br)=CC(F)=C1C(F)(F)F,13252396,Fc1cc(Br)cc(F)c1C(F)(F)F,0
OC1=CC2=CC=CC=C2C(Br)=C1,1939711,Oc1cc(Br)c2ccccc2c1,5498-31-7
BrC1=CC=C(C=C1)C(=O)C#CC1=CC=CC=C1,2052137,O=C(C#Cc1ccccc1)c1ccc(Br)cc1,23565-63-1
CC1=C(Br)C=C(C=C1)C(F)(F)F,2090231,Cc1ccc(C(F)(F)F)cc1Br,66417-30-9
OC1=C(Br)C=CC2=C1C=CC=C2,2554660,Oc1c(Br)ccc2ccccc12,771-15-3
CCOC(=O)C(=O)C1=CC=C(Br)C=C1,2692072,CCOC(=O)C(=O)c1ccc(Br)cc1,20201-26-7
COC1=C(N)C=C(Br)C=C1,2717140,COc1ccc(Br)cc1N,6358-77-6
CC1=C(Br)C=CC=C1C=O,6797931,Cc1c(Br)cccc1C=O,83647-40-9
BrC1=C(C=O)C2=CC=CC=C2C=C1,8543145,O=Cc1c(Br)ccc2ccccc12,269066-75-3
FC1=CC(Br)=CC=C1C(=O)CBr,13574967,O=C(CBr)c1ccc(Br)cc1F,869569-77-7
COC1=C(C=C(Br)C=C1)N(=O)=O,2259903,COc1ccc(Br)cc1[N+](=O)[O-],33696-00-3
CC(C)C1=CC=CC(C(C)C)=C1Br,2519179,CC(C)c1cccc(C(C)C)c1Br,57190-17-7
NC1=C(F)C=C(F)C=C1Br,2718139,Nc1c(F)cc(F)cc1Br,444-14-4
OC(CC=C)C1=CC=C(Br)C=C1,3239883,C=CCC(O)c1ccc(Br)cc1,0
COC1=CC(C=O)=C(Br)C(OC)=C1OC,3309731,COc1cc(C=O)c(Br)c(OC)c1OC,35274-53-4
CC(=O)C1=CC(C)=C(Br)C=C1O,7089586,CC(=O)c1cc(C)c(Br)cc1O,0
BrC1=CC=CC(=C1)N=N#N,2044137,[N-]=[N+]=Nc1cccc(Br)c1,2101-89-5
COC1=C(Br)C=C(C=C1)N(=O)=O,2556372,COc1ccc([N+](=O)[O-])cc1Br,5197-28-4
CC1=CC(C=O)=CC=C1Br,2573241,Cc1cc(C=O)ccc1Br,78775-11-8
BrC1=CC(NC2=NC=NC3=CC=C(NC(=O)C=C)C=C23)=CC=C1,8341355,C=CC(=O)Nc1ccc2ncnc(Nc3cccc(Br)c3)c2c1,194423-15-9
BrC1=CC(=CC=C1)C1=CC=CC2=CC=CC=C12,11441855,Brc1cccc(-c2cccc3ccccc23)c1,0
OC(=O)C1=CC(=C(Br)C=C1)C(F)(F)F,19080132,O=C(O)c1ccc(Br)c(C(F)(F)F)c1,161622-14-6
CC(=O)C1=CC=C(C=C1)C1=CC=C(Br)C=C1,2048590,CC(=O)c1ccc(-c2ccc(Br)cc2)cc1,5731-01-1
BrC1=CC=C(C=C1)C(=O)NC1=CC=CC=C1,2105491,O=C(Nc1ccccc1)c1ccc(Br)cc1,6846-12-4
COC(=O)C1=C(Br)C2=C(C=CC=C2)C=C1,2580609,COC(=O)c1ccc2ccccc2c1Br,89555-39-5
OC(=O)C1=CC(Br)=CC(O)=C1,3241186,O=C(O)c1cc(O)cc(Br)c1,140472-69-1
COC1=C(C=CC(Br)=C1)C(O)=O,3530423,COc1cc(Br)ccc1C(=O)O,72135-36-5
COC(=O)C1=CC(Br)=C(F)C=C1,8614754,COC(=O)c1ccc(F)c(Br)c1,82702-31-6
OCC1=C(Cl)C=C(Br)C=C1,13428563,OCc1ccc(Br)cc1Cl,185315-48-4
BrC1=CC=C(C=C1)C1=CC=C(O1)C=O,974299,O=Cc1ccc(-c2ccc(Br)cc2)o1,20005-42-9
NC1=C(N)C(Br)=CC=C1,2082739,Nc1cccc(Br)c1N,1575-36-6
NC1=C(C=CC=C1)C(=O)C1=CC=C(Br)C=C1,2723655,Nc1ccccc1C(=O)c1ccc(Br)cc1,1140-17-6
CC1=CC=CC(Br)=C1N,2828385,Cc1cccc(Br)c1N,53848-17-2
NC1=CC=CC(F)=C1Br,4350508,Nc1cccc(F)c1Br,111721-75-6
BrC1=CC=C(CCC=O)C=C1,4382494,O=CCCc1ccc(Br)cc1,80793-25-5
CCN1C(=O)C(=CC2=CN=C(NC)C=C12)C1=CC(NC(=O)NC2=CC=CC=C2)=C(F)C=C1Br,23609130,CCn1c(=O)c(-c2cc(NC(=O)Nc3ccccc3)c(F)cc2Br)cc2cnc(NC)cc21,1442472-39-0
OCCOC1=CC=C(Br)C=C1,2208122,OCCOc1ccc(Br)cc1,34743-88-9
CC(C)(C)OC(=O)C1=CC=CC=C1Br,2253881,CC(C)(C)OC(=O)c1ccccc1Br,55666-42-7
COC(=O)C1=CC(Br)=C(OC)C=C1,2692710,COC(=O)c1ccc(OC)c(Br)c1,35450-37-4
CC(C)(C)OC(=O)N1CCC(O)(CC1)C1=CC=C(Br)C=C1,9567945,CC(C)(C)OC(=O)N1CCC(O)(c2ccc(Br)cc2)CC1,163209-96-9
FC1=CC(=C(F)C=C1Br)S(Cl)(=O)=O,9762240,O=S(=O)(Cl)c1cc(F)c(Br)cc1F,0
CC(C)(C)OC(=O)NC1(CC1)C1=CC=C(Br)C=C1,13199132,CC(C)(C)OC(=O)NC1(c2ccc(Br)cc2)CC1,360773-84-8
COC1=CC=C(C=C1)C(=O)C1=CC(Br)=CC=C1Cl,14007769,COc1ccc(C(=O)c2cc(Br)ccc2Cl)cc1,333361-49-2
BrC1=CC=C(C=C1)C(=O)NNC(=O)C1=CC=CC=C1,537097,O=C(NNC(=O)c1ccc(Br)cc1)c1ccccc1,6781-60-8
BrC1=CC=C(C=C1)N1C(=NN=C1C1=CC=CC=C1)C1=CC=CC=C1,547920,Brc1ccc(-n2c(-c3ccccc3)nnc2-c2ccccc2)cc1,29091-56-3
BrC1=CC=CC=C1C1=NC=CC=C1,1423995,Brc1ccccc1-c1ccccn1,109306-86-7
CC1=CC(=CC(C)=C1Br)C(C)(C)C,1862732,Cc1cc(C(C)(C)C)cc(C)c1Br,5345-05-1
ClC1=C(Br)C=CC=C1N(=O)=O,1950406,O=[N+]([O-])c1cccc(Br)c1Cl,3970-37-4
COC1=CC=C(Br)C(F)=C1,2082234,COc1ccc(Br)c(F)c1,458-50-4
OCC1=CC(Br)=CC=C1Cl,8900193,OCc1cc(Br)ccc1Cl,149965-40-2
CC1(C)CC(=O)C2=C(C1)OC1=C(C2C2=CC=C(Br)C=C2)C(=O)CC(C)(C)C1,9873812,CC1(C)CC(=O)C2=C(C1)OC1=C(C(=O)CC(C)(C)C1)C2c1ccc(Br)cc1,0
CC(=O)CC(=O)C1=CC=C(Br)C=C1,1943403,CC(=O)CC(=O)c1ccc(Br)cc1,4023-81-8
OC(=O)C1=CC(C(O)=O)=C(Br)C=C1,1959392,O=C(O)c1ccc(Br)c(C(=O)O)c1,6939-93-1
BrCC1=C(Br)C=C(C=C1)C#N,2575801,N#Cc1ccc(CBr)c(Br)c1,89892-39-7
OB(O)C1=CC=C(Br)C2=C1C=CC=C2,10254132,OB(O)c1ccc(Br)c2ccccc12,0
COCCCOC1=CC(Br)=CC=C1OC,14227186,COCCCOc1cc(Br)ccc1OC,173336-76-0
BrC1=CC=C(CC=C)C=C1,1099142,C=CCc1ccc(Br)cc1,2294-43-1
CC1=C(C=O)C=C(Br)C=C1,1929991,Cc1ccc(Br)cc1C=O,90050-59-2
OC1=C(Cl)C=C(Br)C=C1Cl,2046857,Oc1c(Cl)cc(Br)cc1Cl,3217-15-0
CC(C)(C)OC(=O)N1CCN(CC1)C1=CC(Br)=CC=C1,9492290,CC(C)(C)OC(=O)N1CCN(c2cccc(Br)c2)CC1,327030-39-7
CC(=O)C1=C(O)C(Br)=C(F)C(Cl)=C1,22585086,CC(=O)c1cc(Cl)c(F)c(Br)c1O,1382997-15-0
CC1=CC=CC(=C1Br)N(=O)=O,2253871,Cc1cccc([N+](=O)[O-])c1Br,41085-43-2
BrC1=C(C2=C(C=CC=C2)C2=C1C=CC=C2)N(=O)=O,2333562,O=[N+]([O-])c1c(Br)c2ccccc2c2ccccc12,17024-21-4
COC1=CC=C(Br)C(=C1)C(Cl)=O,4801146,COc1ccc(Br)c(C(=O)Cl)c1,56658-04-9
OC1=CC=C(Br)C(F)=C1F,13246708,Oc1ccc(Br)c(F)c1F,144292-32-0
FC1=CC(Br)=CC(C=O)=C1F,14351670,O=Cc1cc(Br)cc(F)c1F,633327-22-7
BrC1=CC=C(C=C1)P(C1=CC=CC=C1)C1=CC=CC=C1,958775,Brc1ccc(P(c2ccccc2)c2ccccc2)cc1,734-59-8
BrC1=C(C=CC=O)C=CC=C1,1931986,O=CC=Cc1ccccc1Br,0
CC(=O)\C=C\C1=CC=C(Br)C=C1,2325810,CC(=O)/C=C/c1ccc(Br)cc1,0
FC1=CC(Br)=CC=C1CC#N,5331424,N#CCc1ccc(Br)cc1F,114897-91-5
CS(=N)(=O)C1=CC=C(Br)C=C1,9900139,CS(=N)(=O)c1ccc(Br)cc1,145026-07-9
BrC1=CC=C(C=C1)C1NC(=O)C2=CC=CC=C2N1,11075804,O=C1NC(c2ccc(Br)cc2)Nc2ccccc21,0
CC1=CC(Br)=CC=C1C(F)(F)F,15497153,Cc1cc(Br)ccc1C(F)(F)F,936092-88-5
CC1=C(Cl)C=CC=C1Br,2500471,Cc1c(Cl)cccc1Br,62356-27-8
FS(F)(F)(F)(F)C1=CC=C(Br)C=C1,2694825,FS(F)(F)(F)(F)c1ccc(Br)cc1,774-93-6
FC1=CC(C#N)=C(Br)C=C1,8678330,N#Cc1cc(F)ccc1Br,57381-39-2
CCOC(=O)C1=C(C)NC2=C(C1C1=CC=C(Br)C=C1)C(=O)CC(C)(C)C2,10027977,CCOC(=O)C1=C(C)NC2=C(C(=O)CC(C)(C)C2)C1c1ccc(Br)cc1,0
BrC1=CC=C(C=C1)N1C2=C(OC3=C1C=CC=C3)C=CC=C2,24487,Brc1ccc(N2c3ccccc3Oc3ccccc32)cc1,71041-21-9
BrC1=CC=C(C=C1)N1C2=CC=CC=C2SC2=C1C=CC=C2,920369,Brc1ccc(N2c3ccccc3Sc3ccccc32)cc1,63524-03-8
CN(C)S(=O)(=O)C1=CC=C(Br)C=C1,2838162,CN(C)S(=O)(=O)c1ccc(Br)cc1,707-60-8
CC(=O)C1=C(Br)C=CC(F)=C1,3118014,CC(=O)c1cc(F)ccc1Br,1006-33-3
CC1=CC(=CC(Br)=C1)C#N,3235527,Cc1cc(Br)cc(C#N)c1,124289-21-0
NCC1=CC(Br)=CC(F)=C1,13574332,NCc1cc(F)cc(Br)c1,0
CCOC(=O)C1=C(C)C=C(Br)C=C1,13603330,CCOC(=O)c1ccc(Br)cc1C,220389-34-4
FC1=CC=CC(Br)=C1Cl,15016195,Fc1cccc(Br)c1Cl,883499-24-9
BrC1=CC=C(C=C1)C1=CC2=CC=CC=C2N1,8943,Brc1ccc(-c2cc3ccccc3[nH]2)cc1,6127-49-7
BrC1=CC=C(C=C1)C1=CC(=O)C2=CC=CC=C2O1,183958,O=c1cc(-c2ccc(Br)cc2)oc2ccccc12,20525-20-6
CC(C)(O)C1=C(Br)C=CC=C1,607034,CC(C)(O)c1ccccc1Br,7073-69-0
COCOC1=CC=CC=C1Br,1945542,COCOc1ccccc1Br,68314-54-5
NC1=C(Cl)C=CC(Br)=C1,2716274,Nc1cc(Br)ccc1Cl,60811-17-8
COC1=CC(C#N)=C(Br)C=C1,3245822,COc1ccc(Br)c(C#N)c1,138642-47-4
BrC1=CC=C(C=C1)N1CCCC1,132155,Brc1ccc(N2CCCC2)cc1,22090-26-2
BrC1=CC=C(C=C1)C1=C(C=CC=C1)N(=O)=O,1876362,O=[N+]([O-])c1ccccc1-c1ccc(Br)cc1,35450-34-1
OC(=O)C1=C(Br)C=C(F)C(F)=C1,1953962,O=C(O)c1cc(F)c(F)cc1Br,64695-84-7
NC(=NO)C1=CC=C(Br)C=C1,2328194,NC(=NO)c1ccc(Br)cc1,19227-14-6
BrC1=C(C=C(C#N)C#N)C=CC=C1,2613883,N#CC(C#N)=Cc1ccccc1Br,2698-42-2
COC(=O)C(C(=O)OC)C1=CC=C(Br)C=C1N(=O)=O,5877919,COC(=O)C(C(=O)OC)c1ccc(Br)cc1[N+](=O)[O-],100487-81-8
CC1=CC=C(C=C1)S(=O)(=O)N1CC1C1=CC=C(Br)C=C1,6519548,Cc1ccc(S(=O)(=O)N2CC2c2ccc(Br)cc2)cc1,97401-95-1
CC1=C(Br)C=C(F)C=C1N(=O)=O,7989475,Cc1c(Br)cc(F)cc1[N+](=O)[O-],502496-33-5
CCOC(=O)C1=CC=C(Br)C=C1F,10337507,CCOC(=O)c1ccc(Br)cc1F,474709-71-2
CC(C)(C)C1=CC(=CC2=CC=CC=C2Br)C=C(C1=O)C(C)(C)C,23934953,CC(C)(C)C1=CC(=Cc2ccccc2Br)C=C(C(C)(C)C)C1=O,0
FC(F)(F)C(=O)CC(=O)C1=CC=C(Br)C=C1,1971162,O=C(CC(=O)C(F)(F)F)c1ccc(Br)cc1,18931-61-8
CC1=C(C=C(Br)C=C1)C#N,3237363,Cc1ccc(Br)cc1C#N,156001-51-3
CC1=CC(Br)=CC(C(O)=O)=C1N,3530414,Cc1cc(Br)cc(C(=O)O)c1N,206548-13-2
BrC1=CC=C(C=C1)N(C1=CC=CC=C1)C1=CC2=C(C=CC=C2)C=C1,14423214,Brc1ccc(N(c2ccccc2)c2ccc3ccccc3c2)cc1,204065-88-3
OC(=O)CC1=CC(F)=C(Br)C=C1,15513953,O=C(O)Cc1ccc(Br)c(F)c1,942282-40-8
BrC1=CC=C(C=C1)N1CCCCC1,139510,Brc1ccc(N2CCCCC2)cc1,22148-20-5
NS(=O)(=O)C1=C(Br)C=CC=C1,3253041,NS(=O)(=O)c1ccccc1Br,92748-09-9
BrC1=CC=C(C=C1)C1=NC2=C(C=CC3=C2N=CC=C3)C=C1,6144866,Brc1ccc(-c2ccc3ccc4cccnc4c3n2)cc1,149054-39-7
CC1=CC(F)=C(Br)C=C1N(=O)=O,9902089,Cc1cc(F)c(Br)cc1[N+](=O)[O-],224185-19-7
FC(F)(F)C1=C(C=CC(Br)=C1)C#N,10066330,N#Cc1ccc(Br)cc1C(F)(F)F,191165-13-6
FC1=CC=C(Br)C2=CC=CC=C12,2085804,Fc1ccc(Br)c2ccccc12,341-41-3
CCCCCCCCC1=CC=C(Br)C=C1,2090950,CCCCCCCCc1ccc(Br)cc1,51554-93-9
COC(=O)C1=CC(Br)=C(C=C1)C(=O)OC,2375329,COC(=O)c1ccc(C(=O)OC)c(Br)c1,18643-86-2
FC1=CC=CC(=C1Br)N(=O)=O,2444964,O=[N+]([O-])c1cccc(F)c1Br,59255-94-6
BrC1=CC2=CC=C(I)C=C2C=C1,3237097,Brc1ccc2cc(I)ccc2c1,389806-32-0
BrC1=CC=C(C#N)C2=CC=CC=C12,3251836,N#Cc1ccc(Br)c2ccccc12,92616-49-4
BrC1=CC=C(C=C1)C(C1=CNC2=C1C=CC=C2)C1=CNC2=C1C=CC=C2,9423764,Brc1ccc(C(c2c[nH]c3ccccc23)c2c[nH]c3ccccc23)cc1,0
CC(C)(C)OC(=O)C1=C(F)C=C(Br)C=C1,14580596,CC(C)(C)OC(=O)c1ccc(Br)cc1F,889858-12-2
OC(=O)C1(CC1)C1=CC(Br)=CC=C1,15687266,O=C(O)C1(c2cccc(Br)c2)CC1,124276-95-5
BrC1=CC=C(C=C1)S(=O)(=O)N1CCOCC1,226383,O=S(=O)(c1ccc(Br)cc1)N1CCOCC1,834-67-3
CC1=C(Br)C=C(Cl)C=C1,1931712,Cc1ccc(Cl)cc1Br,27139-97-5
BrC1=CC=C(OCC=C)C=C1,1938608,C=CCOc1ccc(Br)cc1,25244-30-8
CCOC1=CC=CC=C1Br,2043678,CCOc1ccccc1Br,583-19-7
CC1=C(O)C=C(Br)C=C1,2516048,Cc1ccc(Br)cc1O,36138-76-8
COC1=C(Br)C=C(Cl)C=C1,3240478,COc1ccc(Cl)cc1Br,60633-25-2
OCC1=C(F)C=C(Br)C=C1F,10336983,OCc1c(F)cc(Br)cc1F,162744-59-4
OCC1=C(Br)C=CC(I)=C1,15533131,OCc1cc(I)ccc1Br,946525-30-0
CC1=CC(=C(Br)C=C1)C(F)(F)F,23808728,Cc1ccc(Br)c(C(F)(F)F)c1,261952-20-9
BrC1=CC(C=CC(=O)C2=CC=CC=C2)=CC=C1,1952539,O=C(C=Cc1cccc(Br)c1)c1ccccc1,29816-74-8
CC(C)(C)C1=CC(Br)=C(O)C(=C1)C(C)(C)C,2100150,CC(C)(C)c1cc(Br)c(O)c(C(C)(C)C)c1,20834-61-1
OC(=O)C1=C(Br)C=CC=C1F,2576486,O=C(O)c1c(F)cccc1Br,2252-37-1
NC1=CC(Br)=C(Cl)C=C1,2802566,Nc1ccc(Cl)c(Br)c1,823-54-1
COC1=C(Br)C=CC=C1N(=O)=O,3259535,COc1c(Br)cccc1[N+](=O)[O-],98775-19-0
CCOC(=O)C(=CNC1=CC=C(Br)C=C1)C(=O)OCC,3388926,CCOC(=O)C(=CNc1ccc(Br)cc1)C(=O)OCC,101937-44-4
FC(F)(F)OC1=CC(Br)=CC=C1C=O,8255680,O=Cc1ccc(Br)cc1OC(F)(F)F,220996-80-5
COC(=O)[C@@H]1C[C@@H](CN1C(=O)OC(C)(C)C)OS(=O)(=O)C1=CC=C(Br)C=C1,9284055,COC(=O)[C@@H]1C[C@H](OS(=O)(=O)c2ccc(Br)cc2)CN1C(=O)OC(C)(C)C,438452-29-0
BrC1=CC=CC(=C1)C1=CN2C=CC=CC2=N1,13905542,Brc1cccc(-c2cn3ccccc3n2)c1,0
ClC1=CC(=CC=C1Br)S(Cl)(=O)=O,18362014,O=S(=O)(Cl)c1ccc(Br)c(Cl)c1,874801-46-4
CC(C)(C)OC(=O)NC1(CCC1)C1=CC=C(Br)C=C1,18391434,CC(C)(C)OC(=O)NC1(c2ccc(Br)cc2)CCC1,1032350-06-3
CC1=NOC(=C1C(O)=O)C1=CC=C(Br)C=C1,793462,Cc1noc(-c2ccc(Br)cc2)c1C(=O)O,91182-60-4
COCC1=CC=C(Br)C=C1,2042070,COCc1ccc(Br)cc1,1515-88-4
COC(=O)C1=CC=C(C=C1Br)N(=O)=O,2582200,COC(=O)c1ccc([N+](=O)[O-])cc1Br,100959-22-6
CC1=CC(O)=CC(Br)=C1,3233753,Cc1cc(O)cc(Br)c1,74204-00-5
BrC1=CC=C(C=C1)C1=CC=CC(I)=C1,4308844,Brc1ccc(-c2cccc(I)c2)cc1,130201-21-7
BrC1=CC=C(C=C1)C1=CC(=CC(=C1)C1=CC=CC=C1)C1=CC=CC=C1,5962227,Brc1ccc(-c2cc(-c3ccccc3)cc(-c3ccccc3)c2)cc1,116941-52-7
FC1=CC=CC(Br)=C1N(=O)=O,9387146,O=[N+]([O-])c1c(F)cccc1Br,886762-70-5
FC1=C(C(Br)=CC=C1)C(F)(F)F,9902962,Fc1cccc(Br)c1C(F)(F)F,0
BrC1=CC=CC(=C1)C1=NC2=CC=CC=C2C(=N1)C1=CC=CC=C1,20865363,Brc1cccc(-c2nc(-c3ccccc3)c3ccccc3n2)c1,1149343-61-2
BrC1=C(C=CC=C1)C1=NC2=CC=CC=C2N1,173014,Brc1ccccc1-c1nc2ccccc2[nH]1,13275-42-8
NC1=C(Cl)C=C(Br)C=C1Cl,2089687,Nc1c(Cl)cc(Br)cc1Cl,697-88-1
FC(F)(F)C(=O)C1=CC=CC(Br)=C1,2329910,O=C(c1cccc(Br)c1)C(F)(F)F,655-26-5
COC1=CC(Br)=C(C=C1)C(C)=O,3244927,COc1ccc(C(C)=O)c(Br)c1,89691-67-8
C\C(=N/[S@](=O)C(C)(C)C)C1=CC(Br)=CC=C1F,21529595,C/C(=N\[S@](=O)C(C)(C)C)c1cc(Br)ccc1F,0
BrC1=CC=C(C=C1)C(=C)C1=CC=CC=C1,1944067,C=C(c1ccccc1)c1ccc(Br)cc1,4333-76-0
CCOC(=O)C(=CC1=CC=C(Br)C=C1)C#N,2619379,CCOC(=O)C(C#N)=Cc1ccc(Br)cc1,0
CC(C)C1=CC(Br)=C(N)C=C1,2638470,CC(C)c1ccc(N)c(Br)c1,51605-97-1
CNC1=C(C=C(Br)C=C1)N(=O)=O,2834527,CNc1ccc(Br)cc1[N+](=O)[O-],53484-26-7
CN(C)\C=C\C(=O)C1=CC=C(Br)C=C1,4664362,CN(C)/C=C/C(=O)c1ccc(Br)cc1,73387-60-7
BrC1=CC=CC=C1CN=N#N,4861462,[N-]=[N+]=NCc1ccccc1Br,126799-87-9
CC(C)(C)[Si](C)(C)OCC1=CC(Br)=CC=C1,7635182,CC(C)(C)[Si](C)(C)OCc1cccc(Br)c1,103978-12-7
OCC1=C(F)C=C(Br)C=C1,7757667,OCc1ccc(Br)cc1F,188582-62-9
COC1=CC2=C(C=C1O)N=CN=C2NC1=CC=C(Br)C=C1F,8570016,COc1cc2c(Nc3ccc(Br)cc3F)ncnc2cc1O,196603-96-0
ClC1=CC=CC(Br)=C1I,9119447,Clc1cccc(Br)c1I,450412-28-9
BrC1=CC=C(C=C1)C1CCNCC1,10249540,Brc1ccc(C2CCNCC2)cc1,80980-89-8
FC1=C(C#N)C(Cl)=CC=C1Br,11450481,N#Cc1c(Cl)ccc(Br)c1F,0
OC(=O)C1=CC=C(Br)C=C1C(O)=O,1959086,O=C(O)c1ccc(Br)cc1C(=O)O,6968-28-1
CCOC(=O)C(C)(C)C1=CC=C(Br)C=C1,1964294,CCOC(=O)C(C)(C)c1ccc(Br)cc1,32454-36-7
COC1=CC(C=O)=CC(OC)=C1Br,2052354,COc1cc(C=O)cc(OC)c1Br,31558-40-4
FC(F)(F)C1=CC(=C(Br)C=C1)N(=O)=O,2417762,O=[N+]([O-])c1cc(C(F)(F)F)ccc1Br,349-03-1
BrC1=CC=CC=C1CC=O,3537563,O=CCc1ccccc1Br,96557-30-1
CC(O)(C1=CC=C(Br)C=C1)C(F)(F)F,3650400,CC(O)(c1ccc(Br)cc1)C(F)(F)F,122243-28-1
CN(C)C=CC(=O)C1=CC=C(Br)C=C1,4664361,CN(C)C=CC(=O)c1ccc(Br)cc1,73387-60-7
BrC1=CC=C(CN2C=C(N=N2)C2=CC=CC=C2)C=C1,5047420,Brc1ccc(Cn2cc(-c3ccccc3)nn2)cc1,126800-09-7
CC1=C(Br)C=CC(=C1)C1=NOC(C1)(C1=CC(Cl)=CC(Cl)=C1)C(F)(F)F,12741764,Cc1cc(C2=NOC(c3cc(Cl)cc(Cl)c3)(C(F)(F)F)C2)ccc1Br,0
COC(=O)CC1=CC=C(Br)C=C1F,14292872,COC(=O)Cc1ccc(Br)cc1F,193290-19-6
FC(F)OC1=C(Br)C=C(Cl)C=C1,21178458,FC(F)Oc1ccc(Cl)cc1Br,1214348-81-8
CCOC(=O)CC1=C(Br)C=CC=C1,1953762,CCOC(=O)Cc1ccccc1Br,2178-24-7
OC(=O)C1=CC(Br)=C(Cl)C=C1,2438796,O=C(O)c1ccc(Cl)c(Br)c1,42860-10-6
CCOC(OCC)C1=CC=C(Br)C=C1,2448775,CCOC(OCC)c1ccc(Br)cc1,34421-94-8
COC(=O)C1=C(Br)C=C(OC)C=C1,3089937,COC(=O)c1ccc(OC)cc1Br,17100-65-1
CNCC1=CC(Br)=CC=C1,3235528,CNCc1cccc(Br)c1,67344-77-8
COC1=CC(N)=C(C=C1Br)C(O)=O,3269168,COc1cc(N)c(C(=O)O)cc1Br,169045-04-9
CC1=CC(Br)=CC(C)=C1I,9043577,Cc1cc(Br)cc(C)c1I,206559-43-5
CON(C)C(=O)C1=CC=C(Br)C(F)=C1,9552094,CON(C)C(=O)c1ccc(Br)c(F)c1,343564-56-7
COCOCC1=CC(OC)=CC=C1Br,9903614,COCOCc1cc(OC)ccc1Br,848483-68-1
OC(=O)C1=CC(I)=CC=C1Br,14260267,O=C(O)c1cc(I)ccc1Br,25252-00-0
BrC1=CC=C(C=C1)C(=O)NC1=C(NC2=CC=CC=C2)C=CC=C1,14489880,O=C(Nc1ccccc1Nc1ccccc1)c1ccc(Br)cc1,359427-13-7
FC(F)(F)C1=CC(Br)=C(Cl)C=C1,1638470,FC(F)(F)c1ccc(Cl)c(Br)c1,454-78-4
ONC1=CC=C(Br)C=C1,2638140,ONc1ccc(Br)cc1,10468-46-9
OC1=C(Br)C=C(C=C1)C(F)(F)F,7702274,Oc1ccc(C(F)(F)F)cc1Br,81107-97-3
CC1=CC(I)=CC(C)=C1Br,10062153,Cc1cc(I)cc(C)c1Br,689260-53-5
COC(=O)C1=CC=CC(Br)=C1F,11253225,COC(=O)c1cccc(Br)c1F,206551-41-9
CCOC(=O)C(F)(F)C1=CC=C(Br)C=C1,11526145,CCOC(=O)C(F)(F)c1ccc(Br)cc1,0
COC(=O)C12CCC(CC1)(CC2)C1=CC=C(Br)C=C1,20733775,COC(=O)C12CCC(c3ccc(Br)cc3)(CC1)CC2,1246852-75-4
BrC1=CC=C(C=C1)C1=NC(=CC(=C1)C1=CC=CC=C1)C1=CC=CC=C1,254201,Brc1ccc(-c2cc(-c3ccccc3)cc(-c3ccccc3)n2)cc1,3557-70-8
CCOC(=O)C1=C(C)NC(C)=C(C1C1=CC=C(Br)C=C1)C(=O)OCC,494808,CCOC(=O)C1=C(C)NC(C)=C(C(=O)OCC)C1c1ccc(Br)cc1,58029-72-4
CS(=O)C1=CC=CC(Br)=C1,2041790,CS(=O)c1cccc(Br)c1,29959-92-0
CC1=CC(N)=CC(C)=C1Br,2082787,Cc1cc(N)cc(C)c1Br,59557-90-3
COC1=CC=CC(N)=C1Br,2829643,COc1cccc(N)c1Br,112970-44-2
OC1=C(Br)C(F)=CC=C1,3237401,Oc1cccc(F)c1Br,443-81-2
CC(=O)C1=C(O)C(Br)=C(C)C(Cl)=C1,9482115,CC(=O)c1cc(Cl)c(C)c(Br)c1O,0
BrC1=CC=C(C=C1)N1C=CN=C1,510127,Brc1ccc(-n2ccnc2)cc1,10040-96-7
BrC1=CC=C(C=C1)C1C2=C(OC3=C1C1=C(C=CC=C1)C=C3)C=CC1=C2C=CC=C1,1328142,Brc1ccc(C2c3c(ccc4ccccc34)Oc3ccc4ccccc4c32)cc1,37097-11-3
ClC1=CC=C(Cl)C(Br)=C1,1934815,Clc1ccc(Cl)c(Br)c1,1435-50-3
FC(F)(F)OC1=C(Br)C=CC=C1,1947768,FC(F)(F)Oc1ccccc1Br,64115-88-4
OCCCC1=C(Br)C=CC=C1,2438828,OCCCc1ccccc1Br,52221-92-8
BrC1=CC=CC=C1NC(=O)C1=CC=CC=C1,2724791,O=C(Nc1ccccc1Br)c1ccccc1,70787-27-8
O[C@H](C1=CC=C(Br)C=C1)C(F)(F)F,5737258,O[C@H](c1ccc(Br)cc1)C(F)(F)F,80418-12-8
COCOCC1=CC(=CC=C1Br)C#N,10661182,COCOCc1cc(C#N)ccc1Br,905710-72-7
COC(=O)C1(CC1)C1=CC=C(Br)C=C1,14248435,COC(=O)C1(c2ccc(Br)cc2)CC1,638220-35-6
BrC1=CC=C(C=C1)C1=NC(=NC(=N1)C1=CC=CC=C1)C1=CC=C(C=C1)C1=CC=CC=C1,30233786,Brc1ccc(-c2nc(-c3ccccc3)nc(-c3ccc(-c4ccccc4)cc3)n2)cc1,0
OCC#CC1=CC=C(Br)C=C1,1936578,OCC#Cc1ccc(Br)cc1,37614-58-7
NC1=CC=CC(Br)=C1C#N,3539294,N#Cc1c(N)cccc1Br,77326-62-6
CCN(CC)C(=O)C1=CC=C(Br)C=C1,4398998,CCN(CC)C(=O)c1ccc(Br)cc1,5892-99-9
NC1=CC2=C(NC3=CC(Br)=CC=C3)N=CN=C2C=C1,7378908,Nc1ccc2ncnc(Nc3cccc(Br)c3)c2c1,169205-78-1
CC(C)(C)OC(=O)NCC1=C(Br)C=CC=C1,7922468,CC(C)(C)OC(=O)NCc1ccccc1Br,162356-90-3
COC1=CC(Br)=C(I)C=C1,10061620,COc1ccc(I)c(Br)c1,466639-53-2
COC(=O)C1=CC(Br)=CC(=C1)C(F)(F)F,13576211,COC(=O)c1cc(Br)cc(C(F)(F)F)c1,0
CC(=O)C1=CC2=C(C=C1)C=C(Br)C=C2,2046447,CC(=O)c1ccc2cc(Br)ccc2c1,1590-25-6
OC(=O)C1=CC2=CC=CC(Br)=C2C=C1,2094265,O=C(O)c1ccc2c(Br)cccc2c1,1013-83-8
COC1=CC=C(C=C1)C(=O)C1=CC=C(Br)C=C1,2108633,COc1ccc(C(=O)c2ccc(Br)cc2)cc1,54118-75-1
FC(F)OC1=CC=C(Br)C=C1,2521410,FC(F)Oc1ccc(Br)cc1,5905-69-1
ClC1=C(C=CC=C1)C1=C(Br)C=CC=C1,3252129,Clc1ccccc1-c1ccccc1Br,107208-70-8
COC(=O)CCC1=CC=C(Br)C=C1,3257776,COC(=O)CCc1ccc(Br)cc1,75567-84-9
BrC1=CC=C(C=C1)C(=O)N1CCOCC1,3545996,O=C(c1ccc(Br)cc1)N1CCOCC1,127580-92-1
COC1=C(F)C=CC(Br)=C1,9694842,COc1cc(Br)ccc1F,103291-07-2
CC1(OCCO1)C1=CC=C(Br)C=C1,147667,CC1(c2ccc(Br)cc2)OCCO1,4360-68-3
BrC1=CC=C(OCCN2CCCC2)C=C1,1372126,Brc1ccc(OCCN2CCCC2)cc1,1081-73-8
COC1=CC=C(CC(O)=O)C=C1Br,2107535,COc1ccc(CC(=O)O)cc1Br,774-81-2
BrC1=CC=C(C=C(C2=CC=CC=C2)C2=CC=CC=C2)C=C1,2273153,Brc1ccc(C=C(c2ccccc2)c2ccccc2)cc1,18648-66-3
OC(=O)C1=CC(O)=C(Br)C(O)=C1,2368265,O=C(O)c1cc(O)c(Br)c(O)c1,16534-12-6
BrC1=CC2=CC=CC=C2C=C1N(=O)=O,2558527,O=[N+]([O-])c1cc2ccccc2cc1Br,67116-33-0
OC(=O)C(=O)C1=CC(Br)=CC=C1,2690904,O=C(O)C(=O)c1cccc(Br)c1,7194-78-7
CCC1=C(N)C=CC(Br)=C1,2802710,CCc1cc(Br)ccc1N,45762-41-2
CCOC(=O)\C=C\C1=CC(Br)=CC=C1,5929571,CCOC(=O)/C=C/c1cccc(Br)c1,59114-88-4
BrC1=CC(=CC=C1)C1=CN=CC=C1,8403754,Brc1cccc(-c2cccnc2)c1,4422-32-6
BrC1=CC(=CC(=C1)C1=CC=CN=C1)C1=CC=CN=C1,23036148,Brc1cc(-c2cccnc2)cc(-c2cccnc2)c1,1030380-36-9
CNC1=CC=C(Br)C=C1N,607652,CNc1ccc(Br)cc1N,69038-76-2
ClC1=CC(Br)=CC(I)=C1,2242460,Clc1cc(Br)cc(I)c1,13101-40-1
CC1=CC(N)=CC(Br)=C1,2827908,Cc1cc(N)cc(Br)c1,74586-53-1
CC1=CC=C(Br)C=C1CO,14005550,Cc1ccc(Br)cc1CO,258886-04-3
BrC1=CC=CC(=C1)C1=CC=C2OC3=C(C=CC=C3)C2=C1,20081441,Brc1cccc(-c2ccc3oc4ccccc4c3c2)c1,1084334-27-9
COC1=C(Br)C=C(C(F)=C1)N(=O)=O,22233076,COc1cc(F)c([N+](=O)[O-])cc1Br,935288-20-3
CCN(C1CCOCC1)C1=CC(Br)=CC(C(O)=O)=C1C,22917652,CCN(c1cc(Br)cc(C(=O)O)c1C)C1CCOCC1,1403257-81-7
COC1=CC(CC2=C(N)N=C(N)N=C2)=CC(OC)=C1Br,760113,COc1cc(Cc2cnc(N)nc2N)cc(OC)c1Br,56518-41-3
COC1=C(Cl)C=C(Br)C=C1,3047282,COc1ccc(Br)cc1Cl,50638-47-6
COC(=O)C1=C(Br)C=CC=C1Cl,3251875,COC(=O)c1c(Cl)cccc1Br,685892-23-3
FC(F)(F)C(=C)C1=CC=C(Br)C=C1,4861683,C=C(c1ccc(Br)cc1)C(F)(F)F,136476-20-5
COC(=O)[C@H](CC1=CC=C(Br)C=C1)NC(=O)OC(C)(C)C,9337160,COC(=O)[C@H](Cc1ccc(Br)cc1)NC(=O)OC(C)(C)C,266306-18-7
CC(C)(C)OC(=O)NC(C)(C)C1=CC=C(Br)C=C1,11010947,CC(C)(C)OC(=O)NC(C)(C)c1ccc(Br)cc1,214973-83-8
COC1=C(Br)C=CC(=C1)C#N,14305316,COc1cc(C#N)ccc1Br,120315-65-3
CN(C)CCOC1=CC(Br)=CC(F)=C1,28391430,CN(C)CCOc1cc(F)cc(Br)c1,0
BrC1=CC=CC(=C1)C1=NC(=NC(=N1)C1=CC=CC=C1)C1=CC=C(C=C1)C1=CC=CC=C1,31548454,Brc1cccc(-c2nc(-c3ccccc3)nc(-c3ccc(-c4ccccc4)cc3)n2)c1,0
BrC1=CC=CC(=C1)C1=NC2=CC=CC=C2C=C1,160448,Brc1cccc(-c2ccc3ccccc3n2)c1,108062-54-0
BrC1=CC=C(C=C1)C1=NCCC1,1239635,Brc1ccc(C2=NCCC2)cc1,22217-79-4
BrC1=CC=C(C=C2C(=O)C3=C(C=CC=C3)C2=O)C=C1,1880167,O=C1C(=Cc2ccc(Br)cc2)C(=O)c2ccccc21,961-20-6
OC(=O)\C=C\C1=C(Br)C=CC=C1,2084339,O=C(O)/C=C/c1ccccc1Br,7345-79-1
CC1=CC(C)=C(C)C(Br)=C1C,2207158,Cc1cc(C)c(C)c(Br)c1C,1646-53-3
SCC1=CC=C(Br)C=C1,2242521,SCc1ccc(Br)cc1,19552-10-4
OC(=O)C1=C(Br)C=CC(=C1)C(F)(F)F,2332195,O=C(O)c1cc(C(F)(F)F)ccc1Br,1483-56-3
COC1=CC(=CC(Br)=C1)C(O)=O,3244544,COc1cc(Br)cc(C(=O)O)c1,157893-14-6
CCCCCCCCOC1=CC=C(Br)C=C1,3606434,CCCCCCCCOc1ccc(Br)cc1,96693-05-9
CC[C@@H](O)C1=CC=C(Br)C=C1,4350770,CC[C@@H](O)c1ccc(Br)cc1,0
FC1=C(C=C(Br)C=C1)S(Cl)(=O)=O,8901246,O=S(=O)(Cl)c1cc(Br)ccc1F,0
COC(=O)C1=CC(Br)=CC(C)=C1N,8977996,COC(=O)c1cc(Br)cc(C)c1N,206548-14-3
FC(F)(F)OC1=CC(Br)=CC=C1S(Cl)(=O)=O,10071668,O=S(=O)(Cl)c1ccc(Br)cc1OC(F)(F)F,0
CC1=C(Br)C=CC(F)=C1N(=O)=O,20289161,Cc1c(Br)ccc(F)c1[N+](=O)[O-],1227210-35-6
CC1=CC=C2C=C(Br)C=CC2=C1,1932172,Cc1ccc2cc(Br)ccc2c1,37796-78-4
BrC1=C(CC2=CC=CC=C2)C=CC=C1,2089160,Brc1ccccc1Cc1ccccc1,23450-18-2
OC(=O)C1=CC=C(Br)C(O)=C1,2207865,O=C(O)c1ccc(Br)c(O)c1,14348-38-0
ClC1=CC=C(CBr)C(Br)=C1,2208223,Clc1ccc(CBr)c(Br)c1,33924-45-7
OC(=O)C1=CC=C(C=C1Br)N(=O)=O,2269814,O=C(O)c1ccc([N+](=O)[O-])cc1Br,16426-64-5
CC1=C2C(Br)=CC=CC2=CC=C1,2554364,Cc1cccc2cccc(Br)c12,33295-37-3
CC1=CC=C(Br)C(I)=C1,3125632,Cc1ccc(Br)c(I)c1,0
[H][C@]1(CCCN1C(=O)OC(C)(C)C)C(=O)OCC(=O)C1=CC=C(Br)C=C1,3566671,CC(C)(C)OC(=O)N1CCC[C@H]1C(=O)OCC(=O)c1ccc(Br)cc1,128120-93-4
CC[C@H](O)C1=CC=C(Br)C=C1,4350771,CC[C@H](O)c1ccc(Br)cc1,0
CC1=CC=C(C=C1)S(=O)(=O)NN=CC1=CC=C(Br)C=C1,5071227,Cc1ccc(S(=O)(=O)NN=Cc2ccc(Br)cc2)cc1,19350-68-6
FC(F)(F)C1=CC=C(I)C(Br)=C1,9122856,FC(F)(F)c1ccc(I)c(Br)c1,481075-58-5
NC1=CC(F)=C(Br)C(F)=C1,11412582,Nc1cc(F)c(Br)c(F)c1,203302-95-8
CN1C=NC2=C(F)C(NC3=CC=C(Br)C=C3Cl)=C(C=C12)C(O)=O,11788594,Cn1cnc2c(F)c(Nc3ccc(Br)cc3Cl)c(C(=O)O)cc21,606144-04-1
OCC1=CC(OC2=CC=C(C=C2)C#N)=CC=C1Br,15036412,N#Cc1ccc(Oc2ccc(Br)c(CO)c2)cc1,906673-45-8
BrC1=C(C=CC=C1)C1=C2OC3=C(C=CC=C3)C2=CC=C1,22695060,Brc1ccccc1-c1cccc2c1oc1ccccc12,1376933-74-2
BrC1=CC=C(C=C1)N1CCCC1=O,155547,O=C1CCCN1c1ccc(Br)cc1,7661-32-7
CC1=CC=C(Cl)C(Br)=C1,1635266,Cc1ccc(Cl)c(Br)c1,57310-39-1
COC1=CC=C(C=O)C(Br)=C1OC,1961252,COc1ccc(C=O)c(Br)c1OC,55171-60-3
CC(=O)OCC1=CC=C(Br)C=C1,2256100,CC(=O)OCc1ccc(Br)cc1,21388-92-1
CC1=CC=CC(F)=C1Br,2433657,Cc1cccc(F)c1Br,59907-13-0
ClC1=C2C(Br)=CC=CC2=CC=C1,2555184,Clc1cccc2cccc(Br)c12,20816-79-9
ClC1=C(Br)C=C(C=O)C=C1,3234459,O=Cc1ccc(Cl)c(Br)c1,86265-88-5
FC1=CC(F)=C(Br)C=C1N(=O)=O,3270242,O=[N+]([O-])c1cc(Br)c(F)cc1F,345-24-4
COC1=C(C=O)C(F)=CC(Br)=C1,9996222,COc1cc(Br)cc(F)c1C=O,0
FC(F)(F)C1=CC(Br)=CC=C1S(Cl)(=O)=O,10664616,O=S(=O)(Cl)c1ccc(Br)cc1C(F)(F)F,0
CC1=CC(=CC(Br)=C1)C(F)(F)F,15198619,Cc1cc(Br)cc(C(F)(F)F)c1,86845-28-5
COC(=O)C(=O)C=CC1=CC=C(Br)C=C1,18853487,COC(=O)C(=O)C=Cc1ccc(Br)cc1,104093-34-7
COC1=CC=C(C=C1Br)C(C)=O,2043982,COc1ccc(C(C)=O)cc1Br,35310-75-9
FC1=C(F)C(=C(F)C(F)=C1Br)C(F)(F)F,2057074,Fc1c(F)c(C(F)(F)F)c(F)c(F)c1Br,17823-46-0
CC1=CC(C)=C(Br)C=C1C,2077586,Cc1cc(C)c(Br)cc1C,5469-19-2
CC1=CC=C(I)C=C1Br,2500155,Cc1ccc(I)cc1Br,26670-89-3
COC(=O)CC1=CC(Br)=C(OC)C=C1,2649452,COC(=O)Cc1ccc(OC)c(Br)c1,19626-36-9
BrC1=CC=CC=C1NCC1=CC=CC=C1,2834852,Brc1ccccc1NCc1ccccc1,71687-81-5
CC1=CC(=CC(Br)=C1)C(O)=O,3237542,Cc1cc(Br)cc(C(=O)O)c1,58530-13-5
OC1=C(Cl)C(Br)=CC=C1,3237888,Oc1cccc(Br)c1Cl,863870-87-5
BrC1=CC=C(C=O)C2=CC=CC=C12,3241223,O=Cc1ccc(Br)c2ccccc12,50672-84-9
COC1=C(C=CC(Br)=C1)C(C)=O,4976038,COc1cc(Br)ccc1C(C)=O,89368-12-7
COC(=O)C1=CC(N)=CC(Br)=C1,9322808,COC(=O)c1cc(N)cc(Br)c1,706791-83-5
CC1(C)CC(=O)C=C(C1)NC1=CC=C(Br)C=C1,10345969,CC1(C)CC(=O)C=C(Nc2ccc(Br)cc2)C1,106518-84-7
COC1=C(C=CC(Br)=C1)C#N,11403576,COc1cc(Br)ccc1C#N,330793-38-9
CC(C)(C)[Si](C)(C)OC1=CC=C(Br)C(CO)=C1,15036380,CC(C)(C)[Si](C)(C)Oc1ccc(Br)c(CO)c1,906673-48-1
BrC1=CC=C(C=C1)C1=NC2=CC=CC=C2N=C1,745905,Brc1ccc(-c2cnc3ccccc3n2)cc1,5021-45-4
COC1=CC(=CC(Br)=C1)N(=O)=O,1947332,COc1cc(Br)cc([N+](=O)[O-])c1,16618-67-0
FC1=CC=C(Br)C(=C1)N(=O)=O,2364227,O=[N+]([O-])c1cc(F)ccc1Br,446-09-3
CC(C)(C#N)C1=CC=CC(Br)=C1,4387204,CC(C)(C#N)c1cccc(Br)c1,90433-20-8
COC(=O)C1=C(F)C=CC(Br)=C1,10530120,COC(=O)c1cc(Br)ccc1F,57381-59-6
BrC1=CC=C(C=C1)C1=C(N=C2C=CC=CC2=N1)C1=CC=CC=C1,18948851,Brc1ccc(-c2nc3ccccc3nc2-c2ccccc2)cc1,354771-48-5
COC(=O)N[C@@H](C(C)C)C(=O)N1CCC[C@H]1C1=NC=C(N1)C1=CC=C(Br)C=C1,21224977,COC(=O)N[C@H](C(=O)N1CCC[C@H]1c1ncc(-c2ccc(Br)cc2)[nH]1)C(C)C,1228552-27-9
BrC1=CC=C(CN2CCOCC2)C=C1,156283,Brc1ccc(CN2CCOCC2)cc1,132833-51-3
[H]C(=O)C1=CC=C(C=C1)C1=CC=C(Br)C=C1,2093200,O=Cc1ccc(-c2ccc(Br)cc2)cc1,50670-58-1
OC1=C(Br)C=CC(=C1)N(=O)=O,2253108,O=[N+]([O-])c1ccc(Br)c(O)c1,52427-05-1
CC1=CC=CC(C=O)=C1Br,2612550,Cc1cccc(C=O)c1Br,109179-31-9
COC(OC)C1=CC=CC=C1Br,2615180,COC(OC)c1ccccc1Br,35849-09-3
COC(=O)C1=CC(=C(Br)C=C1)N(=O)=O,2618740,COC(=O)c1ccc(Br)c([N+](=O)[O-])c1,2363-16-8
NC1=C(NC2=CC=C(Br)C=C2)C=CC=C1,2970883,Nc1ccccc1Nc1ccc(Br)cc1,100953-52-4
BrC1=CC(=CC=C1)P(=O)(C1=CC=CC=C1)C1=CC=CC=C1,3097199,O=P(c1ccccc1)(c1ccccc1)c1cccc(Br)c1,10212-04-1
FC1=CC=C(Br)C=C1C(Cl)=O,10531612,O=C(Cl)c1cc(Br)ccc1F,773140-42-4
CC(F)(F)C1=CC=C(Br)C=C1,15595823,CC(F)(F)c1ccc(Br)cc1,1000994-95-5
COC1=C(C=C(Cl)C(C)=C1Br)C(C)=O,22585079,COc1c(C(C)=O)cc(Cl)c(C)c1Br,1382994-99-1
BrC1=CC=C(C=C1)N1C=CC=N1,607775,Brc1ccc(-n2cccn2)cc1,13788-92-6
NNC(=S)NC1=CC=C(Br)C=C1,880303,NNC(=S)Nc1ccc(Br)cc1,2646-31-3
CCSC1=CC=C(Br)C=C1,2354970,CCSc1ccc(Br)cc1,30506-30-0
CC#CC1=CC=C(Br)C=C1,2515648,CC#Cc1ccc(Br)cc1,23773-30-0
COC1=CC(C(C)C)=C(Br)C=C1,2518070,COc1ccc(Br)c(C(C)C)c1,34881-45-3
CCCOC1=CC=C(Br)C=C1,2638600,CCCOc1ccc(Br)cc1,39969-56-7
OC(=O)C1=CC(Br)=C(O)C=C1O,2967526,O=C(O)c1cc(Br)c(O)cc1O,7355-22-8
OC1=CC(Br)=CC(=C1)N(=O)=O,3048139,O=[N+]([O-])c1cc(O)cc(Br)c1,116632-23-6
ClC(=O)C1=CC2=C(C=C1)C=C(Br)C=C2,4398514,O=C(Cl)c1ccc2cc(Br)ccc2c1,87700-60-5
CCC1=NC2=C(C=CC=C2)N1C1=CC=C(Br)C=C1,7093828,CCc1nc2ccccc2n1-c1ccc(Br)cc1,0
COC1=C(OCC2CCNCC2)C=C2N=CN=C(NC3=CC=C(Br)C=C3F)C2=C1,9161956,COc1cc2c(Nc3ccc(Br)cc3F)ncnc2cc1OCC1CCNCC1,338992-12-4
BrC1=CC(C=O)=C(I)C=C1,14239407,O=Cc1cc(Br)ccc1I,689291-89-2
NC1=C(N)C(F)=CC(Br)=C1,19385295,Nc1cc(Br)cc(F)c1N,517920-69-3
CC1=C(COC2=CC(O)=C(C=O)C=C2Cl)C=CC=C1Br,31223836,Cc1c(Br)cccc1COc1cc(O)c(C=O)cc1Cl,0
OC(=O)C1=CC(=C(Br)C=C1)N(=O)=O,2051369,O=C(O)c1ccc(Br)c([N+](=O)[O-])c1,6319-40-0
COC1=CC=C(Br)C(=C1)C(C)=O,2088475,COc1ccc(Br)c(C(C)=O)c1,6342-63-8
COC1=CC(Br)=C(C=C1)C(O)=O,2641692,COc1ccc(C(=O)O)c(Br)c1,74317-85-4
NC1=C(Br)C=C(C=C1C#N)N(=O)=O,2730107,N#Cc1cc([N+](=O)[O-])cc(Br)c1N,17601-94-4
COC1=C(Br)C=CC(C=O)=C1,3243004,COc1cc(C=O)ccc1Br,43192-34-3
BrC1=CC(I)=C(C=C1)N(=O)=O,3253382,O=[N+]([O-])c1ccc(Br)cc1I,343864-78-8
NCCNC1=NON=C1C1=NOC(=O)N1C1=CC(Br)=C(F)C=C1,19867633,NCCNc1nonc1-c1noc(=O)n1-c1ccc(F)c(Br)c1,0
COC1=C(C=C(Cl)C(C)=C1Br)C(C)O,22585080,COc1c(C(C)O)cc(Cl)c(C)c1Br,1382996-38-4
NC1=CC(Br)=C(OC2=C(F)C=C(F)C=C2)C=C1,24599151,Nc1ccc(Oc2ccc(F)cc2F)c(Br)c1,0
CC1=CC(Br)=C(Cl)C(Cl)=C1,37179600,Cc1cc(Cl)c(Cl)c(Br)c1,0
OC1=C(C=O)C=C(Br)C=C1N(=O)=O,1966049,O=Cc1cc(Br)cc([N+](=O)[O-])c1O,16634-88-1
OC(C1=CC=CC=C1)C1=CC=CC=C1Br,2368615,OC(c1ccccc1)c1ccccc1Br,59142-47-1
FC1=C(Cl)C=C(Br)C=C1Cl,2441750,Fc1c(Cl)cc(Br)cc1Cl,17318-08-0
BrC1=CC=CC=C1C1=C(C=CC=C1)N(=O)=O,2560070,O=[N+]([O-])c1ccccc1-c1ccccc1Br,17613-47-7
CC(C)(N)C1=CC=C(Br)C=C1,2638177,CC(C)(N)c1ccc(Br)cc1,17797-12-5
COC(=O)C1=CC(N)=CC=C1Br,2964145,COC(=O)c1cc(N)ccc1Br,6942-37-6
OC1=CC(Br)=C(C=O)C=C1,3088433,O=Cc1ccc(O)cc1Br,22532-60-1
COC1=C(C=CC(Br)=C1)N(=O)=O,3530534,COc1cc(Br)ccc1[N+](=O)[O-],103966-66-1
OC(=O)C1(CCC1)C1=CC=C(Br)C=C1,13815800,O=C(O)C1(c2ccc(Br)cc2)CCC1,0
FC(F)(F)C(=O)NCCC1=CC=CC(Br)=C1,14349697,O=C(NCCc1cccc(Br)c1)C(F)(F)F,215797-81-2
CC1=C(N)C=CC(Br)=C1F,20361980,Cc1c(N)ccc(Br)c1F,127408-03-1
CCS(=O)(=O)C1=CC=C(F)C(Br)=C1,24599226,CCS(=O)(=O)c1ccc(F)c(Br)c1,0
COC(=O)C=CC1=CC=C(Br)C=C1,1282698,COC(=O)C=Cc1ccc(Br)cc1,0
CC1=C(Br)C=C(C=C1)C(C)(C)C,1860307,Cc1ccc(C(C)(C)C)cc1Br,61024-94-0
BrC1=CC=C(C=C1)C(=O)CN=N#N,2211978,[N-]=[N+]=NCC(=O)c1ccc(Br)cc1,71559-14-3
COC1=CC(=CC=C1Br)S(C)(=O)=O,2557919,COc1cc(S(C)(=O)=O)ccc1Br,90531-98-9
CC(=O)NC1=CC=C(C)C=C1Br,2691019,CC(=O)Nc1ccc(C)cc1Br,614-83-5
COC(=O)C1=CC=C(Br)C(N)=C1,2965687,COC(=O)c1ccc(Br)c(N)c1,46064-79-3
COC(=O)C1=C(OC)C=CC(Br)=C1,3048856,COC(=O)c1cc(Br)ccc1OC,7120-41-4
FC1=CC=C(Br)C(F)=C1F,7805451,Fc1ccc(Br)c(F)c1F,176317-02-5
COC(=O)C(=[N]#N)C1=CC(Br)=CC=C1,8544011,COC(=O)C(=[N+]=[N-])c1cccc(Br)c1,264882-03-3
CC(C)(C)OC(=O)N1CCCC1C1=CC=C(Br)C=C1,14126278,CC(C)(C)OC(=O)N1CCCC1c1ccc(Br)cc1,943750-38-7
CCOC(=O)C1=C(Cl)C=C(Br)C=C1,14212291,CCOC(=O)c1ccc(Br)cc1Cl,76008-74-7
FC1=CC(Br)=CC(F)=C1CBr,14292875,Fc1cc(Br)cc(F)c1CBr,162744-60-7
BrC1=CC=C(C=C1)C1=NN=C(N1C1=CC=CC=C1)C1=CC=CC=C1,18525107,Brc1ccc(-c2nnc(-c3ccccc3)n2-c2ccccc2)cc1,332848-71-2
NC1=CC=C(Br)C=C1C(=O)C1=CC=CC=N1,476796,Nc1ccc(Br)cc1C(=O)c1ccccn1,1563-56-0
BrCC1=CC=CC(CBr)=C1Br,1565622,BrCc1cccc(CBr)c1Br,25006-88-6
ON=CC1=CC(Br)=CC=C1,2077993,ON=Cc1cccc(Br)c1,0
OC(=O)CC1=C(Br)C=C(F)C=C1,2093118,O=C(O)Cc1ccc(F)cc1Br,61150-59-2
BrC1=CC=C(C=C1)C(=O)CCC1=CC=CC=C1,2110969,O=C(CCc1ccccc1)c1ccc(Br)cc1,1669-51-8
BrC1=CC=C2C3=CC=CC4=CC=CC(C5=C2C1=CC=C5)=C34,2128820,Brc1ccc2c3cccc4cccc(c5cccc1c52)c43,23683-68-3
CC(=O)C1=CC=C(C)C(Br)=C1,2206040,CC(=O)c1ccc(C)c(Br)c1,40180-80-1
OC1=CC(Br)=C(Cl)C=C1,2245134,Oc1ccc(Cl)c(Br)c1,13659-24-0
CC1=CC(OCC2=CC=CC=C2)=CC=C1Br,2269692,Cc1cc(OCc2ccccc2)ccc1Br,17671-75-9
BrC1=C(C=CC=C1)C(=O)NC1=CC=CC=C1,2805994,O=C(Nc1ccccc1)c1ccccc1Br,10282-57-2
ClC1=CC(=CC(Br)=C1)C1=CC=CC=C1,3244986,Clc1cc(Br)cc(-c2ccccc2)c1,126866-35-1
CCOC(=O)C1=CC(Br)=C(N)C=C1,3258274,CCOC(=O)c1ccc(N)c(Br)c1,7149-03-3
CC1=C(C)C(C)=C(Br)C(C)=C1C,1863555,Cc1c(C)c(C)c(Br)c(C)c1C,5153-40-2
CCCC1=CC=CC(Br)=C1,1929706,CCCc1cccc(Br)c1,19829-32-4
FC(F)(F)C1=CC(C#N)=C(Br)C=C1,1960518,N#Cc1cc(C(F)(F)F)ccc1Br,1483-55-2
CC(=O)C1=CC(Cl)=CC(Br)=C1O,2047319,CC(=O)c1cc(Cl)cc(Br)c1O,59443-15-1
OC(=O)CSC1=CC=C(Br)C=C1,2048906,O=C(O)CSc1ccc(Br)cc1,3406-76-6
ClC1=CC(Br)=CC(Cl)=C1Cl,2089937,Clc1cc(Br)cc(Cl)c1Cl,21928-51-8
CC1=CC=CC(O)=C1Br,2243416,Cc1cccc(O)c1Br,22061-78-5
CC(=O)C1=C(Br)C=C(Cl)C=C1,2438820,CC(=O)c1ccc(Cl)cc1Br,825-40-1
OC(=O)[C@@H]1C[C@H]1C1=CC=C(Br)C=C1,2615858,O=C(O)[C@@H]1C[C@H]1c1ccc(Br)cc1,31501-85-6
COC1=C(O)C=C(Br)C(C=O)=C1,2964148,COc1cc(C=O)c(Br)cc1O,60632-40-8
FC1=CC(Br)=CC(F)=C1Cl,7200132,Fc1cc(Br)cc(F)c1Cl,0
BrC1=CC=CC(=C1)C1=CC=CC(I)=C1,7580599,Brc1cccc(-c2cccc(I)c2)c1,0
ClC1=CC=C(Br)C(=C1)C#N,9844843,N#Cc1cc(Cl)ccc1Br,57381-37-0
FC(F)(F)C1=CC(CBr)=C(Br)C=C1,13313775,FC(F)(F)c1ccc(Br)c(CBr)c1,886496-63-5
CC1=C(Br)C=C(F)C(=C1)C#N,15522202,Cc1cc(C#N)c(F)cc1Br,916792-13-7
NC1=C(C=C(Br)C=C1F)C(O)=O,15634272,Nc1c(F)cc(Br)cc1C(=O)O,874784-14-2
NC1=C(F)C(Cl)=C(Br)C=C1,18789938,Nc1ccc(Br)c(Cl)c1F,115843-99-7
CCCC(=O)C1=CC=C(Br)C=C1,1939380,CCCC(=O)c1ccc(Br)cc1,4981-64-0
CC1=CC=C(Br)C(O)=C1,2325156,Cc1ccc(Br)c(O)c1,14847-51-9
BrC1=C(C=CC=C1)C1=CC2=C(C=CC=C2)C=C1,2523746,Brc1ccccc1-c1ccc2ccccc2c1,22082-97-9
CC1=CC=C(Br)C=C1C(Cl)=O,2574822,Cc1ccc(Br)cc1C(=O)Cl,21900-41-4
CNCC1=C(Br)C=CC=C1,2716578,CNCc1ccccc1Br,698-19-1
NC1=C(Br)C=CC2=CC=CC=C12,3046969,Nc1c(Br)ccc2ccccc12,771-14-2
C[Si](C)(C)OC(=C)C1=CC=C(Br)C=C1,3604433,C=C(O[Si](C)(C)C)c1ccc(Br)cc1,55991-66-7
BrC1=CC=C(C=C1)C(=C)N=N#N,4392537,C=C(N=[N+]=[N-])c1ccc(Br)cc1,89108-50-9
NC1=CC(=CC(Br)=C1N)C(F)(F)F,4744599,Nc1cc(C(F)(F)F)cc(Br)c1N,113170-72-2
BrC1=CC(C=O)=CC(C=O)=C1,6174851,O=Cc1cc(Br)cc(C=O)c1,120173-41-3
BrC1=CC=C(C=C1)C1(CCC1)C#N,15638215,N#CC1(c2ccc(Br)cc2)CCC1,485828-58-8
CCCC1=CC=CC=C1Br,1933048,CCCc1ccccc1Br,19614-14-3
CC1=CC(=C(F)C=C1Br)N(=O)=O,1953795,Cc1cc([N+](=O)[O-])c(F)cc1Br,64695-96-1
NC(=O)NC1=CC=C(Br)C=C1,2090140,NC(=O)Nc1ccc(Br)cc1,1967-25-5
CCOC(=N)C1=CC=C(Br)C=C1,2252583,CCOC(=N)c1ccc(Br)cc1,64128-11-6
BrC1=CC=C(OC2CC2)C=C1,2435631,Brc1ccc(OC2CC2)cc1,38380-85-7
CC1=CC(Br)=CC=C1C(Cl)=O,2574823,Cc1cc(Br)ccc1C(=O)Cl,21900-45-8
CC1=CC=C(C=C1)S(=O)(=O)NC1=CC=C(Br)C=C1,2983124,Cc1ccc(S(=O)(=O)Nc2ccc(Br)cc2)cc1,32857-48-0
COC1=CC(N)=C(Br)C=C1C(O)=O,3082992,COc1cc(N)c(Br)cc1C(=O)O,35290-97-2
COC(=O)C1=C(N)C(Br)=CC=C1,3530338,COC(=O)c1cccc(Br)c1N,104670-74-8
OC(=O)C1=C(Br)C(F)=CC=C1,4308698,O=C(O)c1cccc(F)c1Br,132715-69-6
FC1=C(F)C(C=O)=CC=C1Br,9551272,O=Cc1ccc(Br)c(F)c1F,644985-24-0
COCOC1=CC(I)=CC=C1Br,15479579,COCOc1cc(I)ccc1Br,932373-00-7
CC1=CC(OCCCS(C)(=O)=O)=CC(C)=C1Br,22816471,Cc1cc(OCCCS(C)(=O)=O)cc(C)c1Br,1372195-69-1
CCOC(COC1=CC=C(F)C(Br)=C1)OCC,27185921,CCOC(COc1ccc(F)c(Br)c1)OCC,0
BrC1=CC=C(C=C1)C1=CC=C(C=C1)C1=NC(=NC(=N1)C1=CC=CC=C1)C1=CC=CC=C1,29947771,Brc1ccc(-c2ccc(-c3nc(-c4ccccc4)nc(-c4ccccc4)n3)cc2)cc1,0
OC1=CC2=C(C=CC=C2Br)C=C1,1939731,Oc1ccc2cccc(Br)c2c1,7385-87-7
CC(Br)C1=CC=C(Br)C=C1,2042035,CC(Br)c1ccc(Br)cc1,159755-11-0
OC1=C(C=NC2=CC=C(Br)C=C2)C=CC=C1,2211848,Oc1ccccc1C=Nc1ccc(Br)cc1,0
COC1=C(Br)C=C(C=C1)S(Cl)(=O)=O,3092267,COc1ccc(S(=O)(=O)Cl)cc1Br,23094-96-4
CC1=CC(C(O)=O)=C(N)C(Br)=C1,3540992,Cc1cc(Br)c(N)c(C(=O)O)c1,13091-43-5
BrC1=CC=C(I)C(=C1)C#N,4860282,N#Cc1cc(Br)ccc1I,121554-10-7
C[S@](=O)C1=CC=C(Br)C=C1,6368113,C[S@](=O)c1ccc(Br)cc1,145166-15-0
COC1=C(F)C=C(Br)C=C1F,7021510,COc1c(F)cc(Br)cc1F,104197-14-0
BrC1=CC(=CC=C1)N1CCOCC1,7807638,Brc1cccc(N2CCOCC2)c1,197846-82-5
CON(C)C(=O)C1=CC=C(Br)C=C1,8052888,CON(C)C(=O)c1ccc(Br)cc1,192436-83-2
OCC1=CC=CC(Br)=C1F,8679241,OCc1cccc(Br)c1F,261723-32-4
FC1=C(Br)C(=CC=C1)C(F)(F)F,11750474,Fc1cccc(C(F)(F)F)c1Br,0
COCCCOC1=CC(Br)=CC=C1Cl,14748972,COCCCOc1cc(Br)ccc1Cl,897954-59-5
COC(=O)CC1=CC(F)=C(Br)C=C1,15513954,COC(=O)Cc1ccc(Br)c(F)c1,942282-41-9
CC(C)(C)[Si](C)(C)OCC1=C(N)C=CC=C1Br,19065735,CC(C)(C)[Si](C)(C)OCc1c(N)cccc1Br,1147531-04-1
CCOC1=C(C=C(Cl)C(C#N)=C1Br)C(C)=O,22585104,CCOc1c(C(C)=O)cc(Cl)c(C#N)c1Br,1382997-16-1
BrC1=CC2=CC=C(C=C2C=C1)P(=O)(C1=CC=CC=C1)C1=CC=CC=C1,28483128,O=P(c1ccccc1)(c1ccccc1)c1ccc2cc(Br)ccc2c1,0
BrC1=CC=C(NN2C(=O)C3=CC=CC=C3C2=O)C=C1,244495,O=C1c2ccccc2C(=O)N1Nc1ccc(Br)cc1,184474-85-9
OCC=CC1=CC=C(Br)C=C1,1858207,OCC=Cc1ccc(Br)cc1,0
ClC1=CC=C(Br)C=C1N(=O)=O,2094192,O=[N+]([O-])c1cc(Br)ccc1Cl,16588-24-2
ClC(=O)CC1=CC(Br)=CC=C1,2613779,O=C(Cl)Cc1cccc(Br)c1,98288-51-8
ClC1=C(Br)C=CC(C=O)=C1,3234319,O=Cc1ccc(Br)c(Cl)c1,120077-69-2
COC1=C(Br)C=C(C=C1)C#N,3246576,COc1ccc(C#N)cc1Br,117572-79-9
COCCOC1=CC=C(Br)C=C1,4975361,COCCOc1ccc(Br)cc1,39255-23-7
NC1=C(Br)C(Cl)=CC=C1,6190611,Nc1cccc(Cl)c1Br,96558-73-5
BrC1=CC=C(C=C1)C1=NC(=NC2=C1C=CC=C2)C1=CC=CC=C1,7034289,Brc1ccc(-c2nc(-c3ccccc3)nc3ccccc23)cc1,0
OC[C@H]1CN(C(=O)O1)C1=CC=C(Br)C(F)=C1,9629065,O=C1O[C@@H](CO)CN1c1ccc(Br)c(F)c1,444335-16-4
FC1=CC(Br)=C(C=C1)S(Cl)(=O)=O,10531680,O=S(=O)(Cl)c1ccc(F)cc1Br,0
ClC1=NC=NC(Cl)=C1C1=CC=C(Br)C=C1,11006946,Clc1ncnc(Cl)c1-c1ccc(Br)cc1,146533-41-7
CC1=CC(OS(=O)(=O)C(F)(F)F)=CC(C)=C1Br,14441952,Cc1cc(OS(=O)(=O)C(F)(F)F)cc(C)c1Br,864825-79-6
CC(C)(C)OC(=O)NCC1=CC=C(Br)C=C1F,20267370,CC(C)(C)OC(=O)NCc1ccc(Br)cc1F,864262-97-5
ON=CC1=CC=CC=C1Br,471599,ON=Cc1ccccc1Br,0
BrC1=CC=C(C=C1)C1=CN=CO1,1101897,Brc1ccc(-c2cnco2)cc1,72571-06-3
CC(=O)CC1=C(Br)C=CC=C1,1936907,CC(=O)Cc1ccccc1Br,21906-31-0
ClC1=CC(Br)=C(C=C1)C#N,1940744,N#Cc1ccc(Cl)cc1Br,57381-49-4
CC(=O)C1=CC=C(Br)C(=C1)N(=O)=O,2050098,CC(=O)c1ccc(Br)c([N+](=O)[O-])c1,18640-58-9
FC(F)(F)S(=O)(=O)OC1=CC=C(Br)C=C1,2281407,O=S(=O)(Oc1ccc(Br)cc1)C(F)(F)F,66107-30-0
COC(=O)C1=C(O)C=C(C)C(Br)=C1,2614479,COC(=O)c1cc(Br)c(C)cc1O,39503-57-6
NC1=CC=CC2=C(Br)C=CC=C12,2717302,Nc1cccc2c(Br)cccc12,4766-33-0
CC1=C(Br)C=CC(=C1)C(=O)CBr,3244083,Cc1cc(C(=O)CBr)ccc1Br,3114-08-7
C[S@@](=O)C1=CC=C(Br)C=C1,5729762,C[S@@](=O)c1ccc(Br)cc1,28227-62-5
OC(C#C)C1=CC=C(Br)C=C1,8614887,C#CC(O)c1ccc(Br)cc1,85020-75-3
CCOC(=O)C(\CC#N)=C\C1=CC=C(Br)C=C1N(=O)=O,20245649,CCOC(=O)/C(=C/c1ccc(Br)cc1[N+](=O)[O-])CC#N,926927-55-1
ClC1=CC=CC(C=O)=C1Br,20659692,O=Cc1cccc(Cl)c1Br,74073-40-8
BrC1=CC=C(C=C1)C1=CN=C(N1)[C@@H]1CCCN1,20886313,Brc1ccc(-c2cnc([C@@H]3CCCN3)[nH]2)cc1,1255936-24-3
COC1=C(C=C(Cl)C(C)=C1Br)C(C)Cl,23314702,COc1c(C(C)Cl)cc(Cl)c(C)c1Br,1426699-23-1
CC1(C)C2=CC=CC=C2C2=CC=C(C=C12)C1=CC=CC(Br)=C1,23325529,CC1(C)c2ccccc2-c2ccc(-c3cccc(Br)c3)cc21,881912-14-7
NC1=NN=C(S1)C1=CC=C(Br)C=C1,979567,Nc1nnc(-c2ccc(Br)cc2)s1,13178-12-6
ClC1=CC=C(C=CC(=O)C2=CC=C(Br)C=C2)C=C1,2271113,O=C(C=Cc1ccc(Cl)cc1)c1ccc(Br)cc1,6332-22-5
CC(C)(C(O)=O)C1=CC=C(Br)C=C1,2444899,CC(C)(C(=O)O)c1ccc(Br)cc1,32454-35-6
CC1=C(C(O)=O)C(Br)=CC=C1,2614094,Cc1cccc(Br)c1C(=O)O,90259-31-7
BrCC1=CC=C(Br)C=C1CBr,2640459,BrCc1ccc(Br)cc1CBr,69189-19-1
COC(=O)C(C)C1=CC=C(Br)C=C1,4180353,COC(=O)C(C)c1ccc(Br)cc1,83636-46-8
CC1(C)OB(OC1(C)C)C1=CC(Br)=CC=C1,9481201,CC1(C)OB(c2cccc(Br)c2)OC1(C)C,594823-67-3
CC1=CC(=CC=C1Br)C(=O)OC(C)(C)C,10534457,Cc1cc(C(=O)OC(C)(C)C)ccc1Br,347174-28-1
OCC1=CC(=CC=C1Br)C(F)(F)F,10661888,OCc1cc(C(F)(F)F)ccc1Br,869725-53-1
FC(F)(F)C1=CC(=C(Br)C=C1)S(Cl)(=O)=O,14535820,O=S(=O)(Cl)c1cc(C(F)(F)F)ccc1Br,176225-08-4
CC1=C(Br)C=CC=C1S(Cl)(=O)=O,18484227,Cc1c(Br)cccc1S(=O)(=O)Cl,886501-61-7
ClC1=CC(=CC=C1)C1=CC=CC(Br)=C1,22490455,Clc1cccc(-c2cccc(Br)c2)c1,844856-42-4
BrC1=CC=CC(=C1)N1C2=NC3=CC=CC=C3N2C2=CC=CC=C12,22974522,Brc1cccc(-n2c3ccccc3n3c4ccccc4nc23)c1,1401068-22-1
CCOC1=C(C=C(Cl)C(C#N)=C1Br)C(C)O,23314738,CCOc1c(C(C)O)cc(Cl)c(C#N)c1Br,1426699-45-7
CC(C)(C)C1=CC=C(C=C1Br)N(=O)=O,2265769,CC(C)(C)c1ccc([N+](=O)[O-])cc1Br,6310-17-4
BrC1=CC=C(SCC2=CC=CC=C2)C=C1,2368794,Brc1ccc(SCc2ccccc2)cc1,53136-21-3
COC1=C(O)C(Br)=CC=C1,2438863,COc1cccc(Br)c1O,28165-49-3
COC1=C(C)C=CC(Br)=C1,3237380,COc1cc(Br)ccc1C,67868-73-9
NC(=O)C1=CC=C(Br)C=C1N,4978599,NC(=O)c1ccc(Br)cc1N,112253-70-0
BrC1=CC(C=O)=C(OCC#C)C=C1,4987907,C#CCOc1ccc(Br)cc1C=O,122835-14-7
OC1=CC=C(Br)C(=C1)C#N,7757690,N#Cc1cc(O)ccc1Br,189680-06-6
NC1(CC1)C1=CC=C(Br)C=C1,9387071,NC1(c2ccc(Br)cc2)CC1,345965-54-0
FC(F)(F)C1=CC=C(C=O)C=C1Br,9697555,O=Cc1ccc(C(F)(F)F)c(Br)c1,372120-55-3
CC(C)(C)[Si](C)(C)OCCC1=CC(Br)=CC=C1,10434195,CC(C)(C)[Si](C)(C)OCCc1cccc(Br)c1,249937-07-3
COC(=O)C1=C(C=C(Br)C=C1)C(F)(F)F,18754931,COC(=O)c1ccc(Br)cc1C(F)(F)F,957207-58-8
CC(=O)C1=CC=C(Cl)C(F)=C1Br,19605273,CC(=O)c1ccc(Cl)c(F)c1Br,1187648-05-0
BrC1=CC(=CC=C1)C1=CC=C2C(=C1)N(C1=CC=CC=C21)C1=CC=CC=C1,28809564,Brc1cccc(-c2ccc3c4ccccc4n(-c4ccccc4)c3c2)c1,0
FC1=C(I)C=CC=C1Br,31279041,Fc1c(Br)cccc1I,0
COC1=C(Br)C(=CC=C1)N(=O)=O,1871867,COc1cccc([N+](=O)[O-])c1Br,67853-37-6
COC1=C(Br)C(C)=CC=C1,1936111,COc1cccc(C)c1Br,38197-43-2
BrC1=CC=C(OCC#C)C=C1,1940664,C#CCOc1ccc(Br)cc1,33133-45-8
BrC1=CC=C(C=C1)C(=O)C=[N]#N,1946811,[N-]=[N+]=CC(=O)c1ccc(Br)cc1,4203-30-9
COC1=CC=C(C)C(Br)=C1,2079753,COc1ccc(C)c(Br)c1,36942-56-0
BrC1=CC=C(CCC(=O)C2=CC=CC=C2)C=C1,2110968,O=C(CCc1ccc(Br)cc1)c1ccccc1,52168-41-9
OCC1=CC(CO)=CC(Br)=C1,2359335,OCc1cc(Br)cc(CO)c1,51760-22-6
BrC1=C(\C=C\C(=O)C2=CC=CC=C2)C=CC=C1,2578937,O=C(/C=C/c1ccccc1Br)c1ccccc1,22966-10-5
COC(=O)C1=C(Br)C(OC)=CC(OC)=C1,2693870,COC(=O)c1cc(OC)cc(OC)c1Br,19491-18-0
OC(=O)C1=C(Br)C=C(C=C1)C(F)(F)F,2974543,O=C(O)c1ccc(C(F)(F)F)cc1Br,328-89-2
CCC1=C(C=CC(Br)=C1)C(O)=O,7701450,CCc1cc(Br)ccc1C(=O)O,644984-78-1
ClC1=CC=C(Br)C=C1CBr,7804783,Clc1ccc(Br)cc1CBr,149965-41-3
COC(=O)C1=CC(=CC(Br)=C1)C(O)=O,9480523,COC(=O)c1cc(Br)cc(C(=O)O)c1,161796-10-7
ClC1=C(Br)C=CC(=C1)C#N,11038207,N#Cc1ccc(Br)c(Cl)c1,57418-97-0
BrC1=CC(=CC=C1)C1=CC=C2C=CC=CC2=C1,11441102,Brc1cccc(-c2ccc3ccccc3c2)c1,667940-23-0
CNC1=CC=C(Br)C(C)=C1N,28440516,CNc1ccc(Br)c(C)c1N,0
BrC1=CC=C(C=N(=O)C2=CC=CC=C2)C=C1,610923,[O-][N+](=Cc1ccc(Br)cc1)c1ccccc1,0
BrC1=CC=C(C=C1)C#CC(=O)C1=CC=CC=C1,784810,O=C(C#Cc1ccc(Br)cc1)c1ccccc1,39833-48-2
OC(=O)C1=CC(=C(Br)C=C1)S(Cl)(=O)=O,2118339,O=C(O)c1ccc(Br)c(S(=O)(=O)Cl)c1,50803-23-1
CC(C)OC1=CC=C(Br)C=C1,2249524,CC(C)Oc1ccc(Br)cc1,6967-88-0
COC1=C(OC)C=C(CO)C(Br)=C1,2263304,COc1cc(Br)c(CO)cc1OC,54370-00-2
FC1=C(Br)C=C(CBr)C=C1,2501086,Fc1ccc(CBr)cc1Br,78239-71-1
COC1=C(C=C(Br)C=C1C(C)(C)C)C(C)(C)C,2560337,COc1c(C(C)(C)C)cc(Br)cc1C(C)(C)C,1516-96-7
OC(C(O)=O)C1=C(Br)C=CC=C1,2578505,O=C(O)C(O)c1ccccc1Br,7157-15-5
COC1=CC=C(\C=C\C(=O)C2=CC=C(Br)C=C2)C=C1,3204186,COc1ccc(/C=C/C(=O)c2ccc(Br)cc2)cc1,126443-12-7
OC(C#CC1=CC=CC=C1)C1=CC=C(Br)C=C1,3308379,OC(C#Cc1ccccc1)c1ccc(Br)cc1,142739-40-0
BrC1=CC(=CC(=C1)C1=CC=CC=N1)C1=NC=CC=C1,6142665,Brc1cc(-c2ccccn2)cc(-c2ccccn2)c1,150239-89-7
NC1=CC(F)=CC(Br)=C1,8049376,Nc1cc(F)cc(Br)c1,134168-97-1
OCCOC1=CC(Br)=CC=C1,8614644,OCCOc1cccc(Br)c1,79906-55-1
CC(C)(C)OC(=O)N1CCC(=CC1)C1=CC=C(Br)C=C1,9492306,CC(C)(C)OC(=O)N1CC=C(c2ccc(Br)cc2)CC1,273727-44-9
OCC1=CC(Cl)=CC=C1Br,9758272,OCc1cc(Cl)ccc1Br,60666-70-8
OC1=CC(F)=C(Br)C(F)=C1,10063047,Oc1cc(F)c(Br)c(F)c1,0
FC(F)C1=C(F)C=CC(Br)=C1,13904745,Fc1ccc(Br)cc1C(F)F,445303-69-5
COC(=O)C1=CC(I)=CC=C1Br,14260247,COC(=O)c1cc(I)ccc1Br,717880-58-5
CC(=O)C1=CC=C(Br)C=C1Cl,14292840,CC(=O)c1ccc(Br)cc1Cl,252561-81-2
FC(F)(F)C1=C(CBr)C=CC(Br)=C1,14522234,FC(F)(F)c1cc(Br)ccc1CBr,335013-18-8
COC(=O)C1=C(Br)C=C(C)C(Cl)=C1,15590054,COC(=O)c1cc(Cl)c(C)cc1Br,1061314-02-0
BrC1=CC2=CC=CC3=C2C2=C(C=CC=C12)C=C3,1962632,Brc1cc2cccc3ccc4cccc1c4c32,1732-26-9
COC1=CC(Br)=C(CBr)C=C1OC,2101563,COc1cc(Br)c(CBr)cc1OC,53207-00-4
O\N=C\C1=CC=C(Br)C=C1,2324644,O/N=C/c1ccc(Br)cc1,0
BrC1=CC=CC(=C1)C1=CC=C(C=C1)C1=CC=CC=C1,2559555,Brc1cccc(-c2ccc(-c3ccccc3)cc2)c1,1762-87-4
CCOC(=O)[C@@H]1C[C@H]1C1=CC=C(Br)C=C1,2618402,CCOC(=O)[C@@H]1C[C@H]1c1ccc(Br)cc1,207279-37-6
CC(=O)C1=CC=C(Br)C(C)=C1,3125756,CC(=O)c1ccc(Br)c(C)c1,37074-40-1
COC1=CC(C)=CC=C1Br,3237332,COc1cc(C)ccc1Br,95740-49-1
COC1=CC(CO)=C(Br)C=C1,3245865,COc1ccc(Br)c(CO)c1,150192-39-5
COC1=CC=C(C=C1)C1=C(Br)C=CC=C1,3256200,COc1ccc(-c2ccccc2Br)cc1,74447-76-0
FC(F)(F)COC1=CC=C(Br)C=C1,4742590,FC(F)(F)COc1ccc(Br)cc1,106854-77-7
CCOC(=O)C(C)C1=CC=C(Br)C=C1,4991596,CCOC(=O)C(C)c1ccc(Br)cc1,111914-79-5
BrC1=CC=C(NC(=O)CCC2=CC=CC=C2)C=C1,9330687,O=C(CCc1ccccc1)Nc1ccc(Br)cc1,316146-27-7
OC(=O)C1=CC(F)=C(Br)C=C1N(=O)=O,20254440,O=C(O)c1cc(F)c(Br)cc1[N+](=O)[O-],1020717-99-0
COC(=O)C(C)(N)C1=CC(Br)=CC=C1,21196719,COC(=O)C(C)(N)c1cccc(Br)c1,1183581-39-6
BrC1=CC=CC(=C1)N1C2=C(C=CC=C2)N=C1C1=CC=CC=C1,23074983,Brc1cccc(-n2c(-c3ccccc3)nc3ccccc32)c1,1171247-63-4
CCOC1=C(C=C(Cl)C(C)=C1Br)C(C)=O,23314899,CCOc1c(C(C)=O)cc(Cl)c(C)c1Br,1426700-25-5
CCOC(=O)C1=C(CBr)NC(=N[C@H]1C1=C(Br)C=C(F)C=C1)C1=NC=CS1,27487881,CCOC(=O)C1=C(CBr)NC(c2nccs2)=N[C@H]1c1ccc(F)cc1Br,0
COC(=O)C1=C(F)C=C(Br)C=C1C,29039377,COC(=O)c1c(C)cc(Br)cc1F,0
BrC1=CC=C(C=C1)C(=O)N1CCCC1,1344231,O=C(c1ccc(Br)cc1)N1CCCC1,5543-27-1
ClCCC(=O)C1=CC=C(Br)C=C1,1944367,O=C(CCCl)c1ccc(Br)cc1,31736-73-9
BrC1=CC=C(CC(=O)C2=CC=CC=C2)C=C1,2099959,O=C(Cc1ccc(Br)cc1)c1ccccc1,22421-88-1
COC(=O)C1=C(Br)C=C(OC)C(OC)=C1,2370202,COC(=O)c1cc(OC)c(OC)cc1Br,17667-32-2
OC1=C(Br)C=C(C=C1)C1=CC=CC=C1,2555996,Oc1ccc(-c2ccccc2)cc1Br,92-03-5
CCNC1=CC=C(Br)C=C1,3046002,CCNc1ccc(Br)cc1,68254-64-8
NC1=CC(Br)=CC(=C1)C(O)=O,3241608,Nc1cc(Br)cc(C(=O)O)c1,42237-85-4
BrC1=CC=C(OCC2=CC=CC=C2)C(C=O)=C1,3298647,O=Cc1cc(Br)ccc1OCc1ccccc1,121124-94-5
FC1=C(Br)C(Cl)=CC=C1,9899641,Fc1cccc(Cl)c1Br,309721-44-6
FC(F)(F)C1=C(Br)C=CC(=C1)S(Cl)(=O)=O,10434830,O=S(=O)(Cl)c1ccc(Br)c(C(F)(F)F)c1,0
FC1=CC(Br)=CC(CBr)=C1,11135234,Fc1cc(Br)cc(CBr)c1,216755-57-6
FC1=CC=C(C(=O)CBr)C(Br)=C1,11460924,O=C(CBr)c1ccc(F)cc1Br,0
NC1=CC(Br)=C(NC[C@@H](O)COCC2=CC=CC=C2)C=C1F,21828041,Nc1cc(Br)c(NC[C@@H](O)COCc2ccccc2)cc1F,1294504-63-4
CCOC1=C(C=C(Cl)C(C)=C1Br)C(C)O,23314900,CCOc1c(C(C)O)cc(Cl)c(C)c1Br,1426700-26-6
BrC1=CC=CC(=C1)C1=NC(=NC(=C1)C1=CC=C(C=C1)C1=CC=CC=C1)C1=CC=CC=C1,31723139,Brc1cccc(-c2cc(-c3ccc(-c4ccccc4)cc3)nc(-c3ccccc3)n2)c1,0
COC1=CC=C(O)C=C1Br,2249473,COc1ccc(O)cc1Br,17332-12-6
CC(=O)OC(OC(C)=O)C1=CC=C(Br)C=C1,2277308,CC(=O)OC(OC(C)=O)c1ccc(Br)cc1,55605-27-1
CC(C=O)C1=CC=C(Br)C=C1,2356992,CC(C=O)c1ccc(Br)cc1,40460-91-1
CCOC(=O)[C@H]1C[C@@H]1C1=CC=C(Br)C=C1,2618401,CCOC(=O)[C@H]1C[C@@H]1c1ccc(Br)cc1,875479-34-8
C[Si](C)(C)C1=CC(Br)=CC=C1,2828664,C[Si](C)(C)c1cccc(Br)c1,17878-47-6
OC(=O)C(=O)C1=CC=CC=C1Br,2936855,O=C(O)C(=O)c1ccccc1Br,26767-16-8
CCOP(=O)(OCC)C1=CC=C(Br)C=C1,2941122,CCOP(=O)(OCC)c1ccc(Br)cc1,20677-12-7
COC1=CC=C(Br)C=C1C#N,7289315,COc1ccc(Br)cc1C#N,144649-99-0
CC1=CC(CO)=CC=C1Br,7632852,Cc1cc(CO)ccc1Br,149104-89-2
OC(=O)CC1=CC(Cl)=CC=C1Br,9479296,O=C(O)Cc1cc(Cl)ccc1Br,0
CN1CCN(CC1)C1=CC=C(Br)C=C1,9480282,CN1CCN(c2ccc(Br)cc2)CC1,130307-08-3
CC(=O)NC1=C(C)C=C(Br)C(F)=C1,14351679,CC(=O)Nc1cc(F)c(Br)cc1C,633335-80-5
OCC1=CC=C(Br)C(=C1)C(F)(F)F,18785656,OCc1ccc(Br)c(C(F)(F)F)c1,957207-09-9
COC(=O)C1=CC(F)=C(Br)C=C1N(=O)=O,20254439,COC(=O)c1cc(F)c(Br)cc1[N+](=O)[O-],1220886-29-2
CC(C)(C)OC(=O)N1CCC[C@H]1C1=NC=C(N1)C1=CC=C2C=C(Br)C=CC2=C1,20362630,CC(C)(C)OC(=O)N1CCC[C@H]1c1ncc(-c2ccc3cc(Br)ccc3c2)[nH]1,1228551-96-9
COC1=CC(Br)=C(C=C1N)N(=O)=O,23334195,COc1cc(Br)c([N+](=O)[O-])cc1N,1421371-97-2
COC(=O)C(=O)C1=CC=C(Br)C=C1,1367820,COC(=O)C(=O)c1ccc(Br)cc1,57699-28-2
OC(=O)C=CC1=CC=CC(Br)=C1,1938683,O=C(O)C=Cc1cccc(Br)c1,0
COC(=O)C1=C(F)C=C(Br)C(F)=C1,1954452,COC(=O)c1cc(F)c(Br)cc1F,0
CC(C)C(=O)C1=CC=C(Br)C=C1,2084464,CC(C)C(=O)c1ccc(Br)cc1,49660-93-7
OC(=O)C1=CC=CC(Br)=C1O,2090442,O=C(O)c1cccc(Br)c1O,3883-95-2
BrC1=CC=C(C=NNC2=CC=CC=C2)C=C1,2211171,Brc1ccc(C=NNc2ccccc2)cc1,16917-42-3
OC(=O)C1=C(C=O)C=CC(Br)=C1,2360728,O=Cc1ccc(Br)cc1C(=O)O,4785-52-8
COC(=O)C1=CC=CC(=C1Br)N(=O)=O,2505657,COC(=O)c1cccc([N+](=O)[O-])c1Br,5337-09-7
NC1=CC(Cl)=C(Br)C=C1C(O)=O,2720779,Nc1cc(Cl)c(Br)cc1C(=O)O,50419-88-0
CC(C)(C)C1=CC(C=O)=C(O)C(Br)=C1,3255063,CC(C)(C)c1cc(Br)c(O)c(C=O)c1,119646-68-3
CC(=C)COC1=CC=CC=C1Br,4244739,C=C(C)COc1ccccc1Br,10178-53-7
BrC1=CC=CC=C1CCC=C,4965328,C=CCCc1ccccc1Br,71813-50-8
CC1=CC(Br)=CC(C)=C1F,5922699,Cc1cc(Br)cc(C)c1F,99725-44-7
BrC1=CC=C(C=C1)C(C1=CC=CN1)C1=CC=CN1,6925882,Brc1ccc(C(c2ccc[nH]2)c2ccc[nH]2)cc1,159152-11-1
OB(O)C1=CC=C(C=C1)C1=CC=C(Br)C=C1,8690586,OB(O)c1ccc(-c2ccc(Br)cc2)cc1,480996-05-2
FC1=CC(OCC2=CC=CC=C2)=CC=C1Br,8834527,Fc1cc(OCc2ccccc2)ccc1Br,185346-79-6
COC1=CC=C2C=C(SC2=C1)C1=CC=C(Br)C=C1,11088159,COc1ccc2cc(-c3ccc(Br)cc3)sc2c1,943439-52-9
CC1=C(C=CC(Br)=C1)C(=O)NC1CC1,13197528,Cc1cc(Br)ccc1C(=O)NC1CC1,345965-99-3
CC(C)(C)OC(=O)C1=C(F)C=C(Br)C=C1F,18524312,CC(C)(C)OC(=O)c1c(F)cc(Br)cc1F,955887-09-9
COC(=O)C1=C(I)C=C(Br)C=C1,19418339,COC(=O)c1ccc(Br)cc1I,1093418-75-7
CC1=CC(F)=C(C=C1Br)C(O)=O,20008804,Cc1cc(F)c(C(=O)O)cc1Br,515135-65-6
BrC1=CC=C(C=C1)C1=CN2C=CC=NC2=N1,179612,Brc1ccc(-c2cn3cccnc3n2)cc1,56921-85-8
BrC1=CC=C(C=C1)C(=O)NC1=NC=CC=C1,476763,O=C(Nc1ccccn1)c1ccc(Br)cc1,14547-83-2
BrC1=C(C=C(C=C1C1=CC=CC=C1)C1=CC=CC=C1)C1=CC=CC=C1,1886610,Brc1c(-c2ccccc2)cc(-c2ccccc2)cc1-c1ccccc1,10368-73-7
CC(=C)C1=CC=CC(Br)=C1,2075664,C=C(C)c1cccc(Br)c1,25108-58-1
FC1=CC2=C(C=C1)C=C(Br)C=C2,2206396,Fc1ccc2cc(Br)ccc2c1,324-41-4
CS(=O)(=O)NC1=CC=C(Br)C=C1,2804710,CS(=O)(=O)Nc1ccc(Br)cc1,4284-50-8
FC(F)(F)C1=C(I)C=CC(Br)=C1,3261644,FC(F)(F)c1cc(Br)ccc1I,364-12-5
COC(=O)C1=C(C=C(Br)C=C1)C(=O)OC,3286643,COC(=O)c1ccc(Br)cc1C(=O)OC,87639-57-4
BrC1=CC=C(C=C1)C#CC=O,4382486,O=CC#Cc1ccc(Br)cc1,76457-91-5
NC1=C(F)C=C(Br)C(F)=C1,4741102,Nc1cc(F)c(Br)cc1F,112279-60-4
COC(=O)CC1=CC=C(Br)C=C1N(=O)=O,5869176,COC(=O)Cc1ccc(Br)cc1[N+](=O)[O-],100487-82-9
FC(F)OC1=CC=CC(Br)=C1,9757520,FC(F)Oc1cccc(Br)c1,262587-05-3
COC1=CC=CC(OC)=C1C1=C(Br)C=CC=C1,9765231,COc1cccc(OC)c1-c1ccccc1Br,755017-61-9
COC(=O)C1=CC(Br)=CC(=C1)B1OC(C)(C)C(C)(C)O1,10443672,COC(=O)c1cc(Br)cc(B2OC(C)(C)C(C)(C)O2)c1,1025718-78-8
COC(=O)CCC1=CC=CC(Br)=C1,10657176,COC(=O)CCc1cccc(Br)c1,151583-29-8
NC1=C(F)C(Br)=C(F)C=C1,13767346,Nc1ccc(F)c(Br)c1F,103977-79-3
ClC1=CC(Br)=CC=C1OC1CC1,14481074,Clc1cc(Br)ccc1OC1CC1,869569-68-6
CC1=CC(Br)=CC=C1CN,14519476,Cc1cc(Br)ccc1CN,376646-62-7
OC(=O)CC\C=C\C1=CC(Br)=CC=C1,22301106,O=C(O)CC/C=C/c1cccc(Br)c1,1180670-58-9
FC1=C(Br)C=C(C=C1)N1C(=O)ON=C1C1=NON=C1N(=O)=O,31118055,O=c1onc(-c2nonc2[N+](=O)[O-])n1-c1ccc(F)c(Br)c1,0
CC1(C)COC(=N1)C1=CC=C(Br)C=C1,1212426,CC1(C)COC(c2ccc(Br)cc2)=N1,32664-14-5
CCOC(=O)C(C(=O)OCC)C1=CC(Br)=CC=C1,1983761,CCOC(=O)C(C(=O)OCC)c1cccc(Br)c1,56911-48-9
ONC(=O)C1=CC=C(Br)C=C1,2046660,O=C(NO)c1ccc(Br)cc1,1836-27-7
CC1=C(C=C(Br)C=C1)S(Cl)(=O)=O,2098729,Cc1ccc(Br)cc1S(=O)(=O)Cl,69321-56-8
OCCNS(=O)(=O)C1=CC=C(Br)C=C1,2732658,O=S(=O)(NCCO)c1ccc(Br)cc1,59724-43-5
OC1=CC(=C(Br)C=C1)N(=O)=O,3254090,O=[N+]([O-])c1cc(O)ccc1Br,78137-76-5
COC(=O)CC1=C(OC)C=CC(Br)=C1,3272115,COC(=O)Cc1cc(Br)ccc1OC,294860-58-5
OCC1=C(Br)C=C(Cl)C=C1,5807572,OCc1ccc(Cl)cc1Br,143888-84-0
COC(=O)C1=CC(F)=C(F)C=C1Br,5864278,COC(=O)c1cc(F)c(F)cc1Br,878207-28-4
FC1=CC=C(C(Cl)=O)C(Br)=C1,7805592,O=C(Cl)c1ccc(F)cc1Br,95383-36-1
BrC1=CC(C#N)=C(C=C1N(=O)=O)C#N,7992023,N#Cc1cc(Br)c([N+](=O)[O-])cc1C#N,206268-72-6
BrC1=CC=C(C=C1)C1=NC=CN1,9043704,Brc1ccc(-c2ncc[nH]2)cc1,176961-53-8
NC1=C(OC(F)(F)F)C=C(Br)C=C1,11403402,Nc1ccc(Br)cc1OC(F)(F)F,175278-09-8
COC(=O)C1=C(N)C(=CC(Br)=C1)N(=O)=O,14208171,COC(=O)c1cc(Br)cc([N+](=O)[O-])c1N,636581-61-8
FC1=C(Br)C(C=O)=C(F)C=C1,15486779,O=Cc1c(F)ccc(F)c1Br,934987-26-5
CC(C)C1=CC(Br)=CC(C(C)C)=C1I,19483508,CC(C)c1cc(Br)cc(C(C)C)c1I,946147-63-3
CCOC(=O)C1(CC1)C1=CC=C(Br)C=C1,20925164,CCOC(=O)C1(c2ccc(Br)cc2)CC1,1215205-50-7
CCS(=O)(=O)CC1=CC=C(OC2=C(F)C=C(F)C=C2)C(Br)=C1,24599271,CCS(=O)(=O)Cc1ccc(Oc2ccc(F)cc2F)c(Br)c1,0
CC(=O)C1=CC=C(Br)C2=C1C=CC=C2,639043,CC(=O)c1ccc(Br)c2ccccc12,46258-62-2
OC(=O)C1=CC(Br)=CC2=CC=CC=C12,1950887,O=C(O)c1cc(Br)cc2ccccc12,16726-66-2
NC1=C(Br)C=CC=C1N(=O)=O,2094178,Nc1c(Br)cccc1[N+](=O)[O-],59255-95-7
CC(=O)CC(=O)NC1=CC=C(Br)C=C1,2104112,CC(=O)CC(=O)Nc1ccc(Br)cc1,38418-24-5
OC1=C(Cl)C=C(Br)C=C1C=O,2442420,O=Cc1cc(Br)cc(Cl)c1O,19652-33-6
CC(C)C1=C(O)C(Br)=C(C)C=C1,2517747,Cc1ccc(C(C)C)c(O)c1Br,13019-31-3
BrC1=C(C=C(C=C1)C#N)N(=O)=O,2577614,N#Cc1ccc(Br)c([N+](=O)[O-])c1,89642-49-9
ClC(=O)\C=C\C1=CC=C(Br)C=C1,2613444,O=C(Cl)/C=C/c1ccc(Br)cc1,0
ClS(=O)(=O)CC1=CC=C(Br)C=C1,2804711,O=S(=O)(Cl)Cc1ccc(Br)cc1,53531-69-4
ClC1=CC(I)=CC=C1Br,9119438,Clc1cc(I)ccc1Br,0
COC(=O)C(=C)C(O)C1=CC=C(Br)C=C1,9392382,C=C(C(=O)OC)C(O)c1ccc(Br)cc1,251320-24-8
FC1=C(Br)C(F)=C(C=C1)N(=O)=O,13413127,O=[N+]([O-])c1ccc(F)c(Br)c1F,103977-78-2
CC(C)(C)OC(=O)N1CCN(CC1)S(=O)(=O)C1=CC=C(Br)C=C1,13429431,CC(C)(C)OC(=O)N1CCN(S(=O)(=O)c2ccc(Br)cc2)CC1,259808-63-4
FC(F)(F)C1=CC(I)=C(Br)C=C1,14332305,FC(F)(F)c1ccc(Br)c(I)c1,640280-28-0
CC1=C(C=C(Br)C=C1)C(F)(F)F,14522196,Cc1ccc(Br)cc1C(F)(F)F,86845-27-4
COC(=O)C1=CC(Br)=CC=C1C=O,15798211,COC(=O)c1cc(Br)ccc1C=O,1016163-89-5
COC1=CC(Br)=C(Cl)C=C1N,21882874,COc1cc(Br)c(Cl)cc1N,102170-53-6
CC(C)(C1=CC=C(Br)C=C1)C(F)(F)F,22001536,CC(C)(c1ccc(Br)cc1)C(F)(F)F,1225380-05-1
CC(C)[Si](OC1=C(Cl)C(C)=C(Br)C=C1)(C(C)C)C(C)C,28590967,Cc1c(Br)ccc(O[Si](C(C)C)(C(C)C)C(C)C)c1Cl,0
OC1=C(C=O)C=C(Br)C=C1C=O,1866518,O=Cc1cc(Br)cc(C=O)c1O,109517-99-9
COC1=CC(C=O)=C(OC)C=C1Br,1948290,COc1cc(C=O)c(OC)cc1Br,31558-41-5
OC(C1=CC=CC=C1)C1=CC=CC(Br)=C1,1959496,OC(c1ccccc1)c1cccc(Br)c1,63012-04-4
CC1=CC(=CC(Br)=C1)N(=O)=O,2250155,Cc1cc(Br)cc([N+](=O)[O-])c1,52488-28-5
OC1=CC(Br)=CC(O)=C1O,3048179,Oc1cc(Br)cc(O)c1O,16492-75-4
COC(=O)C1=C(Br)C=C(CBr)C=C1,4179311,COC(=O)c1ccc(CBr)cc1Br,128577-48-0
C[C@H](NC(C)=O)C1=CC=C(Br)C=C1,7687328,CC(=O)N[C@@H](C)c1ccc(Br)cc1,186296-23-1
NC1=CC(Br)=C(OC(F)(F)F)C=C1,8683102,Nc1ccc(OC(F)(F)F)c(Br)c1,0
NC1=C(C=C(Br)C=C1)S(F)(F)(F)(F)F,9768627,Nc1ccc(Br)cc1S(F)(F)(F)(F)F,0
CS(=O)(=O)C1=C(C=C(Br)C=C1)C(F)(F)F,11546648,CS(=O)(=O)c1ccc(Br)cc1C(F)(F)F,300356-32-5
CS(=O)(=O)C1=CC=C(Br)C=C1F,14283974,CS(=O)(=O)c1ccc(Br)cc1F,648904-84-1
NC(=O)C1=CC=C(Br)C=C1F,14355283,NC(=O)c1ccc(Br)cc1F,292621-45-5
NC1=CC=CC(Br)=C1CO,14446513,Nc1cccc(Br)c1CO,861106-92-5
NC1=C(F)C=C(Br)C=C1N(=O)=O,20069044,Nc1c(F)cc(Br)cc1[N+](=O)[O-],517920-70-6
BrC1=CC(=CC=C1)N1C=NC2=CC=CC=C12,22776743,Brc1cccc(-n2cnc3ccccc32)c1,1352226-51-7
ClCC1=CC(Br)=CC=C1I,23307062,ClCc1cc(Br)ccc1I,1261817-10-0
COC1=C(OC)C(OC)=C(Br)C=C1,2050297,COc1ccc(Br)c(OC)c1OC,10385-36-1
CCCCCC1=CC=C(Br)C=C1,2081772,CCCCCc1ccc(Br)cc1,51554-95-1
COC1=C(Br)C(C=O)=CC=C1,2517313,COc1cccc(C=O)c1Br,10401-18-0
OCC1=CC(Br)=CC(CO)=C1O,2577640,OCc1cc(Br)cc(CO)c1O,6296-63-5
CCN(CC)C1=CC=CC(Br)=C1,2830784,CCN(CC)c1cccc(Br)c1,53142-19-1
CC(C)C1=C(Br)C=CC(O)=C1,2962792,CC(C)c1cc(O)ccc1Br,16606-29-4
BrC1=CC=C(C=C1)[C@@H]1CO1,6174862,Brc1ccc([C@@H]2CO2)cc1,62566-68-1
CCOC(=O)C1=C(C)NC(=O)NC1C1=CC=CC(Br)=C1,8423755,CCOC(=O)C1=C(C)NC(=O)NC1c1cccc(Br)c1,202277-52-9
NC1=NC=NC2=C1C(=CC(=N2)C1=CN=C(C=C1)N1CCOCC1)C1=CC=CC(Br)=C1,8801663,Nc1ncnc2nc(-c3ccc(N4CCOCC4)nc3)cc(-c3cccc(Br)c3)c12,0
CC(C)(C)OC(=O)N1CCC(CC1)OC1=CC=C(Br)C=C1,15414745,CC(C)(C)OC(=O)N1CCC(Oc2ccc(Br)cc2)CC1,308386-38-1
COC(=O)C1=CC(OC(F)(F)F)=C(Br)C=C1,15640546,COC(=O)c1ccc(Br)c(OC(F)(F)F)c1,957206-36-9
NS(=O)(=O)NCCNC1=NON=C1C1=NOC(=O)N1C1=CC=C(F)C(Br)=C1,26834852,NS(=O)(=O)NCCNc1nonc1-c1noc(=O)n1-c1ccc(F)c(Br)c1,1204669-70-4
BrC1=CC(=CC=C1)N1CCNCC1,610722,Brc1cccc(N2CCNCC2)c1,31197-30-5
CC1=NN(C(=O)C1)C1=CC=C(Br)C=C1,745723,CC1=NN(c2ccc(Br)cc2)C(=O)C1,14580-15-5
CSC1=C(C#N)C(=O)OC(=C1)C1=CC=C(Br)C=C1,1383616,CSc1cc(-c2ccc(Br)cc2)oc(=O)c1C#N,61380-87-8
BrC1=CC=CC2=C(C=CC=C12)N(=O)=O,1874666,O=[N+]([O-])c1cccc2c(Br)cccc12,5328-76-7
CC(=CC1=CC=C(Br)C=C1)N(=O)=O,2047928,CC(=Cc1ccc(Br)cc1)[N+](=O)[O-],21892-60-4
COC1=C(Br)C=C(C=C1)C(C)(C)C,2087236,COc1ccc(C(C)(C)C)cc1Br,41280-65-3
BrC1=CC=CC2=C1C=CC1=CC3=C(C=CC=C3)C=C21,2456810,Brc1cccc2c1ccc1cc3ccccc3cc12,61921-39-9
CCOC(=O)C(Br)C1=CC=C(Br)C=C1,2616735,CCOC(=O)C(Br)c1ccc(Br)cc1,77143-76-1
COC(=O)C1=CC(OC)=C(Br)C(OC)=C1,2698476,COC(=O)c1cc(OC)c(Br)c(OC)c1,26050-64-6
CC1=CC=C(C=C1)S(=O)(=O)NC1=C(Br)C=CC=C1,2812295,Cc1ccc(S(=O)(=O)Nc2ccccc2Br)cc1,1024-38-0
CC(=O)C1=CC(Cl)=CC=C1Br,3089073,CC(=O)c1cc(Cl)ccc1Br,935-99-9
COC(=O)C(=O)\C=C\C1=CC=C(Br)C=C1,3200163,COC(=O)C(=O)/C=C/c1ccc(Br)cc1,104093-34-7
OCC(O)C1=CC=C(Br)C=C1,3246267,OCC(O)c1ccc(Br)cc1,92093-23-7
COC1=CC(C=O)=C(Br)C(OC)=C1,3250027,COc1cc(C=O)c(Br)c(OC)c1,85565-93-1
OC1(CC1)C1=CC=C(Br)C=C1,4859742,OC1(c2ccc(Br)cc2)CC1,109240-30-4
CC(=NNS(=O)(=O)C1=CC=C(C)C=C1)C1=CC=C(Br)C=C1,4875795,CC(=NNS(=O)(=O)c1ccc(C)cc1)c1ccc(Br)cc1,75230-51-2
BrC1=CC=C(C=C1)C1=CC=C(S1)C1=CC=CC=C1,7026218,Brc1ccc(-c2ccc(-c3ccccc3)s2)cc1,118621-30-0
BrC1=CC(=CC(=C1)C#N)C#N,7127511,N#Cc1cc(Br)cc(C#N)c1,160892-07-9
FC1=C(Br)C=C(C=O)C(=C1)N(=O)=O,8054034,O=Cc1cc(Br)c(F)cc1[N+](=O)[O-],213382-45-7
CC(C)(C)C1=CC2=C(C=C1)N(C1=C2C=C(C=C1)C(C)(C)C)C1=CC=C(Br)C=C1,9426118,CC(C)(C)c1ccc2c(c1)c1cc(C(C)(C)C)ccc1n2-c1ccc(Br)cc1,601454-33-5
CON(C)C(=O)C1=CC=C(Br)C=C1F,9552668,CON(C)C(=O)c1ccc(Br)cc1F,801303-33-3
CCC1=CC(C)=CC(CC)=C1Br,9760218,CCc1cc(C)cc(CC)c1Br,314084-61-2
COC(=O)C1=CC=C(Br)C(C=O)=C1,10335704,COC(=O)c1ccc(Br)c(C=O)c1,858124-35-3
BrC1=CC2=C(C3=CC=CC4=C3C=CC=C4)C3=C(C=CC=C3)C(C3=CC=CC4=C3C=CC=C4)=C2C=C1,18671090,Brc1ccc2c(-c3cccc4ccccc34)c3ccccc3c(-c3cccc4ccccc34)c2c1,929031-39-0
CC(C)(C)OC(=O)NCCNC1=NON=C1C1=NOC(=O)N1C1=CC(Br)=C(F)C=C1,19867612,CC(C)(C)OC(=O)NCCNc1nonc1-c1noc(=O)n1-c1ccc(F)c(Br)c1,1204669-68-0
CC(N)(CO)C1=CC(Br)=CC=C1,21011953,CC(N)(CO)c1cccc(Br)c1,1183013-69-5
FC1=C(Br)C=C(S)C=C1,22701644,Fc1ccc(S)cc1Br,942473-85-0
C[Si](C)(C)OC1=C(Cl)C=C(Br)C=C1,28590907,C[Si](C)(C)Oc1ccc(Br)cc1Cl,0
CC1=CC=C(C)N1C1=CC=C(Br)C=C1,139114,Cc1ccc(C)n1-c1ccc(Br)cc1,5044-24-6
BrC1=CC=C(C=C1)N1C=CC=C1,1307254,Brc1ccc(-n2cccc2)cc1,5044-39-3
CSC(SC)=CC(=O)C1=CC=C(Br)C=C1,2047756,CSC(=CC(=O)c1ccc(Br)cc1)SC,39580-38-6
BrC1=CC=C(CI)C=C1,2078700,Brc1ccc(CI)cc1,55883-45-9
BrC1=C(C=CC=C1)C(=C)C1=CC=CC=C1,2251919,C=C(c1ccccc1)c1ccccc1Br,24892-82-8
BrCC1=CC(CBr)=CC(Br)=C1,2359124,BrCc1cc(Br)cc(CBr)c1,51760-23-7
BrC1=CC(NC2=CC=CC=C2)=CC=C1,2719374,Brc1cccc(Nc2ccccc2)c1,88280-58-4
NC1=C(CO)C=C(Br)C=C1F,2804464,Nc1c(F)cc(Br)cc1CO,0
CC1=C(N)C(=CC(Br)=C1)N(=O)=O,3530524,Cc1cc(Br)cc([N+](=O)[O-])c1N,77811-44-0
BrC1=C(CCC=O)C=CC=C1,4799355,O=CCCc1ccccc1Br,107408-16-2
COC1=CC=C(C=C1)C#CC1=CC=CC=C1Br,5335833,COc1ccc(C#Cc2ccccc2Br)cc1,149457-45-4
FC(F)=CC1=CC=C(Br)C=C1,5923035,FC(F)=Cc1ccc(Br)cc1,84750-93-6
COC(=O)C1=CC(F)=CC(Br)=C1,10531190,COC(=O)c1cc(F)cc(Br)c1,334792-52-8
ClC1=CC(Br)=CC(=C1)C#N,11139132,N#Cc1cc(Cl)cc(Br)c1,0
COC1=CC(=CC=C1Br)C(C)C,14442618,COc1cc(C(C)C)ccc1Br,820258-23-9
COC(=O)C1=CC(=CC(Br)=C1)C1=NC=C(C)C=C1,19195055,COC(=O)c1cc(Br)cc(-c2ccc(C)cn2)c1,1149752-92-0
CC1=C(Br)C=CC(O[Si](C)(C)C)=C1Cl,28590929,Cc1c(Br)ccc(O[Si](C)(C)C)c1Cl,0
OC1=CC=CC=C1C(=O)C=CC1=CC=C(Br)C=C1,1967423,O=C(C=Cc1ccc(Br)cc1)c1ccccc1O,0
CC1=CC=C(C=C1)S(=O)(=O)CC(=O)C1=CC=C(Br)C=C1,1990243,Cc1ccc(S(=O)(=O)CC(=O)c2ccc(Br)cc2)cc1,31377-97-6
CC(C)(C)OC(=O)C1=CC=CC(Br)=C1,2252614,CC(C)(C)OC(=O)c1cccc(Br)c1,69038-74-0
CCS(=O)(=O)C1=CC=C(Br)C=C1,2257089,CCS(=O)(=O)c1ccc(Br)cc1,26732-20-7
BrC1=CC=C(C=C1)C(=O)N=C=S,2360798,O=C(N=C=S)c1ccc(Br)cc1,66090-34-4
CC(C)(CO)C1=CC=C(Br)C=C1,2438708,CC(C)(CO)c1ccc(Br)cc1,32454-37-8
OC(=O)[C@H]1C[C@@H]1C1=CC=C(Br)C=C1,2615857,O=C(O)[C@H]1C[C@@H]1c1ccc(Br)cc1,1123620-89-2
COC(=O)C1=C(OC)C=C(OC)C(Br)=C1,2645923,COC(=O)c1cc(Br)c(OC)cc1OC,39503-51-0
CC(=O)C1=CC(Br)=C(N)C=C1,2716528,CC(=O)c1ccc(N)c(Br)c1,56759-32-1
FC(F)(F)C(=O)NC1=C(Br)C=CC=C1,2727378,O=C(Nc1ccccc1Br)C(F)(F)F,2727-71-1
CC1=C(Br)C=CC(=C1)S(C)(=O)=O,3247100,Cc1cc(S(C)(=O)=O)ccc1Br,99769-28-5
COC1=C(OC)C=C(C(Cl)=O)C(Br)=C1,3608379,COc1cc(Br)c(C(=O)Cl)cc1OC,55171-61-4
FC1=C(CBr)C=C(Br)C=C1,5924446,Fc1ccc(Br)cc1CBr,99725-12-9
COC1=CC(Br)=C(F)C=C1,7004851,COc1ccc(F)c(Br)c1,0
CC1=C(Br)C=C(C(F)=C1)N(=O)=O,7370262,Cc1cc(F)c([N+](=O)[O-])cc1Br,170098-98-3
CC(C)(C)[Si](C)(C)OC1=CC(Cl)=C(Br)C=C1,8906063,CC(C)(C)[Si](C)(C)Oc1ccc(Br)c(Cl)c1,0
CN1CCN(CC1)C(=O)C1=CC=C(Br)C=C1,11247553,CN1CCN(C(=O)c2ccc(Br)cc2)CC1,349395-87-5
COC(=O)C1=CC(Br)=CC(C)=C1,14222350,COC(=O)c1cc(C)cc(Br)c1,478375-40-5
CC(C)(C)OC(=O)N1CCN(CC1)C1=C(Br)C=CC=C1,14304276,CC(C)(C)OC(=O)N1CCN(c2ccccc2Br)CC1,494773-35-2
COC(=O)C1=CC(Br)=CC(N)=C1N,14438252,COC(=O)c1cc(Br)cc(N)c1N,1248541-63-0
CC(C)(C)OC(=O)N1CCN(CC1)C(=O)C1=CC=C(Br)C=C1,14460290,CC(C)(C)OC(=O)N1CCN(C(=O)c2ccc(Br)cc2)CC1,867333-30-0
OC(=O)CN1N=NC(=N1)C1=CC(=NO1)N1CCC(CC1)OC1=C(Br)C=CC(F)=C1,18339400,O=C(O)Cn1nnc(-c2cc(N3CCC(Oc4cc(F)ccc4Br)CC3)no2)n1,1030612-90-8
FC1=CC(Br)=C(C=O)C=C1F,20365202,O=Cc1cc(F)c(F)cc1Br,476620-54-9
CC(N)(C(O)=O)C1=C(F)C=CC(Br)=C1,21196732,CC(N)(C(=O)O)c1cc(Br)ccc1F,1266784-23-9
BrC1=CC=C(OC2=NC=CC=C2)C=C1,142274,Brc1ccc(Oc2ccccn2)cc1,4783-82-8
BrC1=CC=C(CN2CCNCC2)C=C1,156352,Brc1ccc(CN2CCNCC2)cc1,91345-62-9
BrC1=CC=C(C=C1)C(=O)N1CCCCC1,159711,O=C(c1ccc(Br)cc1)N1CCCCC1,98612-93-2
BrC1=CC=C(COC2CCCCO2)C=C1,1374294,Brc1ccc(COC2CCCCO2)cc1,17100-68-4
BrCCC1=CC=CC=C1Br,1636065,BrCCc1ccccc1Br,1074-15-3
CSC1=CC=C(Br)C(C)=C1,1933866,CSc1ccc(Br)c(C)c1,90532-02-8
CC1=C(C=CC(Br)=C1)N(=O)=O,1946066,Cc1cc(Br)ccc1[N+](=O)[O-],52414-98-9
COC(=O)C1=CC(=CC(Br)=C1)N(=O)=O,1970763,COC(=O)c1cc(Br)cc([N+](=O)[O-])c1,6307-87-5
CCOC(=O)C(=CC1=CC=C(Br)C=C1)C(=O)OCC,1990912,CCOC(=O)C(=Cc1ccc(Br)cc1)C(=O)OCC,22399-01-5
COC1=CC(Br)=C(C=O)C=C1OCC1=CC=CC=C1,2058302,COc1cc(Br)c(C=O)cc1OCc1ccccc1,6451-86-1
CCOC(=O)C(=O)CC(=O)C1=CC=C(Br)C=C1,2119715,CCOC(=O)C(=O)CC(=O)c1ccc(Br)cc1,40155-54-2
BrC1=C(C=CC=C1)C1CCCCC1,2365764,Brc1ccccc1C1CCCCC1,59734-92-8
COC(=O)C1=C(Br)C=C(N)C=C1,2717682,COC(=O)c1ccc(N)cc1Br,98545-64-3
CC(=O)C(Cl)=NNC1=CC=C(Br)C=C1,3091972,CC(=O)C(Cl)=NNc1ccc(Br)cc1,18247-79-5
ClC1=C(C=CC(Br)=C1)S(Cl)(=O)=O,3271344,O=S(=O)(Cl)c1ccc(Br)cc1Cl,0
[H][C@@](CC1=CC=C(OC(=O)OCC2=CC=CC=C2Br)C=C1)(NC(=O)OC(C)(C)C)C(O)=O,3598852,CC(C)(C)OC(=O)N[C@@H](Cc1ccc(OC(=O)OCc2ccccc2Br)cc1)C(=O)O,47689-67-8
C[C@H](N)C1=CC(Br)=CC=C1,4798483,C[C@H](N)c1cccc(Br)c1,0
CC1(C)COC(OC1)C1=CC=C(Br)C=C1,5905910,CC1(C)COC(c2ccc(Br)cc2)OC1,105114-53-2
BrC1=CC=C(C=C1)C1CC(=O)C1,8405203,O=C1CC(c2ccc(Br)cc2)C1,254892-91-6
COC(=O)C1=C(Br)C=CC(=C1)C(F)(F)F,9048508,COC(=O)c1cc(C(F)(F)F)ccc1Br,0
NC1=C(F)C(F)=C(Br)C=C1,13501739,Nc1ccc(Br)c(F)c1F,112279-72-8
CC(C)(C)C1=CC(=CC2=CC(Br)=CC=C2)C=C(C1=O)C(C)(C)C,23934942,CC(C)(C)C1=CC(=Cc2cccc(Br)c2)C=C(C(C)(C)C)C1=O,0
BrC1=CC=C(C=C1)C1=NOC(=O)O1,28081729,O=c1onc(-c2ccc(Br)cc2)o1,0
CC1=CC(C)=C(O)C(Br)=C1,1936270,Cc1cc(C)c(O)c(Br)c1,15191-36-3
OC(=O)C1=C(Br)C=CC=C1Cl,1948619,O=C(O)c1c(Cl)cccc1Br,93224-85-2
CCOC1=CC=CC(Br)=C1,2079752,CCOc1cccc(Br)c1,2655-84-7
NC1=C(C=C(Cl)C=C1Br)N(=O)=O,2102658,Nc1c(Br)cc(Cl)cc1[N+](=O)[O-],827-25-8
CC(C)OC1=CC=CC(Br)=C1,4176950,CC(C)Oc1cccc(Br)c1,131738-73-3
BrC1=CC(CN=N#N)=CC=C1,4904916,[N-]=[N+]=NCc1cccc(Br)c1,126799-86-8
[H][C@](N)(CC1=CC(Br)=CC=C1)C(O)=O,8764457,N[C@@H](Cc1cccc(Br)c1)C(=O)O,82311-69-1
FC1=CC=C(Br)C=C1C(=O)C(F)(F)F,9622366,O=C(c1cc(Br)ccc1F)C(F)(F)F,617706-15-7
COC1=CC(Br)=CC(C(O)=O)=C1N,15583939,COc1cc(Br)cc(C(=O)O)c1N,864293-44-7
COC(=O)C(C)(N)C1=C(F)C=CC(Br)=C1,21196727,COC(=O)C(C)(N)c1cc(Br)ccc1F,1266784-18-2
[H][C@]12CC[C@]([H])(C1)N([C@@H]2C(=O)NC1=CC=C(Br)C=C1N)C(=O)OC(C)(C)C,23926158,CC(C)(C)OC(=O)N1[C@H](C(=O)Nc2ccc(Br)cc2N)[C@H]2CC[C@@H]1C2,1256387-73-1
COC(=O)C1=C(CBr)NC(=N[C@H]1C1=C(Br)C=C(F)C=C1)C1=NC=CS1,27487873,COC(=O)C1=C(CBr)NC(c2nccs2)=N[C@H]1c1ccc(F)cc1Br,0
CS(=O)(=O)C1=C(Br)C=CC=C1,1945785,CS(=O)(=O)c1ccccc1Br,33951-33-6
ClC1=C(Br)C(=CC=C1)N(=O)=O,1950417,O=[N+]([O-])c1cccc(Cl)c1Br,19128-48-4
COC1=CC=C(C=CC(=O)C2=CC=C(Br)C=C2)C=C1,1972990,COc1ccc(C=CC(=O)c2ccc(Br)cc2)cc1,51863-81-1
CCC(O)C1=CC=C(Br)C=C1,2085622,CCC(O)c1ccc(Br)cc1,4489-22-9
CC1=CC(Br)=CC(C)=C1C(O)=O,2091896,Cc1cc(Br)cc(C)c1C(=O)O,74346-19-3
FC(F)(F)C1=C(Br)C=CC(C=O)=C1,2263544,O=Cc1ccc(Br)c(C(F)(F)F)c1,34328-47-7
COC1=C(OC)C=C(C(Br)=C1)N(=O)=O,2270367,COc1cc(Br)c([N+](=O)[O-])cc1OC,51072-66-3
BrC1=CC=C(CCC=C)C=C1,2355860,C=CCCc1ccc(Br)cc1,15451-32-8
CC(C)C1=CC(=CC(Br)=C1)C(C)C,2440148,CC(C)c1cc(Br)cc(C(C)C)c1,23058-81-3
NC1=C2C(Br)=CC=CC2=CC=C1,2803025,Nc1cccc2cccc(Br)c12,62456-34-2
CP(C)(=O)C1=CC=C(Br)C=C1,2935911,CP(C)(=O)c1ccc(Br)cc1,4648-59-3
OC1=C(Br)C=CC(=C1)C(F)(F)F,3253343,Oc1cc(C(F)(F)F)ccc1Br,402-05-1
CC1=CC(Br)=C(C=C1N(=O)=O)C#N,3278475,Cc1cc(Br)c(C#N)cc1[N+](=O)[O-],0
CCOC(=O)C(Br)C(=O)C1=CC=C(Br)C=C1,5024227,CCOC(=O)C(Br)C(=O)c1ccc(Br)cc1,87943-97-3
CC1=NNC2=C1C(C1=CC=C(Br)C=C1)C(C#N)=C(N)O2,5092511,Cc1n[nH]c2c1C(c1ccc(Br)cc1)C(C#N)=C(N)O2,89607-40-9
BrC1=CC=C(C=CC2=CC=CC=C2)C=C1,8132084,Brc1ccc(C=Cc2ccccc2)cc1,4714-24-3
C[C@@H](NC(=O)OC(C)(C)C)C1=CC=C(Br)C=C1,10158951,C[C@@H](NC(=O)OC(C)(C)C)c1ccc(Br)cc1,578729-21-2
CC(F)(F)C1=C(F)C=CC(Br)=C1,13904854,CC(F)(F)c1cc(Br)ccc1F,0
OCC1=CC(F)=CC(Br)=C1,15732695,OCc1cc(F)cc(Br)c1,216755-56-5
CCOC(=O)C(=CNC1=CC(F)=C(Br)C=C1)C(=O)OCC,19339923,CCOC(=O)C(=CNc1ccc(Br)c(F)c1)C(=O)OCC,953803-86-6
CC1=NOC(=C1CO)C1=CC=C(Br)C=C1,21280507,Cc1noc(-c2ccc(Br)cc2)c1CO,1280205-98-2
FC1=CC(I)=CC(F)=C1Br,30279635,Fc1cc(I)cc(F)c1Br,0
BrC1=CC=C(C=C1)S(=O)(=O)N1CCCCC1,213266,O=S(=O)(c1ccc(Br)cc1)N1CCCCC1,834-66-2
BrC1=CC=C(OCC2CO2)C=C1,383686,Brc1ccc(OCC2CO2)cc1,2212-06-8
OC1=C(Cl)C=C(Br)C(Cl)=C1,1865022,Oc1cc(Cl)c(Br)cc1Cl,1940-42-7
NC(=N)C1=CC=CC(Br)=C1,1933256,N=C(N)c1cccc(Br)c1,26157-85-7
CCOC(=O)C=CC1=CC=C(Br)C=C1,1946570,CCOC(=O)C=Cc1ccc(Br)cc1,0
CC(=O)C1=CC(Br)=C(O)C=C1,2043262,CC(=O)c1ccc(O)c(Br)c1,1836-06-2
NC1=C(C=C(Br)C=C1)C(=O)C1=CC=CC=C1F,2216152,Nc1ccc(Br)cc1C(=O)c1ccccc1F,1479-58-9
BrC1=CC=CC2=CC3=CC=CC=C3C=C12,2256139,Brc1cccc2cc3ccccc3cc12,7397-92-4
BrC1=CC=C(\C=C/C2=CC=CC=C2)C=C1,2413942,Brc1ccc(/C=C\c2ccccc2)cc1,0
CC1=CC(Br)=CC(C)=C1C,2433724,Cc1cc(Br)cc(C)c1C,32591-43-8
CCC1=CC=CC(CC)=C1Br,2501180,CCc1cccc(CC)c1Br,65232-57-7
CN(C)CC1=CC=CC=C1Br,2690152,CN(C)Cc1ccccc1Br,1976-04-1
COC1=C(OC)C=C(CCN)C(Br)=C1,2806289,COc1cc(Br)c(CCN)cc1OC,63375-81-5
OC(=O)CC(=O)NC1=CC=C(Br)C=C1,2841990,O=C(O)CC(=O)Nc1ccc(Br)cc1,95262-09-2
ClC(=O)C1=C(Br)C=C(Cl)C=C1,3089720,O=C(Cl)c1ccc(Cl)cc1Br,116779-74-9
ClC(=O)C1=CC=C(Br)C2=C1C=CC=C2,4397691,O=C(Cl)c1ccc(Br)c2ccccc12,87700-65-0
BrC1=CC=C(OCC2=CC=CC=C2)C=C1C=O,5337066,O=Cc1cc(OCc2ccccc2)ccc1Br,85604-06-4
COC(=O)C1=CC(O)=CC=C1Br,9845454,COC(=O)c1cc(O)ccc1Br,154607-00-8
FC1=C(Br)C=CC(Cl)=C1C=O,11436592,O=Cc1c(Cl)ccc(Br)c1F,886615-30-1
CC(C)(C)OC(=O)N1CC(F)(F)C[C@H]1C1=NC=C(N1)C1=CC=C(Br)C=C1,15627803,CC(C)(C)OC(=O)N1CC(F)(F)C[C@H]1c1ncc(-c2ccc(Br)cc2)[nH]1,1007882-05-4
BrC1=CC=CC(=C1)C1=NC2=C(O1)C=CC=C2,15790737,Brc1cccc(-c2nc3ccccc3o2)c1,99586-31-9
BrC1=CC(=CC=C1)C1=C2C=CC=CC2=C(C2=CC=CC=C2)C2=C1C=CC=C2,18314628,Brc1cccc(-c2c3ccccc3c(-c3ccccc3)c3ccccc23)c1,1023674-80-7
CC(C)(C)OC(=O)N=CC1=CC=C(Br)C=C1,19304482,CC(C)(C)OC(=O)N=Cc1ccc(Br)cc1,479423-43-3
CC(N)(C#N)C1=CC(Br)=CC=C1,21011954,CC(N)(C#N)c1cccc(Br)c1,953741-63-4
BrC1=CC=C(C=C1)C1=NN=CO1,131159,Brc1ccc(-c2nnco2)cc1,41420-90-0
BrC1=CC=C(C=C1)C(=O)CSC#N,515954,N#CSCC(=O)c1ccc(Br)cc1,65679-14-3
BrC1=CC=C(C=C1)N=NC1=CC=CC=C1,744001,Brc1ccc(N=Nc2ccccc2)cc1,4418-84-2
OC1=C(C=C(Br)C=C1)C1=NC2=CC=CC=C2S1,1121066,Oc1ccc(Br)cc1-c1nc2ccccc2s1,6344-17-8
CNC(=O)C1=CC(Br)=CC=C1,1940826,CNC(=O)c1cccc(Br)c1,49834-22-2
CC1=C(C(Br)=CC=C1)N(=O)=O,2255082,Cc1cccc(Br)c1[N+](=O)[O-],52414-97-8
CC(C)(C=O)C1=CC=C(Br)C=C1,2436347,CC(C)(C=O)c1ccc(Br)cc1,32454-16-3
CC(C)(C)OC1=CC=C(Br)C=C1,2516411,CC(C)(C)Oc1ccc(Br)cc1,60876-70-2
COC1=CC(Br)=C(Cl)C=C1,2517308,COc1ccc(Cl)c(Br)c1,2732-80-1
BrC1=C(\C=C\C=O)C=CC=C1,3125660,O=C/C=C/c1ccccc1Br,0
NC1=C(C=CC=C1Br)C#N,5924406,N#Cc1cccc(Br)c1N,114344-60-4
BrCC1=CC=CC(Br)=C1CBr,7127556,BrCc1cccc(Br)c1CBr,127168-82-5
FC(F)C(=O)C1=CC=C(Br)C=C1,7369495,O=C(c1ccc(Br)cc1)C(F)F,173974-88-4
CC(C)(C)[Si](C)(C)OC1=CC2=C(C=C1)C=C(Br)C=C2,7531617,CC(C)(C)[Si](C)(C)Oc1ccc2cc(Br)ccc2c1,100751-65-3
FC(F)(F)C1=CC(=CC(Br)=C1)N(=O)=O,11441577,O=[N+]([O-])c1cc(Br)cc(C(F)(F)F)c1,630125-49-4
COC(=O)C1=C(Cl)C=C(Br)C=C1CBr,11706105,COC(=O)c1c(Cl)cc(Br)cc1CBr,0
FC(F)(F)C1=CC(Br)=C(C=C1)S(Cl)(=O)=O,13267247,O=S(=O)(Cl)c1ccc(C(F)(F)F)cc1Br,0
FC1=C(Br)C=C(C=C1)N1C(=O)ON=C1C1=NON=C1NC(=O)C(F)(F)F,15018772,O=C(Nc1nonc1-c1noc(=O)n1-c1ccc(F)c(Br)c1)C(F)(F)F,914471-60-6
CSC1=CC(F)=C(Br)C=C1,15629698,CSc1ccc(Br)c(F)c1,917562-25-5
O[C@H](CN(=O)=O)C1=CC=C(Br)C=C1,19157465,O=[N+]([O-])C[C@@H](O)c1ccc(Br)cc1,1095419-87-6
COC(=O)C1=C(ON=C1C)C1=CC=C(Br)C=C1,20330211,COC(=O)c1c(C)noc1-c1ccc(Br)cc1,1228689-61-9
NC1=CC=C(Br)C(F)=C1C(O)=O,20552250,Nc1ccc(Br)c(F)c1C(=O)O,0
CS(=O)(=O)C1=CC=C(OCC2CC2)C(Br)=C1,28011086,CS(=O)(=O)c1ccc(OCC2CC2)c(Br)c1,0
CC(C)(C)OC(=O)N[C@@H](CC=C)C1=CC(Br)=CC=C1,28603615,C=CC[C@H](NC(=O)OC(C)(C)C)c1cccc(Br)c1,0
CC1(NC(=O)NC1=O)C1=CC=C(Br)C=C1,15104,CC1(c2ccc(Br)cc2)NC(=O)NC1=O,6320-50-9
CC(=O)OC1=C(Br)C=CC=C1,1865643,CC(=O)Oc1ccccc1Br,1829-37-4
CN(C)CCOC1=CC=C(Br)C=C1,1869679,CN(C)CCOc1ccc(Br)cc1,2474-07-9
CC1=C(Br)C=CC=C1C(F)(F)F,2444674,Cc1c(Br)cccc1C(F)(F)F,69902-83-6
CC1=C(C=CC=C1Br)C#N,2574075,Cc1c(Br)cccc1C#N,52780-15-1
BrC1=CC(\C=C\C(=O)C2=CC=CC=C2)=CC=C1,2615214,O=C(/C=C/c1cccc(Br)c1)c1ccccc1,29816-74-8
BrC1=CC(NC2=CC=CC=C2)=C(C=C1)N(=O)=O,2738915,O=[N+]([O-])c1ccc(Br)cc1Nc1ccccc1,6311-47-3
CC(=O)NC1=C(Br)C=C(F)C=C1,2803940,CC(=O)Nc1ccc(F)cc1Br,1009-22-9
BrC1=CC(=CC=C1)C(=O)CC#N,3031012,N#CCC(=O)c1cccc(Br)c1,70591-86-5
CC(=O)CCC1=CC=C(Br)C=C1,4386794,CC(=O)CCc1ccc(Br)cc1,89201-84-3
CC1(C)COB(OC1)C1=CC=C(Br)C=C1,9326688,CC1(C)COB(c2ccc(Br)cc2)OC1,183677-71-6
C[Si](C)(C)C#CC1=CC=C(Cl)C=C1Br,11060818,C[Si](C)(C)C#Cc1ccc(Cl)cc1Br,0
ClC1=C(Br)C=CC(CBr)=C1,13320163,Clc1cc(CBr)ccc1Br,68120-44-5
COC1=CC(Br)=CC(=C1N)N(=O)=O,14438249,COc1cc(Br)cc([N+](=O)[O-])c1N,77333-45-0
COC(=O)C1=C(C)C=C(Br)C=C1Cl,14518076,COC(=O)c1c(C)cc(Br)cc1Cl,877149-10-5
ClCC1=C(Br)C=CC(I)=C1,15533134,ClCc1cc(I)ccc1Br,946525-31-1
CC(C)(C)S(=O)\N=C\C1=CC(Br)=CC=C1,15602986,CC(C)(C)S(=O)/N=C/c1cccc(Br)c1,0
CCC1=C(I)C=CC(Br)=C1,19327194,CCc1cc(Br)ccc1I,175278-30-5
COCCNC1=NON=C1C1=NOC(=O)N1C1=CC(Br)=C(F)C=C1,19867563,COCCNc1nonc1-c1noc(=O)n1-c1ccc(F)c(Br)c1,1204669-63-5
FC1=CC(Br)=CC(=C1F)N(=O)=O,27159748,O=[N+]([O-])c1cc(Br)cc(F)c1F,0
COC1=CC=C(COCC2=CC(Br)=CC=C2C)C=C1,28440815,COc1ccc(COCc2cc(Br)ccc2C)cc1,0
BrC1=CC=C(C=C1)C(=O)CS(=O)(=O)C1=CC=CC=C1,1884497,O=C(CS(=O)(=O)c1ccccc1)c1ccc(Br)cc1,41024-55-9
BrC1=CC(=CC=C1)C(=O)\C=C\C1=CC=CC=C1,1956935,O=C(/C=C/c1ccccc1)c1cccc(Br)c1,0
CC(C)(C)NC(=O)C1=CC=C(Br)C=C1,2089068,CC(C)(C)NC(=O)c1ccc(Br)cc1,42498-38-4
CC(N)C1=CC=CC(Br)=C1,2354572,CC(N)c1cccc(Br)c1,74877-08-0
CC1=C(CBr)C=CC=C1Br,2436169,Cc1c(Br)cccc1CBr,112299-62-4
CC(=O)NC1=C(C)C=C(Br)C=C1,2691020,CC(=O)Nc1ccc(Br)cc1C,24106-05-6
NC1=CC=CC(Br)=C1N(=O)=O,2720387,Nc1cccc(Br)c1[N+](=O)[O-],7138-15-0
COC1=CC=C(C(Br)=C1)N(=O)=O,2804720,COc1ccc([N+](=O)[O-])c(Br)c1,98447-30-4
C[Si](C)(C)C#CC1=CC(Br)=CC=C1,2936640,C[Si](C)(C)C#Cc1cccc(Br)c1,3989-13-7
NC1=CC(C(O)=O)=C(Br)C=C1,3247352,Nc1ccc(Br)c(C(=O)O)c1,2840-02-0
BrC1=C(C=O)C=CC=C1C=O,4740331,O=Cc1cccc(C=O)c1Br,79839-49-9
CCCCC[C@H]1CC[C@@H](CC1)C1=CC=C(Br)C=C1,4805683,CCCCC[C@H]1CC[C@H](c2ccc(Br)cc2)CC1,79832-89-6
OCC1=CC2=C(C=C1)C=C(Br)C=C2,6322971,OCc1ccc2cc(Br)ccc2c1,100751-63-1
FC1=CC(Br)=C(Cl)C=C1,7367912,Fc1ccc(Cl)c(Br)c1,0
FC(F)(F)OC1=CC(Br)=CC=C1I,8258081,FC(F)(F)Oc1cc(Br)ccc1I,0
COC(=O)C(=[N]#N)C1=CC=CC=C1Br,8545105,COC(=O)C(=[N+]=[N-])c1ccccc1Br,264882-02-2
OC(=O)[C@H](CC1=CC=C(Br)C=C1)NC(=O)OCC1C2=C(C=CC=C2)C2=C1C=CC=C2,9358721,O=C(N[C@@H](Cc1ccc(Br)cc1)C(=O)O)OCC1c2ccccc2-c2ccccc21,0
FC1=C(C=CC(Br)=C1)N1CCOCC1,9392828,Fc1cc(Br)ccc1N1CCOCC1,513068-89-8
OCC1=CC(Br)=CC(=C1)C(F)(F)F,11460931,OCc1cc(Br)cc(C(F)(F)F)c1,172023-97-1
COC(=O)C1=C(Br)C=C(C)C(N)=C1,14086295,COC(=O)c1cc(N)c(C)cc1Br,474330-54-6
FC1=CC(C#N)=C(F)C=C1Br,14158759,N#Cc1cc(F)c(Br)cc1F,133541-45-4
BrC1=CC=C(C=C1)N(C1=C2C=CC=CC2=CC=C1)C1=C2C=CC=CC2=CC=C1,14429591,Brc1ccc(N(c2cccc3ccccc23)c2cccc3ccccc23)cc1,690658-64-1
CNC1=C(N)C=C(C=C1Br)C(F)(F)F,14430699,CNc1c(N)cc(C(F)(F)F)cc1Br,859877-15-9
COC1=CC(Br)=CC(C)=C1C#N,14518072,COc1cc(Br)cc(C)c1C#N,877149-05-8
CC(C)(C)OC(=O)N1CCOC(C1)C1=CC=C(Br)C=C1,18997252,CC(C)(C)OC(=O)N1CCOC(c2ccc(Br)cc2)C1,1131220-82-0
CN1C=NC(=N1)C1=CC=C(Br)C=C1,19588698,Cn1cnc(-c2ccc(Br)cc2)n1,1184174-04-6
OCCNC1=NON=C1C1=NOC(=O)N1C1=CC(Br)=C(F)C=C1,19867562,O=c1onc(-c2nonc2NCCO)n1-c1ccc(F)c(Br)c1,1204669-64-6
CC(C)(C)OC(=O)NS(=O)(=O)NCCNC1=NON=C1C1=NOC(=O)N1C1=CC(Br)=C(F)C=C1,19867619,CC(C)(C)OC(=O)NS(=O)(=O)NCCNc1nonc1-c1noc(=O)n1-c1ccc(F)c(Br)c1,1204669-69-1
BrCC1=C(Br)C=C(C=O)C=C1,19974283,O=Cc1ccc(CBr)c(Br)c1,1189765-90-9
BrC1=CC=CC2=CC=CC(C3=CC=CC=C3)=C12,22472713,Brc1cccc2cccc(-c3ccccc3)c12,1121545-24-1
COC1=CC=C(C=C1)C(=C(C1=CC=CC=C1)C1=CC=C(Br)C=C1)C1=CC=C(OC)C=C1,22794994,COc1ccc(C(=C(c2ccccc2)c2ccc(Br)cc2)c2ccc(OC)cc2)cc1,1378502-33-0
CN1C(=O)N(C(=O)C2=C1C(F)=CC=C2)C1=C(C)C(Br)=CC=C1,27602480,Cc1c(Br)cccc1-n1c(=O)c2cccc(F)c2n(C)c1=O,0
BrC1=C(C=CC=C1)C1=NN=NN1,148567,Brc1ccccc1-c1nnn[nH]1,73096-42-1
CN1CCN(CC2=CC=C(Br)C=C2)CC1,172825,CN1CCN(Cc2ccc(Br)cc2)CC1,368879-17-8
FC(F)C1=CC=C(Br)C=C1,1936252,FC(F)c1ccc(Br)cc1,51776-71-7
CC1=C2C=CC=CC2=C(Br)C2=C1C=CC=C2,1957715,Cc1c2ccccc2c(Br)c2ccccc12,23674-17-1
COC1=CC(N)=CC(Br)=C1,2082682,COc1cc(N)cc(Br)c1,16618-68-1
CN(C)C(=O)C1=CC(Br)=CC=C1,2089030,CN(C)C(=O)c1cccc(Br)c1,24167-51-9
BrC1=C(C=CC=C1)C1=CC=CC=C1I,2093367,Brc1ccccc1-c1ccccc1I,39655-12-4
BrC1=CC=C(C=C1)C12CC3CC(CC(C3)C1)C2,2418074,Brc1ccc(C23CC4CC(CC(C4)C2)C3)cc1,2245-43-4
BrC1=C(C=CC=C1)C1=CC=CC=C1C1=CC=CC=C1,2527142,Brc1ccccc1-c1ccccc1-c1ccccc1,75295-57-7
FC1=CC(C(Cl)=O)=C(Br)C=C1,2575969,O=C(Cl)c1cc(F)ccc1Br,111771-13-2
COC1=C(OC)C=C(C(C)=O)C(Br)=C1,2578555,COc1cc(Br)c(C(C)=O)cc1OC,74746-10-4
NC1=C(C=O)C=C(Br)C=C1F,2803656,Nc1c(F)cc(Br)cc1C=O,0
COC1=CC(OC)=C(C=C1Br)C(O)=O,2839280,COc1cc(OC)c(C(=O)O)cc1Br,32246-20-1
ClC1=CC=C2C=C(Br)C=CC2=C1,3236942,Clc1ccc2cc(Br)ccc2c1,870822-84-7
COC(=O)C(C(C)=O)C(=O)C1=CC=C(Br)C=C1,5275431,COC(=O)C(C(C)=O)C(=O)c1ccc(Br)cc1,85963-90-2
CC1=CC=C(C=C1)C#CC1=CC=CC=C1Br,5333086,Cc1ccc(C#Cc2ccccc2Br)cc1,38175-73-4
BrC(Br)=CC1=CC=C(Br)C=C1,6918562,BrC(Br)=Cc1ccc(Br)cc1,136350-66-8
BrC1=CC=CC(NC2=C3C=C(C=CC3=NC=N2)N(=O)=O)=C1,7383755,O=[N+]([O-])c1ccc2ncnc(Nc3cccc(Br)c3)c2c1,169205-77-0
CC1=CC(C=O)=CC(C)=C1Br,8974400,Cc1cc(C=O)cc(C)c1Br,400822-47-1
COC1=C(CBr)C=C(Br)C=C1,9617684,COc1ccc(Br)cc1CBr,184970-28-3
CC(C)(C)C1=CC=C(I)C(Br)=C1,10063650,CC(C)(C)c1ccc(I)c(Br)c1,860435-39-8
CC(C)(C)OC(=O)NC1=C(F)C=C(Br)C=C1,10158634,CC(C)(C)OC(=O)Nc1ccc(Br)cc1F,209958-42-9
CC1=CC=CC(I)=C1Br,11215626,Cc1cccc(I)c1Br,0
FC1=CC(OCC(F)(F)F)=C(Br)C=C1,14490888,Fc1ccc(Br)c(OCC(F)(F)F)c1,870063-18-6
FC1=CC(C=O)=C(F)C=C1Br,14623608,O=Cc1cc(F)c(Br)cc1F,357405-75-5
BrC1=C(COC2=CC=CC=C2)C=C(I)C=C1,15533150,Brc1ccc(I)cc1COc1ccccc1,956006-88-5
FC1=C(Cl)C=CC(Br)=C1C=O,19740425,O=Cc1c(Br)ccc(Cl)c1F,1114809-02-7
BrC1=CC(=CC=C1)C1=CC(=NN1)C1=CC2=C(OCO2)C=C1,20096054,Brc1cccc(-c2cc(-c3ccc4c(c3)OCO4)n[nH]2)c1,882697-00-9
CC(C)(C)OC(=O)N[C@@H](CC(O)=O)CC1=CC=C(Br)C=C1,20788544,CC(C)(C)OC(=O)N[C@@H](CC(=O)O)Cc1ccc(Br)cc1,331763-75-8
OC1=C(C=CC(Br)=C1)C1=NC=CN1,21256796,Oc1cc(Br)ccc1-c1ncc[nH]1,1282516-66-8
OC(=O)C1=C(F)C(F)=C(Br)C=C1,22539351,O=C(O)c1ccc(Br)c(F)c1F,194804-91-6
CC1=CC(OCCC(C)(C)O)=CC(C)=C1Br,22585663,Cc1cc(OCCC(C)(C)O)cc(C)c1Br,1294453-62-5
CN(C1CCCC1)C1=CC(Br)=CC(C(=O)NCC2=C(C)C=C(C)NC2=O)=C1C,22917684,Cc1cc(C)c(CNC(=O)c2cc(Br)cc(N(C)C3CCCC3)c2C)c(=O)[nH]1,1403257-15-7
COC1=CC(Br)=CC(OC)=C1C=O,22962382,COc1cc(Br)cc(OC)c1C=O,1354050-38-6
BrC1=CC=C(C=C1)C1=C2C(OC3=CC=CC=C23)=CC=C1,28256435,Brc1ccc(-c2cccc3oc4ccccc4c23)cc1,0
BrC1=CC=C(C=C1)C1=CNN=N1,608542,Brc1ccc(-c2c[nH]nn2)cc1,5301-98-4
BrC1=CC(OC2=NC=CC=C2)=CC=C1,1369167,Brc1cccc(Oc2ccccn2)c1,92545-83-0
CN(C)C1=C(Br)C=C(C=O)C=C1,1636676,CN(C)c1ccc(C=O)cc1Br,56479-63-1
CCOC(=O)COC1=CC=C(Br)C=C1,1961393,CCOC(=O)COc1ccc(Br)cc1,6964-29-0
CC(C)(C)C1=CC(Br)=CC(=C1O[Si](C)(C)C)C(C)(C)C,2217410,CC(C)(C)c1cc(Br)cc(C(C)(C)C)c1O[Si](C)(C)C,27329-74-4
OC(=O)C1=C(C=CC(Br)=C1)N(=O)=O,2267798,O=C(O)c1cc(Br)ccc1[N+](=O)[O-],6950-43-2
CC(C)C1=C(O)C=CC(Br)=C1,2357385,CC(C)c1cc(Br)ccc1O,26307-50-6
CC1=CC=C(C=C1)C(=O)C1=CC=C(Br)C=C1,2615278,Cc1ccc(C(=O)c2ccc(Br)cc2)cc1,76693-57-7
COC(=O)\C=C\C1=C(Br)C=CC=C1,3128744,COC(=O)/C=C/c1ccccc1Br,0
COC(=O)C1=CC=C(C=C1)C1=CC=C(Br)C=C1,3282260,COC(=O)c1ccc(-c2ccc(Br)cc2)cc1,89901-03-1
FC(F)(F)C1=CC(=C(Br)C=C1)C(F)(F)F,6208648,FC(F)(F)c1ccc(Br)c(C(F)(F)F)c1,327-75-3
CC(C)(C)C1=CC=C(C=C1)C1=CC=C(Br)C=C1,7202593,CC(C)(C)c1ccc(-c2ccc(Br)cc2)cc1,162258-89-1
BrC1=CC=C(C=C1)C1COC(=O)O1,8138524,O=C1OCC(c2ccc(Br)cc2)O1,32368-06-2
CC(C)(C)C1=CC=C(C=O)C(Br)=C1,8310299,CC(C)(C)c1ccc(C=O)c(Br)c1,246139-77-5
CON(C)C(=O)C1=CC=CC(Br)=C1,8974802,CON(C)C(=O)c1cccc(Br)c1,207681-67-2
COC1=C(F)C(F)=CC(Br)=C1,9696295,COc1cc(Br)cc(F)c1F,261762-35-0
COC(=O)C1=C(F)C=CC=C1Br,9996000,COC(=O)c1c(F)cccc1Br,820236-81-5
OC(=O)CCCCC1=CC=CC(Br)=C1,10252347,O=C(O)CCCCc1cccc(Br)c1,857480-35-4
CC1=C(F)C=C(Br)C=C1F,13183104,Cc1c(F)cc(Br)cc1F,0
OC(=O)C1=CC(Br)=C(C=C1)C(F)(F)F,14271089,O=C(O)c1ccc(C(F)(F)F)c(Br)c1,581813-17-4
CC(C)(C)OC(=O)N1CCC(CC1)OC1=CC(Br)=CC=C1,14329163,CC(C)(C)OC(=O)N1CCC(Oc2cccc(Br)c2)CC1,790667-54-8
CC(C)OC1=CC(Br)=CC=C1N(=O)=O,14662480,CC(C)Oc1cc(Br)ccc1[N+](=O)[O-],0
CNC1=C(Br)C=CC=C1N,15624551,CNc1c(N)cccc1Br,1150102-47-8
CC(N)(CO)C1=C(F)C=CC(Br)=C1,21196722,CC(N)(CO)c1cc(Br)ccc1F,1266784-24-0
BrC1=CC(=CC=C1)[Si](C1=CC=CC=C1)(C1=CC=CC=C1)C1=CC=CC=C1,21731604,Brc1cccc([Si](c2ccccc2)(c2ccccc2)c2ccccc2)c1,185626-73-7
CN(C1CCOCC1)C1=CC(Br)=CC(C(=O)NCC2=C(C)C=C(C)NC2=O)=C1C,22917686,Cc1cc(C)c(CNC(=O)c2cc(Br)cc(N(C)C3CCOCC3)c2C)c(=O)[nH]1,1403257-51-1
FC1=CC(I)=CC(Br)=C1,24703900,Fc1cc(Br)cc(I)c1,0
BrC1=CC=C(C=C1)C1(COC(=O)O1)C=C,27030343,C=CC1(c2ccc(Br)cc2)COC(=O)O1,1459246-69-5
CC(C)(C)[S@@](=O)N[C@@H](CC=C)C1=CC(Br)=CC(F)=C1,28603617,C=CC[C@H](N[S@](=O)C(C)(C)C)c1cc(F)cc(Br)c1,0
ClC1=CC=CC(I)=C1Br,29932347,Clc1cccc(I)c1Br,0
CC1=C(Br)C=CC=C1OCCCCl,31224191,Cc1c(Br)cccc1OCCCCl,0
C\C=C\C1=CC=C(Br)C=C1,2204382,C/C=C/c1ccc(Br)cc1,0
FC1=C(F)C(C#N)=C(F)C(F)=C1Br,2273288,N#Cc1c(F)c(F)c(Br)c(F)c1F,17823-40-4
OC1=C(C=C(C=C1Br)N(=O)=O)N(=O)=O,2379982,O=[N+]([O-])c1cc(Br)c(O)c([N+](=O)[O-])c1,2316-50-9
CC(C)CC1=CC=C(Br)C=C1,2436282,CC(C)Cc1ccc(Br)cc1,2051-99-2
BrC1=CC=CC(=C1)N=O,2499351,O=Nc1cccc(Br)c1,13125-68-3
CC1=CC=C(C=C1Br)C(Cl)=O,2574144,Cc1ccc(C(=O)Cl)cc1Br,21900-33-4
COC1=CC(OC)=C(OC)C=C1Br,2616329,COc1cc(OC)c(OC)cc1Br,20129-11-7
CC1=CC=C(C=C1)S(=O)(=O)OC1=CC=C(Br)C=C1,2857534,Cc1ccc(S(=O)(=O)Oc2ccc(Br)cc2)cc1,6324-15-8
COC1=CC(Br)=CC(OC)=C1O,3257568,COc1cc(Br)cc(OC)c1O,70654-71-6
NC1=C(C=C(Cl)C=C1Br)C(O)=O,3257944,Nc1c(Br)cc(Cl)cc1C(=O)O,41198-02-1
OCCCCC1=CC=C(Br)C=C1,5501926,OCCCCc1ccc(Br)cc1,75906-36-4
CC(C)[Si](OC1=C(Cl)C=C(Br)C=C1)(C(C)C)C(C)C,11298662,CC(C)[Si](Oc1ccc(Br)cc1Cl)(C(C)C)C(C)C,0
CC(C)(C)NS(=O)(=O)C1=CC=CC(Br)=C1,11461156,CC(C)(C)NS(=O)(=O)c1cccc(Br)c1,308283-47-8
OB(O)C1=C2C=CC=CC2=C(Br)C2=C1C=CC=C2,14454079,OB(O)c1c2ccccc2c(Br)c2ccccc12,641144-16-3
CC1(NC(=O)NC1=O)C1=CC(Br)=CC=C1,15420898,CC1(c2cccc(Br)c2)NC(=O)NC1=O,6943-33-5
CC(C)(C)OC(=O)NCCOC1=CC=CC(Br)=C1,19769729,CC(C)(C)OC(=O)NCCOc1cccc(Br)c1,1098107-26-6
OC(CC#N)C1=CC(Br)=CC=C1,20172664,N#CCC(O)c1cccc(Br)c1,1075178-25-4
COC(=O)C1=C(Br)C=C(C=C1)C(F)(F)F,20480343,COC(=O)c1ccc(C(F)(F)F)cc1Br,1214334-90-3
BrC1=C2C=CC=CC2=C(C=C1)N(C1=CC=CC=C1)C1=CC=CC=C1,22617979,Brc1ccc(N(c2ccccc2)c2ccccc2)c2ccccc12,227314-47-8
CC(C)(C)OC(=O)NNCC1=CC=C(Br)C=C1,22626044,CC(C)(C)OC(=O)NNCc1ccc(Br)cc1,1372807-93-6
CCN([C@H]1CC[C@H](N)CC1)C1=CC(Br)=CC(C(=O)NCC2=C(C)C=C(C)NC2=O)=C1C,23054281,CCN(c1cc(Br)cc(C(=O)NCc2c(C)cc(C)[nH]c2=O)c1C)[C@H]1CC[C@H](N)CC1,1403258-67-2
CC1=NC2=CC=CC=C2N1C1=CC=C(Br)C=C1,182476,Cc1nc2ccccc2n1-c1ccc(Br)cc1,107411-29-0
BrC1=CC=CC=C1C1=CC2=CC=CC=C2N1,1311712,Brc1ccccc1-c1cc2ccccc2[nH]1,88207-45-8
BrC1=C(COC2CCCCO2)C=CC=C1,1371910,Brc1ccccc1COC1CCCCO1,17100-66-2
BrC1=CC=CC2=C1C=CC1=C2C=CC=C1,1949684,Brc1cccc2c1ccc1ccccc12,51958-51-1
BrCC(=O)C1=C2C=CC=CC2=C(Br)C=C1,1961332,O=C(CBr)c1ccc(Br)c2ccccc12,50637-92-8
CCCCC(=O)C1=CC=C(Br)C=C1,2208627,CCCCC(=O)c1ccc(Br)cc1,7295-44-5
COC1=C(OC)C(C=O)=CC(Br)=C1,2259345,COc1cc(Br)cc(C=O)c1OC,71295-21-1
OC(=O)C1=C(C=CC=C1)C(=O)C1=CC=C(Br)C=C1,2274484,O=C(O)c1ccccc1C(=O)c1ccc(Br)cc1,2159-40-2
CC1=CC(=CC=C1Br)C(Cl)=O,2574147,Cc1cc(C(=O)Cl)ccc1Br,21900-25-4
BrC1=CC(=CC=C1C=O)C#N,2638539,N#Cc1ccc(C=O)c(Br)c1,89891-69-0
NC1=CC(C#N)=C(Br)C=C1,2717192,N#Cc1cc(N)ccc1Br,72115-09-4
COC1=CC(CBr)=CC(Br)=C1,5502727,COc1cc(Br)cc(CBr)c1,59297-29-9
OC1=C(C=O)C2=CC=C(Br)C=C2C=C1,5735319,O=Cc1c(O)ccc2cc(Br)ccc12,53815-56-8
COC1=C(C=C(Br)C=C1)C12CC3CC(CC(C3)C1)C2,7432862,COc1ccc(Br)cc1C12CC3CC(CC(C3)C1)C2,104224-63-7
OC1=C(C=O)C=C(Br)C=C1C(F)(F)F,8315991,O=Cc1cc(Br)cc(C(F)(F)F)c1O,251300-30-8
BrC1=CC(CC=O)=CC=C1,9694740,O=CCc1cccc(Br)c1,109347-40-2
CC(C)(C)OC(=O)N1CCC(CC1)(C#N)C1=CC=C(Br)C=C1,10566538,CC(C)(C)OC(=O)N1CCC(C#N)(c2ccc(Br)cc2)CC1,847615-14-9
NCC1=C(Cl)C=C(Br)C=C1,11425494,NCc1ccc(Br)cc1Cl,0
OC1(CCOCC1)C1=CC=C(Br)C=C1,13575855,OC1(c2ccc(Br)cc2)CCOCC1,0
OC(=O)C1=CC(Br)=CC(OC(F)(F)F)=C1,14086992,O=C(O)c1cc(Br)cc(OC(F)(F)F)c1,453565-90-7
NC1=CC(Br)=CC=C1OC(F)(F)F,14748971,Nc1cc(Br)ccc1OC(F)(F)F,886762-08-9
CC(C)(C)OC(=O)N1CCC[C@H]1C1=NC=C(N1)C1=CC(Br)=CC=C1,15627784,CC(C)(C)OC(=O)N1CCC[C@H]1c1ncc(-c2cccc(Br)c2)[nH]1,1007882-08-7
COC1=CC=C(Br)C(C(O)=O)=C1F,15638216,COc1ccc(Br)c(C(=O)O)c1F,935534-45-5
BrC1=CC=C(C=C1)C1=NC=C2C=CC=CC2=N1,20117315,Brc1ccc(-c2ncc3ccccc3n2)cc1,1222094-28-1
COC1=CC(N)=C(C=O)C=C1Br,20552235,COc1cc(N)c(C=O)cc1Br,1036756-11-2
CCN(C1CCN(CC1)C(=O)OC(C)(C)C)C1=C(C)C(=CC(Br)=C1)C(=O)OC,22917673,CCN(c1cc(Br)cc(C(=O)OC)c1C)C1CCN(C(=O)OC(C)(C)C)CC1,1403258-23-0
CC(C)(C)OC(=O)C1=C(OC2=CC3=C(NC=C3)N=C2)C=C(Br)C=C1,27192818,CC(C)(C)OC(=O)c1ccc(Br)cc1Oc1cnc2[nH]ccc2c1,0
BrC1=CC=C(C=C1)N1C=C2C=CC=CC2=N1,156377,Brc1ccc(-n2cc3ccccc3n2)cc1,3682-74-4
BrC1=CC=C(OCCN2CCOCC2)C=C1,982651,Brc1ccc(OCCN2CCOCC2)cc1,836-59-9
ClC(=O)OC1=CC=C(Br)C=C1,1867972,O=C(Cl)Oc1ccc(Br)cc1,7693-44-9
CCOC(=O)C(=C\C1=CC=C(Br)C=C1)\C#N,1880719,CCOC(=O)/C(C#N)=C/c1ccc(Br)cc1,42205-33-4
CC1=CC(Br)=C(C)C=C1N(=O)=O,1948551,Cc1cc([N+](=O)[O-])c(C)cc1Br,15540-81-5
ClC1=CC=C(C=C1Br)N(=O)=O,2089369,O=[N+]([O-])c1ccc(Cl)c(Br)c1,16588-26-4
CC(=C(C#N)C#N)C1=CC=C(Br)C=C1,2210940,CC(=C(C#N)C#N)c1ccc(Br)cc1,26088-78-8
CC(C)C1=CC=C(Br)C(O)=C1,2246604,CC(C)c1ccc(Br)c(O)c1,16606-28-3
COC1=CC=CC(Br)=C1OC,2519879,COc1cccc(Br)c1OC,5424-43-1
COCC1=CC=CC(Br)=C1,2553754,COCc1cccc(Br)c1,1515-89-5
CC(=O)OC1=C(C=C(Br)C=C1)C(O)=O,2695058,CC(=O)Oc1ccc(Br)cc1C(=O)O,1503-53-3
NC1=CC(Br)=C(O)C=C1,2802564,Nc1ccc(O)c(Br)c1,16750-67-7
CN(C)CCC1=CC=C(Br)C=C1,2829316,CN(C)CCc1ccc(Br)cc1,15221-61-1
CC1=CC=C(C=C1)C1=C(Br)C=CC=C1,3241024,Cc1ccc(-c2ccccc2Br)cc1,154542-81-1
COC1=CC=C(Br)C=C1C(=O)CBr,4179528,COc1ccc(Br)cc1C(=O)CBr,67639-58-1
CC(C)(C)[Si](C)(C)OCCC1=CC=C(Br)C=C1,4248502,CC(C)(C)[Si](C)(C)OCCc1ccc(Br)cc1,73899-15-7
BrC1=CC=C(C=C1)C1(CCCC1)C#N,5810824,N#CC1(c2ccc(Br)cc2)CCCC1,143328-19-2
OC\C=C\C1=CC=CC(Br)=C1,5920498,OC/C=C/c1cccc(Br)c1,86610-62-0
CCOC(OCC)C1=CC=CC(Br)=C1,6392356,CCOC(OCC)c1cccc(Br)c1,75148-49-1
BrC1=CC=C(C=C1)C1=CC2=CC=CC=C2O1,7291721,Brc1ccc(-c2cc3ccccc3o2)cc1,0
NCCCC1=CC(Br)=CC=C1,7473915,NCCCc1cccc(Br)c1,174689-12-4
COC1=CC(F)=C(C=O)C=C1Br,10063188,COc1cc(F)c(C=O)cc1Br,473417-48-0
NC1=CC(Br)=CC=C1C#N,10530358,N#Cc1ccc(Br)cc1N,304858-65-9
COC(=O)C1=C(NC2=C(Cl)C=C(Br)C=C2)C(F)=C2N=CNC2=C1,11787695,COC(=O)c1cc2[nH]cnc2c(F)c1Nc1ccc(Br)cc1Cl,606143-46-8
CC1=C(C=CC(Br)=C1)C(=O)OC(C)(C)C,13905476,Cc1cc(Br)ccc1C(=O)OC(C)(C)C,445003-37-2
FC(F)OC1=CC(F)=CC(Br)=C1,14198442,Fc1cc(Br)cc(OC(F)F)c1,433939-28-7
COC(=O)C1=CC(Br)=C(Cl)C=C1N,14418882,COC(=O)c1cc(Br)c(Cl)cc1N,765211-09-4
FC1=C(Br)C=C(I)C=C1,14478737,Fc1ccc(I)cc1Br,811842-30-5
CC(C)(C)OC(=O)NC1=CC(Br)=CC=C1Cl,18344903,CC(C)(C)OC(=O)Nc1cc(Br)ccc1Cl,740806-51-3
FC(F)C1=CC=CC=C1Br,18406222,FC(F)c1ccccc1Br,845866-82-2
BrC1=CC=C(C=C1)C1=NNC=N1,19324098,Brc1ccc(-c2nc[nH]n2)cc1,118863-62-0
COC(=O)C1=CC(CN(C)C)=CC(Br)=C1,19645003,COC(=O)c1cc(Br)cc(CN(C)C)c1,1186520-08-0
CS(=O)(=O)OCCNC1=NON=C1C1=NOC(=O)N1C1=CC(Br)=C(F)C=C1,19867588,CS(=O)(=O)OCCNc1nonc1-c1noc(=O)n1-c1ccc(F)c(Br)c1,1204669-65-7
NCCC(O)C1=CC(Br)=CC=C1,20172665,NCCC(O)c1cccc(Br)c1,1075178-40-3
CN1CC(C2=CC(Br)=CC=C2)C2=CC(Cl)=CC(Cl)=C2C1,20505520,CN1Cc2c(Cl)cc(Cl)cc2C(c2cccc(Br)c2)C1,543737-10-6
COC(=O)OC1=C(C=C(Br)C=C1)C(C)(C)C,21340804,COC(=O)Oc1ccc(Br)cc1C(C)(C)C,873055-66-4
COC(=O)OC1=C(C=C(Br)C(=C1)N(=O)=O)C(C)(C)C,21340836,COC(=O)Oc1cc([N+](=O)[O-])c(Br)cc1C(C)(C)C,873055-67-5
FC(F)C1=C(Br)C=C(Cl)C=C1,21805154,FC(F)c1ccc(Cl)cc1Br,1261476-50-9
COC(=O)C1=C(F)C=C(Br)C=C1Cl,22253512,COC(=O)c1c(F)cc(Br)cc1Cl,1321613-02-8
CCC1=CC(O)=C(F)C=C1Br,23333385,CCc1cc(O)c(F)cc1Br,1421503-38-9
COC(=C(C#N)C#N)C1=CC=C(Br)C=C1,24636369,COC(=C(C#N)C#N)c1ccc(Br)cc1,0
COC(=O)N[C@@H](C(C)C)C(=O)N1CC2(CC2)C[C@H]1C1=NC=C(N1)C1=CC=C(Br)C=C1,26573825,COC(=O)N[C@H](C(=O)N1CC2(CC2)C[C@H]1c1ncc(-c2ccc(Br)cc2)[nH]1)C(C)C,1256389-55-5
CC1=C(NC(=O)C2=C(N)C(F)=CC=C2)C=CC=C1Br,27602478,Cc1c(Br)cccc1NC(=O)c1cccc(F)c1N,0
CCS(=O)(=O)NC1=CC(Br)=C(OC2=C(F)C=C(F)C=C2)C=C1,27748627,CCS(=O)(=O)Nc1ccc(Oc2ccc(F)cc2F)c(Br)c1,0
CC(C)(C)[S@@](=O)\N=C\C1=CC(Br)=CC(F)=C1,28603616,CC(C)(C)[S@@](=O)/N=C/c1cc(F)cc(Br)c1,0
CC(C)OC1=C(C=C(C)C(Br)=C1)N(=O)=O,29353228,Cc1cc([N+](=O)[O-])c(OC(C)C)cc1Br,0
COC1=C(C)C(Br)=C(OC)C2=C1C=CC=C2,1963944,COc1c(C)c(Br)c(OC)c2ccccc12,53772-33-1
CCOC1=C(O)C(Br)=CC(C=O)=C1,2052353,CCOc1cc(C=O)cc(Br)c1O,3111-37-3
NC1=CC=C(C=C1Br)C(O)=O,2086496,Nc1ccc(C(=O)O)cc1Br,6311-37-1
FC1=CC=C(C=C1)C1=CC=C(Br)C=C1,2250850,Fc1ccc(-c2ccc(Br)cc2)cc1,398-21-0
COC(=O)C(=CC1=CC=C(Br)C=C1)C(=O)OC,2280246,COC(=O)C(=Cc1ccc(Br)cc1)C(=O)OC,52927-45-4
CC(=O)C1=CC=C(Br)C=C1N,2717159,CC(=O)c1ccc(Br)cc1N,123858-51-5
CC(C)(C)C(=O)NC1=CC=CC=C1Br,2720070,CC(C)(C)C(=O)Nc1ccccc1Br,65854-92-4
OC(=O)CC(=O)C1=CC=C(Br)C=C1,2832492,O=C(O)CC(=O)c1ccc(Br)cc1,64929-35-7
COC1=CC=CC(Br)=C1C=O,3089204,COc1cccc(Br)c1C=O,126712-07-0
CCCCC(CC)COC1=CC=C(Br)C=C1,8685862,CCCCC(CC)COc1ccc(Br)cc1,164352-24-3
NCC1=CC(Br)=C(F)C=C1,9550772,NCc1ccc(F)c(Br)c1,388072-39-7
CC(O)C1=CC(Br)=CC=C1F,10530492,CC(O)c1cc(Br)ccc1F,552331-15-4
BrC1=CC=CC(=C1)C1=CC=NC=C1,13398681,Brc1cccc(-c2ccncc2)c1,0
BrC1=CC=CC=C1C1=CN2C=CC=CC2=N1,15037954,Brc1ccccc1-c1cn2ccccc2n1,115769-03-4
COC(=O)C1(CC1)C1=CC(Br)=C(N)C=C1,15562135,COC(=O)C1(c2ccc(N)c(Br)c2)CC1,952664-55-0
CCOC(OCC)C(=O)C1=CC(F)=C(Br)C=C1,15614711,CCOC(OCC)C(=O)c1ccc(Br)c(F)c1,1006875-90-6
CC(C)NC1=C(N)C=CC(Br)=C1,18423742,CC(C)Nc1cc(Br)ccc1N,1038408-35-3
BrC1=CC=C(CN2C(=O)C3=C(C=CC=C3)C2=O)C=C1,231754,O=C1c2ccccc2C(=O)N1Cc1ccc(Br)cc1,153171-22-3
BrC1=C(C=CC=C1)N=O,1858038,O=Nc1ccccc1Br,19519-75-6
CC1=CC(Br)=CC(C)=C1C#N,1943183,Cc1cc(Br)cc(C)c1C#N,5757-66-4
BrC1=CC=C(C=C1)C(=O)C1CC1,2044846,O=C(c1ccc(Br)cc1)C1CC1,6952-89-2
FS(=O)(=O)C1=CC=C(Br)C=C1,2209489,O=S(=O)(F)c1ccc(Br)cc1,498-83-9
CC1(CC1)C1=CC=C(Br)C=C1,2245210,CC1(c2ccc(Br)cc2)CC1,40780-08-3
BrC1=CC=C(C=C1)C1=CC=CC=C1C1=CC=CC=C1,2266823,Brc1ccc(-c2ccccc2-c2ccccc2)cc1,24253-37-0
CC1=CC=C(C(Br)=C1)N(=O)=O,2328191,Cc1ccc([N+](=O)[O-])c(Br)c1,40385-54-4
BrC1=CC2=C(C=CC=C2)C=C1I,2435671,Brc1cc2ccccc2cc1I,102153-44-6
BrC1=CC=C(C=C1)C(=O)CC(=O)C1=CC=CC=C1,2528983,O=C(CC(=O)c1ccc(Br)cc1)c1ccccc1,25856-01-3
BrC1=C(C=CC=C1)C1=CC=C(C=C1)C1=CC=CC=C1,2559548,Brc1ccccc1-c1ccc(-c2ccccc2)cc1,3282-24-4
ClS(=O)(=O)C1=C(Br)C=CC(=C1)N(=O)=O,2654163,O=[N+]([O-])c1ccc(Br)c(S(=O)(=O)Cl)c1,98130-55-3
COC1=CC(Br)=C(CC(O)=O)C=C1OC,2697321,COc1cc(Br)c(CC(=O)O)cc1OC,4697-62-5
CN(C)C1=CC2=C(C=C1)C=C(Br)C=C2,2717488,CN(C)c1ccc2cc(Br)ccc2c1,5043-03-8
BrC1=CC=C(C=C1)N(CC1=CC=CC=C1)CC1=CC=CC=C1,2861575,Brc1ccc(N(Cc2ccccc2)Cc2ccccc2)cc1,65145-14-4
[H]C(=O)C1=C(O)C=C(OC)C(Br)=C1,3089313,COc1cc(O)c(C=O)cc1Br,57543-36-9
CC1=C(I)C=C(Br)C=C1,3234859,Cc1ccc(Br)cc1I,260558-15-4
CC1=CC=CC=C1C1=CC=CC=C1Br,3245375,Cc1ccccc1-c1ccccc1Br,251320-87-3
COC(=O)CCC(=O)C1=CC=C(Br)C=C1,3285486,COC(=O)CCC(=O)c1ccc(Br)cc1,30913-86-1
CCCCCCCCCCCCOC1=CC=C(Br)C=C1,3547086,CCCCCCCCCCCCOc1ccc(Br)cc1,123883-51-2
OC[C@H](O)C1=CC=C(Br)C=C1,5253274,OC[C@H](O)c1ccc(Br)cc1,92093-23-7
O[C@@H](C1=CC=C(Br)C=C1)C(F)(F)F,5737259,O[C@@H](c1ccc(Br)cc1)C(F)(F)F,0
COC(=O)\C=C\C1=CC(Br)=CC=C1,6137290,COC(=O)/C=C/c1cccc(Br)c1,79432-87-4
CS(=O)(=O)OCCC1=CC=C(Br)C=C1,6394912,CS(=O)(=O)OCCc1ccc(Br)cc1,114369-15-2
COC1=CC(C=C)=C(Br)C=C1,7287842,C=Cc1cc(OC)ccc1Br,139469-06-0
FC1=CC(Br)=C(Cl)C=C1N(=O)=O,7371143,O=[N+]([O-])c1cc(Cl)c(Br)cc1F,1027833-17-5
FC(F)(F)C(=O)NCC1=CC=CC=C1Br,7480384,O=C(NCc1ccccc1Br)C(F)(F)F,176504-63-5
FC1=CC(Br)=CC=C1OCC1=CC=CC=C1,7637897,Fc1cc(Br)ccc1OCc1ccccc1,133057-82-6
FC1=C(Br)C=CC=C1CBr,8679025,Fc1c(Br)cccc1CBr,149947-16-0
COC1=CC(Br)=CC(=C1)B1OC(C)(C)C(C)(C)O1,9053434,COc1cc(Br)cc(B2OC(C)(C)C(C)(C)O2)c1,401797-04-4
COC(=O)C1=CC(F)=C(O)C(Br)=C1,9192751,COC(=O)c1cc(F)c(O)c(Br)c1,0
BrCC1=C(C=C(Br)C=C1)C#N,9387592,N#Cc1cc(Br)ccc1CBr,156001-53-5
COC1=CC(F)=C(Br)C(F)=C1,10062057,COc1cc(F)c(Br)c(F)c1,0
BrC1=CC=C(OC2=CC=C(C=C2)C#N)C=C1,10339967,N#Cc1ccc(Oc2ccc(Br)cc2)cc1,330792-93-3
OCC1=CC(F)=C(F)C=C1Br,10658450,OCc1cc(F)c(F)cc1Br,476620-55-0
COC(=O)C1=CC(CO)=CC(Br)=C1,11520251,COC(=O)c1cc(Br)cc(CO)c1,307353-32-8
COC1=CC(Cl)=C(Cl)C(Br)=C1,15477673,COc1cc(Cl)c(Cl)c(Br)c1,174913-19-0
NC1=NC=C(N=N1)C1=CC=C(Br)C(F)=C1,18352708,Nc1ncc(-c2ccc(Br)c(F)c2)nn1,1029714-84-8
FC1=CC(=CC=C1Br)C1=NN2C(CC3=CC=C4N=CC=CC4=C3)=CN=C2N=C1,18352772,Fc1cc(-c2cnc3ncc(Cc4ccc5ncccc5c4)n3n2)ccc1Br,1029714-86-0
OC(C1=C(F)C=C(Br)C=C1)C(F)(F)F,18376537,OC(c1ccc(Br)cc1F)C(F)(F)F,1033805-88-7
FC(F)(F)C(=O)C1=C(Br)C=C(Cl)C=C1,18376538,O=C(c1ccc(Cl)cc1Br)C(F)(F)F,1033805-23-0
O[C@H](C1=C(Br)C=C(Cl)C=C1)C(F)(F)F,18376616,O[C@H](c1ccc(Cl)cc1Br)C(F)(F)F,1033805-25-2
COC(=O)C1=C(F)C=C(O)C(Br)=C1,19685790,COC(=O)c1cc(Br)c(O)cc1F,1142227-35-7
CS(=O)(=O)C1=CC=C(Br)C(F)=C1,19915024,CS(=O)(=O)c1ccc(Br)c(F)c1,1032825-02-7
FC(F)C1=C(Br)C=C(F)C=C1,20623232,Fc1ccc(C(F)F)c(Br)c1,845866-81-1
CC(C)(C)OC(=O)N1CCN(CC1)C(=O)C1=C(F)C=C(Br)C=C1,21757178,CC(C)(C)OC(=O)N1CCN(C(=O)c2ccc(Br)cc2F)CC1,0
BrC1=CC=CC(=C1)C(=O)NC1=C2N=CC=CC2=CC=C1,22220247,O=C(Nc1cccc2cccnc12)c1cccc(Br)c1,899677-43-1
CO\N=C\C1=CC(Br)=CC(F)=C1F,22342022,CO/N=C/c1cc(Br)cc(F)c1F,1365889-33-3
CC(C)CN(C1CCCCC1)C1=C(C=C(Br)C=C1)N(=O)=O,27406063,CC(C)CN(c1ccc(Br)cc1[N+](=O)[O-])C1CCCCC1,0
CC1=C(CNC(=O)OC(C)(C)C)C=CC(Br)=C1,28406415,Cc1cc(Br)ccc1CNC(=O)OC(C)(C)C,0
FC1=C(C=O)C=C(Br)C=C1C(F)(F)F,31219044,O=Cc1cc(Br)cc(C(F)(F)F)c1F,1291487-26-7
O\N=C(/Cl)C1=CC=C(Br)C=C1,1102556,O/N=C(\Cl)c1ccc(Br)cc1,29203-58-5
BrC1=CC(\C=C\C2=CC=CC=C2)=CC=C1,2045481,Brc1cccc(/C=C/c2ccccc2)c1,14064-45-0
BrC1=CC=C(C=C1)\N=C\C1=CC=CC=C1,2209416,Brc1ccc(/N=C/c2ccccc2)cc1,1750-23-8
BrC1=CC(I)=CC(I)=C1,2432919,Brc1cc(I)cc(I)c1,149428-64-8
OC(=O)C1=C(C(O)=O)C(Br)=CC=C1,2504753,O=C(O)c1cccc(Br)c1C(=O)O,116-69-8
BrC1=CC=C(NC#N)C=C1,2829307,N#CNc1ccc(Br)cc1,60592-84-9
CC1=CC=C(C=C1)S(=O)(=O)OCCC1=CC=C(Br)C=C1,2875170,Cc1ccc(S(=O)(=O)OCCc2ccc(Br)cc2)cc1,84913-19-9
CC1=C(Br)C=CC=C1I,3235503,Cc1c(Br)cccc1I,97456-81-0
COCOC1=CC=C(C)C=C1Br,4395091,COCOc1ccc(C)cc1Br,104750-60-9
BrC1=CC=CC(=C1)N1CCCCC1,4401647,Brc1cccc(N2CCCCC2)c1,84964-24-9
BrC1=CC2=CC=CC=C2C=C1C=O,5425427,O=Cc1cc2ccccc2cc1Br,89005-11-8
OCC1=C(I)C=CC(Br)=C1,7869046,OCc1cc(Br)ccc1I,199786-58-8
COC(=O)C1=CC(Br)=C(I)C=C1,8479644,COC(=O)c1ccc(I)c(Br)c1,249647-24-3
CC(C)(C)[S@@](=O)N[C@@H](CC=C)C1=CC(Br)=CC=C1,10548438,C=CC[C@H](N[S@](=O)C(C)(C)C)c1cccc(Br)c1,0
CC(C)(C)OC(=O)NC1=CC=CC(Br)=C1F,14384330,CC(C)(C)OC(=O)Nc1cccc(Br)c1F,848440-23-3
CSC1=CC(F)=CC(Br)=C1,14395619,CSc1cc(F)cc(Br)c1,453566-03-5
CC(C)(C)[Si](C)(C)OCC1=C(Cl)C=CC(Br)=C1,14512176,CC(C)(C)[Si](C)(C)OCc1cc(Br)ccc1Cl,873782-26-4
FC1=C(Cl)C(F)=C(Br)C=C1,15695967,Fc1ccc(Br)c(F)c1Cl,201849-13-0
CC1=CC(=CC(Br)=C1N)C(F)(F)F,18934668,Cc1cc(C(F)(F)F)cc(Br)c1N,1100212-65-4
FC1=C(Br)C=CC(NC(=O)OCC2=CC=CC=C2)=C1,20214500,O=C(Nc1ccc(Br)c(F)c1)OCc1ccccc1,510729-01-8
COC(=O)OC1=C(Br)C=C(C(=C1)N(=O)=O)C(C)(C)C,20387343,COC(=O)Oc1cc([N+](=O)[O-])c(C(C)(C)C)cc1Br,1233530-92-1
NS(=O)(=O)NCCNC1=NON=C1C(NC1=CC=C(F)C(Br)=C1)=NO,26834851,NS(=O)(=O)NCCNc1nonc1C(=NO)Nc1ccc(F)c(Br)c1,1204669-58-8
[H][C@]12C[C@]1(CNC2)C1=CC=C(Br)C=C1,32352664,Brc1ccc([C@]23CNC[C@H]2C3)cc1,0
CC1=CC(F)=CC(C)=C1Br,2246840,Cc1cc(F)cc(C)c1Br,14659-58-6
OC1=C(Cl)C=C(Br)C=C1N(=O)=O,2524550,O=[N+]([O-])c1cc(Br)cc(Cl)c1O,58349-01-2
COC1=C(N)C=C(C)C(Br)=C1,3245844,COc1cc(Br)c(C)cc1N,873980-68-8
FC1=CC(Br)=CC(OCC2=CC=CC=C2)=C1,5431089,Fc1cc(Br)cc(OCc2ccccc2)c1,130722-44-0
CN(C(=O)C(C)=C)C1=CC=CC=C1Br,6391688,C=C(C)C(=O)N(C)c1ccccc1Br,102804-50-2
CCOC(=O)C(C)(N)C1=CC=C(Br)C=C1,7569014,CCOC(=O)C(C)(N)c1ccc(Br)cc1,184427-33-6
CC(=O)C1=CC(Br)=CC(=C1)C(F)(F)F,13833337,CC(=O)c1cc(Br)cc(C(F)(F)F)c1,154259-25-3
FC(F)(F)OC1=C(Cl)C=CC(Br)=C1,13905305,FC(F)(F)Oc1cc(Br)ccc1Cl,0
CC(=O)C1=C(O)C=C(Br)C(F)=C1,14442665,CC(=O)c1cc(F)c(Br)cc1O,865449-63-4
OC1=CC(Br)=CC(=C1)C(F)(F)F,22145944,Oc1cc(Br)cc(C(F)(F)F)c1,1025718-84-6
FC1=CC=C(Br)C(F)=C1C(F)(F)F,24695579,Fc1ccc(Br)c(F)c1C(F)(F)F,0
CC(C)(C)OC(=O)N1CCN(CC1)C1=C(F)C=C(Br)C=C1,27486740,CC(C)(C)OC(=O)N1CCN(c2ccc(Br)cc2F)CC1,0
FC(F)C1=CC=CC(Br)=C1F,28102071,Fc1c(Br)cccc1C(F)F,0
COC(=O)C1=CC(CC#N)=C(Br)C=C1,29514848,COC(=O)c1ccc(Br)c(CC#N)c1,0
BrC1=CC=C(C=C1)C1=CC(=O)C(=O)O1,976406,O=C1C=C(c2ccc(Br)cc2)OC1=O,55991-70-3
CC(=O)C1=CC(C)=CC(Br)=C1O,2045888,CC(=O)c1cc(C)cc(Br)c1O,56609-15-5
CC(=O)NC1=CC=C(Br)C=C1N(=O)=O,2115947,CC(=O)Nc1ccc(Br)cc1[N+](=O)[O-],881-50-5
BrC1=CC=CC(CC2=CC=CC=C2)=C1,2251958,Brc1cccc(Cc2ccccc2)c1,27798-39-6
COC1=C(Br)C=CC(CO)=C1,2361559,COc1cc(CO)ccc1Br,17100-64-0
CC(C)C1=CC=C(C)C(Br)=C1,2500438,Cc1ccc(C(C)C)cc1Br,2437-76-5
COC(=O)C1=C(Br)C=CC=C1C,2575422,COC(=O)c1c(C)cccc1Br,99548-56-8
COC(=O)C1=CC(O)=C(Br)C(O)=C1,2648766,COC(=O)c1cc(O)c(Br)c(O)c1,34126-16-4
COC1=C(OC)C=C(CC#N)C(Br)=C1,2694721,COc1cc(Br)c(CC#N)cc1OC,51655-39-1
FS(F)(F)(F)(F)C1=CC(Br)=CC=C1,2694822,FS(F)(F)(F)(F)c1cccc(Br)c1,672-30-0
COC1=C(I)C=C(Br)C=C1,3126971,COc1ccc(Br)cc1I,98273-59-7
OC1=C(F)C=C(Br)C=C1N(=O)=O,3267194,O=[N+]([O-])c1cc(Br)cc(F)c1O,320-76-3
BrC1=CC=C(NC(=O)OCC2=CC=CC=C2)C=C1,3321839,O=C(Nc1ccc(Br)cc1)OCc1ccccc1,92159-87-0
BrC1=CC=C(C=C1)[C@H]1CO1,6174863,Brc1ccc([C@H]2CO2)cc1,148684-05-3
FC1=CC(Br)=C(F)C(F)=C1,7369071,Fc1cc(F)c(F)c(Br)c1,133739-70-5
BrC1=CC(=CC=C1)N1CCCC1,8051792,Brc1cccc(N2CCCC2)c1,219928-13-9
C[Si](C)(C)OCC1=CC=C(Br)C=C1,8254766,C[Si](C)(C)OCc1ccc(Br)cc1,86605-93-8
BrC1=CC=CC(=C1)C1=CC(=NC(=C1)C1=NC=CC=C1)C1=CC=CC=N1,11101449,Brc1cccc(-c2cc(-c3ccccn3)nc(-c3ccccn3)c2)c1,879879-65-9
FC1=C(F)C(C=O)=C(F)C(F)=C1Br,11294386,O=Cc1c(F)c(F)c(Br)c(F)c1F,108574-98-7
COC(=O)C1=C(NC2=CC=C(Br)C=C2)C(F)=C2N=CNC2=C1,11788455,COC(=O)c1cc2[nH]cnc2c(F)c1Nc1ccc(Br)cc1,0
OCC1=CC(Br)=C(F)C=C1,13329684,OCc1ccc(F)c(Br)c1,77771-03-0
FC1=C(Br)C=CC=C1C(F)(F)F,13767624,Fc1c(Br)cccc1C(F)(F)F,0
OC(=O)C1=CC(Br)=CC=C1NC=CN(=O)=O,14402867,O=C(O)c1cc(Br)ccc1NC=C[N+](=O)[O-],853908-49-3
BrC1=CC=C(OC2CCOCC2)C(=C1)C#N,14525308,N#Cc1cc(Br)ccc1OC1CCOCC1,876918-62-6
CC(C)(C)OC(=O)N1CCC(COC2=CC=C(Br)C=C2)CC1,15414759,CC(C)(C)OC(=O)N1CCC(COc2ccc(Br)cc2)CC1,180847-23-8
COC1=C(C#N)C(F)=CC(Br)=C1,15522206,COc1cc(Br)cc(F)c1C#N,457051-15-9
CC(C)C1=CC(Br)=CC(C(C)C)=C1C=O,20758522,CC(C)c1cc(Br)cc(C(C)C)c1C=O,946147-64-4
CC(C)(C)OC(=O)N1CCCC1C1=NC=C(N1)C1=CC2=C(C=C1)C=C(Br)C=C2,20896846,CC(C)(C)OC(=O)N1CCCC1c1ncc(-c2ccc3cc(Br)ccc3c2)[nH]1,0
BrC1=CC(=CC=C1)N1C=CC=N1,21790647,Brc1cccc(-n2cccn2)c1,294877-33-1
CC(C)(C)[C@H]1CC[C@@H](CC1)OC1=CC2=CC=C(Br)C=C2C=C1,22826471,CC(C)(C)[C@H]1CC[C@H](Oc2ccc3cc(Br)ccc3c2)CC1,1225352-09-9
CCNC1=CC(Br)=CC(C(=O)OC)=C1C,22917632,CCNc1cc(Br)cc(C(=O)OC)c1C,1403258-13-8
COC(=O)C1=C(C)C(NC2CCCC2)=CC(Br)=C1,22917641,COC(=O)c1cc(Br)cc(NC2CCCC2)c1C,1403257-13-5
CSC1=CC(Br)=CC(F)=C1C(O)=O,27441374,CSc1cc(Br)cc(F)c1C(=O)O,0
OC(=O)C1=CC(Br)=C(C=C1F)C(F)(F)F,28088064,O=C(O)c1cc(Br)c(C(F)(F)F)cc1F,0
COC(=O)C1=CC(Br)=CC(OC(F)(F)F)=C1,28151659,COC(=O)c1cc(Br)cc(OC(F)(F)F)c1,0
BrC1=CC=CC(=C1)C1=NC(=CC(=C1)C1=CC=CC=C1)C1=CC=CC=C1,30018574,Brc1cccc(-c2cc(-c3ccccc3)cc(-c3ccccc3)n2)c1,0
ClC1=CC(Br)=C(C=C1)C1=CC=CC2=C1OC1=CC=CC=C21,30125096,Clc1ccc(-c2cccc3c2oc2ccccc23)c(Br)c1,0
CN(N=O)C1=CC=C(Br)C=C1,639046,CN(N=O)c1ccc(Br)cc1,937-23-5
BrC1=CC=C(C=C1)C1=CCNCC1,1240550,Brc1ccc(C2=CCNCC2)cc1,91347-99-8
CC(=O)C1=C(Br)C=C(C)C=C1,2436532,CC(=O)c1ccc(C)cc1Br,103286-27-7
COC1=CC(Br)=C(OC)C=C1C,2520897,COc1cc(Br)c(OC)cc1C,13321-74-9
CC1=CC(Br)=CC(I)=C1,3233750,Cc1cc(Br)cc(I)c1,116632-38-3
COC1=C(Br)C=C(CCN)C=C1,3250744,COc1ccc(CCN)cc1Br,159465-27-7
FC1=CC=C(C=C1)C1=CC=CC=C1Br,4391595,Fc1ccc(-c2ccccc2Br)cc1,89346-54-3
FC(F)(F)S(=O)(=O)OC1=C(Br)C2=CC=CC=C2C=C1,4877079,O=S(=O)(Oc1ccc2ccccc2c1Br)C(F)(F)F,126613-08-9
FC(F)(F)C1=CC(=CC=C1Br)C#N,7477142,N#Cc1ccc(Br)c(C(F)(F)F)c1,1735-53-1
C[C@@H](NC(C)=O)C1=CC=C(Br)C=C1,7687329,CC(=O)N[C@H](C)c1ccc(Br)cc1,177750-53-7
COC(=O)C(=C)C(O)C1=C(Br)C=CC=C1,8483520,C=C(C(=O)OC)C(O)c1ccccc1Br,352533-60-9
BrC1=CC=C(\C=C\C(=O)C2=CC=CC=N2)C=C1,8905568,O=C(/C=C/c1ccc(Br)cc1)c1ccccn1,16232-01-2
BrC1=CC(=C(\C=C\N2CCCC2)C=C1)N(=O)=O,9331703,O=[N+]([O-])c1cc(Br)ccc1/C=C/N1CCCC1,0
CON(C)C(=O)C1=CC=C(Br)C=C1Cl,9552667,CON(C)C(=O)c1ccc(Br)cc1Cl,875306-64-2
NCCOC1=CC=CC(Br)=C1,11424822,NCCOc1cccc(Br)c1,926211-83-8
BrC1=CC=CC(=C1)N1C=CN=C1,14546455,Brc1cccc(-n2ccnc2)c1,25372-02-5
FC1=CC=C(C=C1)C(=O)C1=C(Cl)C=CC(Br)=C1,15018588,O=C(c1ccc(F)cc1)c1cc(Br)ccc1Cl,915095-85-1
NC1=C(C=C(F)C=C1Br)C(O)=O,15583945,Nc1c(Br)cc(F)cc1C(=O)O,259269-84-6
CC1=C(C=C(Br)C=C1)C(=O)C1=CC=C(S1)C1=CC=C(F)C=C1,18997711,Cc1ccc(Br)cc1C(=O)c1ccc(-c2ccc(F)cc2)s1,1132832-75-7
COC1=CC=C(C=C1)C(=O)C=CC1=CC=C(Br)C=C1,19113947,COc1ccc(C(=O)C=Cc2ccc(Br)cc2)cc1,92873-00-2
CC1=CC=CC(CO)=C1Br,21291609,Cc1cccc(CO)c1Br,168886-97-3
CC(C)(C)OC(=O)NC(C)(CO)C1=CC(Br)=CC=C1,22155364,CC(C)(C)OC(=O)NC(C)(CO)c1cccc(Br)c1,887913-69-1
COC(=O)C1=C(C)C(=CC(Br)=C1)N(C)C1CCCC1,22917643,COC(=O)c1cc(Br)cc(N(C)C2CCCC2)c1C,1403257-14-6
COC(=O)C1=C(C)C(NC2CCC(CC2)NC(=O)OC(C)(C)C)=CC(Br)=C1,22917674,COC(=O)c1cc(Br)cc(NC2CCC(NC(=O)OC(C)(C)C)CC2)c1C,1403595-53-8
CCN(C1CCOCC1)C1=CC(Br)=CC(C(=O)NCC2=C(C=C(C)NC2=O)C(C)C)=C1C,22917696,CCN(c1cc(Br)cc(C(=O)NCc2c(C(C)C)cc(C)[nH]c2=O)c1C)C1CCOCC1,1403259-01-7
CN1N=NC(=N1)C1=CC(C)=C(Br)C(C)=C1,23918783,Cc1cc(-c2nnn(C)n2)cc(C)c1Br,1458655-63-4
COC(=O)C1=CC(Br)=C(C=C1)C(F)(F)F,24593947,COC(=O)c1ccc(C(F)(F)F)c(Br)c1,0
FC(F)(F)C1=CN(N=N1)C1=C(Br)C=C(Cl)C=C1,30810452,FC(F)(F)c1cn(-c2ccc(Cl)cc2Br)nn1,0
FC(F)(F)C(=C)C1=CC=CC(Br)=C1,33001089,C=C(c1cccc(Br)c1)C(F)(F)F,0
NNC(=O)NC1=CC=C(Br)C=C1,1818711,NNC(=O)Nc1ccc(Br)cc1,2646-26-6
BrC1=CC=C(C=C1)S(=O)(=O)CC(=O)C1=CC=CC=C1,1885068,O=C(CS(=O)(=O)c1ccc(Br)cc1)c1ccccc1,41024-50-4
CC(C)(C)SC1=CC=C(Br)C=C1,1933468,CC(C)(C)Sc1ccc(Br)cc1,25752-90-3
BrC1=CC=C(C=C1)C(=O)OC1=CC=CC=C1,1961988,O=C(Oc1ccccc1)c1ccc(Br)cc1,5798-76-5
[H]\C(C1=CC=C(Br)C=C1)=C1\CCC2=CC=CC=C2C1=O,1977848,O=C1/C(=C/c2ccc(Br)cc2)CCc2ccccc21,59082-23-4
CCOC(=O)C(C(=O)OCC)C1=CC=C(Br)C=C1,2130507,CCOC(=O)C(C(=O)OCC)c1ccc(Br)cc1,93139-85-6
FC(F)C1=CC(Br)=CC=C1,2246331,FC(F)c1cccc(Br)c1,29848-59-7
COC1=CC(CC#N)=C(Br)C=C1,2615600,COc1ccc(Br)c(CC#N)c1,27387-23-1
NC1=C(C=CC(Br)=C1)C(F)(F)F,2643554,Nc1cc(Br)ccc1C(F)(F)F,703-91-3
CCOC(=O)CC1=CC(Br)=C(OC)C=C1,2651878,CCOC(=O)Cc1ccc(OC)c(Br)c1,100125-96-0
COC1=CC(CC(O)=O)=C(Br)C=C1,3051200,COc1ccc(Br)c(CC(=O)O)c1,86826-93-9
BrC1=CC=C(C=C1)C1=CC(C2=CC=CC=C2)=C2C=CC=CC2=N1,4467512,Brc1ccc(-c2cc(-c3ccccc3)c3ccccc3n2)cc1,73402-91-2
OC(=O)CCCOC1=CC(Br)=CC=C1,7291937,O=C(O)CCCOc1cccc(Br)c1,170638-88-7
BrC1=CC(=CC=C1)N(CC=C)CC=C,7701990,C=CCN(CC=C)c1cccc(Br)c1,0
C[C@H](NC(=O)C(F)(F)F)C1=CC=C(Br)C=C1,8983275,C[C@H](NC(=O)C(F)(F)F)c1ccc(Br)cc1,182141-70-4
BrC1=CC=C(C=C1)C1=NC=CC=N1,9043238,Brc1ccc(-c2ncccn2)cc1,210354-17-9
COC1=C(OCC2CCN(CC2)C(=O)OC(C)(C)C)C=C2N=CN=C(NC3=CC=C(Br)C=C3F)C2=C1,9168849,COc1cc2c(Nc3ccc(Br)cc3F)ncnc2cc1OCC1CCN(C(=O)OC(C)(C)C)CC1,338992-20-4
FC1=CC(Br)=CC(F)=C1I,9551420,Fc1cc(Br)cc(F)c1I,160976-02-3
FC1=CC=CC(C#N)=C1Br,9757650,N#Cc1cccc(F)c1Br,425379-16-4
BrC1=CC=C2C=C(C=CC2=C1)C1=CC=C2C=CC=CC2=C1,11441106,Brc1ccc2cc(-c3ccc4ccccc4c3)ccc2c1,62156-75-6
CC1=CC=C(F)C(C=O)=C1Br,13463900,Cc1ccc(F)c(C=O)c1Br,0
FC(F)C1=CC(F)=CC(Br)=C1,14198338,Fc1cc(Br)cc(C(F)F)c1,627526-90-3
CCC1=C(F)C=CC(Br)=C1,14212145,CCc1cc(Br)ccc1F,627463-25-6
CC1=C(Br)C=C(F)C=C1N,14548782,Cc1c(N)cc(F)cc1Br,502496-36-8
C[C@H](N1CC[C@@](CC(C)(C)O)(OC1=O)C1=CC=CC=C1)C1=CC=C(Br)C=C1,20050479,C[C@@H](c1ccc(Br)cc1)N1CC[C@](CC(C)(C)O)(c2ccccc2)OC1=O,1110641-70-7
NC1=CC=C(Br)C(F)=C1N,20576220,Nc1ccc(Br)c(F)c1N,886762-86-3
BrC1=CC=C(C=C1)C#CC1=C(C=O)C=CC=C1,22367955,O=Cc1ccccc1C#Cc1ccc(Br)cc1,1370372-05-6
CCN(C1CCCC1)C1=CC(Br)=CC(C(=O)OC)=C1C,22917649,CCN(c1cc(Br)cc(C(=O)OC)c1C)C1CCCC1,1403257-70-4
FC1=CC(F)=C(OC2=CC=C(CBr)C=C2Br)C=C1,24599267,Fc1ccc(Oc2ccc(CBr)cc2Br)c(F)c1,0
COC1=CC=C(Br)C(CO)=C1F,29510840,COc1ccc(Br)c(CO)c1F,0
COC1=C(F)C(CCl)=C(Br)C=C1,29510841,COc1ccc(Br)c(CCl)c1F,0
CC1=C(Br)C=CC(F)=C1C=O,29864922,Cc1c(Br)ccc(F)c1C=O,0
BrC1=CC=C(C=C1)C1=CC=C2C(OC3=CC=CC=C23)=C1,30008250,Brc1ccc(-c2ccc3c(c2)oc2ccccc23)cc1,0
BrC1=CC=C(C=C1)C(=O)C=CC1=CC=CO1,160743,O=C(C=Cc1ccco1)c1ccc(Br)cc1,0
CC1=NN=C(O1)C1=CC=C(Br)C=C1,515838,Cc1nnc(-c2ccc(Br)cc2)o1,41421-03-8
BrC1=C(C=CC=C1)C1=NC(=C(N1)C1=CC=CC=C1)C1=CC=CC=C1,548374,Brc1ccccc1-c1nc(-c2ccccc2)c(-c2ccccc2)[nH]1,1740-25-6
CC1(C)COC(=N1)C1=CC=CC=C1Br,782443,CC1(C)COC(c2ccccc2Br)=N1,32664-13-4
CC(=O)C1=CC=CC2=C(Br)C=CC=C12,1946209,CC(=O)c1cccc2c(Br)cccc12,58149-87-4
BrC1=CC=CC(=C1)C#CC1=CC=CC=C1,1953091,Brc1cccc(C#Cc2ccccc2)c1,29778-29-8
COC1=C(OC)C(C=O)=C(Br)C=C1,1958590,COc1ccc(Br)c(C=O)c1OC,53811-50-0
OC(=O)C1=CC=C(C=C1)C1=CC=C(Br)C=C1,1960024,O=C(O)c1ccc(-c2ccc(Br)cc2)cc1,5731-11-3
Br\C=C\C1=CC=C(Br)C=C1,2075817,Br/C=C/c1ccc(Br)cc1,0
COC(=O)NC1=CC=C(Br)C=C1,2091555,COC(=O)Nc1ccc(Br)cc1,25203-36-5
BrCC(=O)NC1=CC=C(Br)C=C1,2092322,O=C(CBr)Nc1ccc(Br)cc1,5439-13-4
COCOC1=CC=C(Br)C(C)=C1,2252763,COCOc1ccc(Br)c(C)c1,58402-70-3
ClC1=CC=C(C=C1)C(=O)C1=CC=C(Br)C=C1,2264464,O=C(c1ccc(Cl)cc1)c1ccc(Br)cc1,27428-57-5
CC1=CC=C(C=CC(=O)C2=CC=C(Br)C=C2)C=C1,2266643,Cc1ccc(C=CC(=O)c2ccc(Br)cc2)cc1,0
COC1=C(CO)C=CC(Br)=C1,2361550,COc1cc(Br)ccc1CO,17102-63-5
CCC1=C(O)C=CC(Br)=C1,2413107,CCc1cc(Br)ccc1O,18980-21-7
CCC1=CC=C(O)C(Br)=C1,2553755,CCc1ccc(O)c(Br)c1,64080-15-5
CC1=CC=C(OC2=CC=C(Br)C=C2)C=C1,2558067,Cc1ccc(Oc2ccc(Br)cc2)cc1,30427-93-1
BrC1=CC=C(NC2=CC=CC=C2)C(=C1)N(=O)=O,2738471,O=[N+]([O-])c1cc(Br)ccc1Nc1ccccc1,16588-25-3
BrC1=CC=CC(=C1)P(C1=CC=CC=C1)C1=CC=CC=C1,2848999,Brc1cccc(P(c2ccccc2)c2ccccc2)c1,10212-03-0
COC1=CC(B(O)O)=C(Br)C=C1,3031447,COc1ccc(Br)c(B(O)O)c1,89694-44-0
OC1=C(I)C=CC(Br)=C1,3236450,Oc1cc(Br)ccc1I,858855-11-5
CC1=CC(O)=C(C=C1Br)C(O)=O,3250794,Cc1cc(O)c(C(=O)O)cc1Br,6623-35-4
OC1=CC(=C(Br)C=C1)C(F)(F)F,3261607,Oc1ccc(Br)c(C(F)(F)F)c1,320-49-0
CC1=CC(Cl)=CC(C)=C1Br,4379611,Cc1cc(Cl)cc(C)c1Br,103724-99-8
COC1=CC(OC)=C(C=O)C(Br)=C1,5514294,COc1cc(Br)c(C=O)c(OC)c1,81574-69-8
CCOC(=O)C(=CNC1=C(Br)C=CC(OC)=C1)C(=O)OCC,7307395,CCOC(=O)C(=CNc1cc(OC)ccc1Br)C(=O)OCC,220844-53-1
BrC1=CC=C(C=C1)N1C=NNC1=O,8054580,O=c1[nH]ncn1-c1ccc(Br)cc1,214117-50-7
COC(=O)CC1=C(O)C=CC(Br)=C1,8200519,COC(=O)Cc1cc(Br)ccc1O,220801-66-1
CC(C)[Si](C#CC1=CC=C(Br)C=C1)(C(C)C)C(C)C,8552707,CC(C)[Si](C#Cc1ccc(Br)cc1)(C(C)C)C(C)C,271242-20-7
CC(C)(C)C1=CC=C(C=C1)C1=NN=C(O1)C1=CC=C(Br)C=C1,9495412,CC(C)(C)c1ccc(-c2nnc(-c3ccc(Br)cc3)o2)cc1,220843-12-9
C[C@@H](N1[C@@H](C2=CC=C(Cl)C=C2)C(=O)N(CCCCC(O)=O)C(=CC1=O)C1=C(Br)C=CC=C1)C1=CC=C(Cl)C=C1,9970508,C[C@H](c1ccc(Cl)cc1)N1C(=O)C=C(c2ccccc2Br)N(CCCCC(=O)O)C(=O)[C@@H]1c1ccc(Cl)cc1,0
CC1=C(N)C=C(F)C(Br)=C1,10062286,Cc1cc(Br)c(F)cc1N,52723-82-7
COC1=C(Cl)C=CC=C1Br,11440804,COc1c(Cl)cccc1Br,174913-10-1
OC1=CC=CC(Br)=C1F,14005545,Oc1cccc(Br)c1F,156682-53-0
COC(=O)C1=CC(CBr)=CC(Br)=C1,14521715,COC(=O)c1cc(Br)cc(CBr)c1,877624-40-3
NC1=CC(Br)=CC(F)=C1O,15728486,Nc1cc(Br)cc(F)c1O,182499-89-4
COC(=O)C1=C(C)C(O)=C(Br)C=C1,19048295,COC(=O)c1ccc(Br)c(O)c1C,1149388-19-1
CC(=O)OCC1=C(Br)C=CC=C1N1CCC2=C(C=CC(=C2)C2CC2)C1=O,19923513,CC(=O)OCc1c(Br)cccc1N1CCc2cc(C3CC3)ccc2C1=O,1202932-29-3
COC(=O)OC1=C(Br)C=C(C=C1)C(C)(C)C,20387328,COC(=O)Oc1ccc(C(C)(C)C)cc1Br,1233530-91-0
CCN1C2=CC=CC=C2N=C1C1=CC=C(Br)C=C1,21823872,CCn1c(-c2ccc(Br)cc2)nc2ccccc21,638141-30-7
NC1=CC(Br)=C(F)C=C1C(O)=O,22485354,Nc1cc(Br)c(F)cc1C(=O)O,1374208-42-0
CC1=C(C=C(Br)C(F)=C1C(O)=O)N(=O)=O,22917636,Cc1c([N+](=O)[O-])cc(Br)c(F)c1C(=O)O,1403258-31-0
COC(=O)C1=C(C)C(NC2CCCCC2)=CC(Br)=C1,22917650,COC(=O)c1cc(Br)cc(NC2CCCCC2)c1C,1403257-53-3
CN([C@H]1CC[C@@H](CC1)NC(C)=O)C1=CC(Br)=CC(C(=O)NCC2=C(C)C=C(C)NC2=O)=C1C,23054284,CC(=O)N[C@H]1CC[C@H](N(C)c2cc(Br)cc(C(=O)NCc3c(C)cc(C)[nH]c3=O)c2C)CC1,1403259-27-7
BrC1=CC=CC(=C1)C1=CC=C(C=C1)N1C2=CC=CC=C2C2=CC=CC=C12,23839210,Brc1cccc(-c2ccc(-n3c4ccccc4c4ccccc43)cc2)c1,854952-47-9
FC1=CC=C(OC(F)(F)F)C=C1Br,24579442,Fc1ccc(OC(F)(F)F)cc1Br,0
NNS(=O)(=O)C1=CC(Br)=CC=C1,27030699,NNS(=O)(=O)c1cccc(Br)c1,89862-26-0
OC(=O)C12CCC(CC1)(CC2)C1=CC=C(Br)C=C1,27757836,O=C(O)C12CCC(c3ccc(Br)cc3)(CC1)CC2,0
CCOC(=O)CCNCC1=CC(Br)=CC=C1,28406576,CCOC(=O)CCNCc1cccc(Br)c1,0
BrC1=C(C=CC=C1)C1=NC2=C(S1)C=CC=C2,520364,Brc1ccccc1-c1nc2ccccc2s1,22901-00-4
COC1=C(Br)C=C(C(C)=C1)N(=O)=O,1958819,COc1cc(C)c([N+](=O)[O-])cc1Br,861076-28-0
COC1=CC(CO)=CC(OC)=C1Br,2263289,COc1cc(CO)cc(OC)c1Br,61367-62-2
COC1=CC=C(C=C1)C#CC1=CC=C(Br)C=C1,2275121,COc1ccc(C#Cc2ccc(Br)cc2)cc1,189099-57-8
CC(=O)C1=C(O)C(=CC(Br)=C1)N(=O)=O,2583888,CC(=O)c1cc(Br)cc([N+](=O)[O-])c1O,70978-54-0
CCOC(=O)CC(=O)C1=C(Br)C=CC=C1,2647721,CCOC(=O)CC(=O)c1ccccc1Br,50671-05-1
NC1=CC=C(C=C1Br)C1=CC=CC=C1,2803545,Nc1ccc(-c2ccccc2)cc1Br,41738-70-9
NC1=C(NC2=CC=CC=C2)C=CC(Br)=C1,2972260,Nc1cc(Br)ccc1Nc1ccccc1,68765-53-7
[H][C@](N)(CC1=CC(Br)=C(O)C=C1)C(O)=O,3204809,N[C@@H](Cc1ccc(O)c(Br)c1)C(=O)O,38739-13-8
CCNC1=CC(Br)=CC=C1,3235526,CCNc1cccc(Br)c1,398151-69-4
OC1=C(C=CC=C1Br)C1=CC=CC=C1,3251417,Oc1c(Br)cccc1-c1ccccc1,23197-48-0
CS(=O)(=O)C1=CC(Br)=C(N)C=C1,3252998,CS(=O)(=O)c1ccc(N)c(Br)c1,57946-90-4
COC(=O)C1=C(OC)C(Br)=CC=C1,5508698,COC(=O)c1cccc(Br)c1OC,260806-90-4
CC(C)(CC1=CC=CC=C1Br)C(O)=O,6325534,CC(C)(Cc1ccccc1Br)C(=O)O,149080-24-0
CCOC(=O)C#CC1=CC=C(Br)C=C1,6392130,CCOC(=O)C#Cc1ccc(Br)cc1,0
FC(F)=C(F)OC1=CC=C(Br)C=C1,8544954,FC(F)=C(F)Oc1ccc(Br)cc1,134151-77-2
OC(=O)C1=CC(Br)=C(F)C(F)=C1F,9053169,O=C(O)c1cc(Br)c(F)c(F)c1F,212631-85-1
CC1=C(Br)C=CC(CN)=C1,9119358,Cc1cc(CN)ccc1Br,149104-92-7
BrC1=CC=C(CN2C(=O)C(=O)C3=C2C=CC=C3)C=C1,9918727,O=C1C(=O)N(Cc2ccc(Br)cc2)c2ccccc21,0
CC(C)(C)OC(=O)N1CCC(CC1)C(=O)C1=CC=C(Br)C=C1,10357959,CC(C)(C)OC(=O)N1CCC(C(=O)c2ccc(Br)cc2)CC1,439811-37-7
CN1C=C(C(O)=O)C(NC2=C(F)C=C(Br)C=C2)=CC1=O,10359966,Cn1cc(C(=O)O)c(Nc2ccc(Br)cc2F)cc1=O,821791-44-0
NC1=C(Cl)C=C(Br)C=C1F,11436003,Nc1c(F)cc(Br)cc1Cl,0
CSC1=C(C=C(Br)C=C1)C(F)(F)F,11546620,CSc1ccc(Br)cc1C(F)(F)F,300356-31-4
CC(=C)COC1=C(Br)C=CC(=C1)N(=O)=O,14198912,C=C(C)COc1cc([N+](=O)[O-])ccc1Br,645418-39-9
FC(F)(F)C1=C(Br)C=CC=C1Cl,14432092,FC(F)(F)c1c(Cl)cccc1Br,857061-44-0
OC(=O)C(F)(F)C1=CC=C(Br)C=C1,14571011,O=C(O)C(F)(F)c1ccc(Br)cc1,913574-93-3
NC1=CC(Br)=C(C=C1)C#N,15636513,N#Cc1ccc(N)cc1Br,53312-82-6
NC1=CC=C2C=C(Br)C=CC2=C1N,15710777,Nc1ccc2cc(Br)ccc2c1N,0
OC(=O)CC1=CC=C(Br)C=C1Cl,18754764,O=C(O)Cc1ccc(Br)cc1Cl,916516-89-7
CC1=C(Br)C=CC(C#N)=C1F,18789934,Cc1c(Br)ccc(C#N)c1F,1114546-30-3
CC1=CC(F)=CC(Br)=C1N,18907727,Cc1cc(F)cc(Br)c1N,202865-77-8
CC1=C(C#N)C(F)=CC=C1Br,20880748,Cc1c(Br)ccc(F)c1C#N,1255207-47-6
BrC1=CC=C(C=C1)C1=CNC(=N1)[C@@H]1CCCN1,21253280,Brc1ccc(-c2c[nH]c([C@@H]3CCCN3)n2)cc1,1255936-24-3
COC(=O)C1=CC(=C(Br)C=C1)S(Cl)(=O)=O,21456995,COC(=O)c1ccc(Br)c(S(=O)(=O)Cl)c1,168969-13-9
ON=CC(=O)NC1=CC=CC(Br)=C1F,21961927,O=C(C=NO)Nc1cccc(Br)c1F,1336963-99-5
CN(C1CCCCC1)C1=CC(Br)=CC(C(=O)NCC2=C(C)C=C(C)NC2=O)=C1C,22917687,Cc1cc(C)c(CNC(=O)c2cc(Br)cc(N(C)C3CCCCC3)c2C)c(=O)[nH]1,1403257-55-5
CN(C1CCN(CC1)C(=O)OC(C)(C)C)C1=C(C)C(=CC(Br)=C1)C(=O)NCC1=C(C)C=C(C)NC1=O,22917735,Cc1cc(C)c(CNC(=O)c2cc(Br)cc(N(C)C3CCN(C(=O)OC(C)(C)C)CC3)c2C)c(=O)[nH]1,1403257-59-9
COC(=O)C1=C(C)C(=CC(Br)=C1)N(C)C1CCOCC1,23054254,COC(=O)c1cc(Br)cc(N(C)C2CCOCC2)c1C,1403257-50-0
COC(=O)C1=CC(Br)=CC(N(C)[C@H]2CC[C@@H](CC2)NC(=O)OC(C)(C)C)=C1C,23054274,COC(=O)c1cc(Br)cc(N(C)[C@H]2CC[C@H](NC(=O)OC(C)(C)C)CC2)c1C,1403257-75-9
CN1C=NC2=C1C=C(C(O)=O)C(NC1=C(F)C=C(Br)C=C1)=C2F,24115835,Cn1cnc2c(F)c(Nc3ccc(Br)cc3F)c(C(=O)O)cc21,1415564-99-6
FC1=CC(F)=C(OC2=C(Br)C=C(C=O)C=C2)C=C1,24599265,O=Cc1ccc(Oc2ccc(F)cc2F)c(Br)c1,0
OCC1=CC(Br)=C(OC2=C(F)C=C(F)C=C2)C=C1,24599266,OCc1ccc(Oc2ccc(F)cc2F)c(Br)c1,0
CNC[C@@H](NC(=O)C1=C(F)C=C(C=C1)C1=NC(=CN=C1N)[C@H]1CC[C@H](O)[C@@H](F)C1)C1=CC(F)=CC(Br)=C1,28362610,CNC[C@@H](NC(=O)c1ccc(-c2nc([C@H]3CC[C@H](O)[C@@H](F)C3)cnc2N)cc1F)c1cc(F)cc(Br)c1,0
CCOC(=O)CCN(CC1=CC(Br)=CC=C1)S(=O)(=O)C1=CC=C(C)C=C1,28406577,CCOC(=O)CCN(Cc1cccc(Br)c1)S(=O)(=O)c1ccc(C)cc1,0
CC1=CC=C(C=C1)S(=O)(=O)N(CCC(O)=O)CC1=CC(Br)=CC=C1,28406578,Cc1ccc(S(=O)(=O)N(CCC(=O)O)Cc2cccc(Br)c2)cc1,0
CC1=CC=C(C=C1)S(=O)(=O)N(CCC(Cl)=O)CC1=CC(Br)=CC=C1,28406579,Cc1ccc(S(=O)(=O)N(CCC(=O)Cl)Cc2cccc(Br)c2)cc1,0
CC(C)(C)OC(=O)N[C@@H](CC=C)C1=CC(Br)=CC(F)=C1,28603618,C=CC[C@H](NC(=O)OC(C)(C)C)c1cc(F)cc(Br)c1,0
CC(C)(O)CC1=CC(F)=C(Br)C=C1,31077734,CC(C)(O)Cc1ccc(Br)c(F)c1,0
NC1=C(F)C(Br)=C(I)C=C1C(O)=O,36256683,Nc1c(C(=O)O)cc(I)c(Br)c1F,0
NC1=CC(=NN1)C1=CC=C(Br)C=C1,643282,Nc1cc(-c2ccc(Br)cc2)n[nH]1,78583-82-1
BrCCC1=CC(Br)=CC=C1,2079718,BrCCc1cccc(Br)c1,40422-70-6
CC(C)(O)C1=CC(Br)=CC=C1,2245390,CC(C)(O)c1cccc(Br)c1,30951-66-7
COCCC1=CC=C(Br)C=C1,2357132,COCCc1ccc(Br)cc1,60835-90-7
OC(=O)C1=CC(Br)=CC(Cl)=C1,2438793,O=C(O)c1cc(Cl)cc(Br)c1,42860-02-6
OCC(=O)C1=CC=CC(Br)=C1,2518410,O=C(CO)c1cccc(Br)c1,4079-51-0
COC1=CC(Br)=C(I)C=C1OC,2557708,COc1cc(Br)c(I)cc1OC,89978-46-1
COC1=C(C=C(Br)C=C1)S(C)(=O)=O,2559219,COc1ccc(Br)cc1S(C)(=O)=O,90531-99-0
OC(=O)C1=CC=CC(C(O)=O)=C1Br,2616162,O=C(O)c1cccc(C(=O)O)c1Br,22433-91-6
COC1=CC=C(CC(O)=O)C(Br)=C1,2968078,COc1ccc(CC(=O)O)c(Br)c1,66916-99-2
BrC1=C(I)C=CC2=CC=CC=C12,3240035,Brc1c(I)ccc2ccccc12,90948-03-1
COC1=C(Br)C=C(I)C=C1,3241064,COc1ccc(I)cc1Br,182056-39-9
CC(C)(C)C1=C(N)C=CC(Br)=C1,3241353,CC(C)(C)c1cc(Br)ccc1N,850012-44-1
COC1=C(C=CC=C1Br)C(O)=O,3249420,COc1c(Br)cccc1C(=O)O,101084-39-3
CCN(CC)C(=O)C1=C(Br)C=CC=C1,3263708,CCN(CC)C(=O)c1ccccc1Br,76041-86-6
COC(=O)C1=C(Br)C(N)=CC=C1,4387443,COC(=O)c1cccc(N)c1Br,106896-48-4
COC1=CC(C2OCCO2)=C(Br)C=C1,5532850,COc1ccc(Br)c(C2OCCO2)c1,98015-07-7
FC(F)(F)C(=O)NCCC1=CC=C(Br)C=C1,7640476,O=C(NCCc1ccc(Br)cc1)C(F)(F)F,181514-21-6
BrC1=CC=C(C=C2CC2)C=C1,8049559,Brc1ccc(C=C2CC2)cc1,179251-27-5
OCC1=CC=C(F)C=C1Br,8309796,OCc1ccc(F)cc1Br,229027-89-8
CC(C)[Si](OC1=CC=C(Br)C=C1)(C(C)C)C(C)C,8686198,CC(C)[Si](Oc1ccc(Br)cc1)(C(C)C)C(C)C,193966-77-7
CC(C)(C)OC(=O)NCCCC1=CC(Br)=CC=C1,10004345,CC(C)(C)OC(=O)NCCCc1cccc(Br)c1,852540-82-0
BrC1=CC=C(C=C1)S(=O)(=O)N1CCCC1,11412919,O=S(=O)(c1ccc(Br)cc1)N1CCCC1,0
CC(C)(C(O)=O)C1=CC=CC(Br)=C1,11458731,CC(C)(C(=O)O)c1cccc(Br)c1,81606-47-5
CC(C)(C)OC(=O)NC1=CC(Br)=CC(=C1)C(F)(F)F,13200214,CC(C)(C)OC(=O)Nc1cc(Br)cc(C(F)(F)F)c1,641571-03-1
FC(F)(F)OC1=CC(Br)=C(Cl)C=C1,14258552,FC(F)(F)Oc1ccc(Cl)c(Br)c1,468075-00-5
FC1=CC=C(Br)C(Cl)=C1,14478171,Fc1ccc(Br)c(Cl)c1,110407-59-5
OC(=O)C1=CC(Br)=CC=C1N\C=C\N(=O)=O,15034778,O=C(O)c1cc(Br)ccc1N/C=C/[N+](=O)[O-],1201643-75-5
FC1=C(C=O)C(Cl)=CC(Br)=C1,15479225,O=Cc1c(F)cc(Br)cc1Cl,929621-33-0
CC1=CC(C)=C2N1[B-](F)(F)[N+]1=C(C)C=C(C)C1=C2C1=CC=C(Br)C=C1,15769147,CC1=CC(C)=[N+]2C1=C(c1ccc(Br)cc1)c1c(C)cc(C)n1[B-]2(F)F,0
CNC1=CC(Br)=CC(C)=C1N,18510489,CNc1cc(Br)cc(C)c1N,941696-22-6
FC1=C(Cl)C=C(Br)C=C1C=O,18922905,O=Cc1cc(Br)cc(Cl)c1F,1280786-80-2
BrC1=CC=C(C=C1)N1C=C(N=N1)C1=CC=CC=C1,19577567,Brc1ccc(-n2cc(-c3ccccc3)nn2)cc1,116373-83-2
CN1CCC(CC1)C1=CC=C(Br)C=C1,20921897,CN1CCC(c2ccc(Br)cc2)CC1,1187928-85-3
COC(=O)C(=C)C(OC(=O)OC(C)(C)C)C1=CC=CC(Br)=C1,21680335,C=C(C(=O)OC)C(OC(=O)OC(C)(C)C)c1cccc(Br)c1,1005193-03-2
CC1=CC=C(C=C1)S(=O)(=O)NCCC1=CC(Br)=CC=C1,21990542,Cc1ccc(S(=O)(=O)NCCc2cccc(Br)c2)cc1,494833-87-3
CS(=N)(=O)C1=CC(Br)=CC=C1,28293179,CS(=N)(=O)c1cccc(Br)c1,0
BrC1=CC=C(C(=C1)C1=CC2=C(C=C1)N(C=C2)C1=CC=CC=C1)N(=O)=O,28515183,O=[N+]([O-])c1ccc(Br)cc1-c1ccc2c(ccn2-c2ccccc2)c1,0
BrC1=CC=CC=C1C1=NC(=NC(=C1)C1=CC=CC=C1)C1=CC=CC=C1,30042420,Brc1ccccc1-c1cc(-c2ccccc2)nc(-c2ccccc2)n1,0
COC(=O)C1=C(OC2=CC3=C(NC=C3)N=C2)C=C(Br)C=C1,31987750,COC(=O)c1ccc(Br)cc1Oc1cnc2[nH]ccc2c1,0
BrC1=CC=CC(=C1)C1=NN=NN1,141258,Brc1cccc(-c2nnn[nH]2)c1,3440-99-1
NC(=S)C1=CC(Br)=CC=C1,1209970,NC(=S)c1cccc(Br)c1,2227-62-5
CC1=CC=C(C=C1)S(=O)(=O)C1=CC=C(Br)C=C1,2269402,Cc1ccc(S(=O)(=O)c2ccc(Br)cc2)cc1,5184-70-3
CC1=C(C)C=C(I)C(Br)=C1,2355067,Cc1cc(Br)c(I)cc1C,96843-22-0
OC(C1=CC=C(Br)C=C1)(C(F)(F)F)C(F)(F)F,2466351,OC(c1ccc(Br)cc1)(C(F)(F)F)C(F)(F)F,2402-72-4
COC1=CC(SC)=CC=C1Br,2556243,COc1cc(SC)ccc1Br,67868-91-1
ClC(=O)C1=CC(Cl)=CC=C1Br,2575971,O=C(Cl)c1cc(Cl)ccc1Br,42860-16-2
OC(=O)C1=C(O)C2=CC=CC=C2C(Br)=C1,2694910,O=C(O)c1cc(Br)c2ccccc2c1O,5813-37-6
COC(=O)C1=C(O)C2=CC=CC=C2C(Br)=C1,2696601,COC(=O)c1cc(Br)c2ccccc2c1O,5813-19-4
NC1=CC=C(Br)C=C1C(=O)C1=CC=C(Cl)C=C1,2733671,Nc1ccc(Br)cc1C(=O)c1ccc(Cl)cc1,65246-99-3
NC1=CC2=C(C=CC=C2)C=C1Br,2802484,Nc1cc2ccccc2cc1Br,54245-33-9
COC(=O)C(O)C1=CC=C(Br)C=C1,2938814,COC(=O)C(O)c1ccc(Br)cc1,127709-20-0
CC1=CC=C(C=C1)S(=O)(=O)OCC(=O)C1=CC=C(Br)C=C1,2997890,Cc1ccc(S(=O)(=O)OCC(=O)c2ccc(Br)cc2)cc1,98475-05-9
FC(F)(F)C1=CC(Cl)=C(Br)C=C1,3252905,FC(F)(F)c1ccc(Br)c(Cl)c1,402-04-0
O[C@H](CBr)C1=CC=C(Br)C=C1,4668106,O[C@H](CBr)c1ccc(Br)cc1,100306-24-9
BrC1=CC2=C3C4=C(C=CC5=C4C4=C(C=C5)C=CC1=C34)C=C2,4871692,Brc1cc2ccc3ccc4ccc5ccc1c1c5c4c3c21,138816-09-8
CCOC(=O)C1=C(Cl)C=CC(Br)=C1,6501991,CCOC(=O)c1cc(Br)ccc1Cl,76008-73-6
BrC1=CC=C(C=C1)C(=O)C#C,7757392,C#CC(=O)c1ccc(Br)cc1,54012-24-7
NCC1=CC(F)=CC=C1Br,10530098,NCc1cc(F)ccc1Br,747392-34-3
OB(O)C1=C(F)C=C(Br)C=C1,11419151,OB(O)c1ccc(Br)cc1F,0
FC1=C(F)C(C=O)=C(Br)C=C1,11546608,O=Cc1c(Br)ccc(F)c1F,360576-04-1
CC1=C(C2=NOCC2)C(=CC=C1Br)S(C)(=O)=O,14008127,Cc1c(Br)ccc(S(C)(=O)=O)c1C1=NOCC1,247922-29-8
CNC1=C(Br)C=CC=C1N(=O)=O,15624550,CNc1c(Br)cccc1[N+](=O)[O-],1004618-77-2
ClC1=CC(Br)=CC(Cl)=C1S(Cl)(=O)=O,18399636,O=S(=O)(Cl)c1c(Cl)cc(Br)cc1Cl,351003-54-8
COC(=O)C(=O)C=CC1=CC=CC(Br)=C1,20206914,COC(=O)C(=O)C=Cc1cccc(Br)c1,104094-31-7
NC1=C(C(F)=C(Br)C=C1)N(=O)=O,20576224,Nc1ccc(Br)c(F)c1[N+](=O)[O-],886762-75-0
CC1=C(O)C=CC(Br)=C1CO,20880761,Cc1c(O)ccc(Br)c1CO,1255206-72-4
CC(CO)(NC(=O)CCl)C1=CC(Br)=CC=C1,21011983,CC(CO)(NC(=O)CCl)c1cccc(Br)c1,1262858-66-1
CC(C)(C)C1=C(O)C=C(C(Br)=C1)N(=O)=O,21340809,CC(C)(C)c1cc(Br)c([N+](=O)[O-])cc1O,873055-68-6
CS(=O)(=O)NC1=C(C=C(Br)C=C1)C(O)=O,22142627,CS(=O)(=O)Nc1ccc(Br)cc1C(=O)O,1225713-29-0
NC1=C(C2CCCO2)C(F)=C(Br)C=C1N(=O)=O,22672750,Nc1c([N+](=O)[O-])cc(Br)c(F)c1C1CCCO1,1384984-27-3
COC(=O)C1=CC(Br)=CC(N(C)[C@@H]2CC[C@@H](CC2)NC(=O)OC(C)(C)C)=C1C,23054275,COC(=O)c1cc(Br)cc(N(C)[C@H]2CC[C@@H](NC(=O)OC(C)(C)C)CC2)c1C,1403257-73-7
BrC1=CC=C(C=C1)C1=C2C=CC=CC2=C(C2=CC=CC3=CC=CC=C23)C2=CC=CC=C12,23803710,Brc1ccc(-c2c3ccccc3c(-c3cccc4ccccc34)c3ccccc23)cc1,1160506-32-0
C[Si](C)(C)N(C1=C(F)C=CC(Br)=C1)[Si](C)(C)C,28917244,C[Si](C)(C)N(c1cc(Br)ccc1F)[Si](C)(C)C,0
OC[C@]1(COC(=O)C2=CC=C(Br)C=C2)CCCC2=C1C=CC(Cl)=C2,29388961,O=C(OC[C@@]1(CO)CCCc2cc(Cl)ccc21)c1ccc(Br)cc1,0
ClC1=CC2=C(C=C1)[C@@](COC(=O)C1=CC=C(Br)C=C1)(CCC2)C=O,29388964,O=C[C@]1(COC(=O)c2ccc(Br)cc2)CCCc2cc(Cl)ccc21,0
CC1=NC(=NO1)C1=CC=C(Br)C=C1,153630,Cc1nc(-c2ccc(Br)cc2)no1,118183-92-9
CC1(OCCO1)C1=C(Br)C=CC=C1,1242574,CC1(c2ccccc2Br)OCCO1,50777-64-5
CCCCCOC1=CC=C(Br)C=C1,1867014,CCCCCOc1ccc(Br)cc1,30752-18-2
COC1=CC(OC)=C(Br)C(C)=C1,1947620,COc1cc(C)c(Br)c(OC)c1,13321-73-8
BrC1=CC=CC(NC(=O)C2=CC=CC=C2)=C1,1958755,O=C(Nc1cccc(Br)c1)c1ccccc1,10286-85-8
COC1=CC(Br)=CC=C1OCC1=CC=CC=C1,2054534,COc1cc(Br)ccc1OCc1ccccc1,63057-72-7
BrC1=CC(=CC=C1)C1CC1,2079864,Brc1cccc(C2CC2)c1,1798-85-2
OC(CC=C)C1=C(Br)C=CC=C1,2083379,C=CCC(O)c1ccccc1Br,71787-51-4
NC1=C(F)C(F)=C(Br)C(F)=C1F,2106857,Nc1c(F)c(F)c(Br)c(F)c1F,1998-66-9
CC(C)OC1=CC=CC=C1Br,2207055,CC(C)Oc1ccccc1Br,701-07-5
COC(=O)C1=C(C)C=C(Br)C=C1C,2363654,COC(=O)c1c(C)cc(Br)cc1C,90841-46-6
BrC1=C2C=CC3=CC=CC=C3C2=CC2=CC=CC=C12,2560467,Brc1c2ccccc2cc2c1ccc1ccccc12,32795-84-9
CC1=CC(Br)=C(C=C1)C(N)=O,2613803,Cc1ccc(C(N)=O)c(Br)c1,131002-03-4
NC1=C(C=C(Br)C=C1N(=O)=O)N(=O)=O,2811688,Nc1c([N+](=O)[O-])cc(Br)cc1[N+](=O)[O-],62554-90-9
CC1=CC(Br)=C(N)C(=C1)N(=O)=O,2967774,Cc1cc(Br)c(N)c([N+](=O)[O-])c1,827-24-7
CC1=CC(Br)=CC(N)=C1N,3240687,Cc1cc(Br)cc(N)c1N,76153-06-5
COC1=C(CO)C=C(Br)C=C1,3245864,COc1ccc(Br)cc1CO,80866-82-6
COC1=CC(OC)=C(C=O)C=C1Br,3258216,COc1cc(OC)c(C=O)cc1Br,130333-46-9
COC1=C(Br)C=CC(=C1)C(F)(F)F,3264582,COc1cc(C(F)(F)F)ccc1Br,402-07-3
CC1=C(Br)C=CC(O)=C1N(=O)=O,3266394,Cc1c(Br)ccc(O)c1[N+](=O)[O-],85598-12-5
CCN(CC)S(=O)(=O)C1=CC=C(Br)C=C1,3307084,CCN(CC)S(=O)(=O)c1ccc(Br)cc1,90944-62-0
CC1=C(O)C(=CC(Br)=C1)N(=O)=O,3530528,Cc1cc(Br)cc([N+](=O)[O-])c1O,20294-50-2
COC1=C(Br)C=CC(O[Si](C)(C)C(C)(C)C)=C1,4864362,COc1cc(O[Si](C)(C)C(C)(C)C)ccc1Br,137396-02-2
BrC1=CC=C(\C=N\C2=CC=CC=C2)C=C1,6858635,Brc1ccc(/C=N/c2ccccc2)cc1,1613-97-4
OC1=C(F)C(F)=CC(Br)=C1,8831044,Oc1cc(Br)cc(F)c1F,0
CC1=CC(I)=CC=C1NC1=C(C=C(Br)C(F)=C1F)C(O)=O,9078255,Cc1cc(I)ccc1Nc1c(C(=O)O)cc(Br)c(F)c1F,212628-46-1
CC(NC(=O)OC(C)(C)C)C1=CC=C(Br)C=C1,11132711,CC(NC(=O)OC(C)(C)C)c1ccc(Br)cc1,850363-42-7
FC1=CC(=CC(F)=C1Br)C#N,13464121,N#Cc1cc(F)c(Br)c(F)c1,123688-59-5
NC1=C(N)C(Br)=CC(F)=C1,13767576,Nc1cc(F)cc(Br)c1N,115440-10-3
FC1=CC(F)=C(C=O)C=C1Br,14212211,O=Cc1cc(Br)c(F)cc1F,473416-91-0
OC1=CC(=CC(Br)=C1)C#N,14288291,N#Cc1cc(O)cc(Br)c1,770718-92-8
BrC1=CC=C(I)C=C1C(=O)OCC1=CC=CC=C1,14289695,O=C(OCc1ccccc1)c1cc(I)ccc1Br,762254-25-1
OC1=C(Br)C=C(F)C=C1C=O,14290935,O=Cc1cc(F)cc(Br)c1O,178546-34-4
ClC1=CC(Br)=CC=C1CC#N,14292851,N#CCc1ccc(Br)cc1Cl,67197-54-0
CC1=C(Br)C=C(NC(=O)OC(C)(C)C)C=C1,14525209,Cc1ccc(NC(=O)OC(C)(C)C)cc1Br,515813-02-2
CC(C)(C)OC(=O)N1C[C@H](O)C[C@H]1C1=NC=C(N1)C1=CC=C(Br)C=C1,15627806,CC(C)(C)OC(=O)N1C[C@H](O)C[C@H]1c1ncc(-c2ccc(Br)cc2)[nH]1,1007882-06-5
OC1=C(C=C(Br)C(F)=C1)N(=O)=O,15641939,O=[N+]([O-])c1cc(Br)c(F)cc1O,1016234-87-9
CN(CC1=CC=C(Br)C=C1)C(=O)OC(C)(C)C,15652369,CN(Cc1ccc(Br)cc1)C(=O)OC(C)(C)C,260809-26-5
NC(=O)C1(CCC1)C1=CC=C(Br)C=C1,18391315,NC(=O)C1(c2ccc(Br)cc2)CCC1,1032350-05-2
BrC1=CC(OCCN2C(=O)C3=C(C=CC=C3)C2=O)=CC=C1,18689686,O=C1c2ccccc2C(=O)N1CCOc1cccc(Br)c1,938642-05-8
COC(=O)C1=C(C=CC(Br)=C1)C(F)(F)F,19482430,COC(=O)c1cc(Br)ccc1C(F)(F)F,842136-32-7
C[C@@H](OC(=O)NC1=C(ON=C1C)C1=CC=C(Br)C=C1)C1=CC=CC=C1,20330219,Cc1noc(-c2ccc(Br)cc2)c1NC(=O)O[C@H](C)c1ccccc1,1228690-37-6
C[C@H]1C[C@H](N(C1)C(=O)OC(C)(C)C)C1=NC=C(N1)C1=CC=C(Br)C=C1,20784089,C[C@H]1C[C@@H](c2ncc(-c3ccc(Br)cc3)[nH]2)N(C(=O)OC(C)(C)C)C1,1250939-45-7
OC(=O)C1=CC=C(Br)C(OCC(F)(F)F)=C1,20885771,O=C(O)c1ccc(Br)c(OCC(F)(F)F)c1,1226966-58-0
FC(F)(F)OC1=C(Br)C=CC(OCC2=CC=CC=C2)=C1,21552681,FC(F)(F)Oc1cc(OCc2ccccc2)ccc1Br,647856-28-8
CCN(C1CCOCC1)C1=C(C)C(C(=O)NCC2=C(C)C=C(C)NC2=O)=C(F)C(Br)=C1,22917706,CCN(c1cc(Br)c(F)c(C(=O)NCc2c(C)cc(C)[nH]c2=O)c1C)C1CCOCC1,1403258-37-6
CCCNS(=O)(=O)NC1=C(C2=CC=C(Br)C=C2)C(OCCO)=NC=N1,22931264,CCCNS(=O)(=O)Nc1ncnc(OCCO)c1-c1ccc(Br)cc1,1393813-43-8
BrC1=C(OCCOC2CCCCO2)C=CC=C1C=O,23083859,O=Cc1cccc(OCCOC2CCCCO2)c1Br,1093644-11-1
FC1=CC=C(Br)C(F)=C1C#N,23979291,N#Cc1c(F)ccc(Br)c1F,1250444-23-5
CS(=O)(=O)C1=CC(N)=C(O)C(Br)=C1,28821359,CS(=O)(=O)c1cc(N)c(O)c(Br)c1,0
BrC1=CC=C(C=C1)C1=NOC(=O)N1,979568,O=c1[nH]c(-c2ccc(Br)cc2)no1,16672-19-8
ClSC1=CC=C(Br)C=C1,1364248,ClSc1ccc(Br)cc1,1762-76-1
CCC1=CC=C(C=C1)C1=CC=C(Br)C=C1,1942471,CCc1ccc(-c2ccc(Br)cc2)cc1,58743-79-6
BrC1=CC=C(OCC=C)C(C=O)=C1,1950913,C=CCOc1ccc(Br)cc1C=O,40359-62-4
OC1=C(Br)C=C(Cl)C=C1Cl,2046859,Oc1c(Cl)cc(Cl)cc1Br,4524-77-0
CC(=NC1=CC=CC=C1)C1=CC=C(Br)C=C1,2100466,CC(=Nc1ccccc1)c1ccc(Br)cc1,0
CS(=O)(=O)C1=CC(Br)=C(O)C(=C1)N(=O)=O,2131874,CS(=O)(=O)c1cc(Br)c(O)c([N+](=O)[O-])c1,20951-41-1
ClC(=O)C1=C(Br)C2=C(C=CC=C2)C=C1,2577002,O=C(Cl)c1ccc2ccccc2c1Br,76373-11-0
OC(C#N)C1=CC=C(Br)C=C1,2718687,N#CC(O)c1ccc(Br)cc1,58289-69-3
CN(C=O)C1=CC=C(Br)C=C1,2803058,CN(C=O)c1ccc(Br)cc1,35452-54-1
BrC1=C(I)C2=CC=CC=C2C=C1,3240273,Brc1ccc2ccccc2c1I,676267-05-3
CC1=C(N)C=CC(Br)=C1Cl,3240635,Cc1c(N)ccc(Br)c1Cl,627531-47-9
CC1=C(Br)C=CC(N)=C1N(=O)=O,3266380,Cc1c(Br)ccc(N)c1[N+](=O)[O-],854624-54-7
COC1=C(CCl)C2=CC=C(Br)C=C2C=C1,3273763,COc1ccc2cc(Br)ccc2c1CCl,92643-16-8
OC1=C(C=CC=C1Br)C#N,7757683,N#Cc1cccc(Br)c1O,13073-28-4
FC1=CC2=C(NC(=O)CN=C2C2=CC=CC=C2Br)C=C1,7767519,O=C1CN=C(c2ccccc2Br)c2cc(F)ccc2N1,153873-96-2
BrC1=CC=C(C=C1)C1=C2C=CC3=C4C(C=CC(C=C1)=C24)=CC=C3,8784404,Brc1ccc(-c2ccc3ccc4cccc5ccc2c3c45)cc1,345924-29-0
CC1(C)OB(OC1(C)C)C1=CC=CC=C1Br,9193864,CC1(C)OB(c2ccccc2Br)OC1(C)C,269410-06-2
CN1C=C(C(O)=O)C(NC2=C(F)C=C(Br)C=C2)=C(F)C1=O,10367072,Cn1cc(C(=O)O)c(Nc2ccc(Br)cc2F)c(F)c1=O,853105-98-3
CC(C)(C)C1=CC=C(C=C1)C1=C(Br)C=CC=C1,11171251,CC(C)(C)c1ccc(-c2ccccc2Br)cc1,0
CCOC(=O)C(C)(C)CC1=C(SC(C)(C)C)C2=C(C=CC(O)=C2)N1CC1=CC=C(Br)C=C1,11528722,CCOC(=O)C(C)(C)Cc1c(SC(C)(C)C)c2cc(O)ccc2n1Cc1ccc(Br)cc1,936351-54-1
CNC(=O)C1=CC(Br)=CC(C)=C1N,12631831,CNC(=O)c1cc(Br)cc(C)c1N,0
COC1=CC2=C(C=CC(Br)=C2)C=C1,13639199,COc1ccc2ccc(Br)cc2c1,0
COC1=CC(Br)=C(F)C=C1N(=O)=O,13905175,COc1cc(Br)c(F)cc1[N+](=O)[O-],0
FC1=CC=C(Br)C(F)=C1C=O,14254478,O=Cc1c(F)ccc(Br)c1F,398456-82-1
CC(C)(C)OC(=O)NC1=CC(F)=C(Br)C=C1,14460051,CC(C)(C)OC(=O)Nc1ccc(Br)c(F)c1,868735-43-7
BrC1=C(C=O)C=C(OC2=CC=C(C=C2)C#N)C=C1,15470936,N#Cc1ccc(Oc2ccc(Br)c(C=O)c2)cc1,906673-54-9
BrC1=CC=C(C=C1)C1=NC=CC2=C1C=CC=C2,18732418,Brc1ccc(-c2nccc3ccccc23)cc1,936498-10-1
CC(=O)OC(C#C)C1=CC=C(Br)C=C1,18907026,C#CC(OC(C)=O)c1ccc(Br)cc1,960377-64-4
NC1=C(C(Cl)=C(Br)C=C1)N(=O)=O,20069042,Nc1ccc(Br)c(Cl)c1[N+](=O)[O-],1000573-99-8
C[C@H]1CC[C@H](N1C(=O)OC(C)(C)C)C(=O)OCC(=O)C1=CC=C(Br)C=C1,20784088,C[C@H]1CC[C@@H](C(=O)OCC(=O)c2ccc(Br)cc2)N1C(=O)OC(C)(C)C,1250939-12-8
BrC1=CC2=C(C=C1)C=C(C=C2)C(=O)C=[N]#N,20896780,[N-]=[N+]=CC(=O)c1ccc2cc(Br)ccc2c1,1256387-44-6
CC1(COCC(=O)N1)C1=CC(Br)=CC=C1,21011974,CC1(c2cccc(Br)c2)COCC(=O)N1,1262858-67-2
NC1=C(Br)C=C(C=C1OC(F)F)C(F)(C(F)(F)F)C(F)(F)F,21184770,Nc1c(Br)cc(C(F)(C(F)(F)F)C(F)(F)F)cc1OC(F)F,1262665-49-5
C[C@](N)(CO)C1=C(F)C=CC(Br)=C1,21196726,C[C@](N)(CO)c1cc(Br)ccc1F,1228571-14-9
BrC1=C(C=CC=C1)C1=CC=C2N(C3=CC=CC=C3C2=C1)C1=CC=CC=C1,27535268,Brc1ccccc1-c1ccc2c(c1)c1ccccc1n2-c1ccccc1,0
CNC1=C(OC)C=C(Br)C=C1N(=O)=O,28440868,CNc1c(OC)cc(Br)cc1[N+](=O)[O-],0
BrC1=CC=C(C(=C1)C1=CC2=C(NC=C2)C=C1)N(=O)=O,28515182,O=[N+]([O-])c1ccc(Br)cc1-c1ccc2[nH]ccc2c1,0
CC(C)(C)OC(=O)N1CC(C1)C1=CC=C(Br)C=C1,28584170,CC(C)(C)OC(=O)N1CC(c2ccc(Br)cc2)C1,0
CC1=C(C)C(N)=C(C=C1Br)C(O)=O,28944250,Cc1c(Br)cc(C(=O)O)c(N)c1C,0
COC1=C(F)C(O)=C(C=C1Br)C(O)=O,28944330,COc1c(Br)cc(C(=O)O)c(O)c1F,0
ClCCOC1=CC=C(Br)C=C1,637831,ClCCOc1ccc(Br)cc1,55162-34-0
CCOC(=O)C(Cl)=NNC1=CC=C(Br)C=C1,650907,CCOC(=O)C(Cl)=NNc1ccc(Br)cc1,27143-10-8
BrC1=CC=C(NN=CC2=CC=CC=C2)C=C1,745200,Brc1ccc(NN=Cc2ccccc2)cc1,16917-43-4
BrC1=CC=CC=C1N1C=CC=C1,1681383,Brc1ccccc1-n1cccc1,69907-27-3
COC(=O)CCC1=CC=CC=C1Br,1953730,COC(=O)CCc1ccccc1Br,66191-86-4
CC1=C(Br)C=C(C=C1N(=O)=O)N(=O)=O,1975960,Cc1c(Br)cc([N+](=O)[O-])cc1[N+](=O)[O-],18242-38-1
BrC1=CC=C(NS(=O)(=O)C2=CC=CC=C2)C=C1,2121728,O=S(=O)(Nc1ccc(Br)cc1)c1ccccc1,16468-97-6
CC1=CC(Br)=C(O)C(=C1)N(=O)=O,2259884,Cc1cc(Br)c(O)c([N+](=O)[O-])c1,20039-91-2
BrCC1=C(Br)C=CC=C1N(=O)=O,2260196,O=[N+]([O-])c1cccc(Br)c1CBr,58579-54-7
BrC1=CC2=C3C=CC=CC3=CC=C2C2=C1C=CC=C2,2272650,Brc1cc2c3ccccc3ccc2c2ccccc12,7397-93-5
BrC1=CC(=CC=C1)C(=O)C=CC1=CC=CC=C1,2329856,O=C(C=Cc1ccccc1)c1cccc(Br)c1,0
ClS(=O)(=O)C1=CC=C(C=C1)C1=CC=C(Br)C=C1,2460807,O=S(=O)(Cl)c1ccc(-c2ccc(Br)cc2)cc1,13610-11-2
COC1=C(C=C(Br)C=C1)C(F)(F)F,2525206,COc1ccc(Br)cc1C(F)(F)F,1514-11-0
CNC(=O)C1=CC=CC=C1Br,2613220,CNC(=O)c1ccccc1Br,61436-88-2
COS(=O)(=O)C1=CC=C(Br)C=C1,2643566,COS(=O)(=O)c1ccc(Br)cc1,6213-85-0
BrC1=CC=C(C=NCC2=CC=CC=C2)C=C1,2833510,Brc1ccc(C=NCc2ccccc2)cc1,27046-29-3
NC1=C(NC2=CC=CC=C2)C=C(Br)C=C1,3133439,Nc1ccc(Br)cc1Nc1ccccc1,343952-87-4
CC1=C(O)C(Cl)=CC(Br)=C1,3240712,Cc1cc(Br)cc(Cl)c1O,7530-27-0
CCOC1=CC(Br)=CC=C1N,3245814,CCOc1cc(Br)ccc1N,57279-73-9
CC1=CC(=CC(C)=C1Br)C(N)=O,3249252,Cc1cc(C(N)=O)cc(C)c1Br,864825-81-0
BrC1=C2C=CC=CC2=C2C(C=CC3=CC=CC=C23)=C1,3295495,Brc1cc2ccc3ccccc3c2c2ccccc12,89523-51-3
COC(=O)C(Br)C1=CC=C(Br)C=C1,4248755,COC(=O)C(Br)c1ccc(Br)cc1,129592-90-1
BrC1=CC=CC=C1C1CO1,4663980,Brc1ccccc1C1CO1,71636-51-6
CC1(C)CC(=O)C2=C(C1)NC1=C(C2C2=CC=C(Br)C=C2)C(=O)CC(C)(C)C1,4886087,CC1(C)CC(=O)C2=C(C1)NC1=C(C(=O)CC(C)(C)C1)C2c1ccc(Br)cc1,136203-54-8
NC1=CC(Br)=C(C=C1N)C(F)(F)F,7372528,Nc1cc(Br)c(C(F)(F)F)cc1N,157590-60-8
CC1=CC(CBr)=CC(Br)=C1,8049545,Cc1cc(Br)cc(CBr)c1,51719-69-8
BrC(Br)=CC1=CC=CC=C1Br,8050022,BrC(Br)=Cc1ccccc1Br,213599-19-0
FC1=C(Br)C=CC(=C1)C1(CC1)C#N,10156076,N#CC1(c2ccc(Br)c(F)c2)CC1,749269-73-6
BrC1=CC=C(C=C1)[C@H]1CCC(=O)C1,10156884,O=C1CC[C@H](c2ccc(Br)cc2)C1,160678-59-1
CCOC(=O)C(CC1=CC=C(Br)C=C1)=C=C,10345862,C=C=C(Cc1ccc(Br)cc1)C(=O)OCC,897965-00-3
FC1=CC(Br)=CC(F)=C1OC(F)(F)F,13555394,Fc1cc(Br)cc(F)c1OC(F)(F)F,0
CC(C)N(CC[C@H](C1=CC=CC=C1)C1=C(OCC2=CC=CC=C2)C=CC(Br)=C1)C(C)C,13684641,CC(C)N(CC[C@H](c1ccccc1)c1cc(Br)ccc1OCc1ccccc1)C(C)C,950773-38-3
BrC1=C(I)C=CC(=C1)C1=CC=CC=C1,15564324,Brc1cc(-c2ccccc2)ccc1I,900806-53-3
CC(C)(C)OC(=O)NC1=CC=C(Br)C=C1NC(=O)OC(C)(C)C,15590144,CC(C)(C)OC(=O)Nc1ccc(Br)cc1NC(=O)OC(C)(C)C,471239-60-8
CC(C)(C)OC(=O)N1CC(C1)OC1=CC=C(Br)C=C1,15608856,CC(C)(C)OC(=O)N1CC(Oc2ccc(Br)cc2)C1,960402-39-5
CC(C)OC1=C(C=C(Br)C=C1)C#N,15640098,CC(C)Oc1ccc(Br)cc1C#N,515832-52-7
FC1=C(Cl)C(Cl)=CC(Br)=C1,15850658,Fc1cc(Br)cc(Cl)c1Cl,1000572-93-9
FC(F)C1=CC(F)=CC=C1Br,19779505,Fc1ccc(Br)c(C(F)F)c1,1198171-18-4
FC(F)OC1=CC(F)=CC=C1Br,22036491,Fc1ccc(Br)c(OC(F)F)c1,954235-83-7
CC1=C(Br)C=CC(\C=N\O)=C1,23545817,Cc1cc(/C=N/O)ccc1Br,0
CC1=C(NC(=O)C2=C(N)C=CC=C2)C=CC=C1Br,27602484,Cc1c(Br)cccc1NC(=O)c1ccccc1N,0
CC(C)(N)C1=C(Br)C=CC(Cl)=C1,27649715,CC(C)(N)c1cc(Cl)ccc1Br,0
FC(F)C1=C(F)C=CC(F)=C1Br,27952054,Fc1ccc(F)c(C(F)F)c1Br,0
COC(=O)C1=C(N)C(C)=C(C)C(Br)=C1,28944251,COC(=O)c1cc(Br)c(C)c(C)c1N,0
COC(=O)C1=C(O)C(Cl)=C(C)C(Br)=C1,28944306,COC(=O)c1cc(Br)c(C)c(Cl)c1O,0
FC1=CC(F)=C(F)C(OC2=CC(F)=C(Br)C=C2)=C1F,29676074,Fc1cc(Oc2c(F)c(F)cc(F)c2F)ccc1Br,0
BrC1=CC=C(NC(=N)C2=CC=CC=C2)C=C1,610914,N=C(Nc1ccc(Br)cc1)c1ccccc1,21719-91-5
CC1(OCCO1)C1=CC=CC(Br)=C1,1242198,CC1(c2cccc(Br)c2)OCCO1,39172-32-2
CC(=O)NCCC1=C(Br)C=CC=C1,1452809,CC(=O)NCCc1ccccc1Br,74315-08-5
FC1=C(F)C(F)=C(F)C(Br)=C1,1872696,Fc1cc(Br)c(F)c(F)c1F,1074-91-5
BrC1=C(I)C(=CC=C1)N(=O)=O,1950428,O=[N+]([O-])c1cccc(Br)c1I,32337-96-5
COCOC1=CC(Br)=CC=C1,2086823,COCOc1cccc(Br)c1,42471-59-0
BrC1=C2C=CC=CC2=C(C=O)C2=C1C=CC=C2,2266027,O=Cc1c2ccccc2c(Br)c2ccccc12,93496-77-6
OC1=CC=CC=C1C(=O)\C=C\C1=CC=C(Br)C=C1,2505312,O=C(/C=C/c1ccc(Br)cc1)c1ccccc1O,65786-14-3
CS(=O)(=O)CC1=CC=C(Br)C=C1,2521265,CS(=O)(=O)Cc1ccc(Br)cc1,213627-30-6
CC1=C(Br)C=C(C=C1)C(N)=O,2574143,Cc1ccc(C(N)=O)cc1Br,183723-09-3
NC1=C(Br)C=C(F)C(F)=C1,3047272,Nc1cc(F)c(F)cc1Br,64695-79-0
[H]C(=O)C1=C(O)C=C(O)C(Br)=C1,3089122,O=Cc1cc(Br)c(O)cc1O,116096-90-3
BrC1=CC=C(CC(C#N)C#N)C=C1,3091096,N#CC(C#N)Cc1ccc(Br)cc1,21456-03-1
CC1=CC(Br)=C(C)C=C1O,3235785,Cc1cc(Br)c(C)cc1O,85223-93-4
BrCCCOC1=CC=C(Br)C=C1,3245024,BrCCCOc1ccc(Br)cc1,7497-87-2
CCOC(=O)C1=C(C)NC(=S)NC1C1=CC=C(Br)C=C1,3558977,CCOC(=O)C1=C(C)NC(=S)NC1c1ccc(Br)cc1,123629-46-9
COC1=C(Br)C=CC=C1C=O,4244848,COc1c(Br)cccc1C=O,88275-87-0
CC(C)(C)[Si](C)(C)OCCC1=CC=CC=C1Br,7582487,CC(C)(C)[Si](C)(C)OCCc1ccccc1Br,181021-20-5
CC1=C(Br)C(=CC=C1)C#N,8478673,Cc1cccc(C#N)c1Br,263159-64-4
BrC1=CC=C(CN=C=O)C=C1,9477427,O=C=NCc1ccc(Br)cc1,0
NC(C1=CC=C(Br)C=C1)C(F)(F)F,9996979,NC(c1ccc(Br)cc1)C(F)(F)F,0
BrC1=CC=C(C=C1)[C@@H]1CCC(=O)C1,10156883,O=C1CC[C@@H](c2ccc(Br)cc2)C1,160678-57-9
C[C@@H](N1CCO[C@H](C1)C1=CC=C(Br)C=C1)C1=CC=CC=C1,12135016,C[C@H](c1ccccc1)N1CCO[C@@H](c2ccc(Br)cc2)C1,879205-74-0
COC1=C(Br)C=CC(NC(=O)OC(C)(C)C)=C1,14159936,COc1cc(NC(=O)OC(C)(C)C)ccc1Br,262433-28-3
COC(=O)C1=CC(Br)=C(C)C=C1F,14212265,COC(=O)c1cc(Br)c(C)cc1F,478374-76-4
BrC1=C2C=CC=CC2=C(C2=C1C=CC=C2)C1=C(C=CC=C1)C1=CC=CC=C1,14518779,Brc1c2ccccc2c(-c2ccccc2-c2ccccc2)c2ccccc12,400607-16-1
ClC1=CC=C(Br)C=C1I,15576129,Clc1ccc(Br)cc1I,774608-49-0
BrC1=CC=C(C=C1)C1=CN(CC2=CC=CC=C2)N=N1,15862540,Brc1ccc(-c2cn(Cc3ccccc3)nn2)cc1,1009089-48-8
N[C@H](CC1=CC=CC=C1Br)C(O)=O,18857022,N[C@H](Cc1ccccc1Br)C(=O)O,267225-27-4
COC(=O)CC1=CC=C(F)C=C1Br,19011963,COC(=O)Cc1ccc(F)cc1Br,949168-34-7
BrC1=CC=C(CC(=O)N2CCOCC2)C=C1,20636056,O=C(Cc1ccc(Br)cc1)N1CCOCC1,349428-85-9
C[C@H]1CC[C@H](N1C(=O)OC(C)(C)C)C1=NC=C(N1)C1=CC=C(Br)C=C1,20784087,C[C@H]1CC[C@@H](c2ncc(-c3ccc(Br)cc3)[nH]2)N1C(=O)OC(C)(C)C,1250939-15-1
CS(=O)(=O)C1=CC(OCC(F)(F)F)=C(Br)C=C1,23069030,CS(=O)(=O)c1ccc(Br)c(OCC(F)(F)F)c1,1403329-91-8
CC(C)(C)OC(=O)N1CC(O)(C1)C1=CC=C(Br)C=C1,23306351,CC(C)(C)OC(=O)N1CC(O)(c2ccc(Br)cc2)C1,1357614-50-6
BrC1=C(C=CC=C1)C1=NC2=C(C=CC=C2)C(=O)N1,23374452,O=c1[nH]c(-c2ccccc2Br)nc2ccccc12,1310417-73-2
COC(=O)C(C(C)=O)C1=C(Br)C=CC=C1,24027015,COC(=O)C(C(C)=O)c1ccccc1Br,1243144-97-9
CC(C)(C)OC(=O)N1CCC(COC2=C(F)C=C(Br)C=C2)CC1,24702425,CC(C)(C)OC(=O)N1CCC(COc2ccc(Br)cc2F)CC1,0
CC(C)(C)OC(=O)N1CC2CSC(NC(=O)C3=CC=CC=C3)=NC2(C1)C1=C(F)C=CC(Br)=C1,27379446,CC(C)(C)OC(=O)N1CC2CSC(NC(=O)c3ccccc3)=NC2(c2cc(Br)ccc2F)C1,0
CC1=NN(CC2=C(Br)C=CC(=C2)C(F)(F)F)N=N1,27750808,Cc1nnn(Cc2cc(C(F)(F)F)ccc2Br)n1,0
CCOC(=O)C1=C(C)NC(=N[C@H]1C1=C(Br)C=C(F)C=C1)C1=NC=CS1,28253171,CCOC(=O)C1=C(C)NC(c2nccs2)=N[C@H]1c1ccc(F)cc1Br,0
OC(=O)COCC1=C(C=CC(Br)=C1)C(O)=O,28406406,O=C(O)COCc1cc(Br)ccc1C(=O)O,0
COC(=O)C1=C(F)C(F)=C(Br)C=C1,28892883,COC(=O)c1ccc(Br)c(F)c1F,0
COC(=O)C1=CC(CCN)=C(Br)C=C1,29514849,COC(=O)c1ccc(Br)c(CCN)c1,0
OC1=CC=C(F)C(Br)=C1C=O,29638299,O=Cc1c(O)ccc(F)c1Br,0
BrCC1=CC(Br)=C(C=C1)C#N,638872,N#Cc1ccc(CBr)cc1Br,89892-38-6
BrC1=CC=C(C=C1)C1=NNN=N1,1104712,Brc1ccc(-c2nn[nH]n2)cc1,50907-23-8
OC(=O)C1=C(F)C(F)=C(Br)C(F)=C1F,1913891,O=C(O)c1c(F)c(F)c(Br)c(F)c1F,4707-24-8
CC1=CC=C(C=C1)C(=O)C=CC1=CC=C(Br)C=C1,1962420,Cc1ccc(C(=O)C=Cc2ccc(Br)cc2)cc1,0
CC(=O)C1=C(O)C(Br)=CC=C1,2045139,CC(=O)c1cccc(Br)c1O,1836-05-1
NC1=C(Br)C=C(I)C=C1,2206654,Nc1ccc(I)cc1Br,29632-73-3
CC(=O)C1=CC(Br)=CC(Cl)=C1O,2255723,CC(=O)c1cc(Br)cc(Cl)c1O,331821-10-4
CC1=CC(CBr)=CC=C1Br,2434451,Cc1cc(CBr)ccc1Br,27561-51-9
BrC1=CC(OCC=C)=CC=C1,2437274,C=CCOc1cccc(Br)c1,41388-50-5
COC1=CC(C=O)=C(O)C(Br)=C1,2443644,COc1cc(Br)c(O)c(C=O)c1,50343-02-7
CCOC(=O)C1=CC(Br)=CC=C1N,2803833,CCOC(=O)c1cc(Br)ccc1N,63243-76-5
[H][C@](N)(CC1=CC=C(Br)C=C1)C(=O)OC,2807375,COC(=O)[C@@H](N)Cc1ccc(Br)cc1,99359-33-8
BrC1=CC=C(C=C1)S(=O)(=O)NCC1=CC=CC=C1,2944204,O=S(=O)(NCc1ccccc1)c1ccc(Br)cc1,3609-87-8
NC1=C(N)C(Br)=CC(Cl)=C1,2964883,Nc1cc(Cl)cc(Br)c1N,0
OC(=O)CNC1=CC=C(Br)C=C1,3049958,O=C(O)CNc1ccc(Br)cc1,13370-62-2
BrC1=CC=C(C=C1)C(=O)CI,3089092,O=C(CI)c1ccc(Br)cc1,81585-72-0
COC1=C(Br)C(F)=CC=C1,3240512,COc1cccc(F)c1Br,446-59-3
CCCCCCCOC1=CC=C(Br)C=C1,3605960,CCCCCCCOc1ccc(Br)cc1,123732-04-7
CC(C)N(C(C)C)C(=O)C1=CC=C(Br)C=C1,5000924,CC(C)N(C(=O)c1ccc(Br)cc1)C(C)C,79606-46-5
BrC1=CC=CC=C1C(=O)NCC1=CC=CC=C1,5533833,O=C(NCc1ccccc1)c1ccccc1Br,82082-50-6
COC(=O)C1=C(Cl)C=CC(Br)=C1,8614745,COC(=O)c1cc(Br)ccc1Cl,251085-87-7
COC(=O)C1=CC(C=O)=CC(Br)=C1,9044930,COC(=O)c1cc(Br)cc(C=O)c1,377734-27-5
BrC1=CC(C#N)=C(C=O)C=C1,9386534,N#Cc1cc(Br)ccc1C=O,523977-64-2
FC1=CC(Br)=CC=C1C(=O)C(F)(F)F,9622362,O=C(c1ccc(Br)cc1F)C(F)(F)F,617706-18-0
CS(=N)(=O)C1=C(Br)C=CC=C1,9995276,CS(=N)(=O)c1ccccc1Br,833459-47-5
COC(=O)C1=C(Br)C(F)=CC=C1,9995496,COC(=O)c1cccc(F)c1Br,647020-71-1
FC(F)(F)C1=CC=C(C=C1)C1=C(Br)C=CC=C1,10344105,FC(F)(F)c1ccc(-c2ccccc2Br)cc1,255837-15-1
FC(F)(F)C1=C(C=C(Br)C=C1)N(=O)=O,11205248,O=[N+]([O-])c1cc(Br)ccc1C(F)(F)F,251115-21-6
OC1=C(O)C=C(Br)C(F)=C1,11417246,Oc1cc(F)c(Br)cc1O,656804-73-8
CON(C)C(=O)C1=C(N)C=CC(Br)=C1,11521323,CON(C)C(=O)c1cc(Br)ccc1N,304854-54-4
BrC1=CC=C(CNC(=O)OCC2=CC=CC=C2)C=C1,11526030,O=C(NCc1ccc(Br)cc1)OCc1ccccc1,0
COC1=C(N)C=C(F)C(Br)=C1,13904846,COc1cc(Br)c(F)cc1N,0
CC1=CC(C=O)=CC(Br)=C1,14189152,Cc1cc(Br)cc(C=O)c1,1611-92-3
COC(=O)C1=C(C=C(Br)C=C1)S(C)(=O)=O,14610537,COC(=O)c1ccc(Br)cc1S(C)(=O)=O,773134-43-3
FC(F)(F)C1(CC(=NO1)C1=CC=C(Br)C2=CC=CC=C12)C1=CC(Cl)=CC(Cl)=C1,15525114,FC(F)(F)C1(c2cc(Cl)cc(Cl)c2)CC(c2ccc(Br)c3ccccc23)=NO1,943847-23-2
OC1=CC(=C(F)C=C1Br)N(=O)=O,15697238,O=[N+]([O-])c1cc(O)c(Br)cc1F,84478-87-5
NC(=O)CCC1=CC(Br)=CC=C1,18689570,NC(=O)CCc1cccc(Br)c1,615534-55-9
CC1=C(F)C=C(Br)C=C1N(=O)=O,19142643,Cc1c(F)cc(Br)cc1[N+](=O)[O-],502496-34-6
CN1CCCC1C1=CC=C(Br)C=C1,19632404,CN1CCCC1c1ccc(Br)cc1,164737-33-1
CC1=CC=C(C=C1)N(C1=CC=C(C)C=C1)C1=CC=C(C=C1)C1=CC=C(Br)C=C1,19743848,Cc1ccc(N(c2ccc(C)cc2)c2ccc(-c3ccc(Br)cc3)cc2)cc1,148077-54-7
CC(C)(C)OC(=O)NCCC(O)C1=CC(Br)=CC=C1,20172666,CC(C)(C)OC(=O)NCCC(O)c1cccc(Br)c1,1098107-09-5
CC1(C)OB(OC1(C)C)\C=C\C1=CC=C(Br)C=C1,20526176,CC1(C)OB(/C=C/c2ccc(Br)cc2)OC1(C)C,1242770-51-9
NC1=C(C2CCCO2)C(F)=C(Br)C=C1,22672747,Nc1ccc(Br)c(F)c1C1CCCO1,1384984-25-1
COC(=O)C1=C(N)C=C(Br)C(F)=C1,28288401,COC(=O)c1cc(F)c(Br)cc1N,0
CC1=C(Br)C=CC=C1CCl,28304721,Cc1c(Br)cccc1CCl,0
CC1=CC=C(C=C1)S(=O)(=O)N(CCC1=CC(Br)=CC=C1)CC(O)=O,28406716,Cc1ccc(S(=O)(=O)N(CCc2cccc(Br)c2)CC(=O)O)cc1,0
NC1=C(F)C(C(F)F)=C(Br)C=C1,29510553,Nc1ccc(Br)c(C(F)F)c1F,0
NC1=NN=C(O1)C1=CC=C(Br)C=C1,611548,Nc1nnc(-c2ccc(Br)cc2)o1,33621-62-4
BrC1=CC(CC=C)=CC=C1,1099288,C=CCc1cccc(Br)c1,18257-89-1
CCCC1=CC=C(C=C1)C1=CC=C(Br)C=C1,1944795,CCCc1ccc(-c2ccc(Br)cc2)cc1,58743-81-0
FC1=CC(F)=C(C=C1Br)C(Cl)=O,1953450,O=C(Cl)c1cc(Br)c(F)cc1F,0
NC1=C(C=C(Br)C=C1Cl)N(=O)=O,2101904,Nc1c(Cl)cc(Br)cc1[N+](=O)[O-],34033-41-5
ClC1=C(Br)C=CC(=C1)N(=O)=O,2253107,O=[N+]([O-])c1ccc(Br)c(Cl)c1,29682-39-1
BrC1=C(C=CC=C1)C1=CC2=C(C=CC=C2)C2=C1C=CC=C2,2278672,Brc1ccccc1-c1cc2ccccc2c2ccccc12,3582-48-7
BrC1=CC=CC2=C1C1=C(C=CC=C1)C=C2,2444350,Brc1cccc2ccc3ccccc3c12,19462-79-4
NC(=O)CC1=CC=C(Br)C=C1,2574777,NC(=O)Cc1ccc(Br)cc1,74860-13-2
CC1=C(Br)C=CC=C1C(Cl)=O,2574817,Cc1c(Br)cccc1C(=O)Cl,21900-48-1
NC(=S)NC1=CC(Br)=CC=C1,2718464,NC(=S)Nc1cccc(Br)c1,21327-14-0
BrC1=CC=CC(C=NC2=CC=CC=C2)=C1,2832676,Brc1cccc(C=Nc2ccccc2)c1,18467-14-6
CC(N)(C(O)=O)C1=CC=C(Br)C=C1,2835689,CC(N)(C(=O)O)c1ccc(Br)cc1,72408-57-2
COC(=O)C1=C(C=CC=C1)C1=CC=C(Br)C=C1,3093857,COC(=O)c1ccccc1-c1ccc(Br)cc1,17103-26-3
COC1=CC(=C(Br)C=C1)C(F)(F)F,3273862,COc1ccc(Br)c(C(F)(F)F)c1,400-72-6
COC1=CC=C(C=C1)C(=O)C1=C(Br)C=CC=C1,3280438,COc1ccc(C(=O)c2ccccc2Br)cc1,59142-63-1
BrC\C=C\C1=CC=C(Br)C=C1,3537336,BrC/C=C/c1ccc(Br)cc1,0
COC1=CC(CCO)=C(Br)C=C1,4393807,COc1ccc(Br)c(CCO)c1,75534-35-9
BrC1=CC=CC=C1C=NC1=CC=CC=C1,5426707,Brc1ccccc1C=Nc1ccccc1,0
CN(C)C=CC(=O)C1=CC=CC(Br)=C1,7127215,CN(C)C=CC(=O)c1cccc(Br)c1,163852-04-8
BrCC1=CC=C(Br)C=C1I,7526579,BrCc1ccc(Br)cc1I,885681-96-9
BrC1=CC=CC(=C1)C1=CC=C(I)C=C1,7580649,Brc1cccc(-c2ccc(I)cc2)c1,187275-73-6
OC1=C(Br)C=C(F)C(Cl)=C1,8831137,Oc1cc(Cl)c(F)cc1Br,181288-96-0
CCO\N=C(\C1CCN(CC1)C1(C)CCN(CC1)C(=O)C1=C(C)C=CN(=O)=C1C)C1=CC=C(Br)C=C1,9023699,CCO/N=C(\c1ccc(Br)cc1)C1CCN(C2(C)CCN(C(=O)c3c(C)cc[n+]([O-])c3C)CC2)CC1,0
CC1=CC=C(C=C1)C1=CC(=CC(Br)=C1)C1=CC=C(C)C=C1,9855967,Cc1ccc(-c2cc(Br)cc(-c3ccc(C)cc3)c2)cc1,918964-52-0
FC(F)(F)C1=C(C=O)C=CC(Br)=C1,10064777,O=Cc1ccc(Br)cc1C(F)(F)F,211796-64-4
OCC1=C(Br)C=CC(=C1)N(=O)=O,10153481,O=[N+]([O-])c1ccc(Br)c(CO)c1,332883-48-4
CC(=O)C1=C(F)C=C(F)C(Br)=C1,14306745,CC(=O)c1cc(Br)c(F)cc1F,864773-64-8
BrC1=CC(N2CCCC2)=C(C=O)C=C1,14549960,O=Cc1ccc(Br)cc1N1CCCC1,887235-00-9
COC(=O)CC1=C(Cl)C=C(Br)C=C1,15577095,COC(=O)Cc1ccc(Br)cc1Cl,849934-94-7
ClS(=O)(=O)C1=CC=C(Br)C=C1C#N,18765030,N#Cc1cc(Br)ccc1S(=O)(=O)Cl,431046-20-7
COC(=O)C1=C(F)C=C(Br)C=C1O,19730932,COC(=O)c1c(O)cc(Br)cc1F,0
FC(F)OC1=CC(Br)=CC=C1F,19736792,Fc1ccc(Br)cc1OC(F)F,954235-78-0
ClC1=CC=C(Br)C=C1C#N,20451777,N#Cc1cc(Br)ccc1Cl,57381-44-9
COC(=O)C1=C(N)C=C(OC)C(Br)=C1,20552252,COC(=O)c1cc(Br)c(OC)cc1N,169044-96-6
BrC1=C(C=CC=C1)C1=CC=C(C=C1)N1C2=C(C=CC=C2)C2=C1C=CC=C2,20680864,Brc1ccccc1-c1ccc(-n2c3ccccc3c3ccccc32)cc1,1215228-57-1
FC1=C(Br)C=CC(=C1)C(=O)CBr,21086380,O=C(CBr)c1ccc(Br)c(F)c1,1003879-02-4
COC1=C(C=O)C(C)=CC(Br)=C1,21879039,COc1cc(Br)cc(C)c1C=O,1244949-43-6
NC1=C(O)C=C(Br)C(Cl)=C1,21882876,Nc1cc(Cl)c(Br)cc1O,40372-61-0
FC(F)(F)C1=NNC(=C1)C1=CC=C(Br)C=C1,23667426,FC(F)(F)c1cc(-c2ccc(Br)cc2)[nH]n1,219986-65-9
FC1=CC=C(C=C1Br)S(=O)(=O)C(F)(F)F,26899008,O=S(=O)(c1ccc(F)c(Br)c1)C(F)(F)F,0
FC(F)(F)C1=C(Br)C=C(Cl)C=C1,26926894,FC(F)(F)c1ccc(Cl)cc1Br,1099597-32-6
N[C@@H](CC1=CC=C(Br)C=C1F)C(O)=O,27398424,N[C@@H](Cc1ccc(Br)cc1F)C(=O)O,0
ClC1=CC(N2C3=C(C=CC=C3)C3=C2C=CC=C3)=C(Br)C=C1,28643066,Clc1ccc(Br)c(-n2c3ccccc3c3ccccc32)c1,0
CC1=CC(Br)=C(NC(=O)OC(C)(C)C)C(=C1)N(=O)=O,30287378,Cc1cc(Br)c(NC(=O)OC(C)(C)C)c([N+](=O)[O-])c1,0
CC(C)(O)CNC1=C(C=CC(F)=C1Br)N(=O)=O,33461350,CC(C)(O)CNc1c([N+](=O)[O-])ccc(F)c1Br,0
BrC1=CC=C(C2=CC=C3C=CC4=CC=CN=C4C3=N2)C2=CC=CC=C12,33930803,Brc1ccc(-c2ccc3ccc4cccnc4c3n2)c2ccccc12,0
BrC1=CC=C(C=C1)N1C=NN=N1,139959,Brc1ccc(-n2cnnn2)cc1,57058-01-2
CN1C2=CC=CC=C2N=C1C1=CC=C(Br)C=C1,613615,Cn1c(-c2ccc(Br)cc2)nc2ccccc21,2751-84-0
BrC1=CC=C(C=C2N=C(OC2=O)C2=CC=CC=C2)C=C1,885823,O=C1OC(c2ccccc2)=NC1=Cc1ccc(Br)cc1,20345-16-8
SCC1=CC=CC=C1Br,1932736,SCc1ccccc1Br,143888-85-1
BrC1=CC=C(C=C1)C(=O)C1=CC=C(C=C1)N(=O)=O,1977294,O=C(c1ccc(Br)cc1)c1ccc([N+](=O)[O-])cc1,40292-15-7
CC1=CC(Br)=C(O)C(C=O)=C1,2045121,Cc1cc(Br)c(O)c(C=O)c1,33172-54-2
BrC1=C(C=C(C=C1N(=O)=O)N(=O)=O)N(=O)=O,2059689,O=[N+]([O-])c1cc([N+](=O)[O-])c(Br)c([N+](=O)[O-])c1,4185-53-9
COC1=C(Br)C=C(C=C1)S(C)(=O)=O,2099560,COc1ccc(S(C)(=O)=O)cc1Br,20951-42-2
BrC1=CC=C(\C=C\C#N)C=C1,2206062,N#C/C=C/c1ccc(Br)cc1,27549-93-5
OC1=C(C=CC=C1)N=CC1=CC=C(Br)C=C1,2211842,Oc1ccccc1N=Cc1ccc(Br)cc1,0
OC(=O)CC1=C(C=C(Br)C=C1)N(=O)=O,2273627,O=C(O)Cc1ccc(Br)cc1[N+](=O)[O-],6127-11-3
OCC1=CC(Br)=CC(=C1)N(=O)=O,2443304,O=[N+]([O-])c1cc(Br)cc(CO)c1,139194-79-9
BrC1=CC=C(\C=C\C=C)C=C1,2499391,C=C/C=C/c1ccc(Br)cc1,32507-44-1
COC1=CC(Br)=C(OC)C2=C1C=CC=C2,2580593,COc1cc(Br)c(OC)c2ccccc12,64648-81-3
COC(=O)C1=CC(Br)=CC2=C1C=CC=C2,2616132,COC(=O)c1cc(Br)cc2ccccc12,16650-63-8
COC1=C(OC)C=C(Br)C(N)=C1,2720398,COc1cc(N)c(Br)cc1OC,16791-41-6
CCC(=O)C1=CC(Br)=CC=C1O,3088900,CCC(=O)c1cc(Br)ccc1O,17764-93-1
OC(=O)C(=O)\C=C\C1=CC=C(Br)C=C1,3199062,O=C(O)C(=O)/C=C/c1ccc(Br)cc1,139005-22-4
NC1=C(O)C(Cl)=CC(Br)=C1,3245856,Nc1cc(Br)cc(Cl)c1O,0
CC1=C(Br)C=C(C=C1)S(Cl)(=O)=O,3252854,Cc1ccc(S(=O)(=O)Cl)cc1Br,1029145-99-0
CC(C)NS(=O)(=O)C1=CC=C(Br)C=C1,3290860,CC(C)NS(=O)(=O)c1ccc(Br)cc1,1984-27-6
COC(=O)CC1=C(Br)C=CC(OC)=C1,3544656,COC(=O)Cc1cc(OC)ccc1Br,117565-90-9
CC1=NN(C2=C1C(C1=CC=C(Br)C=C1)C(C#N)=C(N)O2)C1=CC=CC=C1,4572246,Cc1nn(-c2ccccc2)c2c1C(c1ccc(Br)cc1)C(C#N)=C(N)O2,82805-69-4
CCOC(COC1=CC=C(Br)C=C1)OCC,5013788,CCOC(COc1ccc(Br)cc1)OCC,112598-18-2
FC(F)=CC1=CC(Br)=CC=C1,5921528,FC(F)=Cc1cccc(Br)c1,84750-92-5
CC(C)(C)[Si](C)(C)OCCCC1=CC=C(Br)C=C1,6595898,CC(C)(C)[Si](C)(C)OCCCc1ccc(Br)cc1,153993-80-7
NC1=C(F)C=C(Cl)C=C1Br,7805424,Nc1c(F)cc(Cl)cc1Br,0
CC(=O)C1=CC=C(Br)C(Cl)=C1,9322369,CC(=O)c1ccc(Br)c(Cl)c1,3114-31-6
CC1=CC(=CC(Br)=C1)B1OC(C)(C)C(C)(C)O1,9484828,Cc1cc(Br)cc(B2OC(C)(C)C(C)(C)O2)c1,0
CCC(=O)C1=CC=C(Br)C=C1F,9551281,CCC(=O)c1ccc(Br)cc1F,259750-61-3
COC1=C(CBr)C=CC(Br)=C1,10530483,COc1cc(Br)ccc1CBr,0
OC(C(C1=CC=CC=C1)C1=CC=CC=C1)(C1=CC=CC=C1)C1=CC=C(Br)C=C1,11198011,OC(c1ccccc1)(c1ccc(Br)cc1)C(c1ccccc1)c1ccccc1,0
BrC1=CC=C(SC2=CNC3=CC=CC=C23)C=C1,11215786,Brc1ccc(Sc2c[nH]c3ccccc23)cc1,0
FC1=CC(Br)=CC(F)=C1OCC1=CC=CC=C1,13521143,Fc1cc(Br)cc(F)c1OCc1ccccc1,99045-18-8
CC(=O)NC1=CC(Br)=CC(=C1)C(F)(F)F,14125249,CC(=O)Nc1cc(Br)cc(C(F)(F)F)c1,453560-57-1
COCOC1=CC(Br)=C(C)C=C1,14312844,COCOc1ccc(C)c(Br)c1,341006-17-5
NC1=C(O)C=C(Br)C=C1N(=O)=O,14494991,Nc1c(O)cc(Br)cc1[N+](=O)[O-],867338-56-5
CC1=CC(Br)=CC(C)=C1OCC1=CC=CC=C1,14504955,Cc1cc(Br)cc(C)c1OCc1ccccc1,168196-87-0
FC(F)(F)C1=CC(Br)=CC=C1CC#N,14522244,N#CCc1ccc(Br)cc1C(F)(F)F,877131-92-5
CCOC(=O)C(F)(F)C1=CC=CC(Br)=C1,14550838,CCOC(=O)C(F)(F)c1cccc(Br)c1,885068-75-7
COC1=C(N)C(Br)=CC(F)=C1,14676217,COc1cc(F)cc(Br)c1N,354574-32-6
BrC1=C(OCC2=CC=CC=C2)C=C(OCC2=CC=CC=C2)C(=C1)C(=O)OCC1=CC=CC=C1,15021272,O=C(OCc1ccccc1)c1cc(Br)c(OCc2ccccc2)cc1OCc1ccccc1,912545-14-3
COC(=O)CC1=CC(Br)=C(F)C=C1,15501544,COC(=O)Cc1ccc(F)c(Br)c1,885681-61-8
CC1(C)CCC(=CC1)C1=C(NC(=O)C2=NC(=CN2COCC[Si](C)(C)C)C#N)C=CC(Br)=C1,15568953,CC1(C)CC=C(c2cc(Br)ccc2NC(=O)c2nc(C#N)cn2COCC[Si](C)(C)C)CC1,907205-86-1
CC1=CC(F)=C(N)C=C1Br,15600402,Cc1cc(F)c(N)cc1Br,945244-29-1
FC1=CC(OC(F)(F)C2=C(F)C=C(Br)C=C2F)=CC(F)=C1F,18926720,Fc1cc(OC(F)(F)c2c(F)cc(Br)cc2F)cc(F)c1F,511540-64-0
C[C@H](N1CC[C@@](CC=C)(OC1=O)C1=CC=CC=C1)C1=CC=C(Br)C=C1,18975470,C=CC[C@]1(c2ccccc2)CCN([C@@H](C)c2ccc(Br)cc2)C(=O)O1,1110642-01-7
NC(=S)NN=CC1=CC=C(Br)C=C1,19160474,NC(=S)NN=Cc1ccc(Br)cc1,36449-43-1
FC1=CC(Br)=CC(C#N)=C1F,20790183,N#Cc1cc(Br)cc(F)c1F,1105665-42-6
OC1=C(C=CC=C1)C1=C(F)C=C(Br)C=C1,21243075,Oc1ccccc1-c1ccc(Br)cc1F,1285719-49-4
OCC1CCN(CC1)C1=CC=C(Br)C=C1,21603142,OCC1CCN(c2ccc(Br)cc2)CC1,1296224-87-7
CCOC(=O)CC(=O)C1=C(F)C=C(Br)C=C1,21845644,CCOC(=O)CC(=O)c1ccc(Br)cc1F,112704-80-0
CC1=C(Br)C=CC(F)=C1C(O)=O,23482913,Cc1c(Br)ccc(F)c1C(=O)O,1427373-55-4
NC1=C(O)C=C(Br)C=C1F,27117432,Nc1c(O)cc(Br)cc1F,186309-73-9
N[C@@H](CC1=C(F)C=C(Br)C=C1)C(N)=O,27188680,NC(=O)[C@@H](N)Cc1ccc(Br)cc1F,0
OC1=C(C=O)C(F)=CC(Br)=C1,27579193,O=Cc1c(O)cc(Br)cc1F,0
COC(=O)C1=CC(Br)=C(F)C(=C1)N(=O)=O,30592128,COC(=O)c1cc(Br)c(F)c([N+](=O)[O-])c1,0
BrC1=CC=C(C=C1)C1=CC=C2C(SC3=CC=CC=C23)=C1,33889623,Brc1ccc(-c2ccc3c(c2)sc2ccccc23)cc1,0
BrC1=CC=C(C=C1)C1CC(=O)C2=CC=CC=C2O1,212720,O=C1CC(c2ccc(Br)cc2)Oc2ccccc21,17255-67-3
BrC1=CC=C(C=C1)C1NCCC2=C1NC1=CC=CC=C21,545791,Brc1ccc(C2NCCc3c2[nH]c2ccccc32)cc1,334500-55-9
BrC1=CC=C(C=C1)N1C=CN=N1,879615,Brc1ccc(-n2ccnn2)cc1,20320-17-6
BrC1=CC=C(COC2=CC=CC=N2)C=C1,1457663,Brc1ccc(COc2ccccn2)cc1,40775-71-1
ON=C(Cl)C1=C(Br)C=CC=C1,1946183,ON=C(Cl)c1ccccc1Br,38435-47-1
OC1=C(C=C(Br)C=C1N(=O)=O)N(=O)=O,1983766,O=[N+]([O-])c1cc(Br)cc([N+](=O)[O-])c1O,40466-95-3
OC1=CC=C(Cl)C=C1C(=O)NC1=CC=C(Br)C=C1,2134550,O=C(Nc1ccc(Br)cc1)c1cc(Cl)ccc1O,2627-75-0
CC(C)(O)CC1=CC=C(Br)C=C1,2325330,CC(C)(O)Cc1ccc(Br)cc1,57469-91-7
BrCC(Br)C1=CC=C(Br)C=C1,2361711,BrCC(Br)c1ccc(Br)cc1,33458-10-5
BrC1=CC(C=O)=CC=C1OCC1=CC=CC=C1,2373362,O=Cc1ccc(OCc2ccccc2)c(Br)c1,69455-12-5
COC1=CC=C(Br)C(OC)=C1C(O)=O,2647610,COc1ccc(Br)c(OC)c1C(=O)O,73219-89-3
CC1=CC(N)=C(Br)C=C1C,2689684,Cc1cc(N)c(Br)cc1C,22364-29-0
CC(C)(C)C(=O)NC1=CC=C(Br)C=C1,2718888,CC(C)(C)C(=O)Nc1ccc(Br)cc1,24109-06-6
NC1=CC=CC=C1C1=CC=C(Br)C=C1,2803531,Nc1ccccc1-c1ccc(Br)cc1,62532-98-3
CC1=CC(Br)=CC=C1CCl,2962428,Cc1cc(Br)ccc1CCl,24078-15-7
CCOC(=O)C1=CC(C)=C(Br)C=C1,3250336,CCOC(=O)c1ccc(Br)c(C)c1,160313-69-9
ClC1=CC(C=O)=CC(Cl)=C1Br,3251028,O=Cc1cc(Cl)c(Br)c(Cl)c1,120077-80-7
NC1=C(C=C(Br)C(Cl)=C1)N(=O)=O,3270351,Nc1cc(Cl)c(Br)cc1[N+](=O)[O-],827-33-8
CC(C)(O)C#CC1=CC=C(Br)C=C1,4975817,CC(C)(O)C#Cc1ccc(Br)cc1,76347-62-1
CC1=CC(Br)=C(F)C=C1F,7019387,Cc1cc(Br)c(F)cc1F,159277-47-1
CC(C)(C)OC(=O)N1CCC(CC1)S(=O)(=O)C1=CC=C(Br)C=C1,9067584,CC(C)(C)OC(=O)N1CCC(S(=O)(=O)c2ccc(Br)cc2)CC1,226398-62-5
OB(O)C1=CC(Br)=CC=C1F,9390475,OB(O)c1cc(Br)ccc1F,112204-57-6
BrCC1=C(C=CC(Br)=C1)C#N,9551620,N#Cc1ccc(Br)cc1CBr,457051-12-6
CC1(C)OB(CCC2=CC=C(Br)C=C2)OC1(C)C,9769510,CC1(C)OB(CCc2ccc(Br)cc2)OC1(C)C,0
CC(C)OC1=CC=C(Br)C=C1F,10424448,CC(C)Oc1ccc(Br)cc1F,202865-80-3
FC(F)OC1=CC=CC=C1Br,10529947,FC(F)Oc1ccccc1Br,175278-33-8
BrC1=CC=C(C=C1)N(C1=CC=C(C=O)C=C1)C1=CC=C(C=O)C=C1,10558907,O=Cc1ccc(N(c2ccc(Br)cc2)c2ccc(C=O)cc2)cc1,167859-41-8
CC(C)COC1=CC=C(Br)C=C1C#N,11434907,CC(C)COc1ccc(Br)cc1C#N,876918-26-2
CC1=CC(Br)=CC(=C1N)C(F)(F)F,12382570,Cc1cc(Br)cc(C(F)(F)F)c1N,864539-96-8
BrC1=C2C=CC=CC2=C(C2=CC=C(C=C2)C2=CC3=CC=CC=C3C=C2)C2=CC=CC=C12,12724359,Brc1c2ccccc2c(-c2ccc(-c3ccc4ccccc4c3)cc2)c2ccccc12,866611-29-2
CS(=O)(=O)C1=C(C=CC(Br)=C1)C(O)=O,13246785,CS(=O)(=O)c1cc(Br)ccc1C(=O)O,0
NC1=C(F)C(=C(Br)C=C1)C(F)(F)F,13251048,Nc1ccc(Br)c(C(F)(F)F)c1F,159329-03-0
OC(=O)C1=CC(Br)=C(OC(F)(F)F)C=C1,13400201,O=C(O)c1ccc(OC(F)(F)F)c(Br)c1,85373-96-2
COC(=O)C1(CC1)C1=CC(Br)=CC=C1,14292876,COC(=O)C1(c2cccc(Br)c2)CC1,749928-59-4
CCOC(=O)CCCOC1=CC=CC(Br)=C1,14362984,CCOC(=O)CCCOc1cccc(Br)c1,157245-84-6
OC(=O)C1=C(OC(F)(F)F)C=C(Br)C=C1,14378184,O=C(O)c1ccc(Br)cc1OC(F)(F)F,509142-48-7
[H][C@@]12C[C@@]1(CNC2)C1=CC=C(Br)C=C1,14452859,Brc1ccc([C@@]23CNC[C@@H]2C3)cc1,863679-45-2
CC1=CN(C=N1)C1=C(C=C(Br)C=C1)C#N,14502155,Cc1cn(-c2ccc(Br)cc2C#N)cn1,870837-41-5
CC(C)(C)OC(=O)NC1=CC=C(Br)C=C1N,15611786,CC(C)(C)OC(=O)Nc1ccc(Br)cc1N,954239-15-7
C[C@H](N1CC[C@@](CC=C)(OC1=O)C1=CC=C(F)C=C1)C1=CC=C(Br)C=C1,18975522,C=CC[C@]1(c2ccc(F)cc2)CCN([C@@H](C)c2ccc(Br)cc2)C(=O)O1,1110641-77-4
CCCCCCOC1=CC=C(C=C1)N(C1=CC=C(Br)C=C1)C1=CC=C(OCCCCCC)C=C1,19225012,CCCCCCOc1ccc(N(c2ccc(Br)cc2)c2ccc(OCCCCCC)cc2)cc1,1092363-75-1
CCOC1=C(Br)C=CC(F)=C1,19503144,CCOc1cc(F)ccc1Br,871717-61-2
C[C@H](N1CC[C@@](CC(C)=O)(OC1=O)C1=CC=CC=C1)C1=CC=C(Br)C=C1,20050474,CC(=O)C[C@]1(c2ccccc2)CCN([C@@H](C)c2ccc(Br)cc2)C(=O)O1,1110642-43-7
FC(F)(F)C1=CC(Br)=CC=C1C1CCCC1,20074359,FC(F)(F)c1cc(Br)ccc1C1CCCC1,1206125-16-7
C[C@]1(CN1S(=O)(=O)C1=CC=CC=C1N(=O)=O)C1=C(F)C=CC(Br)=C1,21012070,C[C@@]1(c2cc(Br)ccc2F)CN1S(=O)(=O)c1ccccc1[N+](=O)[O-],1262859-62-0
CC(C)(C)OC(=O)N1CCN(CC2=CC=C(Br)C=C2OC(F)(F)F)CC1,23732775,CC(C)(C)OC(=O)N1CCN(Cc2ccc(Br)cc2OC(F)(F)F)CC1,1446819-13-1
FC1=C(Br)C=C(SC(F)(F)F)C=C1,26899007,Fc1ccc(SC(F)(F)F)cc1Br,0
CC(O)COC1=CC=CC(C=O)=C1Br,27948663,CC(O)COc1cccc(C=O)c1Br,0
OC1=C(C=O)C=CC(Br)=C1F,27959883,O=Cc1ccc(Br)c(F)c1O,0
COC(=O)C1=CC(Cl)=C(Br)C(F)=C1N,28150282,COC(=O)c1cc(Cl)c(Br)c(F)c1N,0
CCC1=CC(O)=C(C=C1Br)C(=O)OC,28944321,CCc1cc(O)c(C(=O)OC)cc1Br,0
COC(=O)C1=CC(C#N)=C(Br)C=C1,29252556,COC(=O)c1ccc(Br)c(C#N)c1,0
COC1=CC=C(F)C(Br)=C1C=O,29638298,COc1ccc(F)c(Br)c1C=O,0
CN1C(=O)N(C)C(=O)C(=CC2=CC=C(Br)C=C2)C1=O,754228,CN1C(=O)C(=Cc2ccc(Br)cc2)C(=O)N(C)C1=O,57270-85-6
CCC1=CC(OC)=CC=C1Br,1909185,CCc1cc(OC)ccc1Br,34881-44-2
CS(=O)(=O)C1=CC(Br)=C(O)C=C1,2093944,CS(=O)(=O)c1ccc(O)c(Br)c1,20951-43-3
[H][C@](N)(CC1=CC=CC=C1Br)C(O)=O,2102646,N[C@@H](Cc1ccccc1Br)C(=O)O,42538-40-9
BrC1=CC=CC2=CC=CC(I)=C12,2439114,Brc1cccc2cccc(I)c12,4044-58-0
OCC1=CC=C(CO)C(Br)=C1,2519970,OCc1ccc(CO)c(Br)c1,89980-92-7
OC(=O)C1=CC=C(C=O)C(Br)=C1,2640819,O=Cc1ccc(C(=O)O)cc1Br,91760-66-6
NCCCC1=C(Br)C=CC=C1,2717244,NCCCc1ccccc1Br,65185-60-6
CC1=CC=C(C=NC2=CC=C(Br)C=C2)C=C1,2721150,Cc1ccc(C=Nc2ccc(Br)cc2)cc1,0
FCC1=CC=C(Br)C=C1,3029894,FCc1ccc(Br)cc1,459-49-4
BrC1=CC=CC=C1CC(=O)C1=CC=CC=C1,3050891,O=C(Cc1ccccc1Br)c1ccccc1,16897-97-5
BrC#CC1=CC(Br)=CC=C1,3088428,BrC#Cc1cccc(Br)c1,0
COC1=C(Br)C=C(CBr)C=C1,3246593,COc1ccc(CBr)cc1Br,89978-72-3
NC1=C(I)C=C(Br)C=C1N(=O)=O,3270391,Nc1c(I)cc(Br)cc1[N+](=O)[O-],180624-08-2
COC1=CC=C(Br)C(O)=C1C(O)=O,4250099,COc1ccc(Br)c(O)c1C(=O)O,84225-86-5
COC1=CC(Br)=CC(C)=C1O,4977666,COc1cc(Br)cc(C)c1O,86232-54-4
CCOP(=O)(CC1=CC=CC(Br)=C1)OCC,5337762,CCOP(=O)(Cc1cccc(Br)c1)OCC,128833-03-4
CC(=NC1=CC=C(Br)C=C1)C1=CC=CC=C1,5933159,CC(=Nc1ccc(Br)cc1)c1ccccc1,0
OC1=C(C=C)C=C(Br)C=C1,8542379,C=Cc1cc(Br)ccc1O,280113-43-1
COC(=O)C1=C(Cl)C=C(Br)C=C1Cl,9122503,COC(=O)c1c(Cl)cc(Br)cc1Cl,232275-53-5
COC(=O)C(=C)C(O)C1=CC=CC(Br)=C1,9194382,C=C(C(=O)OC)C(O)c1cccc(Br)c1,500163-43-9
CC(C)(C)[S@@](=O)\N=C\C1=CC=CC(Br)=C1,10535195,CC(C)(C)[S@@](=O)/N=C/c1cccc(Br)c1,0
CC1=C(Br)C=CC(NC(=O)OC(C)(C)C)=C1,11068807,Cc1cc(NC(=O)OC(C)(C)C)ccc1Br,0
CC1=CC(OC2=C(F)C=C(F)C=C2)=C(Br)C=C1N(=O)=O,11503935,Cc1cc(Oc2ccc(F)cc2F)c(Br)cc1[N+](=O)[O-],0
CC1=C(Br)C=C(C=C1)C(=O)NC1=CC(=CC=C1)C(F)(F)F,12490464,Cc1ccc(C(=O)Nc2cccc(C(F)(F)F)c2)cc1Br,0
COC(=O)C1=C(Br)C=C(F)C(=C1)N(=O)=O,13388772,COC(=O)c1cc([N+](=O)[O-])c(F)cc1Br,0
CC1=CC(NC(=O)C(F)(F)F)=CC(C)=C1Br,14199606,Cc1cc(NC(=O)C(F)(F)F)cc(C)c1Br,306297-11-0
COCOC1=C(Br)C=C(F)C=C1,14212186,COCOc1ccc(F)cc1Br,474711-11-0
COC(=O)C1=CC(Br)=CC(OC)=C1Cl,14447222,COC(=O)c1cc(Br)cc(OC)c1Cl,697762-67-7
CC(C)(C)C1=CC=C(C=C1)C1=CC(=CC(Br)=C1)C1=CC=C(C=C1)C(C)(C)C,14571667,CC(C)(C)c1ccc(-c2cc(Br)cc(-c3ccc(C(C)(C)C)cc3)c2)cc1,351029-50-0
COC(=O)C1=CC(C(C)=O)=C(O)C(Br)=C1,14957878,COC(=O)c1cc(Br)c(O)c(C(C)=O)c1,160753-84-4
ClC1=CC=C(Br)C=C1C(=O)C1=CC=C(O[C@H]2CCOC2)C=C1,15028586,O=C(c1ccc(O[C@H]2CCOC2)cc1)c1cc(Br)ccc1Cl,915095-84-0
BrC1=CC=CC(=C1)C1(CC1)C#N,15727246,N#CC1(c2cccc(Br)c2)CC1,124276-83-1
BrC1=CC=C(N=N#N)C(C=O)=C1,15748294,[N-]=[N+]=Nc1ccc(Br)cc1C=O,1001621-59-5
C[C@H](N1CC[C@@](CCC=O)(OC1=O)C1=CC=CC=C1)C1=CC=C(Br)C=C1,20050473,C[C@@H](c1ccc(Br)cc1)N1CC[C@](CCC=O)(c2ccccc2)OC1=O,1110642-44-8
BrC1=CC=C(C=C1)C1(CCOCC1)C#N,20083159,N#CC1(c2ccc(Br)cc2)CCOCC1,1000705-54-3
CCCS(=O)(=O)NC1=C(F)C(Br)=C(F)C=C1,21251268,CCCS(=O)(=O)Nc1ccc(F)c(Br)c1F,1269440-66-5
CC(C)(C)OC(=O)NCC1=C(C=C(Br)C=C1)C(F)(F)F,21357017,CC(C)(C)OC(=O)NCc1ccc(Br)cc1C(F)(F)F,1299483-40-1
NCC1=C(C=C(Br)C=C1)C(F)(F)F,21357060,NCc1ccc(Br)cc1C(F)(F)F,0
OB(O)C1=CC=C2C=C(Br)C=CC2=C1,21822978,OB(O)c1ccc2cc(Br)ccc2c1,1337916-18-3
CCN(C1CCSCC1)C1=CC(Br)=CC(C(=O)OC)=C1C,22917654,CCN(c1cc(Br)cc(C(=O)OC)c1C)C1CCSCC1,1403258-40-1
CSCC1=CC(Br)=C(OC2=C(F)C=C(F)C=C2)C=C1,24599268,CSCc1ccc(Oc2ccc(F)cc2F)c(Br)c1,0
OC(=O)C1=CC=C(F)C(F)=C1Br,26679244,O=C(O)c1ccc(F)c(F)c1Br,170108-05-1
NC1=C(C#N)C(F)=CC(Br)=C1,26782087,N#Cc1c(N)cc(Br)cc1F,1279865-14-3
FC(F)C1=CC=C(Br)C(F)=C1,27096216,Fc1cc(C(F)F)ccc1Br,1214386-70-5
FC(F)OC1=CC=C(Br)C(F)=C1F,27186011,Fc1c(Br)ccc(OC(F)F)c1F,0
CC(C)CN(CC(C)C)C1=C(C=C(Br)C=C1)N(=O)=O,27406030,CC(C)CN(CC(C)C)c1ccc(Br)cc1[N+](=O)[O-],0
NC1=CC=CC(OC2=CC(F)=C(Br)C=C2)=C1,29676082,Nc1cccc(Oc2ccc(Br)c(F)c2)c1,0
BrC1=C(C=CC=C1)C1=CC=C2C(=C1)N(C1=C2C=CC=C1)C1=CC=CC=C1,29899802,Brc1ccccc1-c1ccc2c3ccccc3n(-c3ccccc3)c2c1,0
FC(F)OC1=C(C=C(Br)C=C1)C1=NNC=C1NC(=O)C1=C2N=CC=CN2N=C1,31351779,O=C(Nc1c[nH]nc1-c1cc(Br)ccc1OC(F)F)c1cnn2cccnc12,0
BrC1=CC=C(C=C1)C1=C2C=CC3=CC=CC=C3C2=NC2=C1C=CC1=CC=CC=C21,31494632,Brc1ccc(-c2c3ccc4ccccc4c3nc3c2ccc2ccccc23)cc1,0
BrC1=CC=C(C=C1)C1=NNC=C1,957103,Brc1ccc(-c2cc[nH]n2)cc1,73387-46-9
BrC1=CC=C(C=C1)C1=NCCO1,973886,Brc1ccc(C2=NCCO2)cc1,189120-01-2
ClC(=O)C=CC1=CC=C(Br)C=C1,1864266,O=C(Cl)C=Cc1ccc(Br)cc1,0
CCN(CC)CCOC1=CC=C(Br)C=C1,1873119,CCN(CC)CCOc1ccc(Br)cc1,1823-62-7
CC(=O)SC1=CC=C(Br)C=C1,1940540,CC(=O)Sc1ccc(Br)cc1,28122-76-1
OC1=C(Br)C=C(C=C1N(=O)=O)C#N,2109528,N#Cc1cc(Br)c(O)c([N+](=O)[O-])c1,1828-58-6
COC(=O)CC1=C(Br)C=C(OC)C(OC)=C1,2130007,COC(=O)Cc1cc(OC)c(OC)cc1Br,4697-57-8
CC(O)(C1CC1)C1=CC=C(Br)C=C1,2254288,CC(O)(c1ccc(Br)cc1)C1CC1,56041-75-9
COC1=CC=C(Br)C(O)=C1O,2257554,COc1ccc(Br)c(O)c1O,61559-82-8
OC(=O)C(=C)C1=CC=C(Br)C=C1,2357969,C=C(C(=O)O)c1ccc(Br)cc1,28131-17-1
BrC1=CC=C(C=C1)S(=O)(=O)\C=C\C1=CC=CC=C1,2375369,O=S(=O)(/C=C/c1ccccc1)c1ccc(Br)cc1,68667-99-2
CC(C)C1=C(O)C=C(C)C(Br)=C1,2963062,Cc1cc(O)c(C(C)C)cc1Br,15062-34-7
OC1=C(Br)C=C(I)C=C1,3236480,Oc1ccc(I)cc1Br,133430-98-5
CC(N)CC1=CC=C(Br)C=C1,3240553,CC(N)Cc1ccc(Br)cc1,13235-83-1
BrC1=CC=CC2=C(I)C=CC=C12,3240764,Brc1cccc2c(I)cccc12,77332-64-0
NC1=C(C=C(Br)C=C1Cl)C(O)=O,3259020,Nc1c(Cl)cc(Br)cc1C(=O)O,58026-21-4
NC1=C(C=CC=C1Br)C(=O)C1=CC=CC=C1,3274803,Nc1c(Br)cccc1C(=O)c1ccccc1,0
COC(OC)C1=C(Br)C=C(OC)C(OC)=C1,4451499,COc1cc(Br)c(C(OC)OC)cc1OC,70461-33-5
COC1=C(Br)C(O)=CC=C1,4799580,COc1cccc(O)c1Br,135999-16-5
FC(F)(F)C(OS(=O)(=O)C(F)(F)F)C1=CC=C(Br)C=C1,5603788,O=S(=O)(OC(c1ccc(Br)cc1)C(F)(F)F)C(F)(F)F,84877-48-5
O[C@@H](C1=CC=CC=C1)C1=CC=C(Br)C=C1,5738520,O[C@@H](c1ccccc1)c1ccc(Br)cc1,73773-07-6
FC(F)(F)C(F)(F)C1=CC=C(Br)C=C1,7872014,FC(F)(F)C(F)(F)c1ccc(Br)cc1,0
CCOC(=O)C(=C)C1=CC=C(Br)C=C1,8903788,C=C(C(=O)OCC)c1ccc(Br)cc1,331779-03-4
NCC1=CC(Br)=CC=C1F,9550731,NCc1cc(Br)ccc1F,190656-34-9
NC1(CC1)C1=CC=CC(Br)=C1,9550784,NC1(c2cccc(Br)c2)CC1,546115-65-5
CC(C)(C)OC(=O)N[C@@H](CO)C1=CC=C(Br)C=C1,9915096,CC(C)(C)OC(=O)N[C@@H](CO)c1ccc(Br)cc1,0
[H][C@]1(CCCCC1=O)[C@@H](CN(=O)=O)C1=C(Br)C=CC=C1,10450774,O=C1CCCC[C@H]1[C@@H](C[N+](=O)[O-])c1ccccc1Br,0
CC(C)(C)OC(=O)NC1=CC(=CC=C1Br)C(F)(F)F,10677168,CC(C)(C)OC(=O)Nc1cc(C(F)(F)F)ccc1Br,384793-21-9
BrC1=C2C=CC=CC2=C(C2=CC=C(C=C2)C#N)C2=C1C=CC=C2,11079058,N#Cc1ccc(-c2c3ccccc3c(Br)c3ccccc23)cc1,0
NC1=C(N)C=C(Br)C(F)=C1,13767611,Nc1cc(F)c(Br)cc1N,153505-37-4
CC1=CC(Br)=CC(C)=C1Cl,14504937,Cc1cc(Br)cc(C)c1Cl,206559-40-2
COC1=CC=C(Br)C(C=O)=C1F,15019361,COc1ccc(Br)c(C=O)c1F,853792-27-5
COC(=O)C1=C(Cl)C(Br)=CC=C1,15418710,COC(=O)c1cccc(Br)c1Cl,871224-19-0
COCOC1=CC(Cl)=C(F)C=C1Br,15501546,COCOc1cc(Cl)c(F)cc1Br,181288-85-7
C[C@H](N1CC[C@@](CCCO)(OC1=O)C1=CC=CC=C1)C1=CC=C(Br)C=C1,18975526,C[C@@H](c1ccc(Br)cc1)N1CC[C@](CCCO)(c2ccccc2)OC1=O,1110642-00-6
NC1=C(CO)C=C(Br)C(Cl)=C1,20552239,Nc1cc(Cl)c(Br)cc1CO,1036757-10-4
COC(=O)C1=CC=C(Br)C(OCC(F)(F)F)=C1,20885766,COC(=O)c1ccc(Br)c(OCC(F)(F)F)c1,1255707-64-2
CC(C)(C)OC(=O)N1CC2CC2(C1)C1=CC=C(Br)C=C1,21108663,CC(C)(C)OC(=O)N1CC2CC2(c2ccc(Br)cc2)C1,863679-83-8
COC1=C(C=CC=C1)C1=C(F)C=C(Br)C=C1,21243074,COc1ccccc1-c1ccc(Br)cc1F,1285719-48-3
CC(C)N1N=C(C)N=C1C1=CNC(=N1)C1=C(F)C=C(Br)C=C1,21256902,Cc1nc(-c2c[nH]c(-c3ccc(Br)cc3F)n2)n(C(C)C)n1,1282516-76-0
CC(C)N1N=C(C)N=C1C1=CN(CCO)C(=N1)C1=C(F)C=C(Br)C=C1,21256990,Cc1nc(-c2cn(CCO)c(-c3ccc(Br)cc3F)n2)n(C(C)C)n1,1282516-77-1
CN(C)C=CC(=O)C1=C(O)C=CC(Br)=C1,22012359,CN(C)C=CC(=O)c1cc(Br)ccc1O,115237-38-2
CC(=C)COC1=CC=CC(OC(C)=O)=C1Br,22627452,C=C(C)COc1cccc(OC(C)=O)c1Br,1380697-51-7
CC(C)(C)[C@H]1CC[C@@H](CC1)OC1=C(I)C2=CC=C(Br)C=C2C=C1,22826488,CC(C)(C)[C@H]1CC[C@H](Oc2ccc3cc(Br)ccc3c2I)CC1,1225352-13-5
CCN(C1CCSCC1)C1=CC(Br)=CC(C(=O)NCC2=C(C)C=C(C)NC2=O)=C1C,22917691,CCN(c1cc(Br)cc(C(=O)NCc2c(C)cc(C)[nH]c2=O)c1C)C1CCSCC1,1403258-41-2
CCN(C1CCOCC1)C1=CC(Br)=CC(C(=O)NCC2=C(CO)C=C(C)NC2=O)=C1C,22917707,CCN(c1cc(Br)cc(C(=O)NCc2c(CO)cc(C)[nH]c2=O)c1C)C1CCOCC1,1403258-16-1
CC1=CC(Br)=CC(NC2=NC=CC(=N2)C(F)(F)F)=C1,23081791,Cc1cc(Br)cc(Nc2nccc(C(F)(F)F)n2)c1,1312534-99-8
BrC1=CC=C(C=C1)N1C2=C(C=C(C=C2)C2=CC=CC=C2)C2=C1C=CC(=C2)C1=CC=CC=C1,23227284,Brc1ccc(-n2c3ccc(-c4ccccc4)cc3c3cc(-c4ccccc4)ccc32)cc1,607739-92-4
CC(C)(C)OC(=O)C1=C(Cl)C=C(Br)C=C1,23228083,CC(C)(C)OC(=O)c1ccc(Br)cc1Cl,929000-18-0
CC(O)(COCC1=CC=CC=C1)COC1=C(Br)C(C=O)=CC=C1,23807804,CC(O)(COCc1ccccc1)COc1cccc(C=O)c1Br,1444766-97-5
NC1=CC=C(Cl)C(Br)=C1F,28150199,Nc1ccc(Cl)c(Br)c1F,0
CC1=C(Br)C=C(F)C=C1Cl,30126130,Cc1c(Cl)cc(F)cc1Br,0
COC(=O)CNC1=C(Br)C=C(C)C=C1N(=O)=O,31047983,COC(=O)CNc1c(Br)cc(C)cc1[N+](=O)[O-],0
CC1(C)C2=CC=CC=C2C2=C1C=CC(=C2)C1=CC=C(Br)C=C1,31430503,CC1(C)c2ccccc2-c2cc(-c3ccc(Br)cc3)ccc21,0
COCOC1=CC2=CC=CC=C2C(Br)=C1,32194062,COCOc1cc(Br)c2ccccc2c1,0
CC1=C(Br)C(F)=CC(I)=C1,32447158,Cc1cc(I)cc(F)c1Br,0
CC1=CC(F)=C(Br)C=C1C(O)=O,32934235,Cc1cc(F)c(Br)cc1C(=O)O,0
FC1=C(I)C(Br)=CC(Cl)=C1,36892322,Fc1cc(Cl)cc(Br)c1I,0
BrC1=C(C=CC=C1)N1CCNCC1,163967,Brc1ccccc1N1CCNCC1,1011-13-8
CC1=CC2=NC(=CN2C=C1)C1=CC=C(Br)C=C1,178218,Cc1ccn2cc(-c3ccc(Br)cc3)nc2c1,838-32-4
CC1=NN(C(C)=C1)C1=CC=C(Br)C=C1,642603,Cc1cc(C)n(-c2ccc(Br)cc2)n1,62546-27-4
FC1=C(C=CC(Br)=C1)N=C=S,879529,Fc1cc(Br)ccc1N=C=S,81171-71-3
CN1N=NC(=N1)C1=CC=C(Br)C=C1,1213126,Cn1nnc(-c2ccc(Br)cc2)n1,69746-36-7
BrC1=CC(=CC=C1)N1C(=O)C=CC1=O,1527912,O=C1C=CC(=O)N1c1cccc(Br)c1,53534-14-8
BrC1=CC=C(C=C1)C#N=O,1936763,[O-][N+]#Cc1ccc(Br)cc1,42811-75-6
BrC1=CC=C(C=C1)C(=O)N=N#N,1951067,[N-]=[N+]=NC(=O)c1ccc(Br)cc1,14917-59-0
BrC1=CC=CC=C1C(=O)CC1=CC=CC=C1,1957192,O=C(Cc1ccccc1)c1ccccc1Br,36081-66-0
CC(=O)C=CC1=CC(Br)=CC=C1,2042548,CC(=O)C=Cc1cccc(Br)c1,26891-02-1
BrC(C(=O)C1=CC=C(Br)C=C1)C1=CC=CC=C1,2115896,O=C(c1ccc(Br)cc1)C(Br)c1ccccc1,24567-06-4
OC1=CC=C(Br)C=C1C=NC1=CC=CC=C1,2212459,Oc1ccc(Br)cc1C=Nc1ccccc1,15597-75-8
FC1=CC(Cl)=C(F)C=C1Br,2249761,Fc1cc(Br)c(F)cc1Cl,172921-33-4
BrCC1=CC(=CC=C1Br)N(=O)=O,2328470,O=[N+]([O-])c1ccc(Br)c(CBr)c1,939-82-2
C[Si](C)(C)OCC1=CC=CC=C1Br,2519529,C[Si](C)(C)OCc1ccccc1Br,59184-20-2
FC1=CC=C(C=C1)C(=O)C1=CC=C(Br)C=C1,2579657,O=C(c1ccc(F)cc1)c1ccc(Br)cc1,2069-41-2
BrC1=CC(=CC=C1)C(=O)C=O,2612796,O=CC(=O)c1cccc(Br)c1,701-37-1
CC1=CC(F)=C(N)C(Br)=C1,2639227,Cc1cc(F)c(N)c(Br)c1,18349-09-2
CN(C)CC1=CC=CC(Br)=C1,2690150,CN(C)Cc1cccc(Br)c1,4885-18-1
COC(=O)C1=C(O)C=C(OC)C(Br)=C1,2693006,COC(=O)c1cc(Br)c(OC)cc1O,39503-52-1
NC1=C(O)C=CC=C1Br,2716590,Nc1c(O)cccc1Br,116435-77-9
ClCC(=O)NC1=CC=CC=C1Br,2721097,O=C(CCl)Nc1ccccc1Br,6090-78-4
BrC1=CC=C(NC(=S)NC2=CC=CC=C2)C=C1,2809563,S=C(Nc1ccccc1)Nc1ccc(Br)cc1,32062-69-4
OC1=CC=CC2=CC(Br)=CC=C12,3239488,Oc1cccc2cc(Br)ccc12,91270-68-7
CC1=C(C=CC=C1)C1=CC=C(Br)C=C1,3240961,Cc1ccccc1-c1ccc(Br)cc1,106475-19-8
OC(=O)CC1=CC(Br)=C(O)C=C1,3258184,O=C(O)Cc1ccc(O)c(Br)c1,38692-80-7
OC(=O)C1=C(C=C(Br)C=C1)C(F)(F)F,3291584,O=C(O)c1ccc(Br)cc1C(F)(F)F,320-31-0
FC(F)(F)S(=O)(=O)OC1=CC=CC=C1Br,3551587,O=S(=O)(Oc1ccccc1Br)C(F)(F)F,129112-25-0
BrCC1=CC=C(Br)C=C1N(=O)=O,4402956,O=[N+]([O-])c1cc(Br)ccc1CBr,82420-34-6
OC(C=C)C1=C(Br)C=CC=C1,5329799,C=CC(O)c1ccccc1Br,114837-50-2
BrC1=CC=C(CN2CCCCC2)C=C1,5516632,Brc1ccc(CN2CCCCC2)cc1,178162-69-1
BrC1=C(C=CC=C1)C1=CC=CS1,6054448,Brc1ccccc1-c1cccs1,106851-53-0
BrC1=CC=CC(=C1)C1=NN=C(O1)C1=CC=CC=C1,7133286,Brc1cccc(-c2nnc(-c3ccccc3)o2)c1,83817-44-1
BrC1=CC=C(C=C1)N1C=CC2=C1C=CC=C2,7370563,Brc1ccc(-n2ccc3ccccc32)cc1,174621-52-4
BrC1=CC=C(\C=C2/N=C(OC2=O)C2=CC=CC=C2)C=C1,7376992,O=C1OC(c2ccccc2)=N/C1=C\c1ccc(Br)cc1,469898-10-0
CN(C)S(=O)(=O)C1=CC(Br)=CC=C1,8615046,CN(C)S(=O)(=O)c1cccc(Br)c1,153435-80-4
CC1=CC=C(C=C1)S(=O)(=O)NCC1=CC=CC=C1Br,8773491,Cc1ccc(S(=O)(=O)NCc2ccccc2Br)cc1,328088-13-7
COC(=O)C1=CC(F)=C(OC)C(Br)=C1,9193106,COC(=O)c1cc(F)c(OC)c(Br)c1,0
CON(C)C(=O)C1=CC=C(Br)C=C1C,9552188,CON(C)C(=O)c1ccc(Br)cc1C,178313-45-6
BrC1=CC=C(C=C1)N(C1=CC=CC=C1)C1=CC=C(C=O)C=C1,9917559,O=Cc1ccc(N(c2ccccc2)c2ccc(Br)cc2)cc1,847978-62-5
CC(C)(C)OC(=O)N1CCC(CC1)NC1=CC=C(Br)C=C1,10088760,CC(C)(C)OC(=O)N1CCC(Nc2ccc(Br)cc2)CC1,443998-65-0
COC1=CC(Br)=C(F)C=C1Cl,11403735,COc1cc(Br)c(F)cc1Cl,146447-18-9
CCC1=C(CC(=O)OC)C(C)=CC(Br)=C1,11524271,CCc1cc(Br)cc(C)c1CC(=O)OC,0
CN(C)CCCC(O)(C1=CC=C(F)C=C1)C1=C(CO)C=C(Br)C=C1,11734481,CN(C)CCCC(O)(c1ccc(F)cc1)c1ccc(Br)cc1CO,488148-10-3
NC1=CC(Cl)=C(Br)C=C1N,13385419,Nc1cc(Cl)c(Br)cc1N,0
BrC1=CC=C(C=C1)C(=O)NCC#C,13575223,C#CCNC(=O)c1ccc(Br)cc1,0
CC(C)(C)C(=O)NC1=CC=CC(Br)=C1,14198520,CC(C)(C)C(=O)Nc1cccc(Br)c1,195389-97-0
C[Si](C)(C)OC(C#N)C1=CC(Br)=CC=C1F,14225478,C[Si](C)(C)OC(C#N)c1cc(Br)ccc1F,668969-66-2
BrCC(=O)CC1=CC=C(Br)C=C1,14433609,O=C(CBr)Cc1ccc(Br)cc1,20772-10-5
FC1=CC(Cl)=CC(Br)=C1Cl,14458783,Fc1cc(Cl)cc(Br)c1Cl,202865-57-4
FC(F)(F)C(=O)NC1=CC=C(Cl)C=C1Br,15422696,O=C(Nc1ccc(Cl)cc1Br)C(F)(F)F,540522-60-9
COC(=O)C1=C(F)C=C(OC)C(Br)=C1,18525911,COC(=O)c1cc(Br)c(OC)cc1F,949465-86-5
ClC1=C(Br)C=C(C=C1)C#N,18926655,N#Cc1ccc(Cl)c(Br)c1,948549-53-9
CC(C)(C)[Si](C)(C)OCC1=CC(F)=C(Br)C=C1,19194745,CC(C)(C)[Si](C)(C)OCc1ccc(Br)c(F)c1,1017598-60-5
CN1C2=C(C=CC=C2)N=C1C1=CC=CC(Br)=C1,19227836,Cn1c(-c2cccc(Br)c2)nc2ccccc21,477543-22-9
FC1=C(CC2=CC3=C(S2)C=CC=C3)C=C(Br)C=C1,19493638,Fc1ccc(Br)cc1Cc1cc2ccccc2s1,1034305-17-3
CC(C)(C)OC(=O)\N=C(/C(F)F)C1=CC(Br)=CC=C1F,21109675,CC(C)(C)OC(=O)/N=C(/c1cc(Br)ccc1F)C(F)F,1262860-01-4
C[C@H](NC(=O)C1CC1)C1=CC=C(Br)C=C1,21605743,C[C@H](NC(=O)C1CC1)c1ccc(Br)cc1,1313750-03-6
COC(=O)C1=C(C)C(=CC(Br)=C1)N(C)C1CCCCC1,22917648,COC(=O)c1cc(Br)cc(N(C)C2CCCCC2)c1C,1403257-54-4
CCOC(=O)C1(CC2=CC=C(Br)C=C2)CCN(CC1)C(=O)OC(C)(C)C,24580379,CCOC(=O)C1(Cc2ccc(Br)cc2)CCN(C(=O)OC(C)(C)C)CC1,0
CCSC1=CC(Br)=C(F)C=C1,24599225,CCSc1ccc(F)c(Br)c1,0
OC(=C(C#N)C#N)C1=CC=C(Br)C=C1,24636348,N#CC(C#N)=C(O)c1ccc(Br)cc1,0
BrC1=CC=C(C=C1)[C@@H]1CCCNC1,26967767,Brc1ccc([C@@H]2CCCNC2)cc1,1335523-82-4
COC(=O)[C@@H](N)CC1=CC=C(Br)C=C1F,27398423,COC(=O)[C@@H](N)Cc1ccc(Br)cc1F,0
CCOC(=O)\C=C\C1=C(N)C=CC(Br)=C1,27901459,CCOC(=O)/C=C/c1cc(Br)ccc1N,0
CC1=CC(N)=CC(F)=C1Br,28330323,Cc1cc(N)cc(F)c1Br,0
CCNC1=C(N)C(C)=C(Br)C=C1,28440843,CCNc1ccc(Br)c(C)c1N,0
CC(=O)C1=CC(CO)=C(Br)C=C1,28883041,CC(=O)c1ccc(Br)c(CO)c1,0
COC1=C(I)C=C(Cl)C(Br)=C1,28924473,COc1cc(Br)c(Cl)cc1I,0
COC(=O)C1=CC(Br)=C(CNCCO)C=C1,29746095,COC(=O)c1ccc(CNCCO)c(Br)c1,0
FC1=C(F)C(C=C)=C(F)C(F)=C1Br,35837683,C=Cc1c(F)c(F)c(Br)c(F)c1F,0
BrC1=CC=C(C=C1)C1=CNC=N1,4767,Brc1ccc(-c2c[nH]cn2)cc1,13569-96-5
BrC1=CC=C(OCCN2CCCCC2)C=C1,1285281,Brc1ccc(OCCN2CCCCC2)cc1,836-58-8
NC1=C(C=CC=C1)C(=O)NC1=CC=C(Br)C=C1,1463412,Nc1ccccc1C(=O)Nc1ccc(Br)cc1,50735-55-2
BrC1=C(C=O)C=CC(=C1)N(=O)=O,1870532,O=Cc1ccc([N+](=O)[O-])cc1Br,5274-71-5
BrC1=CC=CC(=C1)C(=O)NC1=CC=CC=C1,1961663,O=C(Nc1ccccc1)c1cccc(Br)c1,63710-33-8
CN(C)C(=O)C1=C(Br)C=CC=C1,2089774,CN(C)C(=O)c1ccccc1Br,54616-47-6
BrC1=CC=C(C=C1)C1=CC=C(C=C1)N(=O)=O,2107950,O=[N+]([O-])c1ccc(-c2ccc(Br)cc2)cc1,6242-98-4
BrCCCC1=C(Br)C=CC=C1,2249611,BrCCCc1ccccc1Br,1075-28-1
OC1=CC=CC2=CC=CC(Br)=C12,2250145,Oc1cccc2cccc(Br)c12,62456-32-0
CC(C)C1=CC(Br)=CC(C(C)C)=C1O,2257388,CC(C)c1cc(Br)cc(C(C)C)c1O,2432-03-3
BrC1=CC=CC2=C1C1=C(C=CC=C1)C1=C2C=CC=C1,2272368,Brc1cccc2c3ccccc3c3ccccc3c12,74897-21-5
COC1=C(Br)C=CC=C1C,2435042,COc1c(C)cccc1Br,52200-69-8
FC1=C(CBr)C(Br)=CC=C1,2437395,Fc1cccc(Br)c1CBr,1548-81-8
CC(=O)C=CC1=C(Br)C=CC=C1,2500606,CC(=O)C=Cc1ccccc1Br,72454-54-7
COC1=CC(Br)=C(CBr)C=C1,2519948,COc1ccc(CBr)c(Br)c1,54788-18-0
CC(C)C1=CC=C(O)C(Br)=C1,2554414,CC(C)c1ccc(O)c(Br)c1,19432-27-0
COC(=O)C1=C(Br)C=C(O)C=C1,2639912,COC(=O)c1ccc(O)cc1Br,101085-03-4
OC(=O)C1=CC(O)=CC=C1Br,2640775,O=C(O)c1cc(O)ccc1Br,58380-11-3
CCN(CC)CC1=CC=C(Br)C=C1,2641348,CCN(CC)Cc1ccc(Br)cc1,4885-19-2
NC1=C(C=C(Br)C=C1)S(N)(=O)=O,2694049,Nc1ccc(Br)cc1S(N)(=O)=O,54734-84-8
NC(=S)NC1=CC=CC=C1Br,2718427,NC(=S)Nc1ccccc1Br,5391-30-0
OC1=CC=C(Br)C=C1C(=O)NC1=CC=C(Cl)C=C1,2812319,O=C(Nc1ccc(Cl)cc1)c1cc(Br)ccc1O,3679-64-9
CC(=C)C(=O)NC1=CC=C(Br)C=C1,2964441,C=C(C)C(=O)Nc1ccc(Br)cc1,7600-35-3
OCC1=C(C=CC(Br)=C1)C(O)=O,3250850,O=C(O)c1ccc(Br)cc1CO,670256-21-0
NC1=CC=C(Br)C=C1C1=CC=CC=C1,3252018,Nc1ccc(Br)cc1-c1ccccc1,5455-13-0
CC(=O)OCC1=CC=CC=C1Br,3604361,CC(=O)OCc1ccccc1Br,82466-12-4
COC1=CC=C(Br)C(=C1)C(N)=O,4179540,COc1ccc(Br)c(C(N)=O)c1,99848-43-8
CCOC1=C(F)C=C(Br)C=C1,6593688,CCOc1ccc(Br)cc1F,115467-08-8
CN1CCN(CC1)C1=CC(Br)=C(C=C1)N(=O)=O,7210788,CN1CCN(c2ccc([N+](=O)[O-])c(Br)c2)CC1,166818-85-5
BrC1=CC=C(OCC2=CC=CC=C2)C2=CC=CC=C12,7586866,Brc1ccc(OCc2ccccc2)c2ccccc12,138865-41-5
CC(C)C1=C(N)C=CC(Br)=C1,7633271,CC(C)c1cc(Br)ccc1N,81090-34-8
CN1C(=O)N(C(=O)[C@@]1(C)CC1=CC=C(Br)C=C1)C1=CC(Cl)=CC(Cl)=C1,8715846,CN1C(=O)N(c2cc(Cl)cc(Cl)c2)C(=O)[C@@]1(C)Cc1ccc(Br)cc1,0
BrC1=CC=C(C=C1)S(=O)(=O)N1CCNCC1,8770152,O=S(=O)(c1ccc(Br)cc1)N1CCNCC1,179334-20-4
OC1=C(F)C(F)=CC=C1Br,8831128,Oc1c(Br)ccc(F)c1F,186590-23-8
BrC1=CC=C(C=N)C=C1,9042566,N=Cc1ccc(Br)cc1,45708-95-0
NC1=C(Br)C=C(C=C1N(=O)=O)C(F)(F)F,9330242,Nc1c(Br)cc(C(F)(F)F)cc1[N+](=O)[O-],0
CCCCCCCCCCCCOC1=CC(Br)=CC(OCCCCCCCCCCCC)=C1OCCCCCCCCCCCC,9683752,CCCCCCCCCCCCOc1cc(Br)cc(OCCCCCCCCCCCC)c1OCCCCCCCCCCCC,654065-52-8
O[C@H](CC1=CC=C(Br)C=C1)C(O)=O,10065812,O=C(O)[C@H](O)Cc1ccc(Br)cc1,0
NS(=O)(=O)C1=CC=C(C=C1)N1N=C(C=C1C1=CC=C(Br)C=C1)C(F)(F)F,10196156,NS(=O)(=O)c1ccc(-n2nc(C(F)(F)F)cc2-c2ccc(Br)cc2)cc1,0
CC(C)(C)OC(=O)COC1=CC(Br)=CC=C1,11119112,CC(C)(C)OC(=O)COc1cccc(Br)c1,277331-38-1
CC1=C(N)C=C(Br)C(OC2=C(F)C=C(F)C=C2)=C1,11503934,Cc1cc(Oc2ccc(F)cc2F)c(Br)cc1N,765914-73-6
CC1=C(Br)C=C(NC(=O)C2=CC(=CC=C2)C(F)(F)F)C=C1,12490463,Cc1ccc(NC(=O)c2cccc(C(F)(F)F)c2)cc1Br,876322-59-7
FC(F)(F)OC1=C(Cl)C=C(Br)C=C1,13675065,FC(F)(F)Oc1ccc(Br)cc1Cl,0
FC1=CC(CC#N)=CC(Br)=C1,13904862,N#CCc1cc(F)cc(Br)c1,305800-58-2
CC(C)C(=O)C1=CC=C(Br)C=C1O,13962055,CC(C)C(=O)c1ccc(Br)cc1O,140896-90-8
CC(C)(C)OC(=O)NC1(CC1)C1=CC=CC(Br)=C1,14465625,CC(C)(C)OC(=O)NC1(c2cccc(Br)c2)CC1,597563-17-2
CC(C)(C)OC(=O)C1=CC=C(Br)C=C1N(=O)=O,15019634,CC(C)(C)OC(=O)c1ccc(Br)cc1[N+](=O)[O-],890315-72-7
COC1=C(Br)C=C(C(C)C)C(F)=C1,15428479,COc1cc(F)c(C(C)C)cc1Br,944317-92-4
COC(=O)C[C@@H](NC(=O)OC(C)(C)C)C1=CC=C(Br)C=C1,15462108,COC(=O)C[C@@H](NC(=O)OC(C)(C)C)c1ccc(Br)cc1,920273-84-3
BrC1=CC=C(C=C1)C1CCCNC1,15691904,Brc1ccc(C2CCCNC2)cc1,769944-72-1
BrC1=CC=C(C=C1)C1=C(N2C=CC=CC2=N1)C1=CC=CC=C1,18337288,Brc1ccc(-c2nc3ccccn3c2-c2ccccc2)cc1,1027074-52-7
CC(O)C1=CC=C(Br)C=C1Cl,18495480,CC(O)c1ccc(Br)cc1Cl,1002309-96-7
CS(=O)(=O)OCCOC1=CC=CC(Br)=C1,18689571,CS(=O)(=O)OCCOc1cccc(Br)c1,1075177-90-0
COC1=CC=C(NC(=O)C2=CC=CC=C2Br)C=C1,19425582,COc1ccc(NC(=O)c2ccccc2Br)cc1,55204-50-7
COC(=O)C1=C(O)C=C(Br)C(F)=C1,19730935,COC(=O)c1cc(F)c(Br)cc1O,0
NC(=S)NC1=C(O)C=CC(Br)=C1,20453681,NC(=S)Nc1cc(Br)ccc1O,1404480-03-0
NC1=C(C=C(F)C=C1Br)C(F)(F)F,20792860,Nc1c(Br)cc(F)cc1C(F)(F)F,875664-27-0
CC(C)(C)OC(=O)NC(CO)(C(F)F)C1=C(F)C=CC(Br)=C1,21012055,CC(C)(C)OC(=O)NC(CO)(c1cc(Br)ccc1F)C(F)F,1262860-80-9
C[C@@](O)(CNS(=O)(=O)C1=CC=CC=C1N(=O)=O)C1=C(F)C=CC(Br)=C1,21012090,C[C@@](O)(CNS(=O)(=O)c1ccccc1[N+](=O)[O-])c1cc(Br)ccc1F,1262859-61-9
C[C@@](COC(C)(C(N)=O)C(F)(F)F)(NS(=O)(=O)C1=CC=CC=C1N(=O)=O)C1=C(F)C=CC(Br)=C1,21109710,CC(OC[C@](C)(NS(=O)(=O)c1ccccc1[N+](=O)[O-])c1cc(Br)ccc1F)(C(N)=O)C(F)(F)F,1262859-64-2
CC1=CC(F)=C(F)C=C1Br,21382816,Cc1cc(F)c(F)cc1Br,875664-38-3
CC(C)(C)OC(=O)NC(C)(C=O)C1=CC(Br)=CC=C1,22155359,CC(C)(C)OC(=O)NC(C)(C=O)c1cccc(Br)c1,887913-44-2
CC1=NN(C(C)=C1)C1=CC(Br)=CC=C1,22781474,Cc1cc(C)n(-c2cccc(Br)c2)n1,294877-29-5
CC(C)(CC1=C(Br)C=CC=C1)N=C=O,22958457,CC(C)(Cc1ccccc1Br)N=C=O,1401437-29-3
ClCCC(=O)NC1=C(Cl)C=C(Br)C=C1,23339074,O=C(CCCl)Nc1ccc(Br)cc1Cl,1098343-13-5
CN1C=C(C=N1)C1=CC=CC(Br)=C1,23623873,Cn1cc(-c2cccc(Br)c2)cn1,141938-40-1
CC1=CC(Br)=CC(F)=C1N,24110678,Cc1cc(Br)cc(F)c1N,0
CC(=O)C1=CC(=CC=C1Br)C(F)(F)F,24128208,CC(=O)c1cc(C(F)(F)F)ccc1Br,0
COC(=C(C#N)C#N)C1=C(F)C=C(Br)C=C1,24636310,COC(=C(C#N)C#N)c1ccc(Br)cc1F,0
CCOC(=O)C[C@H](N)C1=CC(=CC(Br)=C1)C(C)(C)C,26565178,CCOC(=O)C[C@H](N)c1cc(Br)cc(C(C)(C)C)c1,1541197-71-0
BrC1=CC(=CC(=C1)C1=CC=NC=C1)C1=CC=NC=C1,26649858,Brc1cc(-c2ccncc2)cc(-c2ccncc2)c1,361366-74-7
BrC1=CC=C(C=C1)[C@H]1CC[C@]2(COC(=O)N2)C1,27096030,O=C1N[C@@]2(CC[C@H](c3ccc(Br)cc3)C2)CO1,1622180-53-3
N[C@]1(CO)CC[C@@H](C1)C1=CC=C(Br)C=C1,27096031,N[C@]1(CO)CC[C@H](c2ccc(Br)cc2)C1,1240554-98-6
CC1=C(Br)C=CC(OC2=CC=C(C=C2)C#N)=C1,28722979,Cc1cc(Oc2ccc(C#N)cc2)ccc1Br,0
CC(=O)C1=CC(COC2=CC3=C(CCCC3=O)C=C2)=C(Br)C=C1,28883044,CC(=O)c1ccc(Br)c(COc2ccc3c(c2)C(=O)CCC3)c1,0
CCOC(=O)C1=C(NC(=O)C1)C1=CC=C(Br)C=C1,30171707,CCOC(=O)C1=C(c2ccc(Br)cc2)NC(=O)C1,0
BrC1=CC=C(C=C1)C1(C2=CC=CC=C2)C2=C(OC3=C1C=CC=C3)C=CC=C2,31027848,Brc1ccc(C2(c3ccccc3)c3ccccc3Oc3ccccc32)cc1,0
CC(C)(C)OC(=O)N[C@@H](CC(O)=O)C1=CC=C(Br)C=C1,31669787,CC(C)(C)OC(=O)N[C@@H](CC(=O)O)c1ccc(Br)cc1,0
COCOC1=C(Br)C=CC(Cl)=C1,35292907,COCOc1cc(Cl)ccc1Br,0
ClC1=CC=CC(C2=CC=CC=C2)=C1Br,36098627,Clc1cccc(-c2ccccc2)c1Br,0
OC1=CC=C(C=C1)N=NC1=CC=C(Br)C=C1,958207,Oc1ccc(N=Nc2ccc(Br)cc2)cc1,3035-94-7
BrC1=CC=C(C=C1)C1=NC1,1281506,Brc1ccc(C2=NC2)cc1,17631-26-4
BrC1=CC=CC(=C1)C1CO1,1306939,Brc1cccc(C2CO2)c1,28022-44-8
BrC1=CC(=CC=C1)C1=CC2=CC=CC=C2N1,1311450,Brc1cccc(-c2cc3ccccc3[nH]2)c1,93716-78-0
OCC1=CC(O)=CC=C1Br,1940894,OCc1cc(O)ccc1Br,2737-20-4
COC1=C(OC)C(Br)=CC(C)=C1,1947619,COc1cc(C)cc(Br)c1OC,68278-85-3
FC1=CC(Br)=C(C=C1F)C#N,1950159,N#Cc1cc(F)c(F)cc1Br,64695-82-5
CC(Cl)C1=CC=C(Br)C=C1,2042034,CC(Cl)c1ccc(Br)cc1,20488-10-2
COC1=CC=C(CC#N)C=C1Br,2094194,COc1ccc(CC#N)cc1Br,772-59-8
BrC1=CC2=C(C=C1)C=C(OCC1=CC=CC=C1)C=C2,2114363,Brc1ccc2cc(OCc3ccccc3)ccc2c1,2234-45-9
BrC1=CC=CC(=C1)C(=O)C(=O)C1=CC=CC=C1,2212363,O=C(C(=O)c1cccc(Br)c1)c1ccccc1,40396-54-1
COC(C)(OC)C1=CC=C(Br)C=C1,2257374,COC(C)(OC)c1ccc(Br)cc1,53578-00-0
CC(CO)(CO)C1=CC=C(Br)C=C1,2257375,CC(CO)(CO)c1ccc(Br)cc1,66810-01-3
CC1=CC=C(C=C1)C(=O)C1=CC(Br)=CC=C1,2259803,Cc1ccc(C(=O)c2cccc(Br)c2)cc1,102092-51-3
COC1=CC=C(\C=C\C2=CC=C(Br)C=C2)C=C1,2267227,COc1ccc(/C=C/c2ccc(Br)cc2)cc1,58358-51-3
CC1=CC(C)=C(C)C(Br)=C1,2500478,Cc1cc(C)c(C)c(Br)c1,31053-99-3
CC1=C(O)C=CC(Br)=C1C,2554498,Cc1c(O)ccc(Br)c1C,22802-37-5
CCC(O)C1=CC=CC=C1Br,2638617,CCC(O)c1ccccc1Br,74532-85-7
OC(=O)\C=C\C(=O)C1=CC=C(Br)C=C1,2692089,O=C(O)/C=C/C(=O)c1ccc(Br)cc1,20972-38-7
COC1=CC(Br)=CC=C1C(Cl)=O,2719300,COc1cc(Br)ccc1C(=O)Cl,5213-16-1
CCNC1=C(C=C(Br)C=C1)N(=O)=O,2723156,CCNc1ccc(Br)cc1[N+](=O)[O-],56136-82-4
BrC1=CC=CC(NC=O)=C1,2828636,O=CNc1cccc(Br)c1,37831-25-7
NC(C(O)=O)C1=CC=C(Br)C=C1,2938007,NC(C(=O)O)c1ccc(Br)cc1,71079-03-3
CC1=CC(N)=C(N)C(Br)=C1,2963449,Cc1cc(N)c(N)c(Br)c1,70733-25-4
NNC(=O)COC1=CC=C(Br)C=C1,2972280,NNC(=O)COc1ccc(Br)cc1,16738-00-4
COC1=CC(Br)=C(C=C1)C#N,3246487,COc1ccc(C#N)c(Br)c1,140860-51-1
CC1=C(CC(O)=O)C=C(Br)C=C1,3249777,Cc1ccc(Br)cc1CC(=O)O,0
CC1=C(C=CC(Br)=C1)S(N)(=O)=O,3261588,Cc1cc(Br)ccc1S(N)(=O)=O,116340-67-1
CCOC(=O)C1=CC(Br)=C(C=C1Cl)C(=O)OCC,3346527,CCOC(=O)c1cc(Br)c(C(=O)OCC)cc1Cl,0
BrC1=CC(=C(OCC2=CC=CC=C2)C=C1)N(=O)=O,3357361,O=[N+]([O-])c1cc(Br)ccc1OCc1ccccc1,383868-64-2
BrC1=CC=C(C=C1)C1SCCCS1,4410387,Brc1ccc(C2SCCCS2)cc1,58928-91-9
OC(C#CC1=CC=CC=C1)C1=CC=CC=C1Br,4806855,OC(C#Cc1ccccc1)c1ccccc1Br,134419-85-5
COC(=O)CCCC1=CC=C(Br)C=C1,4999488,COC(=O)CCCc1ccc(Br)cc1,98453-57-7
OC(CBr)C1=CC=C(Br)C=C1,5253275,OC(CBr)c1ccc(Br)cc1,117465-34-6
BrC1=CC=C(C=C1)C(=O)C1=C2NC(=O)CC2=CC=C1,5955689,O=C1Cc2cccc(C(=O)c3ccc(Br)cc3)c2N1,91713-91-6
COC1=CC=C(Br)C(C=O)=C1OC(C)=O,7132633,COc1ccc(Br)c(C=O)c1OC(C)=O,159263-87-3
COC1=C(Br)C=C(C(N)=C1)N(=O)=O,7372023,COc1cc(N)c([N+](=O)[O-])cc1Br,173312-36-2
CC1=C(C=O)C(Br)=CC=C1,7473274,Cc1cccc(Br)c1C=O,176504-70-4
FC1=CC2=C(C=C1N(=O)=O)C(NC1=CC=CC(Br)=C1)=NC=N2,7519939,O=[N+]([O-])c1cc2c(Nc3cccc(Br)c3)ncnc2cc1F,174709-17-2
CC(C)(O)CC1=C(Br)C=CC=C1,7579231,CC(C)(O)Cc1ccccc1Br,126495-44-1
BrC1=CC=C(C=C1)C1=NCCCC1,8256704,Brc1ccc(C2=NCCCC2)cc1,0
CC1=CC=C(C=C1)S(=O)(=O)\N=C\C1=CC=C(Br)C=C1,8487832,Cc1ccc(S(=O)(=O)/N=C/c2ccc(Br)cc2)cc1,254428-47-2
CON(C)C(=O)C1=CC=C(Br)C(C)=C1,9552182,CON(C)C(=O)c1ccc(Br)c(C)c1,170230-01-0
BrC1=CC=C(OC(=O)C#CC2=CC=CC=C2)C=C1,9767462,O=C(C#Cc1ccccc1)Oc1ccc(Br)cc1,0
COC(=O)C1=CC=C(Br)C(COC(C)=O)=C1,10539600,COC(=O)c1ccc(Br)c(COC(C)=O)c1,254746-41-3
COC1=C(C=CC(Br)=C1)S(Cl)(=O)=O,13191798,COc1cc(Br)ccc1S(=O)(=O)Cl,145915-29-3
COC1=C(Br)C=C(F)C(C=O)=C1,14292856,COc1cc(C=O)c(F)cc1Br,749931-20-2
FC(F)(F)C1=CC(Br)=CC(CBr)=C1,14368827,FC(F)(F)c1cc(Br)cc(CBr)c1,954123-46-7
CN1CCCN(CC1)S(=O)(=O)C1=CC=C(Br)C=C1,14389473,CN1CCCN(S(=O)(=O)c2ccc(Br)cc2)CC1,486422-31-5
CON(C)C(=O)C1=CC(Br)=CC=C1F,15016801,CON(C)C(=O)c1cc(Br)ccc1F,910912-20-8
FC1=CC(Cl)=C(Br)C=C1N(=O)=O,15394051,O=[N+]([O-])c1cc(Br)c(Cl)cc1F,111010-08-3
BrC1=CC(C(=O)N2CC3=C(C2)C=CC=C3)=C(OCC2=CC=CC=C2)C=C1OCC1=CC=CC=C1,18536484,O=C(c1cc(Br)c(OCc2ccccc2)cc1OCc1ccccc1)N1Cc2ccccc2C1,913000-15-4
C[C@H](N1CC[C@](CC=C)(OC1=O)C1=CC=C(F)C=C1)C1=CC=C(Br)C=C1,18975521,C=CC[C@@]1(c2ccc(F)cc2)CCN([C@@H](C)c2ccc(Br)cc2)C(=O)O1,1110641-76-3
CC1=C(Br)C=CC(O)=C1N,19153340,Cc1c(Br)ccc(O)c1N,1154740-46-1
CC(=O)C1=C(OCCBr)C=CC(Br)=C1,19492434,CC(=O)c1cc(Br)ccc1OCCBr,1189816-63-4
CC1=CC=C(Br)C(NC(=O)OC(C)(C)C)=C1,19729444,Cc1ccc(Br)c(NC(=O)OC(C)(C)C)c1,1186637-29-5
NC(CO)(CO)C1=C(F)C=CC(Br)=C1,21011984,NC(CO)(CO)c1cc(Br)ccc1F,1262859-94-8
C[C@]1(CO[C@](C)(C(N)=N1)C(F)(F)F)C1=C(F)C=CC(Br)=C1,21109681,C[C@@]1(c2cc(Br)ccc2F)CO[C@@](C)(C(F)(F)F)C(N)=N1,1262859-66-4
CC(C)(C)OC(=O)N1CCC(CC1)OC1=C(C=C(Br)C=C1)C#N,21421857,CC(C)(C)OC(=O)N1CCC(Oc2ccc(Br)cc2C#N)CC1,1292317-56-6
COC1=CC(=CC=C1Br)C(=O)N1CC(F)C1,22133681,COc1cc(C(=O)N2CC(F)C2)ccc1Br,1352621-02-3
CC(C)(C)[Si](C)(C)OCC1=CC(I)=CC=C1Br,22544284,CC(C)(C)[Si](C)(C)OCc1cc(I)ccc1Br,1378382-90-1
BrC1=CC=C(C=C1)N1C=NC=N1,22882976,Brc1ccc(-n2cncn2)cc1,170230-23-6
CCN1C(=O)C(=CC2=CN=C(NC)C=C12)C1=C(Br)C=C(F)C(N)=C1,23609226,CCn1c(=O)c(-c2cc(N)c(F)cc2Br)cc2cnc(NC)cc21,1442470-53-2
COC(=O)C1=C(CBr)C=C(Br)C(F)=C1,26909991,COC(=O)c1cc(F)c(Br)cc1CBr,1614234-12-6
CS(=O)(=O)C1=CC(Br)=CC(F)=C1CO,27441418,CS(=O)(=O)c1cc(Br)cc(F)c1CO,0
OC(=O)[C@@H]1CCCC[C@H]1C(=O)C1=CC=C(Br)C=C1,30454803,O=C(O)[C@@H]1CCCC[C@H]1C(=O)c1ccc(Br)cc1,0
NC1=C(Br)C=C(F)C(OC(F)(F)F)=C1,33627432,Nc1cc(OC(F)(F)F)c(F)cc1Br,0
CC1=C(Br)C=CC=C1NC1=C2N=CC(C=O)=CC2=CC=N1,38108946,Cc1c(Br)cccc1Nc1nccc2cc(C=O)cnc12,0
BrC1=CC=C(C=C1)S(=O)(=O)NC1=NC=CS1,226175,O=S(=O)(Nc1nccs1)c1ccc(Br)cc1,331972-47-5
BrC1=CC=C(C=C1)C1=CSC(CC#N)=N1,983255,N#CCc1nc(-c2ccc(Br)cc2)cs1,94833-31-5
BrC1=CC=C(C=C1)C(=O)C=CC1=CC=CS1,1372231,O=C(C=Cc1cccs1)c1ccc(Br)cc1,0
COC(=O)CSC1=CC=C(Br)C=C1,1874584,COC(=O)CSc1ccc(Br)cc1,50397-69-8
CC1=CC(Br)=CC(C)=C1C=O,1937530,Cc1cc(Br)cc(C)c1C=O,5769-33-5
CONC(=O)C1=CC(Br)=CC=C1,1948145,CONC(=O)c1cccc(Br)c1,72755-07-8
BrC1=CC(OCC2=CC=CC=C2)=C(OCC2=CC=CC=C2)C=C1,2059015,Brc1ccc(OCc2ccccc2)c(OCc2ccccc2)c1,16047-57-7
CC=CC1=C(Br)C=CC=C1,2238960,CC=Cc1ccccc1Br,0
CC1=C2C=CC=CC2=CC=C1Br,2325802,Cc1c(Br)ccc2ccccc12,20601-22-3
COC1=CC=CC(Br)=C1C(O)=O,2365738,COc1cccc(Br)c1C(=O)O,31786-45-5
NC1=C(Br)C=C(C=C1Cl)N(=O)=O,2372771,Nc1c(Cl)cc([N+](=O)[O-])cc1Br,99-29-6
ClC1=C(Br)C=C(I)C=C1,2435089,Clc1ccc(I)cc1Br,31928-46-8
OC(=O)CC1=CC=C(F)C(Br)=C1,2446892,O=C(O)Cc1ccc(F)c(Br)c1,0
BrC1=CC=C(OC2CCCCC2)C=C1,2448919,Brc1ccc(OC2CCCCC2)cc1,30752-31-9
OC(=O)C1=CC(Br)=C(C=C1)N(=O)=O,2581159,O=C(O)c1ccc([N+](=O)[O-])c(Br)c1,101420-81-9
COC(=O)C1=C(C(O)=C(Br)C=C1)N(=O)=O,2587960,COC(=O)c1ccc(Br)c(O)c1[N+](=O)[O-],37524-01-9
ClC(=O)C1=CC(=CC=C1Br)N(=O)=O,2617666,O=C(Cl)c1cc([N+](=O)[O-])ccc1Br,80887-01-0
OCC1=CC=C(C=C1Br)C#N,2640577,N#Cc1ccc(CO)c(Br)c1,90110-98-8
COC1=C(CC(O)=O)C=C(Br)C=C1,2644718,COc1ccc(Br)cc1CC(=O)O,7017-48-3
BrC1=CC=C(C=C1)C(=O)C#N,2690767,N#CC(=O)c1ccc(Br)cc1,6048-21-1
BrC1=CC=C(NC(=O)NC2=CC=CC=C2)C=C1,2733918,O=C(Nc1ccccc1)Nc1ccc(Br)cc1,13114-92-6
CN(C)CCC(=O)C1=CC=C(Br)C=C1,2804350,CN(C)CCC(=O)c1ccc(Br)cc1,2138-34-3
BrC1=CC=C(NC(=S)NC(=O)C2=CC=CC=C2)C=C1,2812839,O=C(NC(=S)Nc1ccc(Br)cc1)c1ccccc1,19249-89-9
CCCCCC1=CC=C(C=C1)C1=CC=C(Br)C=C1,3090530,CCCCCc1ccc(-c2ccc(Br)cc2)cc1,63619-59-0
CCC1=CC(CC)=CC(Br)=C1,3235916,CCc1cc(Br)cc(CC)c1,90267-03-1
OC1=C(Br)C(Cl)=CC=C1,3237511,Oc1cccc(Cl)c1Br,855836-62-3
OC1=C(I)C(Br)=CC=C1,3237889,Oc1cccc(Br)c1I,855836-52-1
COC1=CC2=C(C=C1)C(Br)=CC=C2,3243748,COc1ccc2c(Br)cccc2c1,83710-62-7
NC1=C(C=C(Br)C=C1)C(=C)C1=CC=CC=C1,3264918,C=C(c1ccccc1)c1cc(Br)ccc1N,189252-18-4
BrC1=CC=C(COC2=CC=C(C=O)C=C2)C=C1,3296132,O=Cc1ccc(OCc2ccc(Br)cc2)cc1,149833-95-4
BrC1=CC=C(CC(=O)OCC2=CC=CC=C2)C=C1,4253007,O=C(Cc1ccc(Br)cc1)OCc1ccccc1,127152-98-1
ClC(=O)CCC1=CC=C(Br)C=C1,4669422,O=C(Cl)CCc1ccc(Br)cc1,55394-81-5
O[C@H](C1=CC=CC=C1)C1=CC=CC=C1Br,5478402,O[C@H](c1ccccc1)c1ccccc1Br,245432-28-4
CN(C)\C=C\C1=CC=C(Br)C=C1N(=O)=O,5521338,CN(C)/C=C/c1ccc(Br)cc1[N+](=O)[O-],78508-22-2
COC(=O)C(=C)C1=CC=C(Br)C=C1,6593433,C=C(C(=O)OC)c1ccc(Br)cc1,0
FC(F)(F)CC1=CC=C(Br)C=C1,6799255,FC(F)(F)Cc1ccc(Br)cc1,155820-88-5
COC1=CC=CC(Br)=C1CBr,7174620,COc1cccc(Br)c1CBr,126712-05-8
[H][C@@](CC1=CC=C(Br)C=C1)(NC(=O)OC(C)(C)C)C(N)=O,8329466,CC(C)(C)OC(=O)N[C@@H](Cc1ccc(Br)cc1)C(N)=O,0
NN=CC1=CC=C(Br)C=C1,8403238,NN=Cc1ccc(Br)cc1,57477-93-7
O[C@H](C1=CC=CC=C1)C1=CC=C(Br)C=C1,8763183,O[C@H](c1ccccc1)c1ccc(Br)cc1,0
BrC1=CC=C(C=C1)C1=CN=CN=C1,9043368,Brc1ccc(-c2cncnc2)cc1,0
CC1=CC(Br)=C(C=C)C=C1,9899713,C=Cc1ccc(C)cc1Br,828267-46-5
CC1(C)CC2=C(C(=NN2C2=CC(Br)=C(C=C2)C#N)C(F)(F)F)C(=O)C1,12697790,CC1(C)CC(=O)c2c(C(F)(F)F)nn(-c3ccc(C#N)c(Br)c3)c2C1,908111-35-3
COC1=CC(CCN)=CC=C1Br,13475724,COc1cc(CCN)ccc1Br,0
CSC1=CC=C(Br)C(C)=C1C1=NOCC1,13906945,CSc1ccc(Br)c(C)c1C1=NOCC1,250592-92-8
CN(CC1=CC(Br)=CC=C1)C(=O)OC(C)(C)C,14086704,CN(Cc1cccc(Br)c1)C(=O)OC(C)(C)C,317358-61-5
CCC1=CC(Br)=C(F)C=C1,14581328,CCc1ccc(F)c(Br)c1,891843-33-7
CC1=CC(=CC(C)=C1Br)C(F)(C(F)(F)F)C(F)(F)F,14631793,Cc1cc(C(F)(C(F)(F)F)C(F)(F)F)cc(C)c1Br,353272-55-6
FC1=CC(Br)=CC(=C1)C(Cl)=O,14639487,O=C(Cl)c1cc(F)cc(Br)c1,887266-90-2
CC1=CC(Br)=CC(C)=C1NC(=O)CC(C)(C)C,18356467,Cc1cc(Br)cc(C)c1NC(=O)CC(C)(C)C,1009344-67-5
BrC1=CC=C(C=C1)[C@H]1CCC2(C1)NC(=O)NC2=O,18417764,O=C1NC(=O)C2(CC[C@H](c3ccc(Br)cc3)C2)N1,1036030-15-5
CC(C)(C)OC(=O)N1CCO[C@H](C1)C1=CC=C(Br)C=C1,18997267,CC(C)(C)OC(=O)N1CCO[C@@H](c2ccc(Br)cc2)C1,1131220-37-5
CS(=O)(=O)C1=C(CO)C=CC(Br)=C1,20047980,CS(=O)(=O)c1cc(Br)ccc1CO,773873-27-1
CC(C)(C)[S@@](=O)N[C@@H](C1=CC=C(Br)C=C1)C(F)(F)F,20932601,CC(C)(C)[S@@](=O)N[C@@H](c1ccc(Br)cc1)C(F)(F)F,336105-31-8
C[C@@](O)(CN=N#N)C1=C(F)C=CC(Br)=C1,21011980,C[C@@](O)(CN=[N+]=[N-])c1cc(Br)ccc1F,1262859-59-5
C[C@@](CO[C@](C)(C#N)C(F)(F)F)(NS(=O)(=O)C1=CC=CC=C1N(=O)=O)C1=C(F)C=CC(Br)=C1,21012263,C[C@@](CO[C@](C)(C#N)C(F)(F)F)(NS(=O)(=O)c1ccccc1[N+](=O)[O-])c1cc(Br)ccc1F,1262859-65-3
FC1=CC(OC2CC2)=C(Br)C=C1,23069010,Fc1ccc(Br)c(OC2CC2)c1,1243445-60-4
FC1=C(Br)C=CC(OC2=CC=CC=C2)=C1,23082870,Fc1cc(Oc2ccccc2)ccc1Br,1138557-58-0
COC(=C(C#N)C#N)C1=CC=C(Br)C(F)=C1,24636326,COC(=C(C#N)C#N)c1ccc(Br)c(F)c1,0
COC1=C(Br)C=CC(=C1)N1C=CC(N)=N1,26637906,COc1cc(-n2ccc(N)n2)ccc1Br,1562339-57-4
N[C@]1(CO)CC[C@H](C1)C1=CC=C(Br)C=C1,27096033,N[C@]1(CO)CC[C@@H](c2ccc(Br)cc2)C1,1240464-41-8
CC(C)(C)OC(=O)N[C@@H](CC1=CC=C(Br)C=C1F)C(O)=O,27398425,CC(C)(C)OC(=O)N[C@@H](Cc1ccc(Br)cc1F)C(=O)O,0
BrC1=CC=C(C=C1)C1=C2C(=CC=C1)N(C1=CC=CC=C21)C1=CC=CC=C1,28256439,Brc1ccc(-c2cccc3c2c2ccccc2n3-c2ccccc2)cc1,0
COC1=C(I)C=C(F)C(Br)=C1,28924472,COc1cc(Br)c(F)cc1I,0
C[C@@H]1CC2=C(NC3=CC=CC=C23)[C@H](N1CC(F)(F)CO)C1=C(F)C=C(Br)C=C1F,30092785,C[C@@H]1Cc2c([nH]c3ccccc23)[C@@H](c2c(F)cc(Br)cc2F)N1CC(F)(F)CO,0
ClC(=O)C1=C(Br)C(=CC=C1)N(=O)=O,1964376,O=C(Cl)c1cccc([N+](=O)[O-])c1Br,6286-36-8
ClC1=CC2=C(C=CC=C2)C=C1Br,2081607,Clc1cc2ccccc2cc1Br,71436-67-4
CC(=O)C1=CC=C(Cl)C(Br)=C1,2082474,CC(=O)c1ccc(Cl)c(Br)c1,54826-14-1
OC(C1CCCCC1=O)C1=CC=C(Br)C=C1,2277551,O=C1CCCCC1C(O)c1ccc(Br)cc1,0
BrC1=CC=C(SC2=CC=C(C=C2)N(=O)=O)C=C1,2280255,O=[N+]([O-])c1ccc(Sc2ccc(Br)cc2)cc1,21969-12-0
OC(=O)COC1=CC=CC(Br)=C1,2415528,O=C(O)COc1cccc(Br)c1,1798-99-8
BrC1=CC=C(COC2=CC=CC=C2)C=C1,2524847,Brc1ccc(COc2ccccc2)cc1,20600-22-0
ClC1=CC=C(OC2=CC=C(Br)C=C2)C=C1,2525355,Clc1ccc(Oc2ccc(Br)cc2)cc1,30427-95-3
BrC1=CC(OC2=CC=CC=C2)=CC(OC2=CC=CC=C2)=C1,2536984,Brc1cc(Oc2ccccc2)cc(Oc2ccccc2)c1,41318-73-4
FC(F)(F)CC(=O)C1=CC=C(Br)C=C1,2577778,O=C(CC(F)(F)F)c1ccc(Br)cc1,13541-18-9
COC(=O)C1=CC=CC2=C1C=CC=C2Br,2616652,COC(=O)c1cccc2c(Br)cccc12,59866-97-6
COC1=CC=C(C=C1)C(=O)\C=C\C1=CC=C(Br)C=C1,2619664,COc1ccc(C(=O)/C=C/c2ccc(Br)cc2)cc1,126443-18-3
BrC1=C(CNC2=CC=CC=C2)C=CC=C1,2692615,Brc1ccccc1CNc1ccccc1,50844-92-3
BrC1=CC=C(C=C1)C(=O)CC(C#N)C#N,2842063,N#CC(C#N)CC(=O)c1ccc(Br)cc1,26454-82-0
BrC1=C(C=CC=C1)P(=O)(C1=CC=CC=C1)C1=CC=CC=C1,2855585,O=P(c1ccccc1)(c1ccccc1)c1ccccc1Br,88652-74-8
NC(CC1=CC(Br)=CC=C1)C(O)=O,2939808,NC(Cc1cccc(Br)c1)C(=O)O,30163-20-3
C\C(=N/O)C1=CC=C(Br)C=C1,3127031,C/C(=N\O)c1ccc(Br)cc1,59862-55-4
CCOC(=N)C1=CC(Br)=CC=C1,3127729,CCOC(=N)c1cccc(Br)c1,64128-10-5
CCC1=CC(Br)=C(OC)C=C1,3241578,CCc1ccc(OC)c(Br)c1,99179-98-3
OCCCOC1=CC=C(Br)C=C1,3244215,OCCCOc1ccc(Br)cc1,67900-64-5
COC1=CC=CC(C(O)=O)=C1Br,3251377,COc1cccc(C(=O)O)c1Br,88377-29-1
CC1=CC(Br)=C(C=C1N)C(O)=O,3251898,Cc1cc(Br)c(C(=O)O)cc1N,745048-63-9
NC1=CC=CC(Br)=C1C=O,4798775,Nc1cccc(Br)c1C=O,135484-74-1
CC(C)(C)C1=CC2=C3C(C=CC4=CC=C(Br)C(C=C2)=C34)=C1,6209806,CC(C)(C)c1cc2ccc3ccc(Br)c4ccc(c1)c2c34,78751-74-3
NC1=CC(=NN1)C1=CC(Br)=CC=C1,6326319,Nc1cc(-c2cccc(Br)c2)n[nH]1,149246-81-1
OC1=C(C=C(Br)C=C1)C12CC3CC(CC(C3)C1)C2,7431383,Oc1ccc(Br)cc1C12CC3CC(CC(C3)C1)C2,104224-68-2
CC(C)(C)OC(=O)\C=C\C1=CC=C(Br)C=C1,8765314,CC(C)(C)OC(=O)/C=C/c1ccc(Br)cc1,350490-15-2
CC(C)(C)C1=CC(I)=C(Br)C=C1,10532112,CC(C)(C)c1ccc(Br)c(I)c1,916747-51-8
COC1=C(Br)C=CC=C1F,10654490,COc1c(F)cccc1Br,845829-94-9
OC(=O)C1=CC(=CC=C1Br)S(Cl)(=O)=O,10662662,O=C(O)c1cc(S(=O)(=O)Cl)ccc1Br,3285-31-2
CCOC(=O)C(=[N]#N)C(=O)C1=CC=C(Br)C=C1,11160548,CCOC(=O)C(=[N+]=[N-])C(=O)c1ccc(Br)cc1,0
CC(C)(C#N)C1=C(F)C=C(Br)C=C1,11160913,CC(C)(C#N)c1ccc(Br)cc1F,749928-77-6
BrC1=CC2=CC(=CC=C2C=C1)C1=CC=CC=C1,11219602,Brc1ccc2ccc(-c3ccccc3)cc2c1,0
OC1=C(F)C(Br)=CC=C1Cl,11450472,Oc1c(Cl)ccc(Br)c1F,943830-14-6
BrC1=CC=CC(=C1)C1=C2C=CC=CC2=C2C=CC=CC2=C1,11734233,Brc1cccc(-c2cc3ccccc3c3ccccc23)c1,0
OB(O)C1=C(F)C(Br)=CC=C1,14006009,OB(O)c1cccc(Br)c1F,352535-97-8
OCCCCC1=CC(Br)=CC=C1,14006074,OCCCCc1cccc(Br)c1,218153-01-6
COC1=C(C=O)C(F)=CC=C1Br,14212228,COc1c(Br)ccc(F)c1C=O,473416-74-9
CC(F)(F)C1=C(Br)C=CC=C1,14347758,CC(F)(F)c1ccccc1Br,444581-46-8
NCC1=CC=C(Cl)C=C1Br,14519479,NCc1ccc(Cl)cc1Br,874482-95-8
FC1=CC(=CC(F)=C1F)C1=C(F)C=C(Br)C=C1,15335707,Fc1cc(Br)ccc1-c1cc(F)c(F)c(F)c1,187804-77-9
C[Si](C)(C)CCOCN1C=C(N=C1C(=O)NC1=C(C=C(Br)C=C1)C1=CCCCC1)C#N,15568942,C[Si](C)(C)CCOCn1cc(C#N)nc1C(=O)Nc1ccc(Br)cc1C1=CCCCC1,915005-94-6
COC(=O)C1=C(NS(C)(=O)=O)C=CC(Br)=C1,15580656,COC(=O)c1cc(Br)ccc1NS(C)(=O)=O,452350-33-3
CCNC1=CC(Br)=CC=C1N,18331736,CCNc1cc(Br)ccc1N,1162695-95-5
COC(=O)[C@@]1(N)CC[C@@H](C1)C1=CC=C(Br)C=C1,18417775,COC(=O)[C@@]1(N)CC[C@H](c2ccc(Br)cc2)C1,1036030-37-1
BrC1=CC(=CC=C1)C1=NC=CC2=C1C=CC=C2,18732417,Brc1cccc(-c2nccc3ccccc23)c1,936498-09-8
OCC1=C(C=CC=C1Br)N1CCC2=C(C=CC(=C2)C2CC2)C1=O,19550336,O=C1c2ccc(C3CC3)cc2CCN1c1cccc(Br)c1CO,1178884-67-7
CC(C)(C)OC(=O)NC1=CC=C2C=C(Br)C=CC2=C1,19753284,CC(C)(C)OC(=O)Nc1ccc2cc(Br)ccc2c1,869114-68-1
C[C@@](O)(CN)C1=C(F)C=CC(Br)=C1,21011970,C[C@@](O)(CN)c1cc(Br)ccc1F,1262859-60-8
CC(C)(C)OC(=O)NC(CC=C)(C(F)F)C1=C(F)C=CC(Br)=C1,21012063,C=CCC(NC(=O)OC(C)(C)C)(c1cc(Br)ccc1F)C(F)F,1262860-02-5
O[C@H](CBr)C1=CC(Br)=CC=C1,21431514,O[C@H](CBr)c1cccc(Br)c1,1098108-56-5
BrC1=CC=CC(=C1)C(=O)C1CC1,22446500,O=C(c1cccc(Br)c1)C1CC1,693774-26-4
CC(C)(C)[Si](C)(C)OCC1=C(F)C(Br)=CC=C1,23593640,CC(C)(C)[Si](C)(C)OCc1cccc(Br)c1F,0
COC(=O)C1=CC(OCC2=CC=CC=C2)=C(Br)C(O)=C1,26637929,COC(=O)c1cc(O)c(Br)c(OCc2ccccc2)c1,1562340-41-3
COC(=O)C1=CC(OCC2=CC=CC=C2)=C(Br)C(OC)=C1,26637930,COC(=O)c1cc(OC)c(Br)c(OCc2ccccc2)c1,1562340-46-8
COC1=CC(=CC(OCC2=CC=CC=C2)=C1Br)C(O)=O,26637931,COc1cc(C(=O)O)cc(OCc2ccccc2)c1Br,1562340-48-0
COC1=CC(=CC(OCC2=CC=CC=C2)=C1Br)C(=O)NCC#C,26637932,C#CCNC(=O)c1cc(OC)c(Br)c(OCc2ccccc2)c1,1562340-51-5
OC(=O)C1=C(F)C(F)=CC(Br)=C1,26727457,O=C(O)c1cc(Br)cc(F)c1F,887585-64-0
FC(F)(F)C1=CC=CC(=C1)N1C2=C(C(NC1=O)C1=C(Br)C=C(C=C1)C#N)C(=O)CC2,27060694,N#Cc1ccc(C2NC(=O)N(c3cccc(C(F)(F)F)c3)C3=C2C(=O)CC3)c(Br)c1,1621270-70-9
ClC(Cl)(Cl)COC(=O)C(=[N]#N)C1=CC=C(Br)C=C1,27087420,[N-]=[N+]=C(C(=O)OCC(Cl)(Cl)Cl)c1ccc(Br)cc1,1641528-26-8
CNC1=C(C(C)=CC(Br)=C1)N(=O)=O,27492036,CNc1cc(Br)cc(C)c1[N+](=O)[O-],0
CC(=O)C1=CC(CBr)=C(Br)C=C1,28883043,CC(=O)c1ccc(Br)c(CBr)c1,0
N[C@]1(CN(CC=C)C[C@H]1CO)C1=CC(Br)=CC=C1F,29389250,C=CCN1C[C@@H](CO)[C@](N)(c2cc(Br)ccc2F)C1,0
OC1=C(F)C(OC(F)(F)F)=CC=C1Br,30187044,Oc1c(Br)ccc(OC(F)(F)F)c1F,0
N[C@@H](CC1=CC(F)=C(Br)C=C1)C(O)=O,30455063,N[C@@H](Cc1ccc(Br)c(F)c1)C(=O)O,0
O[C@@H](CC1=CC(F)=C(Br)C=C1)C(O)=O,30455064,O=C(O)[C@@H](O)Cc1ccc(Br)c(F)c1,0
O[C@H](CC1=CC=C(Br)C=C1)C(=O)OCC1=CC=CC=C1,30455137,O=C(OCc1ccccc1)[C@H](O)Cc1ccc(Br)cc1,0
COC(=O)CN(C(=O)OC(C)(C)C)C1=C(Br)C=C(C)C=C1N(=O)=O,31047982,COC(=O)CN(C(=O)OC(C)(C)C)c1c(Br)cc(C)cc1[N+](=O)[O-],0
OC(=O)CC1=CC(F)=C(Br)C=C1F,31737294,O=C(O)Cc1cc(F)c(Br)cc1F,0
CC(C)C1=CC(F)=CC(C(C)C)=C1Br,34179258,CC(C)c1cc(F)cc(C(C)C)c1Br,0
OC(=O)C1=NOC(=C1)C1=CC=C(Br)C=C1,1075530,O=C(O)c1cc(-c2ccc(Br)cc2)on1,33282-23-4
BrC1=CC=C(C=C1)C1=CC2=CC=CC=C2S1,1310940,Brc1ccc(-c2cc3ccccc3s2)cc1,19437-86-6
BrC1=C(OCC#C)C=CC=C1,1940649,C#CCOc1ccccc1Br,38770-76-2
BrC1=CC=CC=C1\C=C/C1=CC=CC=C1,1943753,Brc1ccccc1/C=C\c1ccccc1,4877-77-4
CC(C(O)=O)C1=CC(Br)=CC=C1,1947409,CC(C(=O)O)c1cccc(Br)c1,53086-52-5
COC(=O)C=CC1=CC(Br)=CC=C1,1949418,COC(=O)C=Cc1cccc(Br)c1,3650-77-9
CCC1=CC(CC)=C(Br)C(CC)=C1,2088342,CCc1cc(CC)c(Br)c(CC)c1,91-06-5
ClC1=CC=C(CC#N)C(Br)=C1,2362911,N#CCc1ccc(Cl)cc1Br,52864-54-7
BrC1=CC=C(C=C1N(=O)=O)C1=CC=CC=C1,2372720,O=[N+]([O-])c1cc(-c2ccccc2)ccc1Br,27701-66-2
FC1=CC(Br)=CC(=C1)N(=O)=O,2441508,O=[N+]([O-])c1cc(F)cc(Br)c1,7087-65-2
CC1=CC=C(C=C1)C(=O)C1=CC=CC=C1Br,2446736,Cc1ccc(C(=O)c2ccccc2Br)cc1,67104-64-7
CC1=CC=C(CO)C(Br)=C1,2517311,Cc1ccc(CO)c(Br)c1,824-53-3
CC1=CC(=C(O)C(Br)=C1)C(C)(C)C,2556185,Cc1cc(Br)c(O)c(C(C)(C)C)c1,1516-93-4
BrC1=CC=C(C=C1)S(=O)CC1=CC=CC=C1,2559016,O=S(Cc1ccccc1)c1ccc(Br)cc1,92022-45-2
COC1=CC(C)=C(Br)C=C1OC,2576257,COc1cc(C)c(Br)cc1OC,52806-46-9
COC1=CC(C(O)=O)=C(Br)C(OC)=C1OC,2658192,COc1cc(C(=O)O)c(Br)c(OC)c1OC,23346-82-9
CC1=CC(Br)=C(Cl)C=C1N,2716607,Cc1cc(Br)c(Cl)cc1N,30273-47-3
COC1=CC(=CC(OC)=C1Br)C(Cl)=O,3033047,COc1cc(C(=O)Cl)cc(OC)c1Br,56518-43-5
CCOC(CSC1=CC=C(Br)C=C1)OCC,3053912,CCOC(CSc1ccc(Br)cc1)OCC,96804-05-6
CC(C)COC1=CC=C(Br)C=C1,3239288,CC(C)COc1ccc(Br)cc1,30752-23-9
CC(=O)NC1=C(C)C(Br)=CC=C1,3250153,CC(=O)Nc1cccc(Br)c1C,67866-91-5
COC(=O)C1=CC(Br)=C(OC(C)C)C=C1,3302280,COC(=O)c1ccc(OC(C)C)c(Br)c1,213598-10-8
BrC1=CC=C(CCI)C=C1,4374873,Brc1ccc(CCI)cc1,85356-68-9
CC1(CO1)C1=CC=C(Br)C=C1,4969914,CC1(c2ccc(Br)cc2)CO1,80909-78-0
OC(CC=C)C1=CC(Br)=CC=C1,5924304,C=CCC(O)c1cccc(Br)c1,114095-73-7
FC(F)(F)C1=C(Br)C=CC(=C1)N=C=O,6314688,O=C=Nc1ccc(Br)c(C(F)(F)F)c1,41513-02-4
FC1=C(Br)C=CC(I)=C1C#N,7989703,N#Cc1c(I)ccc(Br)c1F,217816-66-5
CC(C)(CC1=CC=CC=C1Br)C#N,8680431,CC(C)(C#N)Cc1ccccc1Br,321985-22-2
CC1=C(Cl)C=C(F)C(Br)=C1,8761426,Cc1cc(Br)c(F)cc1Cl,200190-87-0
CC(C)(C)OC(=O)N1CCC(CC2=CC=C(Br)C=C2)CC1,8778345,CC(C)(C)OC(=O)N1CCC(Cc2ccc(Br)cc2)CC1,0
BrC1=CC=C(C=C1)N1C=NC2=C1C=CC=C2,9326030,Brc1ccc(-n2cnc3ccccc32)cc1,502925-12-4
CC(NC1=CC=C(Br)C=C1)C1=CC=CC=C1,11254998,CC(Nc1ccc(Br)cc1)c1ccccc1,0
COC1=CC(=CC(Br)=C1)C(F)(F)F,14198559,COc1cc(Br)cc(C(F)(F)F)c1,627527-23-5
CC(C)OC1=CC=C(Br)C=C1Cl,14292834,CC(C)Oc1ccc(Br)cc1Cl,201849-21-0
COC(=O)CC1=C(F)C=CC(Br)=C1,14550831,COC(=O)Cc1cc(Br)ccc1F,885068-47-3
FC1=CC(Br)=C(C=C1N(=O)=O)C(F)(F)F,15478332,O=[N+]([O-])c1cc(C(F)(F)F)c(Br)cc1F,932374-77-1
CON(C)C(=O)C1=C(Cl)C=CC(Br)=C1,15561946,CON(C)C(=O)c1cc(Br)ccc1Cl,842136-59-8
OC(=O)C1=CC(=C(F)C=C1Br)N(=O)=O,18418003,O=C(O)c1cc([N+](=O)[O-])c(F)cc1Br,1036389-83-9
COC(=O)[C@@]1(N)CC[C@H](C1)C1=CC=C(Br)C=C1,18959488,COC(=O)[C@@]1(N)CC[C@@H](c2ccc(Br)cc2)C1,1036070-23-1
CC(C)(C)OC(=O)N1CCN(CC1)C1=CC(F)=C(Br)C=C1,19045387,CC(C)(C)OC(=O)N1CCN(c2ccc(Br)c(F)c2)CC1,1146950-54-0
FC1=CC=C(CC#N)C=C1Br,19200552,N#CCc1ccc(F)c(Br)c1,501420-63-9
CCOC(=O)C(=O)C=CC1=CC=C(Br)C=C1,19439075,CCOC(=O)C(=O)C=Cc1ccc(Br)cc1,1000400-78-1
BrC1=CC=C(C=C1)[C@@H]1CCC2(C1)NC(=O)NC2=O,19483833,O=C1NC(=O)C2(CC[C@@H](c3ccc(Br)cc3)C2)N1,0
CC(C)(C)OC(=O)C1=CC=C(C[C@@H](C(O)=O)C2=CC=C(Br)C=C2)C=C1,20085779,CC(C)(C)OC(=O)c1ccc(C[C@@H](C(=O)O)c2ccc(Br)cc2)cc1,1207989-84-1
CON(C)C(=O)C1=CC(Cl)=C(Br)C=C1,20463786,CON(C)C(=O)c1ccc(Br)c(Cl)c1,1235711-34-8
BrC1=CC=CC(=C1)C1=NNC=C1,21022388,Brc1cccc(-c2cc[nH]n2)c1,948294-12-0
CC1(C)OB(OC1(C)C)C1=CC=C(Br)C2=CC=CC=C12,21233705,CC1(C)OB(c2ccc(Br)c3ccccc23)OC1(C)C,0
CC(C)OC(=O)NC(=O)C[C@H](C)NC1=CC=C(Br)C=C1,21480475,CC(C)OC(=O)NC(=O)C[C@H](C)Nc1ccc(Br)cc1,1300031-94-0
OC(=O)C1(CC1)C1=C(Br)C=CC=C1,21760439,O=C(O)C1(c2ccccc2Br)CC1,124276-87-5
OC(=O)C1=C(F)C=C(Br)C=C1Cl,22253513,O=C(O)c1c(F)cc(Br)cc1Cl,1321613-01-7
COC(=O)C1=CC2=C(N=CN2C)C(F)=C1NC1=C(F)C=C(Br)C=C1,24115833,COC(=O)c1cc2c(ncn2C)c(F)c1Nc1ccc(Br)cc1F,1415559-93-1
CC(C)(C)OC(=O)N1CCC(COC2=CC(F)=C(Br)C=C2)CC1,24702474,CC(C)(C)OC(=O)N1CCC(COc2ccc(Br)c(F)c2)CC1,0
COC(=O)C1=CC(OC)=C(Br)C=C1N(=O)=O,27194498,COC(=O)c1cc(OC)c(Br)cc1[N+](=O)[O-],0
NCC1(CC1)C1=CC=C(Br)C=C1,28717410,NCC1(c2ccc(Br)cc2)CC1,0
CC(C)CC(C)(COC1=C(C=O)C=C(Br)C=C1)NC(=O)OC(C)(C)C,28816729,CC(C)CC(C)(COc1ccc(Br)cc1C=O)NC(=O)OC(C)(C)C,0
ClC1=CC(Br)=C(C=C1)N1C=C(C=O)N=N1,29336590,O=Cc1cn(-c2ccc(Cl)cc2Br)nn1,0
FC1=C(C=C(Br)C=C1)C(=O)CBr,29389254,O=C(CBr)c1cc(Br)ccc1F,0
CC(C)(C)OC(=O)[C@@H](N)CC1=CC(F)=C(Br)C=C1,30455062,CC(C)(C)OC(=O)[C@@H](N)Cc1ccc(Br)c(F)c1,0
COC(=O)C[C@H](NC(=O)OC(C)(C)C)C1=CC=C(Br)C=C1,31670081,COC(=O)C[C@H](NC(=O)OC(C)(C)C)c1ccc(Br)cc1,0
CC1=CC(F)=CC(C)=C1OC1=C(Br)C=C(C=C1)C(C)(C)O,31981860,Cc1cc(F)cc(C)c1Oc1ccc(C(C)(C)O)cc1Br,0
OCC1=CC(Br)=C(F)C=C1I,33461315,OCc1cc(Br)c(F)cc1I,0
NC1=C(Br)C=C(F)C=C1CO,1211500,Nc1c(Br)cc(F)cc1CO,55414-45-4
BrC1=CC=C(C=C1)C(=O)C1OC1C1=CC=CC=C1,1247457,O=C(c1ccc(Br)cc1)C1OC1c1ccccc1,29425-81-8
COC1=CC(O)=C(C=C1Br)C(C)=O,1953386,COc1cc(O)c(C(C)=O)cc1Br,39503-61-2
C[Si](C)(C)OC1=C(Br)C=CC=C1,2043978,C[Si](C)(C)Oc1ccccc1Br,36601-47-5
BrC1=CC=CC(=C1)C(=O)C#CC1=CC=CC=C1,2052136,O=C(C#Cc1ccccc1)c1cccc(Br)c1,53692-59-4
NCCCC1=CC=C(Br)C=C1,2083186,NCCCc1ccc(Br)cc1,65984-53-4
NC1=C(Br)C=C(Cl)C=C1Cl,2089686,Nc1c(Cl)cc(Cl)cc1Br,697-86-9
CC1=C(C=C(Br)C=C1)S(N)(=O)=O,2098731,Cc1ccc(Br)cc1S(N)(=O)=O,56919-16-5
FC(F)(F)C1=CC(Br)=C(C=C1)C(F)(F)F,2123680,FC(F)(F)c1ccc(C(F)(F)F)c(Br)c1,7617-93-8
BrC1=CC=C(C=C1)C#CI,2325520,Brc1ccc(C#CI)cc1,934-95-2
BrC1=CC=C(C=O)C(C=O)=C1,2434259,O=Cc1ccc(Br)cc1C=O,13209-32-0
BrC1=C(C=O)C(=CC=C1)N(=O)=O,2444835,O=Cc1c(Br)cccc1[N+](=O)[O-],20357-21-5
BrC1=CC=C(C=C1)C(=O)CN(=O)=O,2450635,O=C(C[N+](=O)[O-])c1ccc(Br)cc1,14367-97-6
ClC1=CC=C(C=C1)C(=O)C=CC1=CC=C(Br)C=C1,2455490,O=C(C=Cc1ccc(Br)cc1)c1ccc(Cl)cc1,0
CC#CC1=CC=CC=C1Br,2516330,CC#Cc1ccccc1Br,92672-77-0
BrC1=CC=C(OC2CCCC2)C=C1,2522644,Brc1ccc(OC2CCCC2)cc1,30752-30-8
OC(=O)CSC1=C(C=C(Br)C=C1)N(=O)=O,2533377,O=C(O)CSc1ccc(Br)cc1[N+](=O)[O-],98434-32-3
COC(=O)C1=C(O)C=C(O)C(Br)=C1,2643248,COC(=O)c1cc(Br)c(O)cc1O,98437-43-5
CC(C)(C)COS(=O)(=O)C1=CC=C(Br)C=C1,2697185,CC(C)(C)COS(=O)(=O)c1ccc(Br)cc1,14248-15-8
CCNC1=CC=C(Br)C=C1N,2718291,CCNc1ccc(Br)cc1N,0
CCOP(=O)(CC1=C(Br)C=CC=C1)OCC,2851546,CCOP(=O)(Cc1ccccc1Br)OCC,63909-55-7
CC#CC1=CC(Br)=CC=C1,2960876,CC#Cc1cccc(Br)c1,66952-36-1
CCOC(=O)CC1=CC(Br)=C(O)C=C1,2968422,CCOC(=O)Cc1ccc(O)c(Br)c1,29121-25-3
BrC1=CC=C(C=C1)N=C(C1=CC=CC=C1)C1=CC=CC=C1,2977010,Brc1ccc(N=C(c2ccccc2)c2ccccc2)cc1,53847-33-9
CC1=CC(O)=C(C=O)C=C1Br,3237555,Cc1cc(O)c(C=O)cc1Br,0
CCCCN(CCCC)C1=CC=C(Br)C=C1,3269826,CCCCN(CCCC)c1ccc(Br)cc1,53358-54-6
COC1=C(C=C(Br)C=C1)C(Cl)=O,4179427,COc1ccc(Br)cc1C(=O)Cl,62910-63-8
CCCCOC(=O)C1=CC=C(Br)C=C1,4179852,CCCCOC(=O)c1ccc(Br)cc1,120047-91-8
CCCCOC(=O)\C=C\C1=CC=C(Br)C=C1,4180760,CCCCOC(=O)/C=C/c1ccc(Br)cc1,0
CS(=O)(=O)NC1=C(Br)C=CC=C1,4180980,CS(=O)(=O)Nc1ccccc1Br,116547-91-2
CC1=C(CCl)C=C(Br)C=C1,4379016,Cc1ccc(Br)cc1CCl,87604-18-0
CCCC1CCC(CC1)C1=CC=C(Br)C=C1,4744913,CCCC1CCC(c2ccc(Br)cc2)CC1,86579-53-5
BrC1=CC=C(C=C1)C1OCCCO1,5428875,Brc1ccc(C2OCCCO2)cc1,61568-51-2
ClC1=CC=C(\C=C\C(=O)C2=CC=C(Br)C=C2)C=C1,5431528,O=C(/C=C/c1ccc(Cl)cc1)c1ccc(Br)cc1,126443-16-1
CCOC1=CC(F)=C(Br)C=C1,6593059,CCOc1ccc(Br)c(F)c1,0
CC(C)(C)C1=CC(I)=CC(Br)=C1,7633184,CC(C)(C)c1cc(Br)cc(I)c1,186772-43-0
CC1=CC=C(C=C1)S(=O)(=O)NN=CC1=CC=CC(Br)=C1,7767448,Cc1ccc(S(=O)(=O)NN=Cc2cccc(Br)c2)cc1,158918-48-0
CC(C)(C)C1=CC(Br)=C(CBr)C=C1,7869041,CC(C)(C)c1ccc(CBr)c(Br)c1,246139-76-4
BrC1=CC=C(C=C1)S(=O)(=O)NCCN1CCCC1,7998953,O=S(=O)(NCCN1CCCC1)c1ccc(Br)cc1,209968-27-4
OC1=C(NC(=O)C2=CC=C(Br)C=C2)C=CC=C1,9199232,O=C(Nc1ccccc1O)c1ccc(Br)cc1,0
COC(=O)CCC(=O)C1=CC=C(Br)C=C1F,9397447,COC(=O)CCC(=O)c1ccc(Br)cc1F,579461-38-4
BrCC1=CC(Br)=CC=C1OCC1=CC=CC=C1,10435649,BrCc1cc(Br)ccc1OCc1ccccc1,177759-47-6
CCOC(=O)C1=CC=CC(Br)=C1F,10533190,CCOC(=O)c1cccc(Br)c1F,334792-76-6
CCC1=CC(Br)=CC(C)=C1N,11147758,CCc1cc(Br)cc(C)c1N,70598-49-1
BrC1=CC=CC(=C1)C1(CCOCC1)C#N,11619672,N#CC1(c2cccc(Br)c2)CCOCC1,245439-36-5
COC(=O)C1=C(Br)C=C(C)C(OC)=C1,13399255,COC(=O)c1cc(OC)c(C)cc1Br,0
FC1=C(CC(Cl)=O)C=CC(Br)=C1,13574938,O=C(Cl)Cc1ccc(Br)cc1F,0
COC(=O)CC1=C(O)C=C(Br)C=C1,13742739,COC(=O)Cc1ccc(Br)cc1O,0
CC(C)N(CCC(C1=CC=CC=C1)C1=C(OCC2=CC=CC=C2)C=CC(Br)=C1)C(C)C,13776326,CC(C)N(CCC(c1ccccc1)c1cc(Br)ccc1OCc1ccccc1)C(C)C,0
BrC1=CC=C(NC2=NC=CC=N2)C=C1,13905064,Brc1ccc(Nc2ncccn2)cc1,461702-59-0
OCCC1=CC(O)=CC=C1Br,14124456,OCCc1cc(O)ccc1Br,319473-28-4
CNS(=O)(=O)C1=CC=CC=C1Br,14549935,CNS(=O)(=O)c1ccccc1Br,98192-14-4
ClC(=O)C1=CC(I)=CC=C1Br,14565306,O=C(Cl)c1cc(I)ccc1Br,1261570-98-2
FC1=CC=C(OC2=CC=C(Br)C=C2)C=C1,14715695,Fc1ccc(Oc2ccc(Br)cc2)cc1,55102-99-3
BrC1=CC=C(C=C1)C1CCC(=O)N1,14728728,O=C1CCC(c2ccc(Br)cc2)N1,207989-90-0
COC(=O)CC1=CC(Br)=CC(F)=C1,15486249,COC(=O)Cc1cc(F)cc(Br)c1,937732-38-2
NC1=C(CO)C=C(Br)C=C1Cl,15583918,Nc1c(Cl)cc(Br)cc1CO,953039-29-7
CC1=CC(=CC(Br)=C1)B(O)O,18349577,Cc1cc(Br)cc(B(O)O)c1,849062-36-8
BrC1=CC=C(C=C1)C1=C(C=O)C=CC=C1,18557315,O=Cc1ccccc1-c1ccc(Br)cc1,400747-91-3
COC(=O)C1=CC=C(Br)C(OCC(C)=C)=C1,19065730,C=C(C)COc1cc(C(=O)OC)ccc1Br,1147531-54-1
[H]N1C(C)=C(C(N=C1C1=NC=CS1)C1=C(Br)C=C(F)C=C1)C(=O)OCC,20217670,CCOC(=O)C1=C(C)NC(c2nccs2)=NC1c1ccc(F)cc1Br,1345097-86-0
OCC(NC(=O)CCl)(C(F)F)C1=C(F)C=CC(Br)=C1,21012044,O=C(CCl)NC(CO)(c1cc(Br)ccc1F)C(F)F,1262859-00-6
CC1(NC(=O)NC1=O)C1=C(F)C=CC(Br)=C1,21196745,CC1(c2cc(Br)ccc2F)NC(=O)NC1=O,1266784-17-1
CC(C)(C)S(=O)NC1(COC1)C1=CC=C(Br)C=C1,21320033,CC(C)(C)S(=O)NC1(c2ccc(Br)cc2)COC1,1279089-26-7
NCC1=CC=C(Br)C(Cl)=C1,21858952,NCc1ccc(Br)c(Cl)c1,1208076-65-6
BrC1=CC(=CC=C1)C1=NC2=C(C=CC=C2)C(=O)N1,21938306,O=c1[nH]c(-c2cccc(Br)c2)nc2ccccc12,1208666-90-3
BrC1=CC=C(OCC2CC2)C=C1,22207505,Brc1ccc(OCC2CC2)cc1,412004-56-9
CC(C)(C)C(=O)ONC(=O)C1=CC=C(Br)C=C1,22213876,CC(C)(C)C(=O)ONC(=O)c1ccc(Br)cc1,1352801-45-6
CC1=CC(C(O)=O)=C(F)C=C1Br,22342478,Cc1cc(C(=O)O)c(F)cc1Br,415965-24-1
OC(=O)C1=CC=C(C(Br)Br)C(Br)=C1,22970532,O=C(O)c1ccc(C(Br)Br)c(Br)c1,1403326-77-1
CON(C)C(=O)C1=C(C)C=CC(Br)=C1,23457756,CON(C)C(=O)c1cc(Br)ccc1C,842135-03-9
CC(C)(C)OC(=O)N[C@H](CC1=CC=C(Br)C=C1Cl)C(O)=O,23564154,CC(C)(C)OC(=O)N[C@H](Cc1ccc(Br)cc1Cl)C(=O)O,1432502-36-7
COC1=C(C=CC(Br)=C1)C(=O)N1CCOCC1,24007161,COc1cc(Br)ccc1C(=O)N1CCOCC1,1393441-92-3
CS(=O)(=O)C1=C(C=CC(Br)=C1)C1NC(=O)N(C2=C1C(=O)CC2)C1=CC(=CC=C1)C(F)(F)F,27060652,CS(=O)(=O)c1cc(Br)ccc1C1NC(=O)N(c2cccc(C(F)(F)F)c2)C2=C1C(=O)CC2,1621272-93-2
NC1(CC[C@@H](C1)C1=CC=C(Br)C=C1)C(O)=O,27096027,NC1(C(=O)O)CC[C@H](c2ccc(Br)cc2)C1,1036030-35-9
BrC1=CC=C(C=C1)[C@@H]1CC[C@]2(COC(=O)N2)C1,27096032,O=C1N[C@@]2(CC[C@@H](c3ccc(Br)cc3)C2)CO1,1622180-54-4
COC(=O)C1=C(O)C=C(C2CC2)C(Br)=C1,27544257,COC(=O)c1cc(Br)c(C2CC2)cc1O,0
FC(F)SC1=CC(Br)=C(F)C=C1,27952129,Fc1ccc(SC(F)F)cc1Br,0
CC(C)C[C@@](C)(COC1=C(C=C(Br)C=C1)C#N)NC(=O)OC(C)(C)C,28816814,CC(C)C[C@@](C)(COc1ccc(Br)cc1C#N)NC(=O)OC(C)(C)C,0
COC(=O)C1(N)CC[C@H](C1)C1=CC=C(Br)C=C1,29370843,COC(=O)C1(N)CC[C@@H](c2ccc(Br)cc2)C1,0
NC1(CN(CC=C)CC1CO)C1=C(F)C=CC(Br)=C1,29389248,C=CCN1CC(CO)C(N)(c2cc(Br)ccc2F)C1,0
CC(C)(C)OC(=O)C1=CC(F)=C(Br)C=C1,29813012,CC(C)(C)OC(=O)c1ccc(Br)c(F)c1,0
COC(=O)C1=C(CBr)C=C(Br)C=C1F,31223275,COC(=O)c1c(F)cc(Br)cc1CBr,0
COC(=O)C1=CC(Br)=C(OC2=C(C)C=C(F)C=C2C)C=C1,31981859,COC(=O)c1ccc(Oc2c(C)cc(F)cc2C)c(Br)c1,0
COC(CC(=O)NC1=CC(F)=CC=C1Br)OC,32049167,COC(CC(=O)Nc1cc(F)ccc1Br)OC,0
CCOC(=O)C(F)(F)C1=CC=CC(Br)=C1F,34723179,CCOC(=O)C(F)(F)c1cccc(Br)c1F,0
CC(C#N)C1=CC=C(Br)C=C1,1866323,CC(C#N)c1ccc(Br)cc1,42186-06-1
BrC1=CC=C(C=C1)C1C(=O)C2=CC=CC=C2C1=O,1878512,O=C1c2ccccc2C(=O)C1c1ccc(Br)cc1,1146-98-1
CC1=C(C=CC(Br)=C1)C1=CC=CC=C1,1908937,Cc1cc(Br)ccc1-c1ccccc1,5002-26-6
BrC1=C(C=CC=C1)C1CC1,1934435,Brc1ccccc1C1CC1,57807-28-0
NCCOC1=CC=C(Br)C=C1,2086560,NCCOc1ccc(Br)cc1,26583-55-1
CC1=CC=C(OCC2=CC=CC=C2)C(Br)=C1,2105604,Cc1ccc(OCc2ccccc2)c(Br)c1,2830-53-7
CCS(=O)(=O)C1=CC(Br)=C(OC)C=C1,2107361,CCS(=O)(=O)c1ccc(OC)c(Br)c1,20951-10-4
OC1=C(\C=N\C2=CC=C(Br)C=C2)C=CC=C1,2211849,Oc1ccccc1/C=N/c1ccc(Br)cc1,0
CC(=O)C1=C(C)C(Br)=CC=C1,2246943,CC(=O)c1cccc(Br)c1C,52779-76-7
COC(=O)C#CC1=CC=C(Br)C=C1,2259487,COC(=O)C#Cc1ccc(Br)cc1,42122-27-0
BrC1=C(C=CC2=CC=CC=C12)C1=CC=CC=C1,2262212,Brc1c(-c2ccccc2)ccc2ccccc12,22082-93-5
CC(C)(CC(O)=O)C1=CC=CC(Br)=C1,2415497,CC(C)(CC(=O)O)c1cccc(Br)c1,42288-04-0
OC1=CC(Br)=CC2=C1C=CC=C2,2517881,Oc1cc(Br)cc2ccccc12,90767-17-2
BrC1=CC=C(CSC2=CC=CC=C2)C=C1,2524848,Brc1ccc(CSc2ccccc2)cc1,75954-35-7
CCOC(=O)C=C(C)C1=CC=C(Br)C=C1,2578767,CCOC(=O)C=C(C)c1ccc(Br)cc1,76346-17-3
COC(=O)C1=CC(OC)=C(OC)C(OC)=C1Br,2701314,COC(=O)c1cc(OC)c(OC)c(OC)c1Br,1968-71-4
COC1=CC(Br)=CC(OC)=C1N,2720673,COc1cc(Br)cc(OC)c1N,23957-21-3
ClC1=CC=C(C=NC2=CC=C(Br)C=C2)C=C1,2723428,Clc1ccc(C=Nc2ccc(Br)cc2)cc1,15486-65-4
C[SiH](C)C1=CC=C(Br)C=C1,2935668,C[SiH](C)c1ccc(Br)cc1,1637-65-6
OC(C#N)C1=CC=CC=C1Br,2937003,N#CC(O)c1ccccc1Br,548478-30-4
ON=CC(=O)NC1=CC=C(Br)C=C1,2967464,O=C(C=NO)Nc1ccc(Br)cc1,66475-83-0
NC1=C(C=CC=C1)C1=CC=CC=C1Br,3049123,Nc1ccccc1-c1ccccc1Br,54147-91-0
OC1=C(C=C(Cl)C=C1Br)N(=O)=O,3051353,O=[N+]([O-])c1cc(Cl)cc(Br)c1O,15969-10-5
OC1=C2C=C(Br)C=CC2=CC=C1,3239487,Oc1cccc2ccc(Br)cc12,91270-69-8
CCC1=CC(Br)=CC(CC)=C1N,3243385,CCc1cc(Br)cc(CC)c1N,56746-19-1
BrC1=CC(=C(C=C1)C#N)N(=O)=O,3262143,N#Cc1ccc(Br)cc1[N+](=O)[O-],79603-03-5
COC1=CC(CO)=C(Br)C(OC)=C1,3266953,COc1cc(CO)c(Br)c(OC)c1,74726-76-4
OC\C=C\C1=CC=CC=C1Br,3537774,OC/C=C/c1ccccc1Br,124854-94-0
BrC1=CC=C(OC(=O)C=C)C=C1,3538823,C=CC(=O)Oc1ccc(Br)cc1,50663-21-3
BrC1=CC=CC(OCC2CC2)=C1,3540035,Brc1cccc(OCC2CC2)c1,126909-78-2
CC(=O)NCCC1=CC=C(Br)C=C1,3606166,CC(=O)NCCc1ccc(Br)cc1,105871-04-3
BrC1=CC=C(OC2=CC=C(C=O)C=C2)C=C1,4248787,O=Cc1ccc(Oc2ccc(Br)cc2)cc1,69240-56-8
CC(C)OC1=C(C=O)C=C(Br)C=C1,4861468,CC(C)Oc1ccc(Br)cc1C=O,138505-25-6
OC(=O)C1=C(C=O)C=C(Br)C=C1,5925938,O=Cc1cc(Br)ccc1C(=O)O,871502-87-3
ClC1=C(C=CC(Br)=C1)C1=CC=CC=C1,6775983,Clc1cc(Br)ccc1-c1ccccc1,58775-86-3
CC(C)(C)[Si](OC1=CC=C(Br)C=C1)(C1=CC=CC=C1)C1=CC=CC=C1,7592959,CC(C)(C)[Si](Oc1ccc(Br)cc1)(c1ccccc1)c1ccccc1,127481-94-1
BrC1=C(C2=CC=CC3=C2C=CC=C3)C2=C(C=CC=C2)C=C1,7994689,Brc1ccc2ccccc2c1-c1cccc2ccccc12,821773-66-4
BrC1=CC2=CC=CC=C2C=C1C1=CC=CC=C1,9483543,Brc1cc2ccccc2cc1-c1ccccc1,0
CN(C(=O)OC(C)(C)C)C1=CC=C(Br)C=C1,9697905,CN(C(=O)OC(C)(C)C)c1ccc(Br)cc1,639520-70-0
CC(C)(C)OC(=O)NCCC1=CC=CC=C1Br,9702124,CC(C)(C)OC(=O)NCCc1ccccc1Br,171663-06-2
NOC1=CC=C(Br)C=C1,9844497,NOc1ccc(Br)cc1,65440-82-6
FC1=CC(C=C)=C(Br)C=C1,9899847,C=Cc1cc(F)ccc1Br,0
C[C@@H](C=O)[C@H](CN(=O)=O)C1=CC=C(Br)C=C1,10339609,C[C@@H](C=O)[C@H](C[N+](=O)[O-])c1ccc(Br)cc1,0
CCC1=CC(Br)=CC=C1S(Cl)(=O)=O,10657753,CCc1cc(Br)ccc1S(=O)(=O)Cl,0
BrC1=CC=C(C=C1)B1NC2=CC=CC3=C2C(N1)=CC=C3,10686860,Brc1ccc(B2Nc3cccc4cccc(c34)N2)cc1,927384-44-9
CCOC(=O)C1=CC=C(C=C1)N1CCN(CC2=C(Br)C=CC=C2)CC1,10700113,CCOC(=O)c1ccc(N2CCN(Cc3ccccc3Br)CC2)cc1,926934-01-2
BrC1=CC=C(OCC2CC2)C(=C1)C#N,11448673,N#Cc1cc(Br)ccc1OCC1CC1,0
OC(=O)C1=CC(Br)=CC(=C1)C#N,14085854,N#Cc1cc(Br)cc(C(=O)O)c1,453566-14-8
COC(=O)C1=C(Br)C(C)=CC(=C1)N(=O)=O,14330612,COC(=O)c1cc([N+](=O)[O-])cc(C)c1Br,179897-93-9
CCOC(=O)CC1=C(F)C(OC2=CC(=CC(Cl)=C2)C#N)=C(Br)C=C1,14356761,CCOC(=O)Cc1ccc(Br)c(Oc2cc(Cl)cc(C#N)c2)c1F,770719-12-5
COC(=O)C1=CC=C(Br)C(C)=C1N,14418868,COC(=O)c1ccc(Br)c(C)c1N,851045-38-0
COC(=O)[C@H](CC1=CC(Br)=CC=C1)NC(=O)OC(C)(C)C,14512241,COC(=O)[C@H](Cc1cccc(Br)c1)NC(=O)OC(C)(C)C,546115-43-9
OC(=O)C1=CC(Br)=C(OCC2=CC=CC=C2)C=C1OCC1=CC=CC=C1,14612900,O=C(O)c1cc(Br)c(OCc2ccccc2)cc1OCc1ccccc1,912545-10-9
OC(C1=CC=CC=C1)C1=CC(Br)=CC=C1O,14617270,Oc1ccc(Br)cc1C(O)c1ccccc1,324061-77-0
COCC1=C(Br)C=CC(=C1)C(=O)OC,19147318,COCc1cc(C(=O)OC)ccc1Br,1141473-84-8
CC(C)(C)OC(=O)N1CCN(CC1)C1=CC(Br)=CC(F)=C1,19512931,CC(C)(C)OC(=O)N1CCN(c2cc(F)cc(Br)c2)CC1,1129540-98-2
CCOC(OCC)C1=C(F)C=C(Br)C=C1F,20065580,CCOC(OCC)c1c(F)cc(Br)cc1F,1206630-22-9
CC(C)(C)OC(=O)N1CCC(COC2=CC(Br)=CC=C2)CC1,20722618,CC(C)(C)OC(=O)N1CCC(COc2cccc(Br)c2)CC1,180847-24-9
CC(C)NC1=C(N)C=C(Br)C=C1,21008518,CC(C)Nc1ccc(Br)cc1N,1092292-39-1
C[C@@]1(CO1)C1=C(F)C=CC(Br)=C1,21011946,C[C@]1(c2cc(Br)ccc2F)CO1,1262859-57-3
C[C@@](O)(CO)C1=C(F)C=CC(Br)=C1,21011971,C[C@@](O)(CO)c1cc(Br)ccc1F,1262859-55-1
FC(F)C1(COCC(=O)N1)C1=C(F)C=CC(Br)=C1,21012017,O=C1COCC(c2cc(Br)ccc2F)(C(F)F)N1,1262859-02-8
COC(=O)CCCOC1=CC(Br)=CC=C1,22857538,COC(=O)CCCOc1cccc(Br)c1,1096893-57-0
CC(C)(C)[C@H]1CC[C@@H](CC1)OC1=CC=C2C=C(Br)C=CC2=C1C(F)(F)F,23240644,CC(C)(C)[C@H]1CC[C@H](Oc2ccc3cc(Br)ccc3c2C(F)(F)F)CC1,1225352-17-9
CSC1=C(C=O)C=CC(Br)=C1,23365635,CSc1cc(Br)ccc1C=O,918350-11-5
COC(=O)C1=C(C)NN=C1C1=CC=C(Br)C=C1,23432296,COC(=O)c1c(-c2ccc(Br)cc2)n[nH]c1C,1423700-49-5
COC(=O)C1=C(Br)C(N)=CC(F)=C1,23766550,COC(=O)c1cc(F)cc(N)c1Br,1342063-52-8
CS(=O)(=O)NC1=CC(Br)=C(OC2=CC=CC=C2)C=C1,23767593,CS(=O)(=O)Nc1ccc(Oc2ccccc2)c(Br)c1,1445994-12-6
CC(C)(C)OC(=O)N1C[C@H](O)C[C@H]1C(=O)NCC1=CC=C(Br)C=C1,23786260,CC(C)(C)OC(=O)N1C[C@H](O)C[C@H]1C(=O)NCc1ccc(Br)cc1,1448189-89-6
NC1=CC(=C(Br)C(Cl)=C1)C(F)(F)F,26480582,Nc1cc(Cl)c(Br)c(C(F)(F)F)c1,914225-58-4
CCSCC1=CC(Br)=C(OC2=C(F)C=C(F)C=C2)C=C1,26899032,CCSCc1ccc(Oc2ccc(F)cc2F)c(Br)c1,1446236-31-2
CN1C=C(C=N1)C1=CC=C(Br)C=C1,26905455,Cn1cc(-c2ccc(Br)cc2)cn1,1191616-45-1
CC(C)CN(C1CCCCC1)C1=C(C=C(Br)C(F)=C1)N(=O)=O,27440951,CC(C)CN(c1cc(F)c(Br)cc1[N+](=O)[O-])C1CCCCC1,0
CSC1=CC(Br)=CC(F)=C1CO,27441400,CSc1cc(Br)cc(F)c1CO,0
BrC1=CC=C(C=C1)C#CC=C,27772818,C=CC#Cc1ccc(Br)cc1,0
CC1=CC(=CC(C)=C1Br)N1C(=O)NC(=O)C1(C)C,28687081,Cc1cc(N2C(=O)NC(=O)C2(C)C)cc(C)c1Br,0
COC(=O)C1=C(O)C(C)=C(C)C(Br)=C1,28944252,COC(=O)c1cc(Br)c(C)c(C)c1O,0
COC(=O)C1=C(O)C(F)=C(OC)C(Br)=C1,28944331,COC(=O)c1cc(Br)c(OC)c(F)c1O,0
CC(C)(C)[Si](C)(C)OCC1=C(Br)C=CC(Cl)=C1,29257200,CC(C)(C)[Si](C)(C)OCc1cc(Cl)ccc1Br,0
COC1=CC(Br)=C(C=C1)C(F)(F)F,29351154,COc1ccc(C(F)(F)F)c(Br)c1,0
BrC1=C(C=CC=C1)C1=CC=CC(I)=C1,29975952,Brc1ccccc1-c1cccc(I)c1,0
ClC1=C(Br)C=CC=C1OCCCBr,31223843,Clc1c(Br)cccc1OCCCBr,0
COCCC1=CC(F)=C(Br)C=C1,31387520,COCCc1ccc(Br)c(F)c1,0
CC1=C(Br)C(F)=CC(C=O)=C1,32447160,Cc1cc(C=O)cc(F)c1Br,0
OC(C1=CC=C(Br)C(Cl)=C1)(C(F)(F)F)C(F)(F)F,32855652,OC(c1ccc(Br)c(Cl)c1)(C(F)(F)F)C(F)(F)F,0
BrC1=CC=C(C=C1)C1=CN=CS1,125600,Brc1ccc(-c2cncs2)cc1,0
BrC1=CC=C(NC2=NC=CC=C2)C=C1,390599,Brc1ccc(Nc2ccccn2)cc1,78644-75-4
CCOC(=O)NC1=CC=C(Br)C=C1,513843,CCOC(=O)Nc1ccc(Br)cc1,7451-53-8
CC1=NOC(=N1)C1=CC=C(Br)C=C1,977180,Cc1noc(-c2ccc(Br)cc2)n1,71566-07-9
NC1=C(Br)C=C(F)C=C1C=O,1102550,Nc1c(Br)cc(F)cc1C=O,0
NC(=S)C1=CC=CC=C1Br,1934975,NC(=S)c1ccccc1Br,30216-44-5
BrC1=CC(=CC=C1)C(=O)C=[N]#N,1946483,[N-]=[N+]=CC(=O)c1cccc(Br)c1,7023-79-2
BrC1=CC=C(SC#N)C=C1,2084274,N#CSc1ccc(Br)cc1,3226-41-3
CC(C)(C)NC(=O)C1=CC=CC(Br)=C1,2088870,CC(C)(C)NC(=O)c1cccc(Br)c1,42498-39-5
FC1=CC(Br)=C(CC#N)C=C1,2091735,N#CCc1ccc(F)cc1Br,61150-58-1
CCOC1=C(OCC)C=C(Br)C=C1,2096344,CCOc1ccc(Br)cc1OCC,53207-08-2
OC(=O)C1=CC(Br)=CC(Cl)=C1O,2097347,O=C(O)c1cc(Br)cc(Cl)c1O,2200-85-3
CN(C)C(=O)NC1=CC=C(Br)C=C1,2097923,CN(C)C(=O)Nc1ccc(Br)cc1,3408-97-7
CCOC(=O)C(=O)NC1=CC=C(Br)C=C1,2110248,CCOC(=O)C(=O)Nc1ccc(Br)cc1,24451-15-8
CC(C)C1=CC=C(C)C=C1Br,2244296,Cc1ccc(C(C)C)c(Br)c1,4478-10-8
OC(=O)CC1=CC=C(Cl)C=C1Br,2256450,O=C(O)Cc1ccc(Cl)cc1Br,52864-56-9
OC(=O)C#CC1=CC=CC(Br)=C1,2328713,O=C(O)C#Cc1cccc(Br)c1,29835-28-7
CCC1=C(OC)C=CC(Br)=C1,2413865,CCc1cc(Br)ccc1OC,33839-11-1
CC(=O)C1=C(O)C=C(O)C(Br)=C1,2444264,CC(=O)c1cc(Br)c(O)cc1O,60965-25-5
OC(=O)CCOC1=CC=C(Br)C=C1,2524886,O=C(O)CCOc1ccc(Br)cc1,93670-18-9
BrC1=CC=C(OCC2=CC=CC=C2)C=C1OCC1=CC=CC=C1,2541942,Brc1ccc(OCc2ccccc2)cc1OCc1ccccc1,55583-11-4
CC(C)(OC1=CC=C(Br)C=C1)C(O)=O,2558684,CC(C)(Oc1ccc(Br)cc1)C(=O)O,7472-69-7
OC1=CC(O)=C(C=C1)C(=O)CC1=CC=C(Br)C=C1,2620731,O=C(Cc1ccc(Br)cc1)c1ccc(O)cc1O,92152-60-8
COC1=C(O)C(=CC(Br)=C1)N(=O)=O,2646618,COc1cc(Br)cc([N+](=O)[O-])c1O,70978-61-9
CC(=O)NC1=C(Br)C=CC(F)=C1,2721014,CC(=O)Nc1cc(F)ccc1Br,1009-06-9
NC1=CC(Br)=CC=C1NCC1=CC=CC=C1,2727480,Nc1cc(Br)ccc1NCc1ccccc1,37814-05-4
BrC1=CC=C(NC(=S)C2=CC=CC=C2)C=C1,2805976,S=C(Nc1ccc(Br)cc1)c1ccccc1,73376-00-8
CCOP(=O)(CC(=O)C1=CC=C(Br)C=C1)OCC,2944202,CCOP(=O)(CC(=O)c1ccc(Br)cc1)OCC,18276-83-0
NC1=C(S)C=CC(Br)=C1,2961994,Nc1cc(Br)ccc1S,93933-49-4
NC1=C(N)C(Cl)=CC(Br)=C1,2964884,Nc1cc(Br)cc(Cl)c1N,16429-44-0
COC(=O)C(N)C1=CC=C(Br)C=C1,3031904,COC(=O)C(N)c1ccc(Br)cc1,42718-15-0
CC1=CC(Br)=C(C)C=C1Cl,3235881,Cc1cc(Br)c(C)cc1Cl,85072-44-2
FCC(=O)C1=CC=C(Br)C=C1,3241003,O=C(CF)c1ccc(Br)cc1,403-30-5
CC1=C(Br)C=C(C=C1)S(C)(=O)=O,3247066,Cc1ccc(S(C)(=O)=O)cc1Br,0
CC(=O)NC1=C(C)C(Cl)=C(Br)C=C1,3268761,CC(=O)Nc1ccc(Br)c(Cl)c1C,125328-80-5
OCCNC1=C(C=CC(Br)=C1)N(=O)=O,3286536,O=[N+]([O-])c1ccc(Br)cc1NCCO,854227-37-5
BrCC1=CC(Br)=CC(=C1)C#N,3539352,N#Cc1cc(Br)cc(CBr)c1,124289-24-3
BrC1=C2C(C=O)=CC=CC2=CC=C1,4177780,O=Cc1cccc2cccc(Br)c12,85864-82-0
COC1=C(Br)C=C(C=C1)C(Cl)=O,4308089,COc1ccc(C(=O)Cl)cc1Br,81324-61-0
OC(O)C(=O)C1=CC=CC(Br)=C1,4394468,O=C(c1cccc(Br)c1)C(O)O,106134-16-1
CC1=CC=C(C=C1)N=CC1=CC=C(Br)C=C1,5332678,Cc1ccc(N=Cc2ccc(Br)cc2)cc1,39128-27-3
COC1=CC(CBr)=C(Br)C(C)=C1,6920043,COc1cc(C)c(Br)c(CBr)c1,164513-49-9
CC[C@H](O)C1=CC=CC=C1Br,7410270,CC[C@H](O)c1ccccc1Br,170379-92-7
CC1=C(N(N=C1C(=O)NN1CCCCC1)C1=C(Cl)C=C(Cl)C=C1)C1=CC=C(Br)C=C1,7780291,Cc1c(C(=O)NN2CCCCC2)nn(-c2ccc(Cl)cc2Cl)c1-c1ccc(Br)cc1,183232-63-5
COC(=O)C1=C(CBr)C=CC=C1Br,7870479,COC(=O)c1c(Br)cccc1CBr,777859-74-2
ClC1(Cl)C(CC1=O)C1=CC=C(Br)C=C1,8407863,O=C1CC(c2ccc(Br)cc2)C1(Cl)Cl,254892-87-0
CCOC(=O)C1=CC(Br)=CC(F)=C1,8831884,CCOC(=O)c1cc(F)cc(Br)c1,353743-43-8
CC1=C(CCO)N=C(O1)C1=CC=C(Br)C=C1,8983120,Cc1oc(-c2ccc(Br)cc2)nc1CCO,328918-84-9
CC(C)(C)[S@@](=O)\N=C\C1=CC=C(Br)C=C1,9122794,CC(C)(C)[S@@](=O)/N=C/c1ccc(Br)cc1,336105-24-9
BrC1=CC=C(C=C1)C(NC1=CC=CC=C1)C#N,9393627,N#CC(Nc1ccccc1)c1ccc(Br)cc1,0
OB(O)C1=CC=C(Br)C(F)=C1,10155865,OB(O)c1ccc(Br)c(F)c1,0
C[C@@H](NC(=O)C(F)(F)F)C1=CC=C(Br)C=C1,10437438,C[C@@H](NC(=O)C(F)(F)F)c1ccc(Br)cc1,0
CC1=CC(F)=C(Br)C=C1SCC(F)(F)F,12756971,Cc1cc(F)c(Br)cc1SCC(F)(F)F,0
COC1=C(Br)C=CC(CCl)=C1,13475350,COc1cc(CCl)ccc1Br,113081-49-5
COC(=O)C1=CC=C(Br)C=C1NC(C)=O,14297510,COC(=O)c1ccc(Br)cc1NC(C)=O,1241675-38-6
OC1=C(Br)C=C(C=O)C(F)=C1,15034182,O=Cc1cc(Br)c(O)cc1F,914397-21-0
FC(F)(F)C1=CC(CC#N)=C(Br)C=C1,15792104,N#CCc1cc(C(F)(F)F)ccc1Br,732306-26-2
FC1=CC=C(CC2=NNC(=O)C3=C2C=CC=C3)C=C1Br,18471834,O=c1[nH]nc(Cc2ccc(F)c(Br)c2)c2ccccc12,1062292-60-7
CC(C)(C)OC(=O)N=CC1=C(Br)C=CC=C1,18599577,CC(C)(C)OC(=O)N=Cc1ccccc1Br,779342-74-4
FC(F)(F)C1=CC(CBr)=CC=C1Br,19864368,FC(F)(F)c1cc(CBr)ccc1Br,1159512-68-1
CC(C)(C)OC(=O)N=CC1=CC(Br)=CC=C1,20352230,CC(C)(C)OC(=O)N=Cc1cccc(Br)c1,479423-42-2
BrC1=CC=C(C(NC2CCOCC2)=C1)N(=O)=O,20536100,O=[N+]([O-])c1ccc(Br)cc1NC1CCOCC1,1162696-22-1
FC(F)(F)C1=CC(Br)=CC=C1S,20740257,FC(F)(F)c1cc(Br)ccc1S,1208075-10-8
CCCS(=O)(=O)NC1=C(F)C(Br)=CC=C1,21197873,CCCS(=O)(=O)Nc1cccc(Br)c1F,1269233-04-6
COC(=O)C1=CC(N)=C(N)C(Br)=C1,21381702,COC(=O)c1cc(N)c(N)c(Br)c1,1245643-11-1
BrC1=CC=C(I)C=C1CC1=CC=C2OCCOC2=C1,21386995,Brc1ccc(I)cc1Cc1ccc2c(c1)OCCO2,1291094-65-9
BrC1=C(C=C(I)C=C1)C(=O)C1=CC=C2OCCOC2=C1,21386999,O=C(c1ccc2c(c1)OCCO2)c1cc(I)ccc1Br,1291094-64-8
FC(F)(F)OC1=CC(C=O)=CC(Br)=C1,21396097,O=Cc1cc(Br)cc(OC(F)(F)F)c1,886498-07-3
FC(F)(F)OC1=C(C=C(Br)C=C1)N(=O)=O,22227692,O=[N+]([O-])c1cc(Br)ccc1OC(F)(F)F,95668-20-5
NC1=C(C=C(Br)C=C1C1CCCO1)N(=O)=O,22672748,Nc1c(C2CCCO2)cc(Br)cc1[N+](=O)[O-],1384979-50-3
N[C@H](CC1=CC=C(Br)C=C1Cl)C(O)=O,23564150,N[C@H](Cc1ccc(Br)cc1Cl)C(=O)O,1213929-66-8
COC(=O)C1=C(NC(=O)CC2=CC=CC=C2)C=CC(Br)=C1,26726955,COC(=O)c1cc(Br)ccc1NC(=O)Cc1ccccc1,452349-62-1
FC1=CC(Br)=CC(=C1CBr)N(=O)=O,28150289,O=[N+]([O-])c1cc(Br)cc(F)c1CBr,0
CCOC(=O)N1CCC(C)(CC1)C1=CC=C(Br)C=C1,28199879,CCOC(=O)N1CCC(C)(c2ccc(Br)cc2)CC1,0
CCOC(=O)C1=C(CN2CCOCC2)NC(=N[C@H]1C1=CC=C(F)C=C1Br)C1=NC=CS1,28309426,CCOC(=O)C1=C(CN2CCOCC2)NC(c2nccs2)=N[C@H]1c1ccc(F)cc1Br,0
COC1=CC=C(Br)C(CN)=C1F,29510843,COc1ccc(Br)c(CN)c1F,0
ClC1=C(OCC2=NC=CC=C2)C=CC(Br)=C1,29926363,Clc1cc(Br)ccc1OCc1ccccn1,0
CC(C)(C)[Si](C)(C)O[C@H](CC1=CC=C(Br)C=C1)C(=O)OCC1=CC=CC=C1,30455138,CC(C)(C)[Si](C)(C)O[C@H](Cc1ccc(Br)cc1)C(=O)OCc1ccccc1,0
CN1C[C@@H](C2=CC=CC(Br)=C2)C2=C(C1)C(Cl)=CC(Cl)=C2,31325050,CN1Cc2c(Cl)cc(Cl)cc2[C@H](c2cccc(Br)c2)C1,0
FC(F)OC1=C(I)C=C(Br)C=C1,31352104,FC(F)Oc1ccc(Br)cc1I,0
CCC1=C(C=C(O)C=C1Br)C(=O)OC,32322684,CCc1c(Br)cc(O)cc1C(=O)OC,0
CC1=C(C=CC=C1Br)C1=CC=C(C=O)C=C1,33804827,Cc1c(Br)cccc1-c1ccc(C=O)cc1,0
OB(O)C1=C(Cl)C(Br)=CC=C1,33804907,OB(O)c1cccc(Br)c1Cl,0
BrC1=CC=CC(=C1)C1CCCN1,131139,Brc1cccc(C2CCCN2)c1,383127-79-5
BrC1=CC=C(C=C1)C1=NC2=C(C=CC=C2)C(=O)O1,198059,O=c1oc(-c2ccc(Br)cc2)nc2ccccc12,18600-53-8
BrC1=CC=C(C=C1)C(=O)C1=CC=CC=N1,1527977,O=C(c1ccc(Br)cc1)c1ccccn1,18453-32-2
BrC1=CC=CC=C1N1C(=O)C=CC1=O,1528555,O=C1C=CC(=O)N1c1ccccc1Br,36817-47-7
COC1=CC=C(Br)C=C1C(C)C,1938873,COc1ccc(Br)cc1C(C)C,24591-33-1
NC1=CC(=CC(Br)=C1)N(=O)=O,1944985,Nc1cc(Br)cc([N+](=O)[O-])c1,55215-57-1
FC(F)SC1=CC=C(Br)C=C1,1950048,FC(F)Sc1ccc(Br)cc1,4837-14-3
COC(=O)C1=C2C=CC=CC2=C(Br)C=C1,1962499,COC(=O)c1ccc(Br)c2ccccc12,35615-97-5
CCCCCCCCCCOC1=CC=C(Br)C=C1,1962780,CCCCCCCCCCOc1ccc(Br)cc1,30752-20-6
FC(F)(F)C(F)(F)OC1=CC=C(Br)C=C1,1969592,FC(F)(F)C(F)(F)Oc1ccc(Br)cc1,56425-85-5
BrC1=C(OCC2=CC=CC=C2)C=CC2=C1C=CC=C2,1975427,Brc1c(OCc2ccccc2)ccc2ccccc12,41908-23-0
CN(C)C1=C(C)C=C(Br)C=C1C,2088812,Cc1cc(Br)cc(C)c1N(C)C,50638-54-5
CS(C)(=O)=NC1=CC=C(Br)C=C1,2090102,CS(C)(=O)=Nc1ccc(Br)cc1,56158-10-2
COC1=CC=C(C=C1)C(=O)CC1=CC=C(Br)C=C1,2122463,COc1ccc(C(=O)Cc2ccc(Br)cc2)cc1,67205-73-6
BrC1=CC=C(CN=C=S)C=C1,2208127,S=C=NCc1ccc(Br)cc1,2076-56-4
NC1=CC(Br)=CC=C1S(N)(=O)=O,2212630,Nc1cc(Br)ccc1S(N)(=O)=O,54734-81-5
CC1=C(Br)C(CBr)=CC=C1,2246438,Cc1cccc(CBr)c1Br,66790-58-7
OC1=C(CC=C)C=CC=C1Br,2247882,C=CCc1cccc(Br)c1O,17269-81-7
CON=C(C)C1=CC=C(Br)C=C1,2360694,CON=C(C)c1ccc(Br)cc1,0
COC1=CC=C(C=C1)C(O)C1=CC=CC=C1Br,2376275,COc1ccc(C(O)c2ccccc2Br)cc1,59142-64-2
OC1=C(I)C=CC=C1Br,2436811,Oc1c(Br)cccc1I,2040-86-0
BrC(Br)C1=C(C=C(Br)C=C1)C(Br)Br,2505776,Brc1ccc(C(Br)Br)c(C(Br)Br)c1,4235-46-5
BrC1=C(C=O)C2=C(C=CC=C2)C2=C1C=CC=C2,2580376,O=Cc1c(Br)c2ccccc2c2ccccc12,52979-72-3
CC(=O)C1=C(C)C=CC(Br)=C1,2613355,CC(=O)c1cc(Br)ccc1C,90326-54-8
CNC1=C(Br)C=C(C)C=C1,2638396,CNc1ccc(C)cc1Br,81090-31-5
ClC(=O)C1=CC(Cl)=C(Br)C=C1,2639310,O=C(Cl)c1ccc(Br)c(Cl)c1,21900-32-3
BrC1=CC=C(C=C1)N(CC=C)CC=C,2718631,C=CCN(CC=C)c1ccc(Br)cc1,30438-95-0
BrC1=CC=C(NC(=O)C=C)C=C1,2802754,C=CC(=O)Nc1ccc(Br)cc1,13997-69-8
CC(=O)O[I](OC(C)=O)C1=CC=C(Br)C=C1,2981319,CC(=O)OI(OC(C)=O)c1ccc(Br)cc1,41018-52-4
CC1=CC=C(Br)C(C)=C1N,3237279,Cc1ccc(Br)c(C)c1N,53874-26-3
NC1=C(Br)C=CC(=C1)C#N,3237335,N#Cc1ccc(Br)c(N)c1,72635-78-0
ClC1=CC(=CC(Br)=C1)N(=O)=O,3245638,O=[N+]([O-])c1cc(Cl)cc(Br)c1,0
ClC1=CC=C(C=C1)C(=O)C1=CC=CC=C1Br,3269185,O=C(c1ccc(Cl)cc1)c1ccccc1Br,99585-64-5
OCC#CC1=C(Br)C=CC=C1,4384060,OCC#Cc1ccccc1Br,116509-98-9
BrC1=CC=CC=C1C(=O)\C=C\C1=CC=CC=C1,6325746,O=C(/C=C/c1ccccc1)c1ccccc1Br,300657-41-4
CC1=CC=C(C=C1)S(=O)(=O)N(CCC(O)=O)C1=CC=CC(Br)=C1,6611018,Cc1ccc(S(=O)(=O)N(CCC(=O)O)c2cccc(Br)c2)cc1,0
BrCC1=C(C=CC=C1Br)C1=CC=CC=C1,7370342,BrCc1c(Br)cccc1-c1ccccc1,172976-02-2
NC(CO)C1=CC=C(Br)C=C1,8138511,NC(CO)c1ccc(Br)cc1,201403-02-3
CCCCC#CC1=CC=C(Br)C=C1,8544818,CCCCC#Cc1ccc(Br)cc1,190649-11-7
COC1=CC=C(Br)C=C1CO[Si](C)(C)C(C)(C)C,9330801,COc1ccc(Br)cc1CO[Si](C)(C)C(C)(C)C,201150-66-5
ClC1=CC=C(C=C1)C#CC1=C(Br)C=CC=C1,9699676,Clc1ccc(C#Cc2ccccc2Br)cc1,0
FC1=CC=C(Br)C=C1C(=O)C1CC1,10534898,O=C(c1cc(Br)ccc1F)C1CC1,0
COC(=O)CC1=CC=C(N)C(Br)=C1,11036218,COC(=O)Cc1ccc(N)c(Br)c1,209809-20-1
FCCOC1=C(Br)C=CC=C1,11156946,FCCOc1ccccc1Br,132836-98-7
ONS(=O)(=O)C1=CC=CC=C1Br,12806835,O=S(=O)(NO)c1ccccc1Br,0
COC1=CC(Br)=CC(CC#N)=C1,13475497,COc1cc(Br)cc(CC#N)c1,123018-27-9
CN(C)\C=C\C(=O)C1=CC(Br)=CC=C1,13832770,CN(C)/C=C/C(=O)c1cccc(Br)c1,0
FC(F)C1=C(F)C=C(Br)C=C1,14292839,Fc1cc(Br)ccc1C(F)F,749932-17-0
FC1=CC(Br)=CC(F)=C1CC#N,14292892,N#CCc1c(F)cc(Br)cc1F,537033-52-6
OC(=O)CC1=C(F)C=C(Br)C=C1F,14492866,O=C(O)Cc1c(F)cc(Br)cc1F,537033-54-8
CON(C)C(=O)C1=CC=CC=C1Br,14515667,CON(C)C(=O)c1ccccc1Br,899425-05-9
COC1=CC(Br)=CC(C)=C1C(O)=O,14518084,COc1cc(Br)cc(C)c1C(=O)O,877149-08-1
CC(C)(C)OC(=O)N[C@H]1C[C@@H]1C1=CC=C(Br)C=C1,14750679,CC(C)(C)OC(=O)N[C@H]1C[C@@H]1c1ccc(Br)cc1,907196-11-6
COC(=O)C1=C(OC)C=C(Br)C(F)=C1,18668832,COC(=O)c1cc(F)c(Br)cc1OC,1084953-18-3
FC(F)(F)C(=O)NCCCC1=CC(Br)=CC=C1,18689610,O=C(NCCCc1cccc(Br)c1)C(F)(F)F,1075177-80-8
CS(=O)(=O)NC1=CC=C2C=C(Br)C=CC2=C1,19076034,CS(=O)(=O)Nc1ccc2cc(Br)ccc2c1,1132940-86-3
CC1=C2C(C3=CC=C(Br)C=C3)C(C#N)=C(N)OC2=NN1,20038720,Cc1[nH]nc2c1C(c1ccc(Br)cc1)C(C#N)=C(N)O2,89607-40-9
NC1=C(I)C=C(Br)C(F)=C1,20097611,Nc1cc(F)c(Br)cc1I,1219741-79-3
CC(O[Si](C)(C)C(C)(C)C)C1=CC=C(Br)C=C1,20411078,CC(O[Si](C)(C)C(C)(C)C)c1ccc(Br)cc1,1228447-81-1
CC1=C(Br)C=CC=C1C1=NC(C)(C)CO1,20647123,Cc1c(Br)cccc1C1=NC(C)(C)CO1,868975-15-9
CCOC(=O)C(\C)=C\[C@@H](CC1=CC=C(Br)C=C1)NC(=O)OC(C)(C)C,20892360,CCOC(=O)/C(C)=C/[C@@H](Cc1ccc(Br)cc1)NC(=O)OC(C)(C)C,1257266-88-8
FCC1(COCC(=O)N1)C1=C(F)C=CC(Br)=C1,21012006,O=C1COCC(CF)(c2cc(Br)ccc2F)N1,1262859-97-1
COC(=O)C(C)(OCC(=O)C1=CC(Br)=CC=C1)C(F)(F)F,21012019,COC(=O)C(C)(OCC(=O)c1cccc(Br)c1)C(F)(F)F,1262859-33-5
COC(=O)C(C)(OCC(C)(N)C1=CC(Br)=CC=C1)C(F)(F)F,21012031,COC(=O)C(C)(OCC(C)(N)c1cccc(Br)c1)C(F)(F)F,1262859-39-1
COC(=O)C(C)(OCC(C)(N=N#N)C1=CC(Br)=CC=C1)C(F)(F)F,21012047,COC(=O)C(C)(OCC(C)(N=[N+]=[N-])c1cccc(Br)c1)C(F)(F)F,1262859-37-9
FC(F)C1(CN1S(=O)(=O)C1=CC=CC=C1N(=O)=O)C1=C(F)C=CC(Br)=C1,21012100,O=[N+]([O-])c1ccccc1S(=O)(=O)N1CC1(c1cc(Br)ccc1F)C(F)F,1262859-83-5
BrC1=CC=C(C=C1)C1=C(N=C2C=CC=CN12)C1=CC=CC=C1,21233823,Brc1ccc(-c2c(-c3ccccc3)nc3ccccn23)cc1,1266612-94-5
CC(=C)CNS(=O)(=O)C1=CC=CC=C1Br,21429464,C=C(C)CNS(=O)(=O)c1ccccc1Br,1301768-06-8
FC1=CC(Br)=CC(=C1)S(Cl)(=O)=O,21792043,O=S(=O)(Cl)c1cc(F)cc(Br)c1,1214342-44-5
FC(F)(F)C(=O)NC1=C(C=C(Br)C=C1C1CCCO1)N(=O)=O,22672752,O=C(Nc1c(C2CCCO2)cc(Br)cc1[N+](=O)[O-])C(F)(F)F,1384979-49-0
CN1CCN(CC1)C1=C(C=C(Br)C=C1)N(=O)=O,26565921,CN1CCN(c2ccc(Br)cc2[N+](=O)[O-])CC1,1304356-49-7
COC1=C(Br)C=CC(=C1)N1C=CC=N1,26637784,COc1cc(-n2cccn2)ccc1Br,1378878-50-2
BrC1=CC=CC(=C1)C1(COC(=O)O1)C=C,27030347,C=CC1(c2cccc(Br)c2)COC(=O)O1,1610616-79-9
C\C=C\CC1=C(O)C(=CC(Br)=C1)N(=O)=O,27440883,C/C=C/Cc1cc(Br)cc([N+](=O)[O-])c1O,0
COC1=C(C=O)C=CC(Br)=C1F,27959882,COc1c(C=O)ccc(Br)c1F,0
NS(=O)(=O)C1=CC=C(F)C(Br)=C1,28011123,NS(=O)(=O)c1ccc(F)c(Br)c1,0
CC(C)(C)OC(=O)N1CCC(C)(CC1)C1=CC=C(Br)C=C1,28199881,CC(C)(C)OC(=O)N1CCC(C)(c2ccc(Br)cc2)CC1,0
CC(C)(C)OC(=O)NCC1=C(Br)C=C(Cl)C=C1,28603596,CC(C)(C)OC(=O)NCc1ccc(Cl)cc1Br,0
CC1=CC(NC(C)(C)C(O)=O)=CC(C)=C1Br,28687080,Cc1cc(NC(C)(C)C(=O)O)cc(C)c1Br,0
COC(=O)C1=C(O)C(Cl)=C(C(Br)=C1)C(F)(F)F,28944212,COC(=O)c1cc(Br)c(C(F)(F)F)c(Cl)c1O,0
BrC1=CC=C(C=C1)C1=C2N=CC=CC2=CC=C1,30034655,Brc1ccc(-c2cccc3cccnc23)cc1,0
CCC1=C(C=C(C=C1Br)N(=O)=O)C(O)=O,32322681,CCc1c(Br)cc([N+](=O)[O-])cc1C(=O)O,0
FC1=CC(Br)=C(C=C1OC(F)(F)F)N(=O)=O,33627431,O=[N+]([O-])c1cc(OC(F)(F)F)c(F)cc1Br,0
BrC1=CC=C(C=C1)C1=CN2C=CC=CC2=C1,154328,Brc1ccc(-c2cc3ccccn3c2)cc1,7496-72-2
BrC1=CC=C(SN2C(=O)CCC2=O)C=C1,191215,O=C1CCC(=O)N1Sc1ccc(Br)cc1,0
OC(=O)C1=CC(=NC2=CC=CC=C12)C1=CC=C(Br)C=C1,222543,O=C(O)c1cc(-c2ccc(Br)cc2)nc2ccccc12,103914-52-9
CC(=NO)C1=CC=CC=C1Br,387307,CC(=NO)c1ccccc1Br,27760-49-2
CC1=NN=C(O1)C1=CC(Br)=CC=C1,515835,Cc1nnc(-c2cccc(Br)c2)o1,41491-53-6
BrC1=CC=C(C=C1)C1=CN2C=CC3=CC=CC=C3C2=N1,659433,Brc1ccc(-c2cn3ccc4ccccc4c3n2)cc1,61001-06-7
BrC1=CC=C(C=C1)C(=O)N1CCNCC1,785281,O=C(c1ccc(Br)cc1)N1CCNCC1,59939-72-9
BrC1=CC=C(CN2C=NC3=C2C=CC=C3)C=C1,913882,Brc1ccc(Cn2cnc3ccccc32)cc1,73798-61-5
BrC1=C(C=C2C(=O)C3=C(C=CC=C3)C2=O)C=CC=C1,1377913,O=C1C(=Cc2ccccc2Br)C(=O)c2ccccc21,15875-59-9
CC1=CC=C(Br)C(C)=C1C,1859977,Cc1ccc(Br)c(C)c1C,40101-33-5
ClC(=O)CCC1=CC=CC=C1Br,1944396,O=C(Cl)CCc1ccccc1Br,90725-40-9
BrC1=CC=C(C=C1)C1=C2C=CC=CC2=CC2=CC=CC=C12,2053506,Brc1ccc(-c2c3ccccc3cc3ccccc23)cc1,24672-71-7
BrCCCC1=CC=C(Br)C=C1,2083198,BrCCCc1ccc(Br)cc1,90562-10-0
CC1=CC=C(C=C1)C#CC1=CC=C(Br)C=C1,2102258,Cc1ccc(C#Cc2ccc(Br)cc2)cc1,62856-42-2
COC1=CC=C(Br)C(C(O)=O)=C1OC,2109428,COc1ccc(Br)c(C(=O)O)c1OC,60555-93-3
CC(=NNC(N)=O)C1=CC=C(Br)C=C1,2110947,CC(=NNC(N)=O)c1ccc(Br)cc1,0
ClC(N=C=O)C1=CC=C(Br)C=C1,2259537,O=C=NC(Cl)c1ccc(Br)cc1,67280-72-2
CC(C)(C)C1=CC(=C(Br)C=C1)N(=O)=O,2330484,CC(C)(C)c1ccc(Br)c([N+](=O)[O-])c1,70729-05-4
BrC1=CC=C(NC(=O)C2CC2)C=C1,2364123,O=C(Nc1ccc(Br)cc1)C1CC1,14372-06-6
BrC1=CC=C(C=C1)C(C1=CC=CC=C1)(C1=CC=CC=C1)C1=CC=CC=C1,2386641,Brc1ccc(C(c2ccccc2)(c2ccccc2)c2ccccc2)cc1,68494-29-1
ClC1=C2C=CC=CC2=C(Br)C2=CC=CC=C12,2452113,Clc1c2ccccc2c(Br)c2ccccc12,22273-72-9
COC1=CC(Br)=C(C=C)C=C1OC,2525366,C=Cc1cc(OC)c(OC)cc1Br,5293-43-6
CCOC(CSC1=CC(Br)=CC=C1)OCC,2559656,CCOC(CSc1cccc(Br)c1)OCC,17347-29-4
CC(=O)C1=CC(C)=C(Br)C(C)=C1,2614119,CC(=O)c1cc(C)c(Br)c(C)c1,53379-61-6
OC1=C(O)C(Br)=C(C=O)C=C1,2614707,O=Cc1ccc(O)c(O)c1Br,4815-97-8
CNC1=C(Br)C=C(C=C1)N(=O)=O,2718868,CNc1ccc([N+](=O)[O-])cc1Br,6911-88-2
CCNC1=C(Br)C=CC=C1,2802712,CCNc1ccccc1Br,69083-47-2
NC1=C(C=C(Br)C2=CC=CC=C12)N(=O)=O,2808952,Nc1c([N+](=O)[O-])cc(Br)c2ccccc12,90767-01-4
BrC1=CC=C(CNCC2=CC=CC=C2)C=C1,2839023,Brc1ccc(CNCc2ccccc2)cc1,55096-89-4
OC1=C(C=O)C=C(Br)C(F)=C1,3240859,O=Cc1cc(Br)c(F)cc1O,399-00-8
CC1=CC=C(C=C1)C1=C(Br)C=C(C)C=C1,3247306,Cc1ccc(-c2ccc(C)cc2Br)cc1,132462-55-6
CCOC(=O)C=CC1=CC=CC=C1Br,3254972,CCOC(=O)C=Cc1ccccc1Br,99134-25-5
CCOC(=O)C1=CC=CC2=CC=CC(Br)=C12,3270440,CCOC(=O)c1cccc2cccc(Br)c12,33500-78-6
ClC1=C(C=C(Br)C=C1)S(Cl)(=O)=O,3271441,O=S(=O)(Cl)c1cc(Br)ccc1Cl,81226-68-8
CC(C)OC1=C(Br)C=C(C=C1)C(O)=O,3271836,CC(C)Oc1ccc(C(=O)O)cc1Br,0
BrC1=CC=C(CCOC2CCCCO2)C=C1,4312618,Brc1ccc(CCOC2CCCCO2)cc1,79849-46-0
COC(OC)C1=CC(Br)=CC=C1,4742127,COC(OC)c1cccc(Br)c1,67073-72-7
ClC(=O)\C=C\C1=CC=CC(Br)=C1,4969417,O=C(Cl)/C=C/c1cccc(Br)c1,59114-87-3
FC(F)(F)C1=CC=C(CBr)C(Br)=C1,6138556,FC(F)(F)c1ccc(CBr)c(Br)c1,657-64-7
CN(C)C(=O)C1=CC(C)=C(Br)C=C1,7021436,Cc1cc(C(=O)N(C)C)ccc1Br,0
COC(=O)C(C(=O)OC)C1=CC=C(Br)C=C1,7480479,COC(=O)C(C(=O)OC)c1ccc(Br)cc1,149506-35-4
BrC1=CC=CC=C1[N+]#[C-],7635238,[C-]#[N+]c1ccccc1Br,183209-26-9
NC1=CC(Cl)=C(F)C=C1Br,7757670,Nc1cc(Cl)c(F)cc1Br,85462-59-5
OC1=C(Cl)C(Cl)=C(Br)C=C1,7916865,Oc1ccc(Br)c(Cl)c1Cl,1940-44-9
FC(F)(F)C(=O)C1=CC=CC=C1Br,8312425,O=C(c1ccccc1Br)C(F)(F)F,244229-34-3
CC1(C)OC(=O)C(=CNC2=C(Br)C=CC=C2)C(=O)O1,9266161,CC1(C)OC(=O)C(=CNc2ccccc2Br)C(=O)O1,0
NC1=CC2=C(C=C1)N=CC(C#N)=C2NC1=CC(Br)=CC=C1,9277463,N#Cc1cnc2ccc(N)cc2c1Nc1cccc(Br)c1,214484-11-4
COC1=CC2=C(C=C1N)C(NC1=CC(Br)=CC=C1)=C(C=N2)C#N,9282137,COc1cc2ncc(C#N)c(Nc3cccc(Br)c3)c2cc1N,214484-03-4
BrCC1=CC(=CC=C1Br)C#N,9322841,N#Cc1ccc(Br)c(CBr)c1,190197-86-5
COC1=CC=C(C=C1Br)C1OCCO1,9389118,COc1ccc(C2OCCO2)cc1Br,223418-72-2
CC(C)(O)C1=CC(F)=CC=C1Br,10063408,CC(C)(O)c1cc(F)ccc1Br,853271-16-6
CC(=O)NCC1=CC(Br)=CC=C1,10336689,CC(=O)NCc1cccc(Br)c1,337535-82-7
BrC1=CC(=CC=C1)S(=O)(=O)N1CCOCC1,11010814,O=S(=O)(c1cccc(Br)c1)N1CCOCC1,871269-13-5
BrC1=CC(CCC=O)=CC=C1,11236355,O=CCCc1cccc(Br)c1,210115-30-3
CC(=O)NC1=C(Br)C=CC(=C1)C(F)(F)F,11252762,CC(=O)Nc1cc(C(F)(F)F)ccc1Br,331005-35-7
NC1=NON=C1C(NC1=CC(Br)=C(F)C=C1)=NO,12239680,Nc1nonc1C(=NO)Nc1ccc(F)c(Br)c1,0
FC1=CC(OCC#C)=C(Br)C=C1,13832489,C#CCOc1cc(F)ccc1Br,199287-75-7
CC1=C(Br)C=CC(=C1C)S(C)(=O)=O,14006115,Cc1c(Br)ccc(S(C)(=O)=O)c1C,128277-66-7
OCC1=C(Br)C=C(C=C1)C(F)(F)F,14159406,OCc1ccc(C(F)(F)F)cc1Br,497959-33-8
CC(C)(C)OC(=O)N1CCCC(C1)C1=CC=C(Br)C=C1,14300486,CC(C)(C)OC(=O)N1CCCC(c2ccc(Br)cc2)C1,769944-73-2
CC(C)(C)OC(=O)N1CCC(CC1)NCC1=CC=CC(Br)=C1,14370572,CC(C)(C)OC(=O)N1CCC(NCc2cccc(Br)c2)CC1,359877-98-8
CC(C)OC1=C(C=C(Br)C=C1)N(=O)=O,14516128,CC(C)Oc1ccc(Br)cc1[N+](=O)[O-],383869-57-6
CON(C)C(=O)CC1=CC=C(Br)C=C1,14840099,CON(C)C(=O)Cc1ccc(Br)cc1,149652-50-6
COC1=C(Br)C=CC(Cl)=C1C=O,18315577,COc1c(Br)ccc(Cl)c1C=O,1009094-07-8
NC1=C(Cl)C=C(Br)C=C1C(F)(F)F,18356463,Nc1c(Cl)cc(Br)cc1C(F)(F)F,870703-71-2
OCCC1=C(Br)C=CC(Cl)=C1,18385570,OCCc1cc(Cl)ccc1Br,947614-94-0
OC(=O)C1=C(Br)C(F)=CC=C1N(=O)=O,18418007,O=C(O)c1c([N+](=O)[O-])ccc(F)c1Br,881415-27-6
CC1=C(Br)C=CC=C1COC1=CC=C(C=O)C=C1,18759798,Cc1c(Br)cccc1COc1ccc(C=O)cc1,955931-94-9
BrC1=CC(C=O)=C(C=C1)C#N,19001984,N#Cc1ccc(Br)cc1C=O,713141-12-9
CC1=C(N)C=C(Br)C=C1F,19142641,Cc1c(N)cc(Br)cc1F,886761-86-0
BrC1=CC=C(C=C1)C(=O)C(=O)N1CCOCC1,19412656,O=C(C(=O)N1CCOCC1)c1ccc(Br)cc1,1127405-08-6
OC1=CC=C(Br)C(=C1)C1OCCO1,19659415,Oc1ccc(Br)c(C2OCCO2)c1,1160182-44-4
FC1=CC=C(C=CC(=O)C2=CC=C(Br)C=C2)C=C1,20039594,O=C(C=Cc1ccc(F)cc1)c1ccc(Br)cc1,98991-32-3
BrC1=CC=C(C=C1)N1CCNC1=O,20450377,O=C1NCCN1c1ccc(Br)cc1,530081-14-2
CC1=CC=C(C=C1)S(=O)(=O)OCCC(C1=CC=CC=C1)C1=C(OCC2=CC=CC=C2)C=CC(Br)=C1,20553583,Cc1ccc(S(=O)(=O)OCCC(c2ccccc2)c2cc(Br)ccc2OCc2ccccc2)cc1,250214-37-0
COC1=C(Br)C=CC(\C=C\N(=O)=O)=C1,20898539,COc1cc(/C=C/[N+](=O)[O-])ccc1Br,1177015-72-3
OCC(F)(F)C(O)C1=C(F)C=CC(Br)=C1,21011985,OCC(F)(F)C(O)c1cc(Br)ccc1F,1262860-23-0
CC(N)(C1=C(F)C=CC(Br)=C1)C(F)(F)CO,21011996,CC(N)(c1cc(Br)ccc1F)C(F)(F)CO,1262860-29-6
CCOC(=O)C(F)(F)C(O)C1=C(F)C=CC(Br)=C1,21012007,CCOC(=O)C(F)(F)C(O)c1cc(Br)ccc1F,1262860-22-9
C[C@@](CO)(NC(=O)CCl)C1=CC(Br)=CC(=C1)N(=O)=O,21012026,C[C@@](CO)(NC(=O)CCl)c1cc(Br)cc([N+](=O)[O-])c1,1262859-21-1
NC1=C(F)C(Br)=CC(Cl)=C1,21197863,Nc1cc(Cl)cc(Br)c1F,1269232-95-2
CC(C)(C)OC(=O)NC1=C(F)C(Br)=CC(Cl)=C1,21197882,CC(C)(C)OC(=O)Nc1cc(Cl)cc(Br)c1F,1269232-94-1
C[Si](C)(C)CCOCN1C=NC(=N1)C1=CC=C(Br)C=C1,21287554,C[Si](C)(C)CCOCn1cnc(-c2ccc(Br)cc2)n1,1093878-85-3
FC1=CC=C(NC(=O)C2=CC=C(Br)C=C2)C=C1,22317571,O=C(Nc1ccc(F)cc1)c1ccc(Br)cc1,346723-41-9
CC(=O)OC1=C(Br)C(O)=CC=C1,22627404,CC(=O)Oc1cccc(O)c1Br,1380697-50-6
CC1=CC=C(C=C1)S(=O)(=O)NC1=CC=C(Br)C=C1I,23280656,Cc1ccc(S(=O)(=O)Nc2ccc(Br)cc2I)cc1,1426138-88-6
CC(C)(C)OC(=O)N1CCC(O)(CC2=CC=C(Br)C=C2)CC1,23423963,CC(C)(C)OC(=O)N1CCC(O)(Cc2ccc(Br)cc2)CC1,1246632-59-6
CC1=CC(Br)=CC=C1CN1CCN(CC1)C(=O)OC(C)(C)C,23732850,Cc1cc(Br)ccc1CN1CCN(C(=O)OC(C)(C)C)CC1,1446819-44-8
COC(=O)C1=C(Br)C(Cl)=CC=C1,23833810,COC(=O)c1cccc(Cl)c1Br,1107627-14-4
FC1=C(Br)C=C(C=C1)C(=O)NC1=CC=C(OC(F)(F)Cl)C=C1,24095644,O=C(Nc1ccc(OC(F)(F)Cl)cc1)c1ccc(F)c(Br)c1,0
COC(=O)C1=CC=C(C2CC2)C(Br)=C1,26480674,COC(=O)c1ccc(C2CC2)c(Br)c1,1131615-05-8
CCOC(=O)C1=C(CN2CCOC[C@H]2C(O)=O)NC(=N[C@H]1C1=CC=C(F)C=C1Br)C1=NC=CS1,26679233,CCOC(=O)C1=C(CN2CCOC[C@H]2C(=O)O)NC(c2nccs2)=N[C@H]1c1ccc(F)cc1Br,1578155-52-8
CS(=O)(=O)CC1=CC(Br)=C(NC2=C(F)C=C(F)C=C2)C=C1,27160240,CS(=O)(=O)Cc1ccc(Nc2ccc(F)cc2F)c(Br)c1,0
[H][C@@]12CNC[C@@]1(N=C(NC(=O)C1=CC=CC=C1)SC2)C1=CC(Br)=CC=C1,27379443,O=C(NC1=N[C@@]2(c3cccc(Br)c3)CNC[C@H]2CS1)c1ccccc1,0
CC1=C(NC(=O)CC2=C(Cl)C=CC=N2)C=CC=C1Br,27602442,Cc1c(Br)cccc1NC(=O)Cc1ncccc1Cl,0
CC1=C(NC(=O)CC2=C(F)C=CC=N2)C=CC=C1Br,27602448,Cc1c(Br)cccc1NC(=O)Cc1ncccc1F,0
COCCOC1=CC(Cl)=CC(Br)=C1,28349964,COCCOc1cc(Cl)cc(Br)c1,0
BrC1=CC=CC(I)=C1C#N,29440419,N#Cc1c(Br)cccc1I,0
COC(=O)C1=C(C)C(O)=C(O)C(Br)=C1,29961012,COC(=O)c1cc(Br)c(O)c(O)c1C,0
CC1=C(C=CC=C1Br)B1OC(C)(C)C(C)(C)O1,30644274,Cc1c(Br)cccc1B1OC(C)(C)C(C)(C)O1,0
COC1=CC(Br)=C(N)C=C1OC(F)(F)F,31875580,COc1cc(Br)c(N)cc1OC(F)(F)F,0
CC(C)(C)OC(=O)N1CCC(CC2=CC=C(Br)C=C2)(CC1)C(O)=O,33547468,CC(C)(C)OC(=O)N1CCC(Cc2ccc(Br)cc2)(C(=O)O)CC1,0
OC(=O)C1CN(C(=O)C1)C1=CC=C(Br)C=C1,19161,O=C(O)C1CC(=O)N(c2ccc(Br)cc2)C1,91348-51-5
CC1=NC(=CS1)C1=CC=C(Br)C=C1,143963,Cc1nc(-c2ccc(Br)cc2)cs1,66047-74-3
BrC1=CC=C(C=C1)N1CCOC1=O,172395,O=C1OCCN1c1ccc(Br)cc1,223555-95-1
BrC1=CC=C(C=C1)N1C=NN=C1,639331,Brc1ccc(-n2cnnc2)cc1,90005-07-5
COC1=CC(=CC=C1Br)C(C)=O,1938444,COc1cc(C(C)=O)ccc1Br,50870-44-5
COC1=CC2=CC=CC=C2C(Br)=C1,1943367,COc1cc(Br)c2ccccc2c1,5111-34-2
OC(CCCl)C1=CC=C(Br)C=C1,1948393,OC(CCCl)c1ccc(Br)cc1,25574-19-0
CCOC(=O)CCCC1=CC=C(Br)C=C1,2269891,CCOC(=O)CCCc1ccc(Br)cc1,105986-54-7
CC(C=O)C1=CC(Br)=CC=C1,2356745,CC(C=O)c1cccc(Br)c1,59452-90-3
NC(CC(O)=O)C1=CC=C(Br)C=C1,2365903,NC(CC(=O)O)c1ccc(Br)cc1,39773-47-2
CC(=O)COC1=CC=C(Br)C=C1,2521004,CC(=O)COc1ccc(Br)cc1,18621-22-2
BrC1=CC(C2=CC=CC=C2)=C(C=C1)N(=O)=O,2527375,O=[N+]([O-])c1ccc(Br)cc1-c1ccccc1,105971-15-1
BrC1=CC2=C(C=C1)C=CC1=C2C2=CC=CC=C2C=C1,2528873,Brc1ccc2ccc3ccc4ccccc4c3c2c1,53034-15-4
OC1=C(C=CC=C1)C1=CC=C(Br)C=C1,2555986,Oc1ccccc1-c1ccc(Br)cc1,21849-89-8
ClC(=O)C1=CC(Br)=CC(Cl)=C1,2639312,O=C(Cl)c1cc(Cl)cc(Br)c1,21900-27-6
BrC1=CC=C(C=C1)S(=O)(=O)NCC=C,2694537,C=CCNS(=O)(=O)c1ccc(Br)cc1,830-41-1
CC(=O)NC1=CC=C(Br)C2=C1C=CC=C2,2806164,CC(=O)Nc1ccc(Br)c2ccccc12,91394-66-0
CN(C)C1=CC=C(C=O)C(Br)=C1,2831000,CN(C)c1ccc(C=O)c(Br)c1,55875-47-3
OC(=O)C1=CC=CC=C1NC1=CC=C(Br)C=C1,2941475,O=C(O)c1ccccc1Nc1ccc(Br)cc1,13278-38-1
BrC1=CC=C(C=C1)C(=O)NCC=C,3049432,C=CCNC(=O)c1ccc(Br)cc1,39887-27-9
BrC1=C(C=CC=C1)C(=O)C=CC1=CC=CC=C1,3130857,O=C(C=Cc1ccccc1)c1ccccc1Br,108237-92-9
NC(CC1=C(Br)C=CC=C1)C(O)=O,3131631,NC(Cc1ccccc1Br)C(=O)O,1991-79-3
NC1=CC(I)=C(Br)C=C1,3236484,Nc1ccc(Br)c(I)c1,63037-64-9
CCOC1=C(C=O)C=C(Br)C=C1,3244183,CCOc1ccc(Br)cc1C=O,79636-94-5
CC1=C(Br)C=CC(CC(O)=O)=C1,3249403,Cc1cc(CC(=O)O)ccc1Br,0
COC1=C(C)C(Br)=C(OC)C(C)=C1C,3263863,COc1c(C)c(C)c(OC)c(Br)c1C,69821-05-2
COC1=C(C=O)C2=CC=C(Br)C=C2C=C1,3264026,COc1ccc2cc(Br)ccc2c1C=O,247174-18-1
COC1=CC(Br)=C(OC)C=C1N(=O)=O,3287433,COc1cc([N+](=O)[O-])c(OC)cc1Br,98545-68-7
CCO[Si](OCC)(OCC)C1=CC=C(Br)C=C1,3330627,CCO[Si](OCC)(OCC)c1ccc(Br)cc1,18954-74-0
CC1=CC(N)=C(C=C1Br)C(O)=O,3541128,Cc1cc(N)c(C(=O)O)cc1Br,106976-24-3
BrC1=CC=CC=C1N1CCOCC1,4420468,Brc1ccccc1N1CCOCC1,87698-82-6
CC1=CC(Br)=C(CBr)C=C1,4967506,Cc1ccc(CBr)c(Br)c1,75366-14-2
CCCC1=CC(Br)=C(OC)C=C1,4974737,CCCc1ccc(OC)c(Br)c1,101538-30-1
COC1=C(O[Si](C)(C)C(C)(C)C)C=C(Br)C=C1,5431482,COc1ccc(Br)cc1O[Si](C)(C)C(C)(C)C,177329-71-4
BrC1=CC=C(C=C1)C1SCCS1,5513849,Brc1ccc(C2SCCS2)cc1,83521-65-7
C[C@@H](OC(C)=O)C1=CC=C(Br)C=C1,5734770,CC(=O)O[C@H](C)c1ccc(Br)cc1,103966-62-7
CC(C)[C@H]1COC(=N1)C1=C(Br)C=CC=C1,5866807,CC(C)[C@H]1COC(c2ccccc2Br)=N1,148836-24-2
COC(=O)C1=C(I)C(Br)=CC=C1,6501000,COC(=O)c1cccc(Br)c1I,121772-84-7
CC1=CC=C(C(Br)=C1)C(F)(F)F,6502351,Cc1ccc(C(F)(F)F)c(Br)c1,0
CC(=CC=O)C1=CC=C(Br)C=C1,6695170,CC(=CC=O)c1ccc(Br)cc1,881850-14-2
OC(C#N)C1=CC(Br)=CC=C1,7089926,N#CC(O)c1cccc(Br)c1,550313-02-5
BrC1=CC=CC(CCC=C)=C1,7126497,C=CCCc1cccc(Br)c1,161173-98-4
BrC1=CC=C(C=C1)C(=O)CC=C,7579210,C=CCC(=O)c1ccc(Br)cc1,184165-64-8
CNC1=C(F)C=C(Br)C=C1,8050625,CNc1ccc(Br)cc1F,213190-12-6
CC1=CC(Br)=CC(C)=C1NC1=CC=NC(NC2=CC=C(C=C2)C#N)=N1,8932536,Cc1cc(Br)cc(C)c1Nc1ccnc(Nc2ccc(C#N)cc2)n1,374067-85-3
ON=CC(=O)NC1=C(Br)C=CC=C1,9044754,O=C(C=NO)Nc1ccccc1Br,101080-38-0
CC1=CC=C(NC(=O)OC(C)(C)C)C(Br)=C1,9555386,Cc1ccc(NC(=O)OC(C)(C)C)c(Br)c1,364607-53-4
COCOC1=CC=C(C=O)C=C1Br,9618062,COCOc1ccc(C=O)cc1Br,162269-90-1
NC1=CC=C(Br)C=C1C#CC1=CC=CC=C1,9701065,Nc1ccc(Br)cc1C#Cc1ccccc1,665033-14-7
NC1=CC=C(C=C1Br)S(F)(F)(F)(F)F,9702811,Nc1ccc(S(F)(F)(F)(F)F)cc1Br,159727-25-0
CC1=C(C=O)C=C(F)C(Br)=C1,10062256,Cc1cc(Br)c(F)cc1C=O,0
BrC1=C2C=CC=CC2=C(I)C2=CC=CC=C12,10164073,Brc1c2ccccc2c(I)c2ccccc12,359435-47-5
CCOC(=O)C1=C(C)OC(N)=C(C#N)C1C1=CC=C(Br)C=C1,10461478,CCOC(=O)C1=C(C)OC(N)=C(C#N)C1c1ccc(Br)cc1,0
CC1=CC(Br)=CC(I)=C1N,10656627,Cc1cc(Br)cc(I)c1N,922170-67-0
BrC1=C(C=CC=C1)N1C=CC=N1,13398596,Brc1ccccc1-n1cccn1,0
COC1=C(CNC(=O)OC(C)(C)C)C=C(Br)C=C1,14212738,COc1ccc(Br)cc1CNC(=O)OC(C)(C)C,334015-82-6
FC1=CC(C2OCCO2)=C(Br)C=C1,14343170,Fc1ccc(Br)c(C2OCCO2)c1,773094-69-2
CC(C)NC1=CC(Br)=CC=C1N(=O)=O,14447666,CC(C)Nc1cc(Br)ccc1[N+](=O)[O-],863604-71-1
CON(C)C(=O)C1=CC=CC2=C(Br)C=CC=C12,14575827,CON(C)C(=O)c1cccc2c(Br)cccc12,894789-05-0
CC1=C(F)C(C=O)=CC(Br)=C1,14579399,Cc1cc(Br)cc(C=O)c1F,903875-64-9
CCOCC1=CC(=CC=C1Br)C(=O)OCC,14706304,CCOCc1cc(C(=O)OCC)ccc1Br,948349-66-4
CCC1=CC=C(F)C=C1Br,14736011,CCc1ccc(F)cc1Br,261711-19-7
NC1=C(C=C(Br)C=C1)C1=CCCCC1,15568642,Nc1ccc(Br)cc1C1=CCCCC1,915005-93-5
BrC1=CC(OCC2=CC=CC=C2)=CC2=CC=CC=C12,15578332,Brc1cc(OCc2ccccc2)cc2ccccc12,611235-22-4
NC1=C(C=O)C=C(Br)C=C1Cl,15583902,Nc1c(Cl)cc(Br)cc1C=O,166527-08-8
BrC1=CC=C(SC2CC2)C=C1,15695503,Brc1ccc(SC2CC2)cc1,411229-63-5
CC(=NNS(=O)(=O)C1=CC=C(C)C=C1)C1=CC=CC(Br)=C1,17394299,CC(=NNS(=O)(=O)c1ccc(C)cc1)c1cccc(Br)c1,75230-52-3
OCC1=C(F)C(F)=CC(Br)=C1,19508532,OCc1cc(Br)cc(F)c1F,887585-71-9
NC1=CC=C(Br)C=C1C(=O)C(F)(F)F,20453255,Nc1ccc(Br)cc1C(=O)C(F)(F)F,1233967-22-0
BrC1=CC=C(C=C1)N1CCS(=O)(=O)CC1,20510759,O=S1(=O)CCN(c2ccc(Br)cc2)CC1,1093878-42-2
COC1=CC(=C(C=O)C=C1Br)N(=O)=O,20552238,COc1cc([N+](=O)[O-])c(C=O)cc1Br,0
COC(=O)CC(C1=CC=CC=C1)C1=C(OCC2=CC=CC=C2)C=CC(Br)=C1,20553582,COC(=O)CC(c1ccccc1)c1cc(Br)ccc1OCc1ccccc1,156755-24-7
O[C@@H](CCl)C1=CC=C(Br)C=C1,20654903,O[C@@H](CCl)c1ccc(Br)cc1,1029431-48-8
OC1=CC(Cl)=C(C=C1Br)C#N,21017078,N#Cc1cc(Br)c(O)cc1Cl,1259020-46-6
OC1=CC(OC(F)(F)F)=C(Br)C=C1,21510961,Oc1ccc(Br)c(OC(F)(F)F)c1,886499-93-0
BrC1=CC=C(C=C1)C1=C(C=O)N2C=CC=CC2=N1,21568595,O=Cc1c(-c2ccc(Br)cc2)nc2ccccn12,522651-96-3
COC1(CC(C1)(C#N)C1=CC=C(Br)C=C1)OC,21696403,COC1(OC)CC(C#N)(c2ccc(Br)cc2)C1,872614-36-3
CC(=O)OCC1=C(C=C(F)C=C1Br)N1CCN2C3=C(CCCC3)C=C2C1=O,22080503,CC(=O)OCc1c(Br)cc(F)cc1N1CCn2c(cc3c2CCCC3)C1=O,1346673-13-9
NC1=C(C=C(Br)C=C1)C1CCCO1,22672744,Nc1ccc(Br)cc1C1CCCO1,1384979-48-9
NC1=C(O)C=C(Br)C=C1Cl,23463041,Nc1c(O)cc(Br)cc1Cl,1426320-93-5
COC(=O)NC(C)(C)CC1=C(Br)C=CC=C1,23671465,COC(=O)NC(C)(C)Cc1ccccc1Br,1430115-62-0
CC(C)(C)NS(=O)(=O)C1=CC=C(Br)C2=CC=CC=C12,24644521,CC(C)(C)NS(=O)(=O)c1ccc(Br)c2ccccc12,0
CC(C)(C)OC(=O)N1CCC(COC2=C(C=C(Br)C=C2)C#N)CC1,24702527,CC(C)(C)OC(=O)N1CCC(COc2ccc(Br)cc2C#N)CC1,0
NC1=CC(Br)=CC(=C1)C(=O)NCCN1CCOCC1,26633102,Nc1cc(Br)cc(C(=O)NCCN2CCOCC2)c1,1525616-82-3
COC1=C(C=CC(Br)=C1)N1CCN(CC1)C(=O)OC(C)(C)C,26668103,COc1cc(Br)ccc1N1CCN(C(=O)OC(C)(C)C)CC1,506442-29-1
FC(F)(F)OC1=CC=C(Br)C(Cl)=C1,26975328,FC(F)(F)Oc1ccc(Br)c(Cl)c1,892845-59-9
COC1=C(I)C=C(Br)C(Cl)=C1,27200586,COc1cc(Cl)c(Br)cc1I,0
CC(OC1=C(C=C(Br)C=C1)N(=O)=O)C=C,27440882,C=CC(C)Oc1ccc(Br)cc1[N+](=O)[O-],0
FC1=CC=CC2=C1NC(=O)N(C2=O)C1=C(Cl)C(Br)=CC=C1,27602456,O=c1[nH]c2c(F)cccc2c(=O)n1-c1cccc(Br)c1Cl,0
COC1=CC=C(CN2C=CC(=O)N(C2=O)C2=C(C)C(Br)=CC=C2)C=C1,27602463,COc1ccc(Cn2ccc(=O)n(-c3cccc(Br)c3C)c2=O)cc1,0
OC(=O)C1=C(F)C=C(Br)C(Cl)=C1,28112283,O=C(O)c1cc(Cl)c(Br)cc1F,0
CNC1=C(OC)C=C(Br)C=C1N,28440412,CNc1c(N)cc(Br)cc1OC,0
CC(=O)C1=CC(CCl)=C(Br)C=C1,28883040,CC(=O)c1ccc(Br)c(CCl)c1,0
NC1=C(Br)C=C(Cl)C=C1C(F)(F)F,30306020,Nc1c(Br)cc(Cl)cc1C(F)(F)F,0
COC1=C(Cl)C(C)=C(Br)C(C)=C1Cl,30628714,COc1c(Cl)c(C)c(Br)c(C)c1Cl,0
CC(C)CN(C1CCOCC1)C1=C(C=C(Br)C=C1)N(=O)=O,30640516,CC(C)CN(c1ccc(Br)cc1[N+](=O)[O-])C1CCOCC1,0
OC(=O)CC1=C(O)C=C(Br)C=C1,31488419,O=C(O)Cc1ccc(Br)cc1O,0
FC1=CC(F)=C(C(F)=C1Br)S(Cl)(=O)=O,32111132,O=S(=O)(Cl)c1c(F)cc(F)c(Br)c1F,0
COC(=O)C1=C(Br)C=C(N2CCN(CC2)C(=O)OC(C)(C)C)C(F)=C1,36780698,COC(=O)c1cc(F)c(N2CCN(C(=O)OC(C)(C)C)CC2)cc1Br,0
BrC1=CC=C(C=C1)C1=CC(=NO1)C1=CC=CC=C1,191858,Brc1ccc(-c2cc(-c3ccccc3)no2)cc1,53573-22-1
BrC1=CC=C(C=C1)C1=CC2=CC=CC=C2OC1=O,192975,O=c1oc2ccccc2cc1-c1ccc(Br)cc1,16807-64-0
BrC1=CC=C(C=C1)N1C=NC2=CC=CC=C2C1=O,196984,O=c1c2ccccc2ncn1-c1ccc(Br)cc1,24122-32-5
BrC1=CC=C(C=C2C(=O)NC(=O)NC2=O)C=C1,616040,O=C1NC(=O)C(=Cc2ccc(Br)cc2)C(=O)N1,49546-72-7
BrC1=CC=C(OC2=CC=C(C=C2)N(=O)=O)C=C1,1882776,O=[N+]([O-])c1ccc(Oc2ccc(Br)cc2)cc1,21969-04-0
COC1=CC(C)=CC(OC)=C1Br,1947614,COc1cc(C)cc(OC)c1Br,2675-82-3
CCCCCC(=O)C1=CC=C(Br)C=C1,2091048,CCCCCC(=O)c1ccc(Br)cc1,7295-46-7
CC(C)S(=O)(=O)C1=CC=C(Br)C=C1,2100554,CC(C)S(=O)(=O)c1ccc(Br)cc1,70399-02-9
FC(F)(F)SC1=CC=CC(Br)=C1,2208857,FC(F)(F)Sc1cccc(Br)c1,2252-45-1
CC(C)(C)C1=CC=CC(Br)=C1O,2250188,CC(C)(C)c1cccc(Br)c1O,23159-87-7
BrC1=CC=C(C(=C1)N(=O)=O)N(=O)=O,2272145,O=[N+]([O-])c1ccc(Br)cc1[N+](=O)[O-],610-38-8
CC(C)CC1=C(Br)C=CC=C1,2434560,CC(C)Cc1ccccc1Br,80304-54-7
COC1=C(Br)C=C(C=C1)C(C)C,2438438,COc1ccc(C(C)C)cc1Br,32229-19-9
FC(F)(F)C1=CC(Cl)=CC=C1Br,2448030,FC(F)(F)c1cc(Cl)ccc1Br,344-65-0
NC(=O)NN=CC1=CC=C(Br)C=C1,2503562,NC(=O)NN=Cc1ccc(Br)cc1,0
CC1=CC(=CC=C1Br)C1=CC=CC=C1,2518687,Cc1cc(-c2ccccc2)ccc1Br,92022-07-6
COC1=C(O)C=C(C)C(Br)=C1,2519815,COc1cc(Br)c(C)cc1O,40992-09-4
FC1=C(C=CC=C1)C1=C(Br)C=CC=C1,2556450,Fc1ccccc1-c1ccccc1Br,1554-05-8
CCOC(=O)C=CC1=CC=CC(Br)=C1,2615058,CCOC(=O)C=Cc1cccc(Br)c1,24398-80-9
CCOC(=O)C1=C(O)C=CC(Br)=C1,2803834,CCOC(=O)c1cc(Br)ccc1O,37540-59-3
CC(=O)NC1=CC=C(Br)C=C1C(C)=O,2806312,CC(=O)Nc1ccc(Br)cc1C(C)=O,29124-64-9
COC(=O)CCC1=CC=C(O)C(Br)=C1,2841762,COC(=O)CCc1ccc(O)c(Br)c1,60553-38-0
Cl[Si](Cl)(Cl)C1=CC=C(Br)C=C1,2937136,Cl[Si](Cl)(Cl)c1ccc(Br)cc1,18164-08-4
CC1=CC=C(SC2=CC=C(Br)C=C2)C=C1,3050539,Cc1ccc(Sc2ccc(Br)cc2)cc1,22865-54-9
CC1=C(C#N)C(Br)=CC=C1,3126300,Cc1cccc(Br)c1C#N,77532-78-6
CC(=O)NNC1=CC=C(Br)C=C1,3129728,CC(=O)NNc1ccc(Br)cc1,14579-97-6
CC1=C(C=CC(Br)=C1)C(N)=O,3240900,Cc1cc(Br)ccc1C(N)=O,0
CCOC(=O)C1=C(C)C=CC(Br)=C1,3244321,CCOC(=O)c1cc(Br)ccc1C,359629-91-7
OC(=O)C(CC1=CC=C(Br)C=C1)C(O)=O,3304794,O=C(O)C(Cc1ccc(Br)cc1)C(=O)O,92013-18-8
OC(C#CC1=CC=C(Br)C=C1)(C1=CC=CC=C1)C1=CC=CC=C1,3379345,OC(C#Cc1ccc(Br)cc1)(c1ccccc1)c1ccccc1,94966-45-7
BrC1=C2C=CC=CC2=C(C=C1)C1CC1,3606241,Brc1ccc(C2CC2)c2ccccc12,127971-24-8
CCOC(=O)C(C)SC1=CC=C(Br)C=C1,3956036,CCOC(=O)C(C)Sc1ccc(Br)cc1,65251-07-2
[H]\C(CN(C)C)=C(\C1=CC=C(Br)C=C1)C1=CC=CN=C1,3960366,CN(C)C/C=C(\c1ccc(Br)cc1)c1cccnc1,56775-89-4
BrC1=CC=CC=C1CCC#N,4383810,N#CCCc1ccccc1Br,61698-07-5
COC(=O)C(=O)C1=CC=CC(Br)=C1,4395372,COC(=O)C(=O)c1cccc(Br)c1,81316-36-1
NN1C(S)=NN=C1C1=CC=C(Br)C=C1,4446955,Nn1c(S)nnc1-c1ccc(Br)cc1,85106-58-7
CSC1=CC=C(F)C=C1Br,4799572,CSc1ccc(F)cc1Br,91524-70-8
BrC1=C(C=O)C=C(C=C1)C#N,4967155,N#Cc1ccc(Br)c(C=O)c1,89003-95-2
BrC1=CC=CC(CNC2=CC=CC=C2)=C1,4996915,Brc1cccc(CNc2ccccc2)c1,0
C[S@](=O)C1=CC=CC=C1Br,5476938,C[S@](=O)c1ccccc1Br,0
BrC1=CC=CC(=C1)S(=O)(=O)NC1=CC=CC=C1,7708327,O=S(=O)(Nc1ccccc1)c1cccc(Br)c1,166338-06-3
C[C@@H](N=C=O)C1=CC=C(Br)C=C1,7869672,C[C@@H](N=C=O)c1ccc(Br)cc1,618461-78-2
BrC1=CC=C(C=C1)C1=NCCN1,7988737,Brc1ccc(C2=NCCN2)cc1,206535-83-3
COC(=O)CC1=CC(C=O)=C(O)C(Br)=C1,8981401,COC(=O)Cc1cc(Br)c(O)c(C=O)c1,277313-22-1
COCOC1=CC=C(Br)C(OCOC)=C1,9620542,COCOc1ccc(Br)c(OCOC)c1,295788-93-1
COC(=O)C1=C(OC)C(C)=CC(Br)=C1,9697599,COC(=O)c1cc(Br)cc(C)c1OC,722497-32-7
CC(=O)NC1=CC(=C(Br)C=C1)C(F)(F)F,10434270,CC(=O)Nc1ccc(Br)c(C(F)(F)F)c1,41513-05-7
CC(C)(C)OC(=O)NC(C(O)=O)C1=CC=C(Br)C=C1,10441473,CC(C)(C)OC(=O)NC(C(=O)O)c1ccc(Br)cc1,917925-71-4
COC(=O)C(C)(C)CC1=CC(Br)=CC=C1,10658329,COC(=O)C(C)(C)Cc1cccc(Br)c1,926625-05-0
BrC1=CC(=CC=C1)B1NC2=CC=CC3=C2C(N1)=CC=C3,10686828,Brc1cccc(B2Nc3cccc4cccc(c34)N2)c1,927384-43-8
NC(=NO)C1=CC=CC(Br)=C1,11062663,NC(=NO)c1cccc(Br)c1,173406-70-7
CC(C)C1=CC(Br)=CC(C)=C1N,11147760,Cc1cc(Br)cc(C(C)C)c1N,773887-07-3
CC(C)(C)OC(=O)C(=[N]#N)C1=CC=C(Br)C=C1,11274668,CC(C)(C)OC(=O)C(=[N+]=[N-])c1ccc(Br)cc1,956905-15-0
CCOC(COC1=C(Br)C=CC=C1)OCC,11756795,CCOC(COc1ccccc1Br)OCC,253429-15-1
COC(OC)C1=CC(Br)=C(F)C=C1,13329772,COC(OC)c1ccc(F)c(Br)c1,81358-65-8
NC1=CC(=C(C=C1Br)C#N)C(F)(F)F,13565788,N#Cc1cc(Br)c(N)cc1C(F)(F)F,0
NC1=CC(F)=C(Br)C=C1N(=O)=O,13767945,Nc1cc(F)c(Br)cc1[N+](=O)[O-],153505-36-3
CCCOC1=CC(OC)=C(Br)C=C1,13832368,CCCOc1ccc(Br)c(OC)c1,0
COC1=C(C=O)C=C(Br)C=C1F,14212227,COc1c(F)cc(Br)cc1C=O,470668-70-3
COC(=O)C1=CC(Br)=C(COC(C)=O)C=C1,14266932,COC(=O)c1ccc(COC(C)=O)c(Br)c1,1080573-21-2
FC1=CC=C(OCC2=CC=CC=C2)C(Br)=C1,14311479,Fc1ccc(OCc2ccccc2)c(Br)c1,660842-05-7
CC1=C(F)C(F)=CC=C1Br,14356819,Cc1c(Br)ccc(F)c1F,847502-81-2
NC1=C(CO)C=CC=C1Br,14629638,Nc1c(Br)cccc1CO,397323-70-5
COC(=O)C1=CC(Br)=C(OCC2=CC=CC=C2)C=C1,15019424,COC(=O)c1ccc(OCc2ccccc2)c(Br)c1,176240-84-9
OB(O)C1=CC2=CC=CC=C2C=C1Br,15022913,OB(O)c1cc2ccccc2cc1Br,1301205-62-8
BrC1=C(C=CC2=CC=CC=C2)C=CC=C1,15375424,Brc1ccccc1C=Cc1ccccc1,78602-28-5
OC(C(F)F)C1=CC=C(Br)C=C1,15427475,OC(c1ccc(Br)cc1)C(F)F,0
CC1=CC(F)=C(Br)C=C1S(Cl)(=O)=O,15479232,Cc1cc(F)c(Br)cc1S(=O)(=O)Cl,874804-12-3
BrC1=CC=CC(=C1)C(=O)N1CCCC1,15497162,O=C(c1cccc(Br)c1)N1CCCC1,346721-91-3
NC1=C(Br)C=C(C=C1F)N(=O)=O,15562103,Nc1c(F)cc([N+](=O)[O-])cc1Br,455-58-3
CN(C1=CC=CC=C1Br)S(C)(=O)=O,15763462,CN(c1ccccc1Br)S(C)(=O)=O,553652-34-9
CS(=O)(=O)C1=CC(=C(Br)C=C1)N(=O)=O,19729752,CS(=O)(=O)c1ccc(Br)c([N+](=O)[O-])c1,94832-06-1
CC(C)(O)C1=C(F)C=CC(Br)=C1,19869508,CC(C)(O)c1cc(Br)ccc1F,1206774-43-7
CC(C)(C)OC(=O)N1CCC[C@H]1C(=O)NC1=CC(Br)=CC=C1N,20362620,CC(C)(C)OC(=O)N1CCC[C@H]1C(=O)Nc1cc(Br)ccc1N,1228553-73-8
BrC1=C2C=CC=CC2=C(C=C1)C1=CC=CC=C1C=O,20528345,O=Cc1ccccc1-c1ccc(Br)c2ccccc12,1155911-73-1
CCOC(=O)C[C@@H](CC1=CC=C(Br)C=C1)NC(=O)OC(C)(C)C,20899194,CCOC(=O)C[C@@H](Cc1ccc(Br)cc1)NC(=O)OC(C)(C)C,1257446-29-9
C[C@]1(COCC(=O)N1)C1=CC(Br)=CC(=C1)N(=O)=O,21012003,C[C@@]1(c2cc(Br)cc([N+](=O)[O-])c2)COCC(=O)N1,1262859-23-3
CC1(NC(=O)COCC1(F)F)C1=C(F)C=CC(Br)=C1,21012030,CC1(c2cc(Br)ccc2F)NC(=O)COCC1(F)F,1262860-31-0
CC(C)(C)OC(=O)C(C)(C)OCC(NS(=O)(=O)C1=CC=CC=C1N(=O)=O)(C(F)F)C1=CC(Br)=CC=C1F,21012266,CC(C)(C)OC(=O)C(C)(C)OCC(NS(=O)(=O)c1ccccc1[N+](=O)[O-])(c1cc(Br)ccc1F)C(F)F,1262859-84-6
ClC1=C(C=CC(Br)=C1)C(=O)C1CC1,22973920,O=C(c1ccc(Br)cc1Cl)C1CC1,1400701-89-4
CC1=CC(=CC(Br)=C1[C@H](O)CO)N(=O)=O,23057667,Cc1cc([N+](=O)[O-])cc(Br)c1[C@H](O)CO,1403666-49-8
CC1=CC(=CC(Br)=C1OS(=O)(=O)C(F)(F)F)N(=O)=O,23057672,Cc1cc([N+](=O)[O-])cc(Br)c1OS(=O)(=O)C(F)(F)F,1403666-47-6
CCOC(COC1=C(Br)C=C(OC)C=C1)OCC,23782796,CCOC(COc1ccc(OC)cc1Br)OCC,1446091-54-8
COC1=C(C=CC(Br)=C1)C(=O)N1CCN(CC1)C(=O)OC(C)(C)C,24007328,COc1cc(Br)ccc1C(=O)N1CCN(C(=O)OC(C)(C)C)CC1,1464157-34-3
CC1=C(Br)C=C(C(F)=C1C(O)=O)S(Cl)(=O)=O,26678400,Cc1c(Br)cc(S(=O)(=O)Cl)c(F)c1C(=O)O,1572516-10-9
CCS(=O)(=O)NC1=C(C=C(OC2=C(F)C=C(F)C=C2)C(Br)=C1)C(O)=O,26899066,CCS(=O)(=O)Nc1cc(Br)c(Oc2ccc(F)cc2F)cc1C(=O)O,1446237-44-0
CN(C)C=CC(=O)C1=CC=C(Br)C=C1O,27077312,CN(C)C=CC(=O)c1ccc(Br)cc1O,876149-55-2
COC(=O)C1=CC(OC)=C(Br)C=C1N,27194507,COC(=O)c1cc(OC)c(Br)cc1N,0
COC(=O)C1=C(N)C=C(Br)C(Cl)=C1F,28150292,COC(=O)c1c(N)cc(Br)c(Cl)c1F,0
FC1=CC=C(CCOC2=CC=C(Br)C=C2)C=C1,28602202,Fc1ccc(CCOc2ccc(Br)cc2)cc1,0
CC(=O)C1=CC(CO[Si](C)(C)C(C)(C)C)=C(Br)C=C1,28883039,CC(=O)c1ccc(Br)c(CO[Si](C)(C)C(C)(C)C)c1,0
COC(=O)C1=C(SC)C=C(Br)C=C1,29255388,COC(=O)c1ccc(Br)cc1SC,0
CC(C1CC1)C1=CC=CC(Br)=C1O,29353082,CC(c1cccc(Br)c1O)C1CC1,0
OC[C@@H]1CN(CC=C)C[C@@]1(NC(=S)NC(=O)C1=CC=CC=C1)C1=CC(Br)=CC=C1F,29389251,C=CCN1C[C@@H](CO)[C@](NC(=S)NC(=O)c2ccccc2)(c2cc(Br)ccc2F)C1,0
CCN(C1CCOCC1)C1=C(C=C(Br)C=C1)N(=O)=O,30640184,CCN(c1ccc(Br)cc1[N+](=O)[O-])C1CCOCC1,0
CC1=C(C)C(C(=O)C2=CC=C(Br)C=C2)=C(N)S1,30988112,Cc1sc(N)c(C(=O)c2ccc(Br)cc2)c1C,0
CC1=C(Br)C=C(F)C(=C1)S(Cl)(=O)=O,32111383,Cc1cc(S(=O)(=O)Cl)c(F)cc1Br,0
COCOC1=CC(Br)=C(F)C=C1,32194067,COCOc1ccc(F)c(Br)c1,0
CN(C1=C(C=CC(Br)=C1)N(=O)=O)S(C)(=O)=O,32706239,CN(c1cc(Br)ccc1[N+](=O)[O-])S(C)(=O)=O,0
FC1=C(Br)C=C(C=C1)S(=O)(=O)C1CC1,35156250,O=S(=O)(c1ccc(F)c(Br)c1)C1CC1,0
CC(=O)C1=C(N)C=C(F)C(Br)=C1,35270188,CC(=O)c1cc(Br)c(F)cc1N,0
SC1=NN=C(O1)C1=CC=C(Br)C=C1,518374,Sc1nnc(-c2ccc(Br)cc2)o1,41421-19-6
OCC1=CN(N=C1C1=CC=C(Br)C=C1)C1=CC=CC=C1,752602,OCc1cn(-c2ccccc2)nc1-c1ccc(Br)cc1,36640-55-8
OC(=O)C1=CC=C(O1)C1=CC=C(Br)C=C1,1243311,O=C(O)c1ccc(-c2ccc(Br)cc2)o1,52938-96-2
BrC1=CC=C(C=C1)C1CCC(=O)O1,1344288,O=C1CCC(c2ccc(Br)cc2)O1,0
BrC1=CC=C(\C=C2/COC3=CC=CC=C3C2=O)C=C1,1579432,O=C1/C(=C/c2ccc(Br)cc2)COc2ccccc21,0
[H][C@@]12C[C@]1(C)[C@@](C)(CC2)C1=CC(Br)=C(C)C=C1O,1880118,Cc1cc(O)c([C@]2(C)CC[C@@H]3C[C@@]32C)cc1Br,10539-87-4
ClC1=CC2=C(C=CC=C2)C(Br)=C1,1939712,Clc1cc(Br)c2ccccc2c1,51671-06-8
OCCSC1=CC=C(Br)C=C1,1941196,OCCSc1ccc(Br)cc1,14703-92-5
CC(C)OC(=O)C1=CC=C(Br)C=C1,1948927,CC(C)OC(=O)c1ccc(Br)cc1,59247-48-2
BrC1=CC=C(CCC#N)C=C1,2085736,N#CCCc1ccc(Br)cc1,57775-08-3
BrC1=CC=C(C2=C1C=CC=C2)N(=O)=O,2103199,O=[N+]([O-])c1ccc(Br)c2ccccc12,4236-05-9
OC1=CC=CC(O)=C1C(=O)NC1=CC=C(Br)C=C1,2133881,O=C(Nc1ccc(Br)cc1)c1c(O)cccc1O,20788-07-2
COC1=CC(C=O)=C(OC)C(Br)=C1,2446623,COc1cc(Br)c(OC)c(C=O)c1,68216-65-9
OC(=O)CCOC1=CC=CC(Br)=C1,2524871,O=C(O)CCOc1cccc(Br)c1,18386-03-3
COC1=C(Br)C=CC2=C1C=CC=C2,2556073,COc1c(Br)ccc2ccccc12,62012-54-8
FC1=CC=C(C=C1Br)C(Cl)=O,2613646,O=C(Cl)c1ccc(F)c(Br)c1,672-75-3
CCOC(=O)C(=O)C1=CC=CC(Br)=C1,2642178,CCOC(=O)C(=O)c1cccc(Br)c1,62123-80-2
COC1=C(OC)C(=CC(Br)=C1)C(O)=O,2645521,COc1cc(Br)cc(C(=O)O)c1OC,72517-23-8
CCOC1=CC=C(N)C=C1Br,2718275,CCOc1ccc(N)cc1Br,101251-12-1
NC(=O)NC1=CC(Br)=CC=C1,2718463,NC(=O)Nc1cccc(Br)c1,2989-98-2
OC(=O)CNC1=C(C=C(Br)C=C1)C(O)=O,2734801,O=C(O)CNc1ccc(Br)cc1C(=O)O,32253-75-1
CCC(=O)NC1=CC=C(Br)C=C1,2803299,CCC(=O)Nc1ccc(Br)cc1,2760-35-2
BrC1=CC=C(NCC(=O)C2=CC=CC=C2)C=C1,2808314,O=C(CNc1ccc(Br)cc1)c1ccccc1,4831-21-4
CC1=CC(C)=C(N)C=C1Br,2828412,Cc1cc(C)c(Br)cc1N,69383-60-4
CN(C)C1=CC(C)=C(Br)C=C1,2828898,Cc1cc(N(C)C)ccc1Br,50638-50-1
CC1=CC=C(C=C1)S(=O)(=O)NC1=CC=C(Br)C=C1C(=O)C1=CC=CC=C1,3070530,Cc1ccc(S(=O)(=O)Nc2ccc(Br)cc2C(=O)c2ccccc2)cc1,94579-32-5
BrC1=CC=C(NCC=C)C=C1,3088874,C=CCNc1ccc(Br)cc1,22774-76-1
CC1=CC(N)=C(N)C=C1Br,3237807,Cc1cc(N)c(N)cc1Br,102169-44-8
CC1=C(O)C(Br)=CC2=CC=CC=C12,3243935,Cc1c(O)c(Br)cc2ccccc12,59340-18-0
OC(=O)C1=C(Br)C(Cl)=CC=C1,3247378,O=C(O)c1cccc(Cl)c1Br,56961-26-3
OC1=C(I)C=C(Br)C=C1I,3247753,Oc1c(I)cc(Br)cc1I,15459-51-5
FS(=O)(=O)C1=CC(Br)=CC=C1,3248787,O=S(=O)(F)c1cccc(Br)c1,454-65-9
CC(=O)NC1=C(F)C=C(Br)C=C1,3250459,CC(=O)Nc1ccc(Br)cc1F,326-66-9
BrC1=C(C=C(C=C1)N(=O)=O)C#N,3256612,N#Cc1cc([N+](=O)[O-])ccc1Br,134604-07-2
BrC1=C(C(I)=CC=C1)N(=O)=O,3257048,O=[N+]([O-])c1c(Br)cccc1I,0
CC1=C(C(C)=C(Br)C=C1)N(=O)=O,3257360,Cc1ccc(Br)c(C)c1[N+](=O)[O-],39053-43-5
CCOC(=O)C1=CC(Br)=C(O)C=C1,3258258,CCOC(=O)c1ccc(O)c(Br)c1,37470-58-9
ClC1=CC(=CC(Br)=C1)S(Cl)(=O)=O,3263707,O=S(=O)(Cl)c1cc(Cl)cc(Br)c1,0
CC(=O)NC1=C(Br)C=C(C=C1)N(=O)=O,3297023,CC(=O)Nc1ccc([N+](=O)[O-])cc1Br,57045-86-0
COC(=O)C1=C(O)C(Br)=CC=C1,3530339,COC(=O)c1cccc(Br)c1O,28165-45-9
CC1=CC(Br)=CC(C(O)=O)=C1O,3530417,Cc1cc(Br)cc(C(=O)O)c1O,36194-82-8
CC(C)C1=C(O)C(Br)=CC=C1,4177068,CC(C)c1cccc(Br)c1O,129976-32-5
COC1=C(OC)C(OC)=C(Br)C(C)=C1,4182674,COc1cc(C)c(Br)c(OC)c1OC,72326-72-8
CC1=CC(OC2=CC=CC=C2)=CC=C1Br,6198931,Cc1cc(Oc2ccccc2)ccc1Br,77317-53-4
NC(=O)CC1=CC=CC(Br)=C1,6386422,NC(=O)Cc1cccc(Br)c1,60312-83-6
CC(C)(C)OC(=O)NCCC1=CC=C(O)C(Br)=C1,6405454,CC(C)(C)OC(=O)NCCc1ccc(O)c(Br)c1,124840-72-8
COC1=CC(C=O)=CC=C1OC(=O)C1=CC=C(Br)C=C1,6730140,COc1cc(C=O)ccc1OC(=O)c1ccc(Br)cc1,443908-04-1
CC(C)(C)[C@H]1COC(=N1)C1=C(Br)C=CC=C1,6804766,CC(C)(C)[C@H]1COC(c2ccccc2Br)=N1,154701-60-7
FC(F)(C1=CC=CC=C1)C1=CC=C(Br)C=C1,7023930,FC(F)(c1ccccc1)c1ccc(Br)cc1,0
BrC1=C(C=CC=C1C1=CC=CC=C1)C1=CC=CC=C1,7092035,Brc1c(-c2ccccc2)cccc1-c1ccccc1,0
CCOC(=O)CC(=O)CC1=CC=C(Br)C=C1,7705746,CCOC(=O)CC(=O)Cc1ccc(Br)cc1,160010-18-4
CC(C)=CCOC1=CC=C(Br)C=C1,7869850,CC(C)=CCOc1ccc(Br)cc1,204503-25-3
COC1=C(O)C=C2C(NC3=CC=CC(Br)=C3)=NC=NC2=C1,7936635,COc1cc2ncnc(Nc3cccc(Br)c3)c2cc1O,295330-61-9
ClC1=CC(Br)=CC(Cl)=C1C=O,8542556,O=Cc1c(Cl)cc(Br)cc1Cl,111829-72-2
BrC1=CC=C(\C=C2/SC(=O)NC2=O)C=C1,8550403,O=C1NC(=O)/C(=C/c2ccc(Br)cc2)S1,291536-36-2
BrC#CC1=CC=CC=C1Br,8899736,BrC#Cc1ccccc1Br,401514-46-3
COC(=O)C(Br)C1=CC(Br)=CC=C1,8900751,COC(=O)C(Br)c1cccc(Br)c1,163339-67-1
CC1(C)OB(CC2=CC=C(Br)C=C2)OC1(C)C,9126444,CC1(C)OB(Cc2ccc(Br)cc2)OC1(C)C,477841-90-0
BrCCCOC1=CC(Br)=CC=C1,9190940,BrCCCOc1cccc(Br)c1,156450-01-0
CC1(C)OB(OC1(C)C)C1=CC(Br)=CC(=C1)C(F)(F)F,9336784,CC1(C)OB(c2cc(Br)cc(C(F)(F)F)c2)OC1(C)C,479411-92-2
FC1=CC(I)=C(F)C=C1Br,9696534,Fc1cc(I)c(F)cc1Br,145349-66-2
CSC1=CC(F)=CC=C1Br,10424162,CSc1cc(F)ccc1Br,147460-43-3
OCC1=C(F)C=CC=C1Br,10655466,OCc1c(F)cccc1Br,261723-33-5
CCCN(CCC)C(=O)C1=CC(Br)=CC(=C1)C(=O)OC,11118596,CCCN(CCC)C(=O)c1cc(Br)cc(C(=O)OC)c1,388071-08-7
COCCNS(=O)(=O)C1=CC=C(Br)C=C1,11440646,COCCNS(=O)(=O)c1ccc(Br)cc1,0
COC(=O)C1=C(C)C=C(Br)C=C1CBr,11706106,COC(=O)c1c(C)cc(Br)cc1CBr,877149-15-0
FC1=CC(Br)=C(C=C1F)C(Cl)=O,13475999,O=C(Cl)c1cc(F)c(F)cc1Br,103994-89-4
CCOC(=O)C(C)(C(=O)OCC)C1=CC=C(Br)C=C1,13834760,CCOC(=O)C(C)(C(=O)OCC)c1ccc(Br)cc1,872882-98-9
FC1=C(CC#N)C=C(Br)C=C1,13904855,N#CCc1cc(Br)ccc1F,0
OCCCC1=C(Br)C=C(F)C=C1,14193436,OCCCc1ccc(F)cc1Br,404575-32-2
CN1C2=C(N(CC3=C(Br)C=CC=C3)C(Cl)=N2)C(=O)N(C)C1=O,14218792,Cn1c(=O)c2c(nc(Cl)n2Cc2ccccc2Br)n(C)c1=O,346597-03-3
ClCCCOC1=CC=CC(Br)=C1,14294408,ClCCCOc1cccc(Br)c1,487058-50-4
FC1=C(F)C=C(CBr)C(Br)=C1,14309404,Fc1cc(Br)c(CBr)cc1F,647862-95-1
COC1=C(F)C=C(Br)C(=C1)C(O)=O,14422569,COc1cc(C(=O)O)c(Br)cc1F,1007455-21-1
COC1=CC(Br)=CC=C1CC#N,14432411,COc1cc(Br)ccc1CC#N,858523-37-2
CC(C)(C)OC(=O)NC1=CC(F)=CC=C1Br,14437321,CC(C)(C)OC(=O)Nc1cc(F)ccc1Br,861931-75-1
OC(=O)C1(CC1)C1=C(F)C=C(Br)C=C1,14482367,O=C(O)C1(c2ccc(Br)cc2F)CC1,872422-15-6
CC1=C(Br)C=CC(CC#N)=C1,14548263,Cc1cc(CC#N)ccc1Br,215800-25-2
OC(=O)CC1=C(F)C=CC(Br)=C1,14550834,O=C(O)Cc1cc(Br)ccc1F,883514-21-4
CCOC(=O)C1=C(OCC)C=C(Br)C=C1,15488180,CCOC(=O)c1ccc(Br)cc1OCC,939983-36-5
COC1=CC(Br)=CC(CCC(O)=O)=C1,15496578,COc1cc(Br)cc(CCC(=O)O)c1,881190-50-7
CCC1=C(C=O)C=C(Br)C=C1,15533455,CCc1ccc(Br)cc1C=O,946001-65-6
CC(C)(C)OC(=O)C1=CC(Br)=C(Cl)C=C1,15644488,CC(C)(C)OC(=O)c1ccc(Cl)c(Br)c1,1012342-35-6
COC1=CC(NC(=O)OC(C)(C)C)=C(Br)C(OC)=C1CN1CCOCC1,18444326,COc1cc(NC(=O)OC(C)(C)C)c(Br)c(OC)c1CN1CCOCC1,1044872-62-9
OC1=C(Br)C=CC=C1C=C,18453267,C=Cc1cccc(Br)c1O,811867-45-5
OB(O)C1=CC=CC(=C1)C1=CC(Br)=CC=C1,18873758,OB(O)c1cccc(-c2cccc(Br)c2)c1,1048990-21-1
OC1(C2=C(C=CC=C2)C2=C1C=CC=C2)C1=CC(Br)=CC=C1,18997291,OC1(c2cccc(Br)c2)c2ccccc2-c2ccccc21,1086641-47-5
COC1=C(Br)C=CC(=C1)N1CCN(C)CC1,19045344,COc1cc(N2CCN(C)CC2)ccc1Br,1146950-78-8
COC1=C(C(F)=CC(Br)=C1)N(=O)=O,19079225,COc1cc(Br)cc(F)c1[N+](=O)[O-],1137869-91-0
CC1=C(CC(O)=O)C=C(Br)C(F)=C1,19142648,Cc1cc(F)c(Br)cc1CC(=O)O,1145784-90-2
CCN(CC)C(=O)C1=CC=C(Br)C=C1C,19889706,CCN(CC)C(=O)c1ccc(Br)cc1C,682778-12-7
CC(C)(C)OC(=O)N1CCC[C@H]1C1=C(Br)C=CC=C1,20229874,CC(C)(C)OC(=O)N1CCC[C@H]1c1ccccc1Br,1224945-45-2
C[C@@H](OC(=O)NC1=C(ON=C1C)C1=CC=C(Br)C=C1)C1=C(Cl)C=CC=C1,20330224,Cc1noc(-c2ccc(Br)cc2)c1NC(=O)O[C@H](C)c1ccccc1Cl,1228690-20-7
NC1=C(Cl)C(Br)=CC(F)=C1,20731520,Nc1cc(F)cc(Br)c1Cl,187929-81-3
OCC1=C(Br)C=CC(O)=C1Cl,20880785,OCc1c(Br)ccc(O)c1Cl,1255206-92-8
FC(F)C(=O)C1=CC(Br)=CC=C1,21011942,O=C(c1cccc(Br)c1)C(F)F,1002356-02-6
CC1(COCC(=S)N1)C1=CC(Br)=CC=C1,21011976,CC1(c2cccc(Br)c2)COCC(=S)N1,1262858-68-3
OCC(CO)(C1=C(F)C=CC(Br)=C1)N(=O)=O,21011986,O=[N+]([O-])C(CO)(CO)c1cc(Br)ccc1F,1262859-93-7
NC1=NC(COC1)(C(F)F)C1=C(F)C=CC(Br)=C1,21012023,NC1=NC(c2cc(Br)ccc2F)(C(F)F)COC1,1262859-04-0
CC(C)(C)[Si](C)(C)OCC(F)(F)C(O)C1=C(F)C=CC(Br)=C1,21012054,CC(C)(C)[Si](C)(C)OCC(F)(F)C(O)c1cc(Br)ccc1F,1262860-24-1
BrCC1=C(C=CC=C1Br)C#N,21128151,N#Cc1cccc(Br)c1CBr,1233479-42-9
CC1=NOC(=C1NC(=O)OC(C)(C)C)C1=CC=C(Br)C=C1,21280515,Cc1noc(-c2ccc(Br)cc2)c1NC(=O)OC(C)(C)C,1280205-96-0
BrC1=CC=C(C=C1)C1=C2C=CC=CC2=C(C2=CC=C3C=CC=CC3=C2)C2=CC=CC=C12,21392932,Brc1ccc(-c2c3ccccc3c(-c3ccc4ccccc4c3)c3ccccc23)cc1,936854-62-5
CCOC1=C(Br)C=CC(=C1)C(O)=O,21475028,CCOc1cc(C(=O)O)ccc1Br,933671-86-4
FC(F)(F)C1=CC=CC(Cl)=C1Br,21501675,FC(F)(F)c1cccc(Cl)c1Br,384-16-7
CC(OS(C)(=O)=O)(C1=CC=C(Br)C=C1)C(F)(F)F,22001550,CC(OS(C)(=O)=O)(c1ccc(Br)cc1)C(F)(F)F,1225380-04-0
BrC1=CC=CC(=C1)C(=C(C1=CC=CC=C1)C1=CC=CC=C1)C1=CC=CC=C1,22940059,Brc1cccc(C(=C(c2ccccc2)c2ccccc2)c2ccccc2)c1,1400890-62-1
CCC(F)(F)C1=CC=C(Br)C=C1,23287550,CCC(F)(F)c1ccc(Br)cc1,162783-79-1
FC1=CC(Br)=CC=C1C(=O)C1CC1,23287553,O=C(c1ccc(Br)cc1F)C1CC1,898790-15-3
CNC(=O)C1=C(OC2=CC(N(C3=CC(Cl)=C(Br)C(COCOC)=C3)S(C)(=O)=O)=C(C=C12)C1CC1)C1=CC=C(F)C=C1,23347480,CNC(=O)c1c(-c2ccc(F)cc2)oc2cc(N(c3cc(Cl)c(Br)c(COCOC)c3)S(C)(=O)=O)c(C3CC3)cc12,1423007-87-7
CC(=O)OCC1=C(Br)C=C(F)C=C1N1N=CC2=C(SC3=C2CCCC3)C1=O,23508159,CC(=O)OCc1c(Br)cc(F)cc1-n1ncc2c3c(sc2c1=O)CCCC3,1346677-00-6
CC1=CC=C(C=C1)C(=O)\C=C(\C1=CC=C(Br)C=C1)C(F)(F)F,23593481,Cc1ccc(C(=O)/C=C(/c2ccc(Br)cc2)C(F)(F)F)cc1,1441057-85-7
CC(C)(C)OC(=O)N1CCN(CC2=CC=C(Br)C=C2F)CC1,23732846,CC(C)(C)OC(=O)N1CCN(Cc2ccc(Br)cc2F)CC1,1260809-13-9
OC(=O)CC1=C(Br)C=C(C=C1)C(F)(F)F,23973399,O=C(O)Cc1ccc(C(F)(F)F)cc1Br,518070-15-0
COC(=O)C1(CC(=O)C1)C1=CC=C(Br)C=C1,26516280,COC(=O)C1(c2ccc(Br)cc2)CC(=O)C1,1364663-42-2
COC(=O)C[C@H]1[C@H](C)C(=NN1C1=CC=C(Br)C=C1)C(F)(F)F,26915155,COC(=O)C[C@H]1[C@H](C)C(C(F)(F)F)=NN1c1ccc(Br)cc1,1610371-74-8
CSC1=CC(F)=C(F)C=C1Br,27159753,CSc1cc(F)c(F)cc1Br,0
CS(=O)(=O)CC1=CC(Br)=C(NC2=C(F)C=C(F)C=C2)C(=C1)C1CC1,27160242,CS(=O)(=O)Cc1cc(Br)c(Nc2ccc(F)cc2F)c(C2CC2)c1,0
COC(=O)C1=CC(Br)=CC(Cl)=C1,27381193,COC(=O)c1cc(Cl)cc(Br)c1,0
CSC1=C(CO)C=CC(Br)=C1,27955364,CSc1cc(Br)ccc1CO,0
OC(C1CC1)C1=CC=C(Br)C=C1F,28304680,OC(c1ccc(Br)cc1F)C1CC1,0
CC(C)C[C@](C)(N)COC1=C(C=C(Br)C=C1)C(F)(F)F,28817142,CC(C)C[C@](C)(N)COc1ccc(Br)cc1C(F)(F)F,0
CC(C)C[C@](C)(N)COC1=C(C=C(Br)C=C1)C(F)F,28817148,CC(C)C[C@](C)(N)COc1ccc(Br)cc1C(F)F,0
COC(=O)C1=C(Cl)C=C(C(Br)=C1)C(F)(F)F,28867398,COC(=O)c1cc(Br)c(C(F)(F)F)cc1Cl,0
FC1=CC(OC(F)(F)F)=CC(Br)=C1,29812056,Fc1cc(Br)cc(OC(F)(F)F)c1,0
CSCCNC1=NON=C1C1=NOC(=O)N1C1=CC(Br)=C(F)C=C1,30006867,CSCCNc1nonc1-c1noc(=O)n1-c1ccc(F)c(Br)c1,0
C[C@@H](N)CC1=CC=CC(Br)=C1C,31897537,Cc1c(Br)cccc1C[C@@H](C)N,0
COC(=O)C1=C(N=NN1C)C1=CC=C(Br)C=C1,32165548,COC(=O)c1c(-c2ccc(Br)cc2)nnn1C,0
CCC1=C(C=C(N)C=C1Br)C(=O)OC,32322683,CCc1c(Br)cc(N)cc1C(=O)OC,0
CN(C)C\C=C\C(=O)NC1=CC2=C(NC3=CC(Br)=C(Cl)C=C3)N=CN=C2C=N1,34358264,CN(C)C/C=C/C(=O)Nc1cc2c(Nc3ccc(Cl)c(Br)c3)ncnc2cn1,0
CC(C)(C)C1=CC(Cl)=C(Cl)C(Br)=C1,37635658,CC(C)(C)c1cc(Cl)c(Cl)c(Br)c1,0
COC(=O)C1=CC(Cl)=CC(Br)=C1C,40174080,COC(=O)c1cc(Cl)cc(Br)c1C,0
BrC1=CC=C(C=C1)C1=NNC(=O)CC1,163393,O=C1CCC(c2ccc(Br)cc2)=NN1,36725-37-8
CCOC(=O)C(=NNC1=CC=C(Br)C=C1)C(C)=O,661121,CCOC(=O)C(=NNc1ccc(Br)cc1)C(C)=O,18794-98-4
BrC1=CC=C(C=C1)C12CC1CNC2,1242048,Brc1ccc(C23CNCC2C3)cc1,86215-40-9
BrC1=CC=C(NNC(=O)C2=CC=CC=C2)C=C1,1820748,O=C(NNc1ccc(Br)cc1)c1ccccc1,71315-63-4
CCOC(=O)C(C)(C)OC1=CC=C(Br)C=C1,1879439,CCOC(=O)C(C)(C)Oc1ccc(Br)cc1,59227-80-4
ClC(Cl)C(=O)C1=CC=C(Br)C=C1,1948586,O=C(c1ccc(Br)cc1)C(Cl)Cl,7716-86-1
CC(C)(CC(O)=O)C1=CC=C(Br)C=C1,1953224,CC(C)(CC(=O)O)c1ccc(Br)cc1,67159-82-4
OC(=O)C1=C(F)C(Br)=CC=C1F,1957996,O=C(O)c1c(F)ccc(Br)c1F,28314-81-0
CC(=O)C1=C(C=CC(Br)=C1)N(=O)=O,1959216,CC(=O)c1cc(Br)ccc1[N+](=O)[O-],41877-24-1
ClC(=O)C1=CC=C(Br)C(=C1)N(=O)=O,1963998,O=C(Cl)c1ccc(Br)c([N+](=O)[O-])c1,335015-51-5
COC1=CC(C)=CC(Br)=C1O,2046883,COc1cc(C)cc(Br)c1O,71119-08-9
FC1=CC=CC2=CC=CC(Br)=C12,2086256,Fc1cccc2cccc(Br)c12,33718-15-9
COCOC1=CC=C(Br)C=C1C=O,2096945,COCOc1ccc(Br)cc1C=O,68860-39-9
OC1=CC=C(OC2=CC=C(Br)C=C2)C=C1,2104634,Oc1ccc(Oc2ccc(Br)cc2)cc1,13320-48-4
OC(=O)CCCC(=O)C1=CC=C(Br)C=C1,2111177,O=C(O)CCCC(=O)c1ccc(Br)cc1,35333-26-7
BrC1=CC=C(\C=C2/CC3=C(C=CC=C3)C2=O)C=C1,2331582,O=C1/C(=C/c2ccc(Br)cc2)Cc2ccccc21,5706-19-4
CC1=C(Br)C=C(C=C1)C(C)(C)O,2356851,Cc1ccc(C(C)(C)O)cc1Br,40180-81-2
CC(C)(C)C(=O)OC1=CC=C(Br)C=C1,2443342,CC(C)(C)C(=O)Oc1ccc(Br)cc1,63549-55-3
CC(=O)CCC(=O)C1=CC=C(Br)C=C1,2448521,CC(=O)CCC(=O)c1ccc(Br)cc1,2108-56-7
ClC(=O)COC1=CC=C(Br)C=C1,2522732,O=C(Cl)COc1ccc(Br)cc1,16738-06-0
CC1=CC(O)=C(C=C1Br)N(=O)=O,2522783,Cc1cc(O)c([N+](=O)[O-])cc1Br,182500-28-3
BrC1=C(C=CC(=C1)C1=CC=CC=C1)C1=CC=CC=C1,2559543,Brc1cc(-c2ccccc2)ccc1-c1ccccc1,3282-25-5
ClC(=O)C1=CC(Br)=C(Cl)C=C1,2574803,O=C(Cl)c1ccc(Cl)c(Br)c1,21900-34-5
OC(=O)C1=CC=C(Br)C=C1C1=CC=CC=C1,2580480,O=C(O)c1ccc(Br)cc1-c1ccccc1,99514-96-2
OC(=O)C1=CC=CC=C1C1=CC=C(Br)C=C1,2616080,O=C(O)c1ccccc1-c1ccc(Br)cc1,37174-65-5
BrC1=CC=C(SS(=O)(=O)C2=CC=CC=C2)C=C1,2652219,O=S(=O)(Sc1ccc(Br)cc1)c1ccccc1,26974-36-7
NC1=CC(Br)=CC(=C1)C#N,2716575,N#Cc1cc(N)cc(Br)c1,49674-16-0
NCCNC1=CC(Br)=CC=C1,2717336,NCCNc1cccc(Br)c1,14088-81-4
CC1=C(N)C2=C(C=CC=C2)C(Br)=C1,2719305,Cc1cc(Br)c2ccccc2c1N,37113-08-9
CC(NC1=CC=CC=C1)C1=CC=C(Br)C=C1,2724768,CC(Nc1ccccc1)c1ccc(Br)cc1,93807-01-3
OCCN(CCO)CC1=CC=C(Br)C=C1,2727666,OCCN(CCO)Cc1ccc(Br)cc1,2743-06-8
BrC1=CC=C(C=C1)N=P(C1=CC=CC=C1)(C1=CC=CC=C1)C1=CC=CC=C1,2759960,Brc1ccc(N=P(c2ccccc2)(c2ccccc2)c2ccccc2)cc1,14987-96-3
NCC(O)C1=CC=C(Br)C=C1,2803740,NCC(O)c1ccc(Br)cc1,41147-82-4
NC1=CC=C(Br)C(Cl)=C1Cl,3127998,Nc1ccc(Br)c(Cl)c1Cl,56978-48-4
CC1=CC(Br)=CC(N)=C1O,3240711,Cc1cc(Br)cc(N)c1O,343269-52-3
CC1=C(O)C=CC2=CC(Br)=CC=C12,3243936,Cc1c(O)ccc2cc(Br)ccc12,16667-01-9
CC(O)C(=O)C1=CC=C(Br)C=C1,3244684,CC(O)C(=O)c1ccc(Br)cc1,145070-49-1
COC1=CC(N)=C(OC)C=C1Br,3257554,COc1cc(Br)c(OC)cc1N,244236-98-4
COC(=O)COC1=CC=C(Br)C=C1,3270116,COC(=O)COc1ccc(Br)cc1,4841-23-0
CC1=CC=C(SCC2=CC=C(Br)C=C2)C=C1,3281148,Cc1ccc(SCc2ccc(Br)cc2)cc1,100716-25-4
COC(=O)C1=C(C=C(Br)C=C1)C1=CC=CC=C1,3287858,COC(=O)c1ccc(Br)cc1-c1ccccc1,191103-21-6
OC(=O)C1=C(C=C(Br)C=C1)C(=O)C1=CC=CC=C1,3310390,O=C(O)c1ccc(Br)cc1C(=O)c1ccccc1,412299-83-3
BrC1=C(C=CC=C1)C(=O)C1=CC=C(C=C1)C1=CC=CC=C1,3311439,O=C(c1ccc(-c2ccccc2)cc1)c1ccccc1Br,80874-61-9
BrC1=CC=C(C=C1)C(=O)CN1C=NC=N1,3548658,O=C(Cn1cncn1)c1ccc(Br)cc1,60850-59-1
CC(O)(C1=CC=CC(Br)=C1)C(F)(F)F,3650399,CC(O)(c1cccc(Br)c1)C(F)(F)F,122243-30-5
CCOP(=O)(OCC)C(N)C1=CC=C(Br)C=C1,3966050,CCOP(=O)(OCC)C(N)c1ccc(Br)cc1,189180-13-0
CC(C)(C)[Si](C)(C)OCC1=CC=CC=C1Br,4180833,CC(C)(C)[Si](C)(C)OCc1ccccc1Br,94236-20-1
COC1=CC(O)=CC(Br)=C1OC,5257336,COc1cc(O)cc(Br)c1OC,93092-14-9
BrC1=CC=C(\C=C2/OC3=C(C=CC=C3)C2=O)C=C1,5267704,O=C1/C(=C/c2ccc(Br)cc2)Oc2ccccc21,0
CCOC(=O)C1=CC(Cl)=C(Br)C=C1,6503177,CCOC(=O)c1ccc(Br)c(Cl)c1,120077-67-0
CS(=O)(=O)NC1=CC(Br)=CC=C1,6503347,CS(=O)(=O)Nc1cccc(Br)c1,83922-51-4
COC1=C(Br)C(=CC=C1)C(F)(F)F,6505337,COc1cccc(C(F)(F)F)c1Br,0
CC1=CC=C(C=C1)S(=O)(=O)N\N=C\C1=CC=C(Br)C=C1,7035691,Cc1ccc(S(=O)(=O)N/N=C/c2ccc(Br)cc2)cc1,0
CCOC(=O)\C=C(/C)C1=CC=C(Br)C=C1,7370712,CCOC(=O)/C=C(\C)c1ccc(Br)cc1,352287-96-8
COC1=CC2=C(C=C1N)C(NC1=CC(Br)=CC=C1)=NC=N2,7466735,COc1cc2ncnc(Nc3cccc(Br)c3)c2cc1N,0
COC(=O)C1=C(O)C(O)=CC(Br)=C1,7635407,COC(=O)c1cc(Br)cc(O)c1O,105603-49-4
BrC1=CC=C(C=C1)C1CNCCO1,8054000,Brc1ccc(C2CNCCO2)cc1,83555-73-1
CC[C@H](O)C1=CC(Br)=CC=C1,8254385,CC[C@H](O)c1cccc(Br)c1,224622-38-2
N[C@@H](C1=CC=C(Br)C=C1)C(F)(F)F,8682633,N[C@@H](c1ccc(Br)cc1)C(F)(F)F,0
BrC1=CC=C(C=C1)C(=O)C=C=C,8975497,C=C=CC(=O)c1ccc(Br)cc1,378186-96-0
BrC1=CC=CC(CN2CCOCC2)=C1,9258447,Brc1cccc(CN2CCOCC2)c1,364793-82-8
CSC1=C(C=CC(Br)=C1)N(=O)=O,9386838,CSc1cc(Br)ccc1[N+](=O)[O-],0
BrCC(=C)C1=CC=C(Br)C=C1,9387924,C=C(CBr)c1ccc(Br)cc1,184773-89-5
COC(=O)C1=CC(=CC=C1Br)C1=CC=CC=C1,9765040,COC(=O)c1cc(-c2ccccc2)ccc1Br,0
COC(=O)CC1=CC=CC(Br)=C1O,9997368,COC(=O)Cc1cccc(Br)c1O,628331-74-8
BrC1=CC=C(C=C1)N1CCC2(CC1)OCCO2,10073314,Brc1ccc(N2CCC3(CC2)OCCO3)cc1,0
BrC1=C(C=C2CC2)C=CC=C1,10335112,Brc1ccccc1C=C1CC1,864910-02-1
CCOC1=CC(C=O)=CC(OCC)=C1Br,10339439,CCOc1cc(C=O)cc(OCC)c1Br,363166-11-4
OC(CCC1=CC=CC=C1)C1=CC=C(Br)C=C1,10431721,OC(CCc1ccccc1)c1ccc(Br)cc1,0
CCC(=O)C1=CC(Br)=CC=C1F,10531122,CCC(=O)c1cc(Br)ccc1F,864774-65-2
BrC1=CC=CC(OCCN2CCOCC2)=C1,10541248,Brc1cccc(OCCN2CCOCC2)c1,0
CCOC(=O)C(=C)C(O)C1=CC=C(Br)C=C1,10541315,C=C(C(=O)OCC)C(O)c1ccc(Br)cc1,0
CC(C)(C)OC(=O)NC1=CC=C(Cl)C=C1Br,10663508,CC(C)(C)OC(=O)Nc1ccc(Cl)cc1Br,384793-16-2
FC(F)(F)C1=CC(C(Cl)=O)=C(Br)C=C1,11072075,O=C(Cl)c1cc(C(F)(F)F)ccc1Br,944836-48-0
FC1=CC(F)=C(C(F)=C1Br)N(=O)=O,11124110,O=[N+]([O-])c1c(F)cc(F)c(Br)c1F,762297-93-8
CCOC(=O)C(CC1=CC=CC(Br)=C1)=C=C,11260543,C=C=C(Cc1cccc(Br)c1)C(=O)OCC,0
OC(=O)C1=C(Br)C=CC(=C1)C#N,11424655,N#Cc1ccc(Br)c(C(=O)O)c1,845616-12-8
CC1=C(N)C(=CC(Br)=C1)C(N)=O,12631832,Cc1cc(Br)cc(C(N)=O)c1N,0
BrC1=CC=C(C=C1)C1=CCOCC1,13196788,Brc1ccc(C2=CCOCC2)cc1,0
COC1=CC(=C(F)C=C1Br)N(=O)=O,13501915,COc1cc([N+](=O)[O-])c(F)cc1Br,0
FC1=C(C=CC(Br)=C1)C1OCCO1,14246600,Fc1cc(Br)ccc1C1OCCO1,248270-23-7
OC(=O)C1(CCCCC1)C1=CC=C(Br)C=C1,14309506,O=C(O)C1(c2ccc(Br)cc2)CCCCC1,732308-80-4
OCC1=C(Br)C=CC=C1N(=O)=O,14446515,O=[N+]([O-])c1cccc(Br)c1CO,861106-91-4
CC(C)(O)CNC1=CC=C(Br)C=C1N(=O)=O,14450300,CC(C)(O)CNc1ccc(Br)cc1[N+](=O)[O-],863409-41-0
OC1=C(F)C=C(Br)C=C1C#N,14525304,N#Cc1cc(Br)cc(F)c1O,876918-40-0
COC(=O)CC1=C(C)C=C(Br)C=C1,14548268,COC(=O)Cc1ccc(Br)cc1C,958646-47-4
BrC1=CC=C2C=CC3=C(C=CC4=CC=C1C2=C34)C1=CC=CC=C1,15429971,Brc1ccc2ccc3c(-c4ccccc4)ccc4ccc1c2c43,294881-47-3
COC(=O)CNC1=C(OCC2=CC=CC=C2)C=C2C=CC(Br)=CC2=C1,15506003,COC(=O)CNc1cc2cc(Br)ccc2cc1OCc1ccccc1,1092455-31-6
NC1=C(CO)C=CC(Br)=C1,15516497,Nc1cc(Br)ccc1CO,946122-05-0
FC(F)(F)S(=O)(=O)OC1=CC=C(Br)C=C1Cl,15612713,O=S(=O)(Oc1ccc(Br)cc1Cl)C(F)(F)F,313510-77-9
CC(=O)NC[C@H]1CN(C(=O)O1)C1=CC=C(Br)C(F)=C1,18369991,CC(=O)NC[C@H]1CN(c2ccc(Br)c(F)c2)C(=O)O1,856677-05-9
BrC1=C(OCC2=CC=CC=C2)C=CC(=C1)C#N,19074000,N#Cc1ccc(OCc2ccccc2)c(Br)c1,317358-76-2
OC1=CC=C(Br)C(F)=C1C=O,19170882,O=Cc1c(O)ccc(Br)c1F,1160653-95-1
COC(=O)C(CC1=CC=C(C=C1)C(=O)OC(C)(C)C)C1=CC=C(Br)C=C1,20085777,COC(=O)C(Cc1ccc(C(=O)OC(C)(C)C)cc1)c1ccc(Br)cc1,1207989-81-8
CN1C=CN=C1C1=CC=CC(Br)=C1,20235258,Cn1ccnc1-c1cccc(Br)c1,960067-92-9
CNCC1=CC(Cl)=CC=C1Br,20555658,CNCc1cc(Cl)ccc1Br,1308649-63-9
O\N=C\C1=CC=C(Br)C2=CC=CC=C12,20693536,O/N=C/c1ccc(Br)c2ccccc12,0
C[C@](N)(CO)C1=CC(Br)=CC(=C1)N(=O)=O,21011982,C[C@](N)(CO)c1cc(Br)cc([N+](=O)[O-])c1,1262859-20-0
OC(=O)C1=C(F)C(Br)=CC(Cl)=C1,21197871,O=C(O)c1cc(Cl)cc(Br)c1F,1269232-93-0
FC(F)(F)C1=CC(Br)=CC(Cl)=C1,21242760,FC(F)(F)c1cc(Cl)cc(Br)c1,928783-85-1
CC(C)(C)OC(=O)N1CCC[C@H]1C1=NC2=CC=C(C=C2N1)C1=CC=C2C=C(Br)C=CC2=C1,21460282,CC(C)(C)OC(=O)N1CCC[C@H]1c1nc2ccc(-c3ccc4cc(Br)ccc4c3)cc2[nH]1,1303533-72-3
COC(=O)C1=C(C=C(Br)C=C1)C#N,21757112,COC(=O)c1ccc(Br)cc1C#N,1223434-15-8
BrC1=C(C=O)C=CC(=C1)C1=CC=CC=C1,23000655,O=Cc1ccc(-c2ccccc2)cc1Br,1237125-81-3
CC1=CC(Br)=CC(F)=C1CO,23344004,Cc1cc(Br)cc(F)c1CO,1417736-81-2
CNC(=O)C1=C(OC2=CC(N(C3=CC(C(=O)OC)=C(Br)C(Cl)=C3)S(C)(=O)=O)=C(C=C12)C1CC1)C1=CC=C(F)C=C1,23347479,CNC(=O)c1c(-c2ccc(F)cc2)oc2cc(N(c3cc(Cl)c(Br)c(C(=O)OC)c3)S(C)(=O)=O)c(C3CC3)cc12,1423007-86-6
CC1=CC=C(C=C1)C(=O)CC(N)(C1=CC=C(Br)C=C1)C(F)(F)F,23593482,Cc1ccc(C(=O)CC(N)(c2ccc(Br)cc2)C(F)(F)F)cc1,1441057-87-9
OCCC1=CC(F)=C(Br)C=C1,23770944,OCCc1ccc(Br)c(F)c1,1331944-00-3
COC(=O)C1=C(C)N(C(=S)N[C@@H]1C1=C(Br)C=C(C=C1)C#N)C1=CC(=CC=C1)C(F)(F)F,26909071,COC(=O)C1=C(C)N(c2cccc(C(F)(F)F)c2)C(=S)N[C@@H]1c1ccc(C#N)cc1Br,1613621-89-8
C[C@H]1[C@H](CC#N)N(N=C1C(F)(F)F)C1=CC=C(Br)C=C1,26915064,C[C@@H]1C(C(F)(F)F)=NN(c2ccc(Br)cc2)[C@H]1CC#N,1610371-24-8
NCC1=C(F)C=C(Br)C=C1F,27188946,NCc1c(F)cc(Br)cc1F,0
NC1=C(O)C(Br)=CC(F)=C1N(=O)=O,27453311,Nc1c(O)c(Br)cc(F)c1[N+](=O)[O-],0
COC(=O)N[C@H](CC1=C(Br)C=CC=C1)C(=O)OC,27507695,COC(=O)N[C@H](Cc1ccccc1Br)C(=O)OC,0
O[C@H]1CC[C@@H](CC1)C1=CC=C(Br)C=C1,27745987,O[C@H]1CC[C@H](c2ccc(Br)cc2)CC1,0
CC1=NN(CC2=C(Br)C=CC(Cl)=C2)N=N1,27750804,Cc1nnn(Cc2cc(Cl)ccc2Br)n1,0
COC1=C(CN)C=CC(Br)=C1,27924282,COc1cc(Br)ccc1CN,0
COC(=O)C1=CC=C(OC2CC2)C(Br)=C1,27958193,COC(=O)c1ccc(OC2CC2)c(Br)c1,0
NS(=O)(=O)C1=C(Br)C=CC(I)=C1C1=NN=NN1,28584160,NS(=O)(=O)c1c(Br)ccc(I)c1-c1nnn[nH]1,0
CC(C)C[C@](C)(N)COC1=C(C=C(Br)C=C1)C#N,28817145,CC(C)C[C@](C)(N)COc1ccc(Br)cc1C#N,0
BrC1=CC=C(OC2CCSCC2)C(=C1)C#N,29059634,N#Cc1cc(Br)ccc1OC1CCSCC1,0
COC1=CC(Br)=CC(F)=C1Cl,29811963,COc1cc(Br)cc(F)c1Cl,0
NC1=C(C(=CC=C1Br)C(F)(F)F)N(=O)=O,31610876,Nc1c(Br)ccc(C(F)(F)F)c1[N+](=O)[O-],0
COC(=O)C1=CC(Br)=C(OC2=C(C)C=CC=C2C)C=C1,31982051,COC(=O)c1ccc(Oc2c(C)cccc2C)c(Br)c1,0
COC(=O)C1=C(N=NN1)C1=CC=C(Br)C=C1,32165547,COC(=O)c1[nH]nnc1-c1ccc(Br)cc1,0
CCC1=C(C=C(C=C1Br)N(=O)=O)C(=O)OC,32322682,CCc1c(Br)cc([N+](=O)[O-])cc1C(=O)OC,0
CNS(=O)(=O)C1=CC(Br)=C(F)C=C1,34286320,CNS(=O)(=O)c1ccc(F)c(Br)c1,0
BrC1=CC=C(C=C1)C(=O)C1=CC=CS1,137009,O=C(c1ccc(Br)cc1)c1cccs1,4160-65-0
BrC1=CC=C(NC(=O)C2=NC=CC=C2)C=C1,476712,O=C(Nc1ccc(Br)cc1)c1ccccn1,14547-73-0
BrC1=CC=C(C=C1)C1=CN2C=CSC2=N1,523128,Brc1ccc(-c2cn3ccsc3n2)cc1,7120-13-0
BrC1=CC=C(C=C1)C1=NC2=C(N1)C1=C(C=CC=C1)C1=C2C=CC=C1,679960,Brc1ccc(-c2nc3c4ccccc4c4ccccc4c3[nH]2)cc1,73042-93-0
NC(=N)NC(=N)NC1=CC=C(Br)C=C1,913586,N=C(N)NC(=N)Nc1ccc(Br)cc1,101250-96-8
ClP(Cl)C1=CC=C(Br)C=C1,957028,ClP(Cl)c1ccc(Br)cc1,4762-31-6
BrC1=CC=C(C=C2SC(=O)NC2=O)C=C1,980798,O=C1NC(=O)C(=Cc2ccc(Br)cc2)S1,24044-46-0
BrC1=CC=CC(C=C2C(=O)C3=C(C=CC=C3)C2=O)=C1,1376704,O=C1C(=Cc2cccc(Br)c2)C(=O)c2ccccc21,15875-58-8
CC1=CC=C(C=C1)S(=O)(=O)NC(=O)C1=CC=C(Br)C=C1,1887833,Cc1ccc(S(=O)(=O)NC(=O)c2ccc(Br)cc2)cc1,37904-55-5
BrC1=C(C=CC=C1N(=O)=O)N(=O)=O,1971080,O=[N+]([O-])c1cccc([N+](=O)[O-])c1Br,4185-79-9
CN(C)C(=O)CC1=CC=C(Br)C=C1,2047348,CN(C)C(=O)Cc1ccc(Br)cc1,19715-80-1
CCC(C)C1=CC=C(Br)C=C1,2082494,CCC(C)c1ccc(Br)cc1,39220-69-4
N\C(=N/O)C1=CC=C(Br)C=C1,2090657,N/C(=N\O)c1ccc(Br)cc1,19227-14-6
OC(=O)C1=CC(Br)=C(F)C=C1O,2096586,O=C(O)c1cc(Br)c(F)cc1O,1644-71-9
OC1(CCCCC1)C1=CC=C(Br)C=C1,2102505,OC1(c2ccc(Br)cc2)CCCCC1,19920-80-0
OC1=CC=C(Br)C=C1C(=O)CC1=CC=CC=C1,2115921,O=C(Cc1ccccc1)c1cc(Br)ccc1O,54981-34-9
CC1=CC(Br)=C(F)C(=C1)C(O)=O,2255474,Cc1cc(Br)c(F)c(C(=O)O)c1,72518-16-2
[H]\C(=C(\[H])S(=O)(=O)C1=CC=C(C)C=C1)C1=CC=C(Br)C=C1,2279441,Cc1ccc(S(=O)(=O)/C=C/c2ccc(Br)cc2)cc1,56759-15-0
ClC(C1=CC=CC=C1)C1=CC=C(Br)C=C1,2369032,ClC(c1ccccc1)c1ccc(Br)cc1,13391-38-3
ClC1=C(C=CC(Br)=C1)N(=O)=O,2503274,O=[N+]([O-])c1ccc(Br)cc1Cl,89465-97-4
COC1=C(C)C(C)=C(Br)C=C1,2518503,COc1ccc(Br)c(C)c1C,50638-48-7
BrC1=CC=C(C=C1)S(=O)(=O)CC1=CC=CC=C1,2530851,O=S(=O)(Cc1ccccc1)c1ccc(Br)cc1,100375-03-9
CC1=CC=CC(=C1)C(=O)C1=CC=CC(Br)=C1,2577673,Cc1cccc(C(=O)c2cccc(Br)c2)c1,0
OC1=C(O)C=C(C=O)C(Br)=C1,2613644,O=Cc1cc(O)c(O)cc1Br,4815-99-0
CC1=C(C=CC=C1Br)C(N)=O,2613790,Cc1c(Br)cccc1C(N)=O,919363-09-0
OC(=O)C1=CC2=CC=CC=C2C(Br)=C1O,2694903,O=C(O)c1cc2ccccc2c(Br)c1O,2208-15-3
NC(=O)NC1=C(Br)C=CC=C1,2718426,NC(=O)Nc1ccccc1Br,13114-90-4
CN(C)C1=CC=C(Br)C=C1C,2936012,Cc1cc(Br)ccc1N(C)C,50638-49-8
CC(=O)NS(=O)(=O)C1=CC=C(Br)C=C1,2974454,CC(=O)NS(=O)(=O)c1ccc(Br)cc1,152675-32-6
CC(C)(O)C(=O)C1=CC=C(Br)C=C1,3089708,CC(C)(O)C(=O)c1ccc(Br)cc1,0
OC(=O)\C=C\C1=CC(O)=CC=C1Br,3130032,O=C(O)/C=C/c1cc(O)ccc1Br,0
COC1=CC=CC(Br)=C1N,3240930,COc1cccc(Br)c1N,5473-01-8
CC1=CC(C)=C(C=C1Br)C(O)=O,3244464,Cc1cc(C)c(C(=O)O)cc1Br,842136-27-0
CC(=O)NC1=C(Br)C=CC=C1C,3250553,CC(=O)Nc1c(C)cccc1Br,116436-11-4
CC(C)NC1=C(C=C(Br)C=C1)N(=O)=O,3285376,CC(C)Nc1ccc(Br)cc1[N+](=O)[O-],0
CC1=C(C=C(Br)C=C1N(=O)=O)N(=O)=O,3321840,Cc1c([N+](=O)[O-])cc(Br)cc1[N+](=O)[O-],95192-64-6
COC(=O)C1=CC(C)=C(Br)C(=C1)N(=O)=O,3332244,COC(=O)c1cc(C)c(Br)c([N+](=O)[O-])c1,412944-46-8
CNC\C=C(\C1=CC=C(Br)C=C1)C1=CC=CN=C1,4138675,CNC/C=C(/c1ccc(Br)cc1)c1cccnc1,60324-59-6
CC1=C(Br)C=CC(C(O)=O)=C1N,4246409,Cc1c(Br)ccc(C(=O)O)c1N,129833-29-0
BrCC(=O)C1=CC=C(C=C1)C1=CC=C(Br)C=C1,4423321,O=C(CBr)c1ccc(-c2ccc(Br)cc2)cc1,94512-73-9
OC(=O)C(=O)CC1=CC=C(O)C(Br)=C1,4427092,O=C(O)C(=O)Cc1ccc(O)c(Br)c1,390424-25-6
OC1=C(\C=C\N(=O)=O)C=C(Br)C=C1,4674731,O=[N+]([O-])/C=C/c1cc(Br)ccc1O,61131-72-4
BrC1=CC=C(CCN2C(=O)C3=CC=CC=C3C2=O)C=C1,4752206,O=C1c2ccccc2C(=O)N1CCc1ccc(Br)cc1,124499-18-9
FC(F)(F)C1=CC=C(C=C1)C1=CC=C(Br)C=C1,5019483,FC(F)(F)c1ccc(-c2ccc(Br)cc2)cc1,69231-87-4
NC1=C(C=O)C=CC=C1Br,5424168,Nc1c(Br)cccc1C=O,145123-24-6
BrC1=C(C=CC(C=O)=C1)N(=O)=O,5427216,O=Cc1ccc([N+](=O)[O-])c(Br)c1,101682-68-2
Br\C=C/C1=CC=C(Br)C=C1,6052622,Br/C=C\c1ccc(Br)cc1,0
CCC1=C(C=C(Br)C=C1)C(=O)OC,6387232,CCc1ccc(Br)cc1C(=O)OC,0
CC(C)CC(O)C1=CC=C(Br)C=C1,7090015,CC(C)CC(O)c1ccc(Br)cc1,100757-92-4
CCC[C@H]1CC[C@@H](CC1)C1=CC=C(Br)C=C1,7203898,CCC[C@H]1CC[C@H](c2ccc(Br)cc2)CC1,86579-53-5
FC1=CC2=C(NC3=CC=CC(Br)=C3)N=CN=C2C=N1,7485163,Fc1cc2c(Nc3cccc(Br)c3)ncnc2cn1,171179-03-6
BrC1=CC=C(CCNC(=O)OCC2=CC=CC=C2)C=C1,7647203,O=C(NCCc1ccc(Br)cc1)OCc1ccccc1,191170-76-0
CCOC(=O)COC1=C(C=O)C=C(Br)C=C1,7706943,CCOC(=O)COc1ccc(Br)cc1C=O,51336-47-1
NC1=C(Br)C=CC=C1I,8542506,Nc1c(Br)cccc1I,84483-27-2
CC(C)(C)[Si](C)(C)OCC1=CC(CO[Si](C)(C)C(C)(C)C)=CC(Br)=C1,8639639,CC(C)(C)[Si](C)(C)OCc1cc(Br)cc(CO[Si](C)(C)C(C)(C)C)c1,181225-40-1
O[C@@H](CC=C)C1=CC=C(Br)C=C1,8761899,C=CC[C@H](O)c1ccc(Br)cc1,221898-37-9
O[C@H](C(O)=O)C1=CC=C(Br)C=C1,8762816,O=C(O)[C@@H](O)c1ccc(Br)cc1,0
CCOC(=O)C1=CC(O)=C(Br)C(O)=C1,8836974,CCOC(=O)c1cc(O)c(Br)c(O)c1,350035-53-9
FC1=CC(Br)=CC=C1C(=O)CCCl,8977988,O=C(CCCl)c1ccc(Br)cc1F,395639-63-1
CN(C)C\C=C\C(=O)NC1=CC2=C(C=C1)N=CN=C2NC1=CC=CC(Br)=C1,9082004,CN(C)C/C=C/C(=O)Nc1ccc2ncnc(Nc3cccc(Br)c3)c2c1,0
BrC1=CC=CC(NC2=C(C=NC3=C2C=C(C=C3)N(=O)=O)C#N)=C1,9280076,N#Cc1cnc2ccc([N+](=O)[O-])cc2c1Nc1cccc(Br)c1,214484-09-0
COC1=CC2=C(C=C1N(=O)=O)C(NC1=CC(Br)=CC=C1)=C(C=N2)C#N,9284577,COc1cc2ncc(C#N)c(Nc3cccc(Br)c3)c2cc1[N+](=O)[O-],214484-01-2
COC1=CC=C(COC2=C(C=O)C=C(Br)C=C2)C=C1,9398890,COc1ccc(COc2ccc(Br)cc2C=O)cc1,325457-67-8
CC1=CN=C(C=C1)C1=CC=C(Br)C=C1,9845879,Cc1ccc(-c2ccc(Br)cc2)nc1,113744-24-4
NC1=C(Br)C=C(F)C=C1Cl,9901570,Nc1c(Cl)cc(F)cc1Br,0
FC1=C(F)C(Br)=C(F)C=C1,9901598,Fc1ccc(F)c(Br)c1F,0
CC1(C)OC(=O)C(CC2=CC=C(Br)C=C2)C(=O)O1,10253790,CC1(C)OC(=O)C(Cc2ccc(Br)cc2)C(=O)O1,198494-75-6
BrC1=CC(=CC=C1)C(=O)C=C,10424387,C=CC(=O)c1cccc(Br)c1,791588-72-2
CC(=O)NC1=C(F)C(Cl)=C(Br)C=C1,11053894,CC(=O)Nc1ccc(Br)c(Cl)c1F,143360-05-8
CC1=CC=C(C=C1)N(C1=CC=C(C)C=C1)C1=CC(Br)=CC=C1,11062574,Cc1ccc(N(c2ccc(C)cc2)c2cccc(Br)c2)cc1,0
CC1=CC(Br)=CC(CC#N)=C1,11291768,Cc1cc(Br)cc(CC#N)c1,871116-91-5
COC(=O)CC1=C(C)C=C(Br)C=C1C,11521330,COC(=O)Cc1c(C)cc(Br)cc1C,0
CC(C)(C)[Si](C)(C)OC1=C(F)C=C(Br)C=C1,13257058,CC(C)(C)[Si](C)(C)Oc1ccc(Br)cc1F,203926-74-3
COC(=O)C1=C(OC)C=C(N)C(Br)=C1,13640115,COC(=O)c1cc(Br)c(N)cc1OC,0
CC(=O)C1=CC(=C(Br)C=C1)C(F)(F)F,13768156,CC(=O)c1ccc(Br)c(C(F)(F)F)c1,0
COC1=CC2=C(C=C1OC(C)=O)C(NC1=CC(Br)=CC=C1)=NC=N2,13916122,COc1cc2ncnc(Nc3cccc(Br)c3)c2cc1OC(C)=O,295330-64-2
NC1=C(C=NN1C1=CC=C(Br)C=C1)C(O)=O,14007728,Nc1c(C(=O)O)cnn1-c1ccc(Br)cc1,438243-87-9
BrC1=CC=C(C=C1)N1CCOCC1=O,14198731,O=C1COCCN1c1ccc(Br)cc1,634905-12-7
COC(=O)C1=CC(=CC(Br)=C1)S(Cl)(=O)=O,14222372,COC(=O)c1cc(Br)cc(S(=O)(=O)Cl)c1,668261-21-0
C[C@@H](OC[C@H]1CO1)C1=C(Br)C=CC=C1,14342923,C[C@@H](OC[C@H]1CO1)c1ccccc1Br,787585-27-7
CC(=O)C1=CC(Br)=CC(F)=C1N,14492410,CC(=O)c1cc(Br)cc(F)c1N,865671-22-3
CC1=CC=C(Br)C(=C1)C(Cl)=O,14565304,Cc1ccc(Br)c(C(=O)Cl)c1,409110-31-2
BrC1=CC(OC2=CC=CC=C2)=C(C=O)C=C1,14623638,O=Cc1ccc(Br)cc1Oc1ccccc1,643094-10-4
NC1=C(Br)C=C(C=C1O)N(=O)=O,15420848,Nc1c(O)cc([N+](=O)[O-])cc1Br,915156-09-1
CC(=O)C1=CC(Br)=C(F)C=C1O,15428936,CC(=O)c1cc(Br)c(F)cc1O,905454-90-2
FC1=C(COC2=CC=C(Br)C=C2)C=CC=C1,15481051,Fc1ccccc1COc1ccc(Br)cc1,934240-59-2
OC1=CC=C(Br)C=C1C1CC1,15767372,Oc1ccc(Br)cc1C1CC1,1043871-14-2
NC1=CC(OC(F)(F)F)=CC=C1Br,18978998,Nc1cc(OC(F)(F)F)ccc1Br,887267-47-2
BrC1=CC=CC=C1S(=O)(=O)NC1=CC=CC=C1,19338866,O=S(=O)(Nc1ccccc1)c1ccccc1Br,683739-37-9
CC1=C(Br)C=CC=C1B(O)O,19541686,Cc1c(Br)cccc1B(O)O,1184298-27-8
OB(O)C1=CC(Br)=CC(Cl)=C1,20042234,OB(O)c1cc(Cl)cc(Br)c1,1186403-17-7
FC1=CC(Cl)=CC(F)=C1Br,20061686,Fc1cc(Cl)cc(F)c1Br,883546-16-5
OC(=O)C1=C(Cl)C=C(F)C(Br)=C1,20894947,O=C(O)c1cc(Br)c(F)cc1Cl,1204219-98-6
CC(C)(C)OC(=O)NC1=NC(COC1)(C(F)F)C1=C(F)C=CC(Br)=C1,21012096,CC(C)(C)OC(=O)NC1=NC(c2cc(Br)ccc2F)(C(F)F)COC1,1262859-05-1
COC1=CC(=CC(OC)=C1Br)C(C)=O,21759724,COc1cc(C(C)=O)cc(OC)c1Br,1333472-28-8
OCC1=CN(N=N1)C1=CC=C(Br)C=C1,21790367,OCc1cn(-c2ccc(Br)cc2)nn1,1249756-52-2
CC(=O)C1=C(Br)C(C)=CC=C1,21866296,CC(=O)c1cccc(C)c1Br,944268-58-0
COC1=C(C=C(Cl)C(Br)=C1)N(=O)=O,21985881,COc1cc(Br)c(Cl)cc1[N+](=O)[O-],1360616-77-8
CC(=O)C(C#N)C1=C(Br)C=C(F)C=C1,22362304,CC(=O)C(C#N)c1ccc(F)cc1Br,1361397-05-8
CON(C)C(=O)C1=CC=C(C)C(Br)=C1,22488337,CON(C)C(=O)c1ccc(C)c(Br)c1,501420-55-9
CN1C=NC2=C1C=C(C(=O)NOCCOC(C)(C)C)C(NC1=C(F)C=C(Br)C=C1)=C2F,26896146,Cn1cnc2c(F)c(Nc3ccc(Br)cc3F)c(C(=O)NOCCOC(C)(C)C)cc21,1604812-70-5
COC(=O)C1=C(C)N(C(=S)NC1C1=C(Br)C=C(C=C1)C(O)=O)C1=CC(=CC=C1)C(F)(F)F,26909068,COC(=O)C1=C(C)N(c2cccc(C(F)(F)F)c2)C(=S)NC1c1ccc(C(=O)O)cc1Br,1613621-85-4
FC(F)(F)C(=O)NNC1=CC=C(Br)C=C1,26914850,O=C(NNc1ccc(Br)cc1)C(F)(F)F,118096-36-9
CNC1=C(C=C(Br)C=C1N(=O)=O)C(=O)OC,27474440,CNc1c(C(=O)OC)cc(Br)cc1[N+](=O)[O-],0
OC(=O)C1=C(Br)C=CC(=C1F)C(F)(F)F,28583884,O=C(O)c1c(Br)ccc(C(F)(F)F)c1F,0
CC(C)OC1=C(Br)C=C(\C=C\C(O)=O)C=C1,28642788,CC(C)Oc1ccc(/C=C/C(=O)O)cc1Br,0
COC(=O)C1=C(F)C=C(N)C(Br)=C1,28966721,COC(=O)c1cc(Br)c(N)cc1F,0
FC1=C(C=C(Br)C=C1)C1=NC=CN1,30701919,Fc1ccc(Br)cc1-c1ncc[nH]1,0
BrC1=CC2=C(C=CC=C2)C(I)=C1,30708116,Brc1cc(I)c2ccccc2c1,0
CC1=CC=C(C)N1C1=CC=CC(Br)=C1C,31897563,Cc1c(Br)cccc1-n1c(C)ccc1C,0
CC1=C(C=C(C=C1Br)N(=O)=O)C#N,32046424,Cc1c(Br)cc([N+](=O)[O-])cc1C#N,0
CC(C)(C)OC(=O)NC1=C(Br)C=C(Cl)C=C1N(=O)=O,32495977,CC(C)(C)OC(=O)Nc1c(Br)cc(Cl)cc1[N+](=O)[O-],0
BrC1=CC=C(C=C1)N1C(=O)CCC1=O,161497,O=C1CCC(=O)N1c1ccc(Br)cc1,41167-74-2
BrC1=CC=C(C=C1)C1=NC(=NO1)C1=CC=CC=C1,205280,Brc1ccc(-c2nc(-c3ccccc3)no2)cc1,65004-20-8
BrC1=CC=C(NNC2=CC=CC=C2)C=C1,645382,Brc1ccc(NNc2ccccc2)cc1,7466-30-0
NNC1=NC(=CS1)C1=CC=C(Br)C=C1,981144,NNc1nc(-c2ccc(Br)cc2)cs1,4871-22-1
BrC1=CC=C(C=C1)C1=NC2=CC=CC=C2OC1,986942,Brc1ccc(C2=Nc3ccccc3OC2)cc1,61821-71-4
BrC1=CC=C(C=C1)C(=O)C1=NC2=CC=CC=C2S1,1116500,O=C(c1ccc(Br)cc1)c1nc2ccccc2s1,140935-32-6
CC1=CC(CO)=C(N)C(Br)=C1,1681867,Cc1cc(Br)c(N)c(CO)c1,55414-71-6
CC(C)(C)CC1=CC=C(Br)C=C1,1930407,CC(C)(C)Cc1ccc(Br)cc1,51991-28-7
CC(CC1=CC=C(Br)C=C1)C(O)=O,1953041,CC(Cc1ccc(Br)cc1)C(=O)O,66735-01-1
CC(C)OC(=O)C1=C(Br)C=CC=C1,1953048,CC(C)OC(=O)c1ccccc1Br,59247-52-8
BrC1=C2C=CC=CC2=CC2=CC3=C(C=CC=C3)C=C12,1969860,Brc1c2ccccc2cc2cc3ccccc3cc12,23790-75-2
OC(=O)C1=C2C=CC=CC2=C(Br)C2=C1C=CC=C2,1975240,O=C(O)c1c2ccccc2c(Br)c2ccccc12,6929-81-3
CC(C)SC1=CC=C(Br)C=C1,2085577,CC(C)Sc1ccc(Br)cc1,70398-89-9
CCOC(=O)\C=C\C(=O)C1=CC=C(Br)C=C1,2103438,CCOC(=O)/C=C/C(=O)c1ccc(Br)cc1,35338-15-9
CC(=O)C1=CC(=CC=C1Br)N(=O)=O,2104209,CC(=O)c1cc([N+](=O)[O-])ccc1Br,65130-31-6
COC1=CC=C(C=C1)C(=O)NC1=C(Br)C=CC=C1,2131632,COc1ccc(C(=O)Nc2ccccc2Br)cc1,349614-89-7
CC1=CC=C(F)C(C)=C1Br,2246486,Cc1ccc(F)c(C)c1Br,26829-82-3
CCC(O)C1=CC(Br)=CC=C1,2249558,CCC(O)c1cccc(Br)c1,74157-47-4
CC(C)(C#N)C1=C(Br)C=CC=C1,2253943,CC(C)(C#N)c1ccccc1Br,57775-06-1
BrC1=CC=C(C=NNC(=O)C2=CC=CC=C2)C=C1,2273864,O=C(NN=Cc1ccc(Br)cc1)c1ccccc1,0
FC(F)(F)S(=O)(=O)OC1=CC=CC(Br)=C1,2281406,O=S(=O)(Oc1cccc(Br)c1)C(F)(F)F,66107-31-1
CC(=O)CCC1=CC=CC=C1Br,2358495,CC(=O)CCc1ccccc1Br,3506-68-1
NC1=CC=C(CC(O)=O)C=C1Br,2365808,Nc1ccc(CC(=O)O)cc1Br,66955-75-7
CC(C)NC(=O)C1=CC=CC(Br)=C1,2443582,CC(C)NC(=O)c1cccc(Br)c1,35306-75-3
BrC1=C(CCC2=CC=CC=C2)C=CC=C1,2444433,Brc1ccccc1CCc1ccccc1,57918-64-6
OC(=O)CCSC1=CC=C(Br)C=C1,2450455,O=C(O)CCSc1ccc(Br)cc1,13735-04-1
COC1=CC=C(C=O)C(Br)=C1OCC1=CC=CC=C1,2468063,COc1ccc(C=O)c(Br)c1OCc1ccccc1,38849-38-6
ClC1=C(OCC=C)C=CC(Br)=C1,2521505,C=CCOc1ccc(Br)cc1Cl,84109-21-7
CSC1=C(Cl)C=C(Br)C=C1,2555352,CSc1ccc(Br)cc1Cl,101084-82-6
CC1=CC(=CC(Br)=C1O)N(=O)=O,2559367,Cc1cc([N+](=O)[O-])cc(Br)c1O,4186-49-6
NC(=O)C1=CC=CC2=C1C=CC=C2Br,2576931,NC(=O)c1cccc2c(Br)cccc12,22531-59-5
ClC=CC(=O)C1=CC=C(Br)C=C1,2612963,O=C(C=CCl)c1ccc(Br)cc1,17306-04-6
CN(C)C1=C(Br)C=C(C)C=C1,2638681,Cc1ccc(N(C)C)c(Br)c1,23667-06-3
NC1=C(Br)C(=CC=C1)C(F)(F)F,2835356,Nc1cccc(C(F)(F)F)c1Br,58458-10-9
COC(=O)C(O)C1=CC=CC=C1Br,2840047,COC(=O)C(O)c1ccccc1Br,21165-13-9
CNC1=CC=C(Br)C=C1C,3046495,CNc1ccc(Br)cc1C,59557-89-0
CCN(C)C1=CC=C(Br)C=C1,3047249,CCN(C)c1ccc(Br)cc1,67274-54-8
OCC1=CC=C(Br)C=C1N(=O)=O,3050041,O=[N+]([O-])c1cc(Br)ccc1CO,22996-19-6
BrC1=CC=C(NC(C#N)C2=CC=CC=C2)C=C1,3057297,N#CC(Nc1ccc(Br)cc1)c1ccccc1,7510-78-3
SC1=C(Br)C=C(Cl)C=C1,3081728,Sc1ccc(Cl)cc1Br,54404-01-2
NC1=CC=C(Br)C(O)=C1,3236456,Nc1ccc(Br)c(O)c1,55120-56-4
COC1=CC(O)=CC(Br)=C1,3237836,COc1cc(O)cc(Br)c1,855400-66-7
OS(=O)C1=C(Br)C=CC=C1,3239299,O=S(O)c1ccccc1Br,89581-50-0
CC1=C(N)C(Br)=CC(Cl)=C1,3240467,Cc1cc(Cl)cc(Br)c1N,146948-68-7
OC1=C(Br)C=C(F)C=C1F,3245935,Oc1c(F)cc(F)cc1Br,98130-56-4
CCOC1=C(Br)C2=C(C=CC=C2)C=C1,3247120,CCOc1ccc2ccccc2c1Br,50389-70-3
BrC1=C(C=CC=C1)C1=C(C=O)C=CC=C1,3251400,O=Cc1ccccc1-c1ccccc1Br,75295-62-4
CN(C)C1=CC=C(Br)C2=CC=CC=C12,3254839,CN(C)c1ccc(Br)c2ccccc12,59557-93-6
COC(=O)C1=C(C(=O)OC)C(Br)=CC=C1,3286620,COC(=O)c1cccc(Br)c1C(=O)OC,58749-33-0
CCOC(=O)C1=CC(C(=O)OCC)=C(Br)C=C1,3323127,CCOC(=O)c1ccc(Br)c(C(=O)OCC)c1,56984-35-1
BrC1=CC=C(C=C1)C(=O)C=C1NCCN1,4408820,O=C(C=C1NCCN1)c1ccc(Br)cc1,82100-22-9
CC(C)N(C(C)C)C(=O)C1=CC=CC=C1Br,4419375,CC(C)N(C(=O)c1ccccc1Br)C(C)C,79839-66-0
OC(=O)C1=C(C(O)=O)C(F)=CC(Br)=C1,4433986,O=C(O)c1cc(Br)cc(F)c1C(=O)O,0
NC1=C(C=C(Br)C=C1)C(Cl)=O,4667739,Nc1ccc(Br)cc1C(=O)Cl,0
COCOC1=C(Br)C=CC(OC)=C1,4744024,COCOc1cc(OC)ccc1Br,133730-24-2
N\C(=N/O)C1=CC=CC=C1Br,4860988,N/C(=N\O)c1ccccc1Br,132475-60-6
CC(C)=CC1=C(Br)C=CC=C1,4959832,CC(C)=Cc1ccccc1Br,91388-25-9
COC(=O)C1=CC(C=O)=C(O)C(Br)=C1,5388265,COC(=O)c1cc(Br)c(O)c(C=O)c1,706820-79-3
COC(=O)NC1=C(Br)C=CC=C1,5513514,COC(=O)Nc1ccccc1Br,25216-70-0
CC(O[Si](C)(C)C)(C#N)C1=CC=C(Br)C=C1,8258144,CC(C#N)(O[Si](C)(C)C)c1ccc(Br)cc1,220586-16-3
CC(C)C(=O)C1=C(Br)C=CC=C1,8403834,CC(C)C(=O)c1ccccc1Br,209223-84-7
CC1=CC=C(C#CC2=CC=CC=C2)C(Br)=C1,8484303,Cc1ccc(C#Cc2ccccc2)c(Br)c1,0
COC1=CC2=C(C=C1OCC1=CC=CC=C1)N=CN=C2NC1=CC=C(Br)C=C1F,8582346,COc1cc2c(Nc3ccc(Br)cc3F)ncnc2cc1OCc1ccccc1,768350-54-5
O[C@H](CC=C)C1=CC=C(Br)C=C1,8679844,C=CC[C@@H](O)c1ccc(Br)cc1,238091-03-7
CC1=C(Br)C=CC(=C1)C(N)=O,8680074,Cc1cc(C(N)=O)ccc1Br,170229-98-8
ON=CC(=O)NC1=CC=CC(Br)=C1,9044776,O=C(C=NO)Nc1cccc(Br)c1,65971-74-6
OC(=O)C1=C(Cl)C=C(Br)C=C1Cl,9122691,O=C(O)c1c(Cl)cc(Br)cc1Cl,232275-51-3
COC1=CC(=CC2=C1N=CC(C#N)=C2NC1=CC(Br)=CC=C1)N(=O)=O,9284876,COc1cc([N+](=O)[O-])cc2c(Nc3cccc(Br)c3)c(C#N)cnc12,214485-74-2
CCOC1=CC2=C(C=C1N(=O)=O)C(NC1=CC(Br)=CC=C1)=C(C=N2)C#N,9286972,CCOc1cc2ncc(C#N)c(Nc3cccc(Br)c3)c2cc1[N+](=O)[O-],214485-68-4
BrC1=CC=C(C=C1)C1=NC2=C(N1)C1=CC=CN=C1C1=C2C=CC=N1,9506155,Brc1ccc(-c2nc3c4cccnc4c4ncccc4c3[nH]2)cc1,614717-89-4
OC(=O)C1=CC(F)=C(Br)C(F)=C1,9620931,O=C(O)c1cc(F)c(Br)c(F)c1,0
CC(C)(C)[Si](C)(C)OC1=CC=C(C=O)C=C1Br,9623168,CC(C)(C)[Si](C)(C)Oc1ccc(C=O)cc1Br,676596-97-7
CC(C)(C)OC(=O)N1CCN(CC1)C1=CC=C(Br)C=C1C#N,9862452,CC(C)(C)OC(=O)N1CCN(c2ccc(Br)cc2C#N)CC1,791846-40-7
COC1=CC(C=O)=C(Br)C=C1F,10063388,COc1cc(C=O)c(Br)cc1F,865186-62-5
CC1=NC(=NO1)C1=CC(Br)=CC=C1,11062664,Cc1nc(-c2cccc(Br)c2)no1,0
FC1=CC=CC(Br)=C1C(Cl)=O,11457884,O=C(Cl)c1c(F)cccc1Br,1020718-20-0
CC(=C)COC1=CC=CC(Br)=C1,13574471,C=C(C)COc1cccc(Br)c1,0
CC1=CC(=CC2=C1N=CC(C#N)=C2NC1=CC(Br)=CC=C1)N(=O)=O,13746705,Cc1cc([N+](=O)[O-])cc2c(Nc3cccc(Br)c3)c(C#N)cnc12,0
FC1=C(Br)C=CC(C#N)=C1F,13859779,N#Cc1ccc(Br)c(F)c1F,0
COCCNC1=C(N)C=CC(Br)=C1,14341586,COCCNc1cc(Br)ccc1N,0
OC(=O)C1=C(NC2=C(Cl)C=CC=C2)C(F)=C(F)C(Br)=C1,14352371,O=C(O)c1cc(Br)c(F)c(F)c1Nc1ccccc1Cl,847372-97-8
FC(F)(F)C1=CC(Br)=CC(=C1)C#N,14385131,N#Cc1cc(Br)cc(C(F)(F)F)c1,691877-03-9
COCCCOC1=C(F)C=CC(Br)=C1,14402858,COCCCOc1cc(Br)ccc1F,853273-58-2
CCOC(=O)C(=O)CC(=O)C1=CC(Br)=CC=C1,14421681,CCOC(=O)C(=O)CC(=O)c1cccc(Br)c1,473537-92-7
CCC1=C(Br)C=CC(O)=C1,14460826,CCc1cc(O)ccc1Br,99873-30-0
NC1=CC(Cl)=C(C=C1Br)C(F)(F)F,14476780,Nc1cc(Cl)c(C(F)(F)F)cc1Br,863111-48-2
BrC1=CC=C(CN2C=NN=N2)C=C1,14520324,Brc1ccc(Cn2cnnn2)cc1,477775-44-3
OC1=CC=C2C=C(Br)C=CC2=C1F,14551607,Oc1ccc2cc(Br)ccc2c1F,442150-49-4
OCC1(CCOCC1)C1=CC=C(Br)C=C1,14571380,OCC1(c2ccc(Br)cc2)CCOCC1,894399-94-1
COC(=O)C1=CC(Cl)=C(Br)C=C1,15411675,COC(=O)c1ccc(Br)c(Cl)c1,117738-74-6
CC(C)(C)C1=NN(C(N)=C1)C1=CC(Br)=CC=C1,15492602,CC(C)(C)c1cc(N)n(-c2cccc(Br)c2)n1,872171-45-4
BrC1=C(I)C=CC(=C1)C#N,15864123,N#Cc1ccc(I)c(Br)c1,1000577-94-5
CC(=O)OC(=C)C1=CC=C(Br)C=C1,17069304,C=C(OC(C)=O)c1ccc(Br)cc1,342808-62-2
CC1=CC(C=NO)=CC=C1Br,18367262,Cc1cc(C=NO)ccc1Br,180082-96-6
BrC1=CC=CC=C1C1=NC2=C(O1)C=CC=C2,18895023,Brc1ccccc1-c1nc2ccccc2o1,73552-42-8
CC(C)(C)[S@](=O)N=CC1=CC=C(Br)C=C1,18911904,CC(C)(C)[S@](=O)N=Cc1ccc(Br)cc1,0
COC1=C(F)C(Br)=CC=C1N,19079224,COc1c(N)ccc(Br)c1F,1137869-95-4
CCOC(=O)CC1(COC1)C1=CC(Br)=CC=C1,19325921,CCOC(=O)CC1(c2cccc(Br)c2)COC1,1160502-41-9
FC1=C(Br)C=CC(OCC2=CC=CC=C2)=C1F,19526891,Fc1c(Br)ccc(OCc2ccccc2)c1F,941294-52-6
COCOC1=CC(Br)=CC=C1F,19736785,COCOc1cc(Br)ccc1F,1185836-54-7
COC1=CC(=CC(OC)=C1OC)C(=O)C1=CSC(=N1)C1=CC=C(Br)C=C1,19784080,COc1cc(C(=O)c2csc(-c3ccc(Br)cc3)n2)cc(OC)c1OC,1135798-10-5
NCCC1=CC=C(Cl)C=C1Br,19912089,NCCc1ccc(Cl)cc1Br,1202889-65-3
CC(C)(C)OC(=O)NCCCC(=O)C1=CC=C(Br)C=C1,19918355,CC(C)(C)OC(=O)NCCCC(=O)c1ccc(Br)cc1,1207455-72-8
FCC(=O)C1=CC(Br)=CC=C1,20217091,O=C(CF)c1cccc(Br)c1,1219632-64-0
CCOC(=O)C1=NN(C(C)=C1)C1=CC=C(Br)C=C1,20347802,CCOC(=O)c1cc(C)n(-c2ccc(Br)cc2)n1,866472-31-3
CCOC(=O)C1=CC(C)=NN1C1=CC=C(Br)C=C1,20347803,CCOC(=O)c1cc(C)nn1-c1ccc(Br)cc1,385831-39-0
CC(C)(C)OC(=O)N1CCC[C@H]1C1=NC2=CC=C(C=C2N1)C1=CC=C(Br)C=C1,20362635,CC(C)(C)OC(=O)N1CCC[C@H]1c1nc2ccc(-c3ccc(Br)cc3)cc2[nH]1,1228969-01-4
COC1=CC(N)=C(CO)C=C1Br,20552243,COc1cc(N)c(CO)cc1Br,0
CON(C)C(=O)C1=C(Cl)C=C(F)C(Br)=C1,20894948,CON(C)C(=O)c1cc(Br)c(F)cc1Cl,1204220-01-8
NC(CO)(CO)C1=CC(Br)=CC=C1,21011972,NC(CO)(CO)c1cccc(Br)c1,1262858-76-3
OCC(CO)(C1=CC(Br)=CC=C1)N(=O)=O,21011975,O=[N+]([O-])C(CO)(CO)c1cccc(Br)c1,1262858-75-2
NC1=NC(CF)(COC1)C1=CC(Br)=CC=C1,21011988,NC1=NC(CF)(c2cccc(Br)c2)COC1,1262860-82-1
CC(C)(C)OC(=O)NC1=NC(CF)(COC1)C1=CC(Br)=CC=C1,21012059,CC(C)(C)OC(=O)NC1=NC(CF)(c2cccc(Br)c2)COC1,1262858-81-0
C[C@]1(COCC(N)=N1)C1=CC(Br)=CC(=C1)N(=O)=O,21109656,C[C@@]1(c2cc(Br)cc([N+](=O)[O-])c2)COCC(N)=N1,1262859-25-5
FC1(F)CC1C1=CC=C(Br)C=C1,21206609,FC1(F)CC1c1ccc(Br)cc1,1275621-14-1
CC1=NOC(=C1C=O)C1=CC=C(Br)C=C1,21280497,Cc1noc(-c2ccc(Br)cc2)c1C=O,1267684-96-7
C[Si](C)(C)CCOCN1C=CN=C1C1=CC=C(Br)C=C1,21287555,C[Si](C)(C)CCOCn1ccnc1-c1ccc(Br)cc1,934744-50-0
OC(=O)CC(C1=CC=CC=C1)C1=C(OCC2=CC=CC=C2)C=CC(Br)=C1,21425274,O=C(O)CC(c1ccccc1)c1cc(Br)ccc1OCc1ccccc1,1185739-54-1
CC(C)OC1=CC(OC(C)C)=CC(Br)=C1,21469534,CC(C)Oc1cc(Br)cc(OC(C)C)c1,1310418-54-2
CC(N)(C#N)C1=C(F)C=CC(Br)=C1,21609786,CC(N)(C#N)c1cc(Br)ccc1F,1350523-51-1
CC(C)(C)OC(=O)NC(C)(CO)C1=C(F)C=CC(Br)=C1,21609788,CC(C)(C)OC(=O)NC(C)(CO)c1cc(Br)ccc1F,1313525-80-2
ClC1=CC(Br)=CC=C1SC1CC1,21819971,Clc1cc(Br)ccc1SC1CC1,1310947-51-3
CCOC(=O)C1(CCOCC1)C1=CC=C(Br)C=C1,22001567,CCOC(=O)C1(c2ccc(Br)cc2)CCOCC1,1227160-22-6
COC1=CC(=CC=C1Br)C(=O)N1CCOCC1,22133694,COc1cc(C(=O)N2CCOCC2)ccc1Br,1352620-92-8
CC(C)(C)OC(=O)NC1=CC(=C(Br)C=C1)N(=O)=O,22592952,CC(C)(C)OC(=O)Nc1ccc(Br)c([N+](=O)[O-])c1,1380445-22-6
COC1CCC(O)(CC1)C(=O)C1=C(F)C=CC(Br)=C1,22623259,COC1CCC(O)(C(=O)c2cc(Br)ccc2F)CC1,1383985-07-6
CS(=O)(=O)N(C1=CC(Cl)=C(Br)C=C1)C1=C(C=C2C(OC(=C2C(O)=O)C2=CC=C(Cl)C=C2)=C1)C1CC1,23347471,CS(=O)(=O)N(c1ccc(Br)c(Cl)c1)c1cc2oc(-c3ccc(Cl)cc3)c(C(=O)O)c2cc1C1CC1,1423007-79-7
CCOC(=O)CC1=CC(F)=C(Br)C=C1,26556422,CCOC(=O)Cc1ccc(Br)c(F)c1,1296223-82-9
COC(=O)C1=C(N)C(O)=C(Br)C=C1,26617970,COC(=O)c1ccc(Br)c(O)c1N,1210936-30-3
NC(=O)C1=C(N)C=C(Br)C(Cl)=C1,27200652,NC(=O)c1cc(Cl)c(Br)cc1N,0
CC1=CC=C(C=C1)C1=C(C#N)C(=O)NC(C1)(C1=CC=C(Br)C=C1)C(F)(F)F,27219083,Cc1ccc(C2=C(C#N)C(=O)NC(c3ccc(Br)cc3)(C(F)(F)F)C2)cc1,0
CN1CCN(CC1)C1=C(N)C=C(Br)C=C1,27499279,CN1CCN(c2ccc(Br)cc2N)CC1,0
OC1=C(I)C=C(Br)C=C1C(F)(F)F,27759987,Oc1c(I)cc(Br)cc1C(F)(F)F,0
CC(C)(C)OC(=O)N[C@H](CO)C1=CC(Br)=CC=C1,27776720,CC(C)(C)OC(=O)N[C@H](CO)c1cccc(Br)c1,0
COC1=CC(Br)=C(F)C=C1N1C(=O)C=CC2=C1C=CC(=C2)S(=O)(=O)NC1=NOC=C1,27847033,COc1cc(Br)c(F)cc1-n1c(=O)ccc2cc(S(=O)(=O)Nc3ccon3)ccc21,0
OC(=O)C1=CC(OC(F)(F)F)=C(Br)C=C1N(=O)=O,27866326,O=C(O)c1cc(OC(F)(F)F)c(Br)cc1[N+](=O)[O-],0
COC(=O)C1=C(F)C=C(Br)C=C1N,28150291,COC(=O)c1c(N)cc(Br)cc1F,0
COC1=C(Br)C(F)=C(C=C1)N(=O)=O,28664156,COc1ccc([N+](=O)[O-])c(F)c1Br,0
BrC1=CC=C(OC2CCS(=O)(=O)CC2)C(=C1)C#N,29059635,N#Cc1cc(Br)ccc1OC1CCS(=O)(=O)CC1,0
FC1=CC(Br)=C(C=C1N(=O)=O)C#N,29523218,N#Cc1cc([N+](=O)[O-])c(F)cc1Br,0
COC1=CC(C(O)=O)=C(N)C(Br)=C1,29830175,COc1cc(Br)c(N)c(C(=O)O)c1,0
COC(=O)C1=CC(Br)=CC(=C1)C1=NC=C(C)S1,29836854,COC(=O)c1cc(Br)cc(-c2ncc(C)s2)c1,0
CC(C)(C)OC(=O)NC1=C(C=CC(Br)=C1)N(=O)=O,30305379,CC(C)(C)OC(=O)Nc1cc(Br)ccc1[N+](=O)[O-],0
ClC1=CC=C(Br)C(=C1)C1=CC=CC=C1,32783449,Clc1ccc(Br)c(-c2ccccc2)c1,0
CCC1=CC(Br)=CC(C=O)=C1F,33185984,CCc1cc(Br)cc(C=O)c1F,0
CCC1=C(Br)C=CC(F)=C1,33733907,CCc1cc(F)ccc1Br,0
COC(=O)C1(CC1)C1=CC(Br)=CC=C1OC,34238016,COC(=O)C1(c2cc(Br)ccc2OC)CC1,0
CCOC(=O)C1(CC1)C1=CC(Br)=CC=C1OC,34238040,CCOC(=O)C1(c2cc(Br)ccc2OC)CC1,0
COC(=O)C1(CC1)C1=C(OC)C=CC(Br)=C1C,34238062,COC(=O)C1(c2c(OC)ccc(Br)c2C)CC1,0
COC(=O)C1(CC1)C1=CC=C(OC)C(Br)=C1,34238092,COC(=O)C1(c2ccc(OC)c(Br)c2)CC1,0
CC(=O)C1=CC(Br)=C(OC2=C(C)C=C(F)C=C2C)C=C1,34884339,CC(=O)c1ccc(Oc2c(C)cc(F)cc2C)c(Br)c1,0
COC1=C(Br)C=C(Cl)C(Cl)=C1,36117806,COc1cc(Cl)c(Cl)cc1Br,0
FC1=C(C=O)C(Cl)=CC(Br)=C1Cl,37079838,O=Cc1c(Cl)cc(Br)c(Cl)c1F,0
BrC1=C(OCC2CO2)C=CC=C1,134068,Brc1ccccc1OCC1CO1,22421-56-3
BrC1=CC=C(C=C1)C1=NNC(=O)C2=C1C=CC=C2,198838,O=c1[nH]nc(-c2ccc(Br)cc2)c2ccccc12,76462-38-9
BrC1=CC=C(NC2=NC3=C(S2)C=CC=C3)C=C1,206769,Brc1ccc(Nc2nc3ccccc3s2)cc1,6278-86-0
BrC1=CC(CN2C=CN=C2)=CC=C1,514402,Brc1cccc(Cn2ccnc2)c1,72459-47-3
NC1=NC(=NC(N)=N1)C1=CC=C(Br)C=C1,649882,Nc1nc(N)nc(-c2ccc(Br)cc2)n1,30508-74-8
NC1=CC=C(Br)C=C1C(=O)C1=CC=CC=C1Cl,653190,Nc1ccc(Br)cc1C(=O)c1ccccc1Cl,60773-49-1
BrC1=CC=C(C=C1)C(=O)C1=CC=CN=C1,1527980,O=C(c1ccc(Br)cc1)c1cccnc1,14548-45-9
CC(=O)C1=CC=CC2=CC=C(Br)C=C12,1946656,CC(=O)c1cccc2ccc(Br)cc12,1590-24-5
BrC1=CC(=CC2=CC=CC=C12)N(=O)=O,1960022,O=[N+]([O-])c1cc(Br)c2ccccc2c1,7499-65-2
FC1=CC(Br)=C(C=C1F)N(=O)=O,2050083,O=[N+]([O-])c1cc(F)c(F)cc1Br,321-17-5
CCOC1=CC2=C(C=C1)C=C(Br)C=C2,2086984,CCOc1ccc2cc(Br)ccc2c1,66217-19-4
COC(CSC1=CC(Br)=CC=C1)OC,2099937,COC(CSc1cccc(Br)c1)OC,19296-69-6
OC1=CC=C(Br)C=C1C(=O)NC1=CC=CC=C1,2121944,O=C(Nc1ccccc1)c1cc(Br)ccc1O,4294-89-7
OC1=CC=C(Br)C=C1C(=O)NC1=CC=CC(Cl)=C1,2134988,O=C(Nc1cccc(Cl)c1)c1cc(Br)ccc1O,4294-84-2
OC(CN(=O)=O)C1=CC(Br)=CC=C1,2213923,O=[N+]([O-])CC(O)c1cccc(Br)c1,39220-96-7
FC1=C(F)C(F)=C(C(F)=C1F)C1=C(Br)C(F)=C(F)C(F)=C1F,2227401,Fc1c(F)c(F)c(-c2c(F)c(F)c(F)c(F)c2Br)c(F)c1F,1093-66-9
CC(C)(O)C1=C(Br)C=C(F)C=C1,2253240,CC(C)(O)c1ccc(F)cc1Br,51788-83-1
OCC1=CC=CC2=C1C(Br)=CC=C2,2256609,OCc1cccc2cccc(Br)c12,14938-58-0
OC(C1=CC(Br)=CC=C1)C(F)(F)F,2262330,OC(c1cccc(Br)c1)C(F)(F)F,1188286-64-7
FC1=C(F)C(F)=C2C(F)=C(Br)C(F)=C(F)C2=C1F,2293848,Fc1c(F)c(F)c2c(F)c(Br)c(F)c(F)c2c1F,27041-17-4
BrC1=CC=C(NC(=O)CC#N)C=C1,2368538,N#CCC(=O)Nc1ccc(Br)cc1,24522-26-7
CC1=CC=C(C(Br)=C1)C1=CC=CC=C1,2439169,Cc1ccc(-c2ccccc2)c(Br)c1,29180-98-1
BrC1=CC=CC=C1OCC#N,2519942,N#CCOc1ccccc1Br,90004-90-3
BrC1=CC=C(SC=C)C=C1,2553171,C=CSc1ccc(Br)cc1,16411-18-0
OC1=C(Br)C=C(C=O)C=C1Cl,2556603,O=Cc1cc(Cl)c(O)c(Br)c1,1849-76-9
CC(=CC1=CC(Br)=CC=C1)N(=O)=O,2557590,CC(=Cc1cccc(Br)c1)[N+](=O)[O-],15804-72-5
COCCC1=C(Br)C=CC=C1,2574966,COCCc1ccccc1Br,39767-89-0
OC1=CC2=C(C=C1)C=C(Br)C(O)=C2,2575625,Oc1ccc2cc(Br)c(O)cc2c1,102653-36-1
ClC1=CC(C(=O)C2=CC=CC=C2)=C(Br)C=C1,2580580,O=C(c1ccccc1)c1cc(Cl)ccc1Br,835-09-6
CC1=CC=C(N=C=S)C(Br)=C1,2717454,Cc1ccc(N=C=S)c(Br)c1,19241-39-5
ClC1=CC=CC2=C1C=CC=C2Br,2963552,Clc1cccc2c(Br)cccc12,77332-65-1
CC(=O)NC1=CC(Cl)=C(Br)C=C1,2967800,CC(=O)Nc1ccc(Br)c(Cl)c1,22459-81-0
COC1=CC=C(OC2=CC=C(Br)C=C2)C=C1,3052511,COc1ccc(Oc2ccc(Br)cc2)cc1,42203-37-2
CC1=CC=C(C=C1)C1=C2C=CC=CC2=C(Br)C2=C1C=CC=C2,3058171,Cc1ccc(-c2c3ccccc3c(Br)c3ccccc23)cc1,23673-92-9
NC1=CC(Br)=C(C=C1)N(=O)=O,3129353,Nc1ccc([N+](=O)[O-])c(Br)c1,40787-96-0
OC1=C(\C=C\C(=O)C2=CC=C(Br)C=C2)C=CC=C1,3135806,O=C(/C=C/c1ccccc1O)c1ccc(Br)cc1,0
CCOC(=O)C(=CC1=C(Br)C=CC(OC)=C1)C(=O)OCC,3157302,CCOC(=O)C(=Cc1cc(OC)ccc1Br)C(=O)OCC,0
BrC1=CC=C(NCC#C)C=C1,3240825,C#CCNc1ccc(Br)cc1,0
NNC1=C(Br)C=CC(=C1)N(=O)=O,3256595,NNc1cc([N+](=O)[O-])ccc1Br,100367-78-0
CC1=C(OCC2=CC=CC=C2)C=CC(Br)=C1,3275688,Cc1cc(Br)ccc1OCc1ccccc1,338454-32-3
CCOC(=O)C(=CC1=C(Br)C=CC=C1)C(=O)OCC,3370440,CCOC(=O)C(=Cc1ccccc1Br)C(=O)OCC,93098-67-0
BrC1=CC=C(C=C1)S(=O)C1=CC=CC=C1,4247696,O=S(c1ccccc1)c1ccc(Br)cc1,25186-92-9
BrC1=CC(=CC(OCC2=CC=CC=C2)=C1)N(=O)=O,4316750,O=[N+]([O-])c1cc(Br)cc(OCc2ccccc2)c1,128923-99-9
BrC1=CC=C(C=C1)C1=CC2=C(C=CC=C2)C(=O)N1,4436182,O=c1[nH]c(-c2ccc(Br)cc2)cc2ccccc12,124394-21-4
ClCCCC1=CC=C(Br)C=C1,4968064,ClCCCc1ccc(Br)cc1,74003-34-2
NC(CC(O)=O)C1=CC(Br)=CC=C1,5933976,NC(CC(=O)O)c1cccc(Br)c1,117391-50-1
CCCCCOC1=CC=C(C=C1)C1=CC=C(Br)C=C1,6505703,CCCCCOc1ccc(-c2ccc(Br)cc2)cc1,63619-51-2
BrC1=C(C=CC=C1)C1OCCCO1,6596658,Brc1ccccc1C1OCCCO1,61568-53-4
COC(=O)C\N=C\C1=CC=C(Br)C=C1,6859847,COC(=O)C/N=C/c1ccc(Br)cc1,139575-14-7
BrC1=CC=C(C=C1)C(=O)ON1C(=O)CCC1=O,7134930,O=C(ON1C(=O)CCC1=O)c1ccc(Br)cc1,80586-82-9
CC(C)(C)[Si](C)(C)OC1=CC=CC=C1Br,7174776,CC(C)(C)[Si](C)(C)Oc1ccccc1Br,115750-83-9
CC1=C(C=CC=C1Br)C1=CC=CC=C1,7368884,Cc1c(Br)cccc1-c1ccccc1,172976-00-0
BrC1=CC=CC(NC2=C3C=CC=CC3=NC=N2)=C1,7374947,Brc1cccc(Nc2ncnc3ccccc23)c1,0
CC1=NC(=CC2=CC=C(Br)C=C2)C(=O)O1,7761127,CC1=NC(=Cc2ccc(Br)cc2)C(=O)O1,0
COC(=O)[C@H](C)NP(Cl)(=O)OC1=CC=C(Br)C=C1,8070034,COC(=O)[C@H](C)NP(=O)(Cl)Oc1ccc(Br)cc1,217090-42-1
COC1=C(C=O)C=C(Br)C(Cl)=C1,8199914,COc1cc(Cl)c(Br)cc1C=O,0
CCOC(=O)CC1=CC=C(OCC2=CC=CC=C2)C(Br)=C1,8265262,CCOC(=O)Cc1ccc(OCc2ccccc2)c(Br)c1,234757-51-8
CN(C)C1=C(C=CC=C1)C1=CC=CC=C1Br,8312924,CN(C)c1ccccc1-c1ccccc1Br,213697-67-7
BrC1=CC(=CC=C1)C1=NC2=C(C=CC3=C2N=CC=C3)C=C1,8494300,Brc1cccc(-c2ccc3ccc4cccnc4c3n2)c1,224030-72-2
COC1=CC2=C(C=C1OC)C(NC1=CC=CC(Br)=C1)=C(C=N2)C#N,8788934,COc1cc2ncc(C#N)c(Nc3cccc(Br)c3)c2cc1OC,214488-80-9
BrC(Br)=CC1=CC=CC(Br)=C1,9043313,BrC(Br)=Cc1cccc(Br)c1,0
FC1=CC=C(C=C1)C(=O)C1=CC=C(Br)C=C1F,9398902,O=C(c1ccc(F)cc1)c1ccc(Br)cc1F,541540-09-4
C[C@]1(CC2=CC=C(Br)C=C2)N2C(I)=CN=C2N(C1=O)C1=CC(Cl)=CC(Cl)=C1,9586266,C[C@@]1(Cc2ccc(Br)cc2)C(=O)N(c2cc(Cl)cc(Cl)c2)c2ncc(I)n21,321656-73-9
COC1=CC=CC(I)=C1Br,9617305,COc1cccc(I)c1Br,74128-84-0
CCCCCC(O[Si](C)(C)C(C)(C)C)C1=CC=C(Br)C=C1,9922938,CCCCCC(O[Si](C)(C)C(C)(C)C)c1ccc(Br)cc1,836643-56-2
COC1=CC(F)=C(C=O)C(Br)=C1,9996234,COc1cc(F)c(C=O)c(Br)c1,0
OC(CN(=O)=O)C1=CC=CC=C1Br,9996468,O=[N+]([O-])CC(O)c1ccccc1Br,0
COC1=CC(F)=C(Br)C=C1F,10062959,COc1cc(F)c(Br)cc1F,0
COCCOC1=CC(F)=C(Br)C(F)=C1,10067944,COCCOc1cc(F)c(Br)c(F)c1,0
CC(C)(C)OC(=O)N1CCC(CC1)(C1=CC=C(Cl)C=C1)C1=CC=C(Br)C=C1,11038953,CC(C)(C)OC(=O)N1CCC(c2ccc(Cl)cc2)(c2ccc(Br)cc2)CC1,857532-23-1
FC1=CC(Br)=CC(F)=C1C(Cl)=O,11187774,O=C(Cl)c1c(F)cc(Br)cc1F,497181-19-8
CCOC1=C(C=C(Br)C=C1)C#N,13674855,CCOc1ccc(Br)cc1C#N,0
CN(C)CC1=CC(=CC2=C1N=CC(C#N)=C2NC1=CC(Br)=CC=C1)N(=O)=O,13748218,CN(C)Cc1cc([N+](=O)[O-])cc2c(Nc3cccc(Br)c3)c(C#N)cnc12,0
CSC1=CC=C(Br)C=C1F,14283971,CSc1ccc(Br)cc1F,221030-79-1
COC1=CC(=C(Br)C=C1F)N(=O)=O,14393511,COc1cc([N+](=O)[O-])c(Br)cc1F,661463-13-4
CCC1=C(CC(O)=O)C(C)=CC(Br)=C1,14434334,CCc1cc(Br)cc(C)c1CC(=O)O,186748-48-1
COC(=O)C1=CC(Br)=CC(CC#N)=C1,14534697,COC(=O)c1cc(Br)cc(CC#N)c1,878741-84-5
BrC1=CC=C(C=C1)N1C=CNC1=O,14567955,O=c1[nH]ccn1-c1ccc(Br)cc1,530080-83-2
FC1=CC(OCC2=CC=CC=C2)=C(F)C=C1Br,14609819,Fc1cc(OCc2ccccc2)c(F)cc1Br,901238-24-2
CC1=CC(Br)=C(N)C=C1F,14828137,Cc1cc(Br)c(N)cc1F,202865-78-9
CC1=CC(OCC2=CC=CC=C2)=C(Br)C=C1C=O,15561976,Cc1cc(OCc2ccccc2)c(Br)cc1C=O,898538-71-1
FC1=CC(Br)=C(C=C1C=O)N(=O)=O,15690820,O=Cc1cc([N+](=O)[O-])c(Br)cc1F,679839-39-5
CC(C)C1=CC(Br)=CC(C(C)C)=C1N(C)C,18354607,CC(C)c1cc(Br)cc(C(C)C)c1N(C)C,930781-28-5
BrC1=CC(OC2CC2)=CC=C1,18413932,Brc1cccc(OC2CC2)c1,1035690-22-2
NC1=C(F)C=C(Br)C=C1C(F)(F)F,18453276,Nc1c(F)cc(Br)cc1C(F)(F)F,875664-46-3
FC1=C(OCC2CC2)C=C(Br)C=C1,18473978,Fc1ccc(Br)cc1OCC1CC1,1062614-77-0
CC1=CC(Br)=C(OC(F)(F)F)C=C1,18660166,Cc1ccc(OC(F)(F)F)c(Br)c1,887268-25-9
CC1=CC(Cl)=C(Br)C=C1F,18977963,Cc1cc(Cl)c(Br)cc1F,201849-17-4
NC1=C(Br)C=CC(O)=C1,19131545,Nc1cc(O)ccc1Br,100367-37-1
CCOC(=O)C=NC1=CC=C(Br)C=C1,19165543,CCOC(=O)C=Nc1ccc(Br)cc1,915712-34-4
NCC1=C(F)C(Br)=CC=C1,19346703,NCc1cccc(Br)c1F,261723-28-8
CC(C)(C)OC(=O)N1CCC(CC1)=CC1=CC(Br)=CC=C1,19346727,CC(C)(C)OC(=O)N1CCC(=Cc2cccc(Br)c2)CC1,163210-03-5
OC(=O)CCC(=C)C1=CC=C(Br)C=C1,19597998,C=C(CCC(=O)O)c1ccc(Br)cc1,1196873-07-0
CC(C)(C)OC(=O)N1CCCC1C1=C(Br)C=CC=C1,20229872,CC(C)(C)OC(=O)N1CCCC1c1ccccc1Br,1224945-44-1
FC(F)(F)C(Cl)=NC1=CC=C(Br)C=C1,20396598,FC(F)(F)C(Cl)=Nc1ccc(Br)cc1,250674-72-7
CN(CC(=O)C1=CC(Br)=CC=C1)CC1=CC=C(Cl)C=C1Cl,20505523,CN(CC(=O)c1cccc(Br)c1)Cc1ccc(Cl)cc1Cl,1234366-96-1
CC(C)(C)OC(=O)NC1=C(C2=C(C=C1)C=C(Br)C=C2)N(=O)=O,20551945,CC(C)(C)OC(=O)Nc1ccc2cc(Br)ccc2c1[N+](=O)[O-],1241377-72-9
NC1=CC=C(Br)C(F)=C1CO,20552240,Nc1ccc(Br)c(F)c1CO,0
CCOC(=O)\C=C\C1=CC(F)=C(Br)C=C1,20552963,CCOC(=O)/C=C/c1ccc(Br)c(F)c1,1173119-94-2
CS(=O)(=O)C1=CC(Br)=CC=C1F,20623826,CS(=O)(=O)c1cc(Br)ccc1F,914636-38-7
CC(=C)C1=CC(Br)=CC=C1F,21011947,C=C(C)c1cc(Br)ccc1F,1262859-53-9
CC(C)(C)OC(=O)NC1=N[C@@](C)(COC1)C1=CC(N)=CC(Br)=C1,21012083,CC(C)(C)OC(=O)NC1=N[C@](C)(c2cc(N)cc(Br)c2)COC1,1262859-29-9
CC(C)(C)OC(=O)NC1=N[C@@](C)(COC1)C1=CC(Br)=CC(=C1)N(=O)=O,21012089,CC(C)(C)OC(=O)NC1=N[C@](C)(c2cc(Br)cc([N+](=O)[O-])c2)COC1,1262859-27-7
[H][C@]12C[C@@]1([H])N([C@@H](C2)C1=NC2=C(N1)C=C(C=C2)C1=CC2=CC=C(Br)C=C2C=C1)C(=O)OC(C)(C)C,21488482,CC(C)(C)OC(=O)N1[C@H](c2nc3ccc(-c4ccc5cc(Br)ccc5c4)cc3[nH]2)C[C@H]2C[C@H]21,1306730-02-8
FC(F)C1=CC(=CC(Br)=C1)N(=O)=O,21580655,O=[N+]([O-])c1cc(Br)cc(C(F)F)c1,1261670-78-3
NC1=C(C(O)=O)C(F)=CC(Br)=C1,21661956,Nc1cc(Br)cc(F)c1C(=O)O,1312454-86-6
BrC1=CC=CC(=C1)C1=CC=CC=C1C1=CC=CC=C1,21670912,Brc1cccc(-c2ccccc2-c2ccccc2)c1,1222633-95-5
CC(C)(C)OC(=O)CCCC1=CC=C(Br)C=C1,21861116,CC(C)(C)OC(=O)CCCc1ccc(Br)cc1,1315468-28-0
COC(=O)C1=C(F)C=C(Br)C(C)=C1,22342463,COC(=O)c1cc(C)c(Br)cc1F,1253927-05-7
NC1=C(Cl)C=C(Br)C(OC(F)(F)F)=C1,22469691,Nc1cc(OC(F)(F)F)c(Br)cc1Cl,115844-00-3
CCN(CC)C(=O)C1=CC=C(Br)C=C1C[C@@H](C)O,23583396,CCN(CC)C(=O)c1ccc(Br)cc1C[C@@H](C)O,1374575-62-8
CCN(CC)C(=O)C1=CC=C(Br)C=C1CC(C)=O,23583505,CCN(CC)C(=O)c1ccc(Br)cc1CC(C)=O,1374575-61-7
OCC1=C(Cl)C(Br)=CC=C1,23603215,OCc1cccc(Br)c1Cl,1261524-75-7
FCSC1=CC=C(Br)C=C1,23623913,FCSc1ccc(Br)cc1,530080-20-7
CC1=CC(O[C@@H]2CCOC2)=CC(C)=C1Br,23918598,Cc1cc(O[C@@H]2CCOC2)cc(C)c1Br,1447325-52-1
CC1=CC=C(C=C1)C1=CC(=NN1C1=CC=C(Br)C=C1)C(F)(F)F,24349201,Cc1ccc(-c2cc(C(F)(F)F)nn2-c2ccc(Br)cc2)cc1,0
CC1=CC=C(COC2=CC(Br)=CC(F)=C2)C=N1,24703902,Cc1ccc(COc2cc(F)cc(Br)c2)cn1,0
FC(F)(F)C1=CC(=CC(Cl)=C1Br)N=C=S,26480583,FC(F)(F)c1cc(N=C=S)cc(Cl)c1Br,1533425-20-5
FC1=C(C=CC(Br)=C1)N1C=NNC1=O,27493732,O=c1[nH]ncn1-c1ccc(Br)cc1F,0
COC(=O)C1=C(N)C=C(F)C(Br)=C1,27600299,COC(=O)c1cc(Br)c(F)cc1N,0
O[C@H]1CCCC[C@@H]1NC(=O)C1=CN(CC2=CC=C(Br)C=C2)C2=CC=CN=C12,27916113,O=C(N[C@H]1CCCC[C@@H]1O)c1cn(Cc2ccc(Br)cc2)c2cccnc12,0
OC(=O)C1=C(C=C(Br)C=C1F)N(=O)=O,28150266,O=C(O)c1c(F)cc(Br)cc1[N+](=O)[O-],0
FC1=CC=C(Br)C(F)=C1N(=O)=O,28166780,O=[N+]([O-])c1c(F)ccc(Br)c1F,0
CC1(CCNCC1)C1=CC=C(Br)C=C1,28199880,CC1(c2ccc(Br)cc2)CCNCC1,0
CC(=C)C1=C(Br)C=C(Cl)C=C1,28259978,C=C(C)c1ccc(Cl)cc1Br,0
CNC1=C(C(F)=CC(Br)=C1)N(=O)=O,28313305,CNc1cc(Br)cc(F)c1[N+](=O)[O-],0
CC1=C(Br)C=CC(O)=C1Cl,28590918,Cc1c(Br)ccc(O)c1Cl,0
COC1=C(Br)C(C=O)=C(F)C=C1,29274207,COc1ccc(F)c(C=O)c1Br,0
CC1=C(C=C(Br)C(F)=C1)N1C=NC(=C1)C1CC1,29662355,Cc1cc(F)c(Br)cc1-n1cnc(C2CC2)c1,0
COC(=O)C1=CC(Br)=CC(OCC(C)(C)O)=C1,29836932,COC(=O)c1cc(Br)cc(OCC(C)(C)O)c1,0
COC(C)(C)COC1=CC(=CC(Br)=C1)C(O)=O,29836961,COC(C)(C)COc1cc(Br)cc(C(=O)O)c1,0
C[C@@H]1CC2=C(NC3=CC=CC=C23)[C@H](N1CC(C)(C)F)C1=C(F)C=C(Br)C=C1F,30093130,C[C@@H]1Cc2c([nH]c3ccccc23)[C@@H](c2c(F)cc(Br)cc2F)N1CC(C)(C)F,0
CC1=C(Br)C=C(C=C1)C(=O)C(F)(F)F,30298617,Cc1ccc(C(=O)C(F)(F)F)cc1Br,0
COC(=O)C1=CC(Br)=CC(O)=C1Cl,30929514,COC(=O)c1cc(Br)cc(O)c1Cl,0
OC1=CC(=NN1C1=CC=C(Br)C=C1)C(F)(F)F,31289932,Oc1cc(C(F)(F)F)nn1-c1ccc(Br)cc1,0
BrCC1=CC=CC(=C1Br)C1=CC=CC=C1,32140743,BrCc1cccc(-c2ccccc2)c1Br,0
FC1=CC(Br)=C(OC2=C(Cl)N=CN=C2)C=C1,32194979,Fc1ccc(Oc2cncnc2Cl)c(Br)c1,0
O[C@H]1CC[C@@H](CC1)NC1=C(C=C(Br)C=C1)N(=O)=O,32885979,O=[N+]([O-])c1cc(Br)ccc1N[C@H]1CC[C@H](O)CC1,0
NC1=C(F)C=C(C=C1Br)C(F)(F)F,33550902,Nc1c(F)cc(C(F)(F)F)cc1Br,0
CCC1=C(Br)C(C=O)=C(F)C=C1,34339410,CCc1ccc(F)c(C=O)c1Br,0
BrC1=CC=C(C=C1)C1=CCC(=O)O1,141690,O=C1CC=C(c2ccc(Br)cc2)O1,60112-48-3
BrC1=CC=C(C=C1)C1=NC=C(O1)C1=CC=CC=C1,191559,Brc1ccc(-c2ncc(-c3ccccc3)o2)cc1,14492-02-5
BrC1=CC=C(C=C1)C1=NOC(=C1)C1=CC=CC=C1,192804,Brc1ccc(-c2cc(-c3ccccc3)on2)cc1,53573-21-0
BrC1=CC=C(C=C1)C(=O)CN1C=CN=C1,612682,O=C(Cn1ccnc1)c1ccc(Br)cc1,24155-30-4
CN(N)C1=CC=C(Br)C=C1,637182,CN(N)c1ccc(Br)cc1,74763-71-6
CC1=NC2=C(C=CC=C2)C(=O)N1C1=CC=C(Br)C=C1,886567,Cc1nc2ccccc2c(=O)n1-c1ccc(Br)cc1,1788-95-0
CC1(C)COC(=N1)C1=CC(Br)=CC=C1,1106146,CC1(C)COC(c2cccc(Br)c2)=N1,51849-84-4
BrC1=CC=C(CCN2CCCC2)C=C1,1426250,Brc1ccc(CCN2CCCC2)cc1,13734-70-8
BrC1=CC=C(C=C1)C1=CNC2=C1C=CC=C2,1640801,Brc1ccc(-c2c[nH]c3ccccc23)cc1,51206-82-7
C[Si](C)(C)OC1=CC(Br)=CC=C1,1862840,C[Si](C)(C)Oc1cccc(Br)c1,36971-28-5
CC1=C(C)C(Br)=C(C)C(C)=C1O,1866146,Cc1c(C)c(Br)c(C)c(C)c1O,17362-16-2
FC1=CC(F)=C(Br)C(F)=C1F,1872697,Fc1cc(F)c(Br)c(F)c1F,1559-86-0
CCSC1=CC(Br)=CC=C1,1933033,CCSc1cccc(Br)c1,18184-69-5
CC(=O)C1=CC(Br)=C(C)C=C1O,1943817,CC(=O)c1cc(Br)c(C)cc1O,50342-17-1
BrC1=CC=C(SCC=C)C=C1,2084380,C=CCSc1ccc(Br)cc1,6334-55-0
COC(=O)C1=C(O)C(I)=CC(Br)=C1,2096563,COC(=O)c1cc(Br)cc(I)c1O,18071-51-7
CN(C)C1=CC=C(C=CC(=O)C2=CC=C(Br)C=C2)C=C1,2119358,CN(C)c1ccc(C=CC(=O)c2ccc(Br)cc2)cc1,0
CC(Br)C1=CC(Br)=CC=C1,2243916,CC(Br)c1cccc(Br)c1,59770-98-8
COC1=C(O)C(CO)=CC(Br)=C1,2259418,COc1cc(Br)cc(CO)c1O,35090-64-3
OC(=O)C1=CC2=CC=CC=C2C=C1Br,2260496,O=C(O)c1cc2ccccc2cc1Br,20717-80-0
COC1=C(OC)C(Br)=CC(CO)=C1,2368489,COc1cc(CO)cc(Br)c1OC,52783-74-1
CC1=C(C)C(Br)=C(C)C(=C1)N(=O)=O,2448233,Cc1cc([N+](=O)[O-])c(C)c(Br)c1C,18087-51-9
OC(=O)C1=C(C=CC=C1)C1=C(Br)C=CC=C1,2452090,O=C(O)c1ccccc1-c1ccccc1Br,69200-16-4
CC1=CC=C(Br)C(CBr)=C1,2501167,Cc1ccc(Br)c(CBr)c1,27561-50-8
CCOC(=O)CCCSC1=CC=C(Br)C=C1,2530530,CCOC(=O)CCCSc1ccc(Br)cc1,15085-43-5
FC(F)(F)S(=O)(=O)C1=CC=CC(Br)=C1,2561083,O=S(=O)(c1cccc(Br)c1)C(F)(F)F,2728-70-3
CC(=O)C1=C(Br)C=CC(C)=C1,2574224,CC(=O)c1cc(C)ccc1Br,77344-70-8
COC1=C(OCC2=CC=CC=C2)C=C(C(O)=O)C(Br)=C1,2659516,COc1cc(Br)c(C(=O)O)cc1OCc1ccccc1,24958-42-7
NC1=CC=CC2=CC=C(Br)C=C12,2716908,Nc1cccc2ccc(Br)cc12,136924-78-2
CN(C)C1=CC=C(\C=C\C2=CC=C(Br)C=C2)C=C1,2807100,CN(C)c1ccc(/C=C/c2ccc(Br)cc2)cc1,2844-19-1
NC1=C(C=C(F)C=C1Br)N(=O)=O,2837564,Nc1c(Br)cc(F)cc1[N+](=O)[O-],10472-88-5
CC(=O)CC(=O)NC1=CC(Br)=CC=C1,2838327,CC(=O)CC(=O)Nc1cccc(Br)c1,61579-06-4
CN(C)C=NS(=O)(=O)C1=CC=C(Br)C=C1,2844865,CN(C)C=NS(=O)(=O)c1ccc(Br)cc1,29619-31-6
C[Si](C)(C)C1=CC=C(C=C1)C1=CC=C(Br)C=C1,2939056,C[Si](C)(C)c1ccc(-c2ccc(Br)cc2)cc1,17908-91-7
CC(=O)NC1=CC(C)=C(Br)C(C)=C1,2969912,CC(=O)Nc1cc(C)c(Br)c(C)c1,64835-48-9
NC1=CC2=CC(Br)=CC=C2C=C1,3237004,Nc1ccc2ccc(Br)cc2c1,0
CCSC1=C(Br)C=CC=C1,3237452,CCSc1ccccc1Br,87424-98-4
NC1=CC2=CC=CC(Br)=C2C=C1,3240060,Nc1ccc2c(Br)cccc2c1,116400-84-1
CC(N(C)C)C1=CC=C(Br)C=C1,3244964,CC(c1ccc(Br)cc1)N(C)C,140621-51-8
OC1=C(Cl)C2=CC=C(Br)C=C2C=C1,3250271,Oc1ccc2cc(Br)ccc2c1Cl,102169-88-0
BrC1=C2C=CC=C(C#N)C2=CC=C1,3251835,N#Cc1cccc2c(Br)cccc12,129278-20-2
ClC1=CC=CC(Br)=C1N(=O)=O,3256643,O=[N+]([O-])c1c(Cl)cccc1Br,59772-48-4
BrC1=C(COC2=CC=CC=C2)C=CC=C1,3260771,Brc1ccccc1COc1ccccc1,94191-73-8
OC(C1=CC=C(Cl)C=C1)C1=CC=C(Br)C=C1,3292680,OC(c1ccc(Cl)cc1)c1ccc(Br)cc1,105901-10-8
BrC1=CC=C(CNC(=O)C2=CC=CC=C2)C=C1,3298855,O=C(NCc1ccc(Br)cc1)c1ccccc1,134516-57-7
OC(=O)C1=C(OC2=CC=CC=C2)C=C(Br)C=C1,3313314,O=C(O)c1ccc(Br)cc1Oc1ccccc1,861605-94-9
CCOC(=O)C1=CC(Br)=CC(=C1)N(=O)=O,3314396,CCOC(=O)c1cc(Br)cc([N+](=O)[O-])c1,690260-94-7
BrC1=C(OCC2=CC=CC=C2)C=CC(=C1)N(=O)=O,3325288,O=[N+]([O-])c1ccc(OCc2ccccc2)c(Br)c1,191602-86-5
CC1=CC=C(C=C1)C(=O)NC1=CC=C(Br)C=C1,3547107,Cc1ccc(C(=O)Nc2ccc(Br)cc2)cc1,158525-82-7
BrC1=CC=CC=C1N1CCCC1,4397505,Brc1ccccc1N1CCCC1,87698-81-5
BrC1=CC=CC=C1N1CCCCC1,4410762,Brc1ccccc1N1CCCCC1,82212-00-8
COC1=CC=C(SC2=CC=C(Br)C=C2)C=C1,4419297,COc1ccc(Sc2ccc(Br)cc2)cc1,125662-16-0
CC1=CC2=C(C=CC=C2)C=C1Br,4962321,Cc1cc2ccccc2cc1Br,939-15-1
BrC1=CC=CC=C1CN1C=C(N=N1)C1=CC=CC=C1,5054787,Brc1ccccc1Cn1cc(-c2ccccc2)nn1,126800-11-1
OC1=C(OC2=CC=CC=C2C1=O)C1=CC=C(Br)C=C1,5055084,O=c1c(O)c(-c2ccc(Br)cc2)oc2ccccc12,54210-23-0
CC1=CC=C(CNC2=CC=C(Br)C=C2)C=C1,5524614,Cc1ccc(CNc2ccc(Br)cc2)cc1,0
COC1=CC(Br)=CC=C1C1OCCO1,5533162,COc1cc(Br)ccc1C1OCCO1,109142-86-1
CC(C)(C)C1=CC2=C3C(C=CC4=CC(Br)=CC(C=C2)=C34)=C1,6206006,CC(C)(C)c1cc2ccc3cc(Br)cc4ccc(c1)c2c34,0
BrC1=CC=CC(OCC2CO2)=C1,6289628,Brc1cccc(OCC2CO2)c1,0
BrC1=CC=C(CCN(=O)=O)C=C1,6645667,O=[N+]([O-])CCc1ccc(Br)cc1,137521-07-4
CC1=CC=C(C=C1Br)C(=O)OC(C)(C)C,7127975,Cc1ccc(C(=O)OC(C)(C)C)cc1Br,160952-57-8
NC1=CC(Br)=C(C=C1)C(F)(F)F,7370538,Nc1ccc(C(F)(F)F)c(Br)c1,0
BrC1=CC=CC=C1C(=O)C=C=C,7804280,C=C=CC(=O)c1ccccc1Br,196953-04-5
NC1=CC(=CC(=C1Br)C(F)(F)F)C(F)(F)F,7814894,Nc1cc(C(F)(F)F)cc(C(F)(F)F)c1Br,0
CC(C)(C)C1=CC(C=O)=CC(Br)=C1,8310100,CC(C)(C)c1cc(Br)cc(C=O)c1,0
COC1=CC=C(C=C1)C(=C)C1=C(Br)C=CC=C1,8767892,C=C(c1ccc(OC)cc1)c1ccccc1Br,0
BrC1=CC=C(C=C1)N1C=CC2=CC=CN=C12,9123265,Brc1ccc(-n2ccc3cccnc32)cc1,441012-22-2
CC(C)P(C(C)C)C1=C(Br)C=CC=C1,9478788,CC(C)P(c1ccccc1Br)C(C)C,0
CCOC(=O)C1=CN(C2=CC(Br)=CC=C2)C2=NC=CC=C2C1=O,9498401,CCOC(=O)c1cn(-c2cccc(Br)c2)c2ncccc2c1=O,477251-77-7
CC(C)(C)OC(=O)CSC1=CC=C(Br)C=C1,9554095,CC(C)(C)OC(=O)CSc1ccc(Br)cc1,283153-83-3
CCN1CCN(CC1)C1=CC=C(Br)C=C1,9623200,CCN1CCN(c2ccc(Br)cc2)CC1,656257-43-1
COC(=O)C=CC1=CC=CC=C1Br,9695355,COC(=O)C=Cc1ccccc1Br,102540-15-8
ON=CC1=C(O)C=CC(Br)=C1,9758417,ON=Cc1cc(Br)ccc1O,82486-43-9
CCCCOCCOC1=CC=C(Br)C=C1,9761654,CCCCOCCOc1ccc(Br)cc1,39255-24-8
BrC1=CC=CC=C1P(C1CCCCC1)C1CCCCC1,9789991,Brc1ccccc1P(C1CCCCC1)C1CCCCC1,0
NC1=CC(=C(Br)C=C1N(=O)=O)C(F)(F)F,10437598,Nc1cc(C(F)(F)F)c(Br)cc1[N+](=O)[O-],683241-86-3
CC1=C(O[Si](C)(C)C(C)(C)C)C=CC(Br)=C1,10537447,Cc1cc(Br)ccc1O[Si](C)(C)C(C)(C)C,179636-73-8
CC(C)(C)OC(=O)NC1=CC(=CC=C1Br)N(=O)=O,10669544,CC(C)(C)OC(=O)Nc1cc([N+](=O)[O-])ccc1Br,384793-19-5
OB(O)C1=C(Br)C=CC=C1F,11060800,OB(O)c1c(F)cccc1Br,0
BrC1=C(C=CC(=C1)C#N)C1CCC2=CN=CN12,11721436,N#Cc1ccc(C2CCc3cncn32)c(Br)c1,928134-47-8
BrC1=CC(=CC=C1)N1C=C(C(=O)NC2CC2)C(=O)C2=CC=CN=C12,11748356,O=C(NC1CC1)c1cn(-c2cccc(Br)c2)c2ncccc2c1=O,477251-96-0
COCOC1=C(F)C=C(Br)C=C1,13260159,COCOc1ccc(Br)cc1F,0
CC(C)(C)OC(=O)CC1=CC(Br)=CC=C1,13742832,CC(C)(C)OC(=O)Cc1cccc(Br)c1,197792-52-2
CC(=O)N(C1=CC(Br)=CC=C1)C1=C(C=NC2=C1C=C(C=C2C)N(=O)=O)C#N,13748441,CC(=O)N(c1cccc(Br)c1)c1c(C#N)cnc2c(C)cc([N+](=O)[O-])cc12,0
CC(=O)N(C1=CC(Br)=CC=C1)C1=C(C=NC2=C1C=C(C=C2CBr)N(=O)=O)C#N,13749939,CC(=O)N(c1cccc(Br)c1)c1c(C#N)cnc2c(CBr)cc([N+](=O)[O-])cc12,0
OCC1=CC(Cl)=C(Br)C=C1,13767146,OCc1ccc(Br)c(Cl)c1,0
CSC1=C(C)C(C)=C(Br)C=C1,14005688,CSc1ccc(Br)c(C)c1C,250593-00-1
CCOC(=O)CC1=C(C=C(Br)C=C1)N(=O)=O,14223882,CCOC(=O)Cc1ccc(Br)cc1[N+](=O)[O-],199328-35-3
CC(C)(C)\N=C\C1=C(I)C=CC(Br)=C1,14239428,CC(C)(C)/N=C/c1cc(Br)ccc1I,689291-90-5
BrC1=CC(=CC=C1)C(=O)C1=NC=CC=C1,14240510,O=C(c1cccc(Br)c1)c1ccccn1,206357-82-6
ONC(=N)C1=C(F)C=C(Br)C=C1,14292899,N=C(NO)c1ccc(Br)cc1F,635702-31-7
BrC1=C(C=O)C=CC=C1C#N,14309377,N#Cc1cccc(C=O)c1Br,446864-55-7
ClC1=C(Br)C=CC=C1CBr,14368812,Clc1c(Br)cccc1CBr,1044256-89-4
CC(C)(CN)C1=CC=CC(Br)=C1,14485647,CC(C)(CN)c1cccc(Br)c1,1176667-93-8
COC1=C(Br)C=CC(=C1)C(Cl)=O,14555482,COc1cc(C(=O)Cl)ccc1Br,56256-15-6
CN(C)CCOC1=CC=CC(Br)=C1,14710252,CN(C)CCOc1cccc(Br)c1,221915-84-0
CNC(=O)C1=C(N)C=C(Br)C=C1,15019369,CNC(=O)c1ccc(Br)cc1N,864866-77-3
NC1=CC(Br)=C(OC2=CC=CC=C2)C=C1,15409011,Nc1ccc(Oc2ccccc2)c(Br)c1,1159607-48-3
CN(C[C@@H](CC=O)C1=CC=C(F)C=C1)C(=O)C1=CC(=CC(Br)=C1)C(F)(F)F,15424164,CN(C[C@@H](CC=O)c1ccc(F)cc1)C(=O)c1cc(Br)cc(C(F)(F)F)c1,917572-25-9
O[C@@H](CNCC=C)C1=CC=C(Br)C=C1,15435748,C=CCNC[C@H](O)c1ccc(Br)cc1,920800-65-3
FC1=CC=C(\C=C2/OC(=O)C3=CC=CC=C23)C=C1Br,18471832,O=C1O/C(=C\c2ccc(F)c(Br)c2)c2ccccc21,0
COC(=O)C(=O)C=CC1=C(Br)C=CC=C1,18853484,COC(=O)C(=O)C=Cc1ccccc1Br,0
BrC1=CC=C(C=C1)C1CN(CC2=CC=CC=C2)CCO1,18997251,Brc1ccc(C2CN(Cc3ccccc3)CCO2)cc1,1131220-79-5
BrC1=CC=C(C=C1)C1(CC1)C=O,19065718,O=CC1(c2ccc(Br)cc2)CC1,1147531-61-0
C[Si](C)(C)C#CC(O)C1=CC=C(Br)C=C1,19160176,C[Si](C)(C)C#CC(O)c1ccc(Br)cc1,1122594-14-2
OCCN1C=NC(=N1)C1=CC=C(Br)C=C1,19588711,OCCn1cnc(-c2ccc(Br)cc2)n1,1184174-47-7
CC(C)(C)C1=CC=C(C=C1)C(=O)C1=C(Br)C=CC=C1,19595607,CC(C)(C)c1ccc(C(=O)c2ccccc2Br)cc1,951889-08-0
CN(C)C1=CC=CC(N(C)C)=C1C1=CC=CC=C1Br,19634551,CN(C)c1cccc(N(C)C)c1-c1ccccc1Br,1160556-63-7
BrC1=CC=C(C=C1)S(=O)(=O)NCC#C,19661052,C#CCNS(=O)(=O)c1ccc(Br)cc1,321707-23-7
BrC1=CC=CC(=C1)N1C=NNC1=O,20179038,O=c1[nH]ncn1-c1cccc(Br)c1,1007578-99-5
CN(CC(O)C1=CC(Br)=CC=C1)CC1=CC=C(Cl)C=C1Cl,20505524,CN(Cc1ccc(Cl)cc1Cl)CC(O)c1cccc(Br)c1,1234366-97-2
BrC1=CC(N2CCOCC2)=C(C=O)C=C1,20709462,O=Cc1ccc(Br)cc1N1CCOCC1,736990-80-0
OCC1(COCC(=O)N1)C1=CC(Br)=CC=C1,21011990,O=C1COCC(CO)(c2cccc(Br)c2)N1,1262858-78-5
FC(F)C1(COCC(=S)N1)C1=C(F)C=CC(Br)=C1,21012024,Fc1ccc(Br)cc1C1(C(F)F)COCC(=S)N1,1262859-03-9
COC(=O)C1=C(C)C=C(F)C=C1Br,21181891,COC(=O)c1c(C)cc(F)cc1Br,1262396-04-2
CC1(COCC(=O)N1)C1=C(F)C=CC(Br)=C1,21196736,CC1(c2cc(Br)ccc2F)COCC(=O)N1,1266784-13-7
COC(=O)C1=CC(Br)=C(O)C(=C1)C(=O)CC(=O)N1CCOCC1,21340148,COC(=O)c1cc(Br)c(O)c(C(=O)CC(=O)N2CCOCC2)c1,1296271-38-9
OC1=C(C=C(Br)C=C1)C(=O)CC1=CC(F)=CC=C1,21400737,O=C(Cc1cccc(F)c1)c1cc(Br)ccc1O,1300581-45-6
NC1=C(Br)C=C(F)C(=C1)N(=O)=O,21464304,Nc1cc([N+](=O)[O-])c(F)cc1Br,346433-97-4
OC(=O)C(=O)C1=CC(Br)=CC=C1F,22133202,O=C(O)C(=O)c1cc(Br)ccc1F,1352420-06-4
OC(=O)C1=CC(OC(F)(F)F)=C(Br)C=C1,22133658,O=C(O)c1ccc(Br)c(OC(F)(F)F)c1,1008769-87-6
COC1=CC(Br)=C(C(C)=C1C(O)=O)N(=O)=O,22279017,COc1cc(Br)c([N+](=O)[O-])c(C)c1C(=O)O,1254343-63-9
CC(=C)C1=CC(F)=CC=C1Br,22799969,C=C(C)c1cc(F)ccc1Br,0
OCC1(COC1)C1=CC=C(Br)C=C1,22979496,OCC1(c2ccc(Br)cc2)COC1,1188264-15-4
CC1=CC(=CC(Br)=C1C=C)N(=O)=O,23057659,C=Cc1c(C)cc([N+](=O)[O-])cc1Br,1403666-48-7
CC1=CC(=CC(Br)=C1[C@H](O)COC(=O)C(C)(C)C)N(=O)=O,23057679,Cc1cc([N+](=O)[O-])cc(Br)c1[C@H](O)COC(=O)C(C)(C)C,1403666-50-1
CC1=CC=CC=C1\C=C\C(=O)C1=CC(Br)=CC=C1O,23310420,Cc1ccccc1/C=C/C(=O)c1cc(Br)ccc1O,1426899-74-2
COC(=O)CCCC1=C(O)C(Br)=CC=C1,23445977,COC(=O)CCCc1cccc(Br)c1O,1427500-17-1
BrC1=CC=CC(OCC(=O)NC2CC2)=C1,23486374,O=C(COc1cccc(Br)c1)NC1CC1,1017020-52-8
COC(=O)C1=CC(OC(F)(F)F)=C(Br)C(Cl)=C1,23506072,COC(=O)c1cc(Cl)c(Br)c(OC(F)(F)F)c1,1433280-61-5
CC(=O)OCC1=C(C=C(F)C=C1Br)N1CCN2C3=C(CC(C)(C)C3)C=C2C1=O,23508114,CC(=O)OCc1c(Br)cc(F)cc1N1CCn2c(cc3c2CC(C)(C)C3)C1=O,1346674-61-0
COC(=O)C1=C(Br)C(NC2=CC(=O)CN(C2)C(=O)OCC2=CC=CC=C2)=CC=C1,23766571,COC(=O)c1cccc(NC2=CC(=O)CN(C(=O)OCc3ccccc3)C2)c1Br,1446261-45-5
[H][C@]12C[C@@]1([H])N([C@@H](C2)C1=NC=C(N1)C1=CC2=CC=C(Br)C=C2C=C1)C(=O)OC(C)(C)C,23810646,CC(C)(C)OC(=O)N1[C@H](c2ncc(-c3ccc4cc(Br)ccc4c3)[nH]2)C[C@H]2C[C@H]21,1306731-09-8
CC(C)C1=C(CC2=C(C)C=C(Br)C=C2)C(O)=NN1,24077155,Cc1cc(Br)ccc1Cc1c(O)n[nH]c1C(C)C,0
CC(O)C1=CC(F)=C(Br)C=C1,24619409,CC(O)c1ccc(Br)c(F)c1,0
COC(=O)CCC1=C(OC)C=C(Br)C=C1,26470583,COC(=O)CCc1ccc(Br)cc1OC,1261653-54-6
COC(=O)C1=CC(Br)=CC=C1NC(=O)CCC1=CC=CC=C1,26727120,COC(=O)c1cc(Br)ccc1NC(=O)CCc1ccccc1,1599528-90-1
OC(=O)C1=CC(O)=C(F)C(Br)=C1,27402876,O=C(O)c1cc(O)c(F)c(Br)c1,0
FC1=C(C=O)C=C(Cl)C(Br)=C1,27597068,O=Cc1cc(Cl)c(Br)cc1F,0
CC1=CC(C(O)=O)=C(N)C=C1Br,27602427,Cc1cc(C(=O)O)c(N)cc1Br,0
CCOC(=O)C1=CC(OC(F)(F)F)=C(Br)C=C1N(=O)=O,27866327,CCOC(=O)c1cc(OC(F)(F)F)c(Br)cc1[N+](=O)[O-],0
CC(=O)C1=C(OC(F)F)C=C(Br)C=C1,27960319,CC(=O)c1ccc(Br)cc1OC(F)F,0
OC(=O)CCC1=C(C=C(Br)C=C1)C(F)(F)F,28166982,O=C(O)CCc1ccc(Br)cc1C(F)(F)F,0
CCC1=C(Br)C=CC(I)=C1,28926843,CCc1cc(I)ccc1Br,0
CC(C)(CC(O)=O)C1=C(F)C=C(Br)C=C1,29250663,CC(C)(CC(=O)O)c1ccc(Br)cc1F,0
COC(=O)C1=CC(Br)=CC(OCC(C)(C)OC)=C1,29836969,COC(=O)c1cc(Br)cc(OCC(C)(C)OC)c1,0
CC(C)(C)OC(=O)N1CC(C1)C(=O)NC1=C(Br)C=CC(Cl)=C1,29922394,CC(C)(C)OC(=O)N1CC(C(=O)Nc2cc(Cl)ccc2Br)C1,0
CC1=C(CC2=CC=C(S2)C2=CC=CC=C2)C=C(Br)C=C1,30416352,Cc1ccc(Br)cc1Cc1ccc(-c2ccccc2)s1,0
CC(=O)C1=C(C=C(Br)C=C1)C(F)(F)F,30936348,CC(=O)c1ccc(Br)cc1C(F)(F)F,0
COC1=CC=C(COCC2=C(Br)C=CC=C2Cl)C=C1,31160710,COc1ccc(COCc2c(Cl)cccc2Br)cc1,0
CSC1=C(F)C(=CC=C1Br)C1=NC(C)(C)CO1,31366019,CSc1c(Br)ccc(C2=NC(C)(C)CO2)c1F,0
CSC1=C(C)C(=CC=C1Br)C1=NC(C)(C)CO1,31366020,CSc1c(Br)ccc(C2=NC(C)(C)CO2)c1C,0
COC(=O)C1=CC=C(Br)C(SC)=C1C,31366022,COC(=O)c1ccc(Br)c(SC)c1C,0
FC1=C(Br)C(CC#N)=CC=C1,32447291,N#CCc1cccc(F)c1Br,0
COC1=CC(N\C=C\N(=O)=O)=C(C=C1Br)C(O)=O,32483167,COc1cc(N/C=C/[N+](=O)[O-])c(C(=O)O)cc1Br,0
COC(OC)C1CCN(CC1)C1=CC=C(Br)C=C1,32984512,COC(OC)C1CCN(c2ccc(Br)cc2)CC1,0
OC(=O)CC1=C(C=C(Br)C=C1)C(F)(F)F,33799207,O=C(O)Cc1ccc(Br)cc1C(F)(F)F,0
COC(=O)C1=CC(Br)=C(CCO)C(O)=C1Cl,34554902,COC(=O)c1cc(Br)c(CCO)c(O)c1Cl,0
COC1=CC2=C(C(OC)=N1)[C@]1(O)[C@H](O)[C@@H]([C@@H](C3=CC=CC=C3)[C@@]1(O2)C1=CC=C(Br)C=C1)C(=O)N(C)C,36179286,COc1cc2c(c(OC)n1)[C@]1(O)[C@H](O)[C@H](C(=O)N(C)C)[C@@H](c3ccccc3)[C@]1(c1ccc(Br)cc1)O2,0
CCOC(=O)C(F)(F)C(O)C1=C(Br)C=C(F)C=C1,36791185,CCOC(=O)C(F)(F)C(O)c1ccc(F)cc1Br,0
CN(C)\C=N\C1=CC(Br)=CC(F)=C1C#N,41232856,CN(C)/C=N/c1cc(Br)cc(F)c1C#N,0
BrC1=CC=C(C=C1)C1=NNC(=O)C=C1,154776,O=c1ccc(-c2ccc(Br)cc2)n[nH]1,50636-57-2
BrC1=CC(=C(C=C1)N1CCCCC1)N(=O)=O,204507,O=[N+]([O-])c1cc(Br)ccc1N1CCCCC1,5465-66-7
BrC1=CC=C(CN2C=CN=C2)C=C1,513902,Brc1ccc(Cn2ccnc2)cc1,72459-46-2
CN1C2=CC=CC=C2N=C1C1=C(Br)C=CC=C1,525907,Cn1c(-c2ccccc2Br)nc2ccccc21,92152-36-8
BrC1=CC=C(C=C1)C1=CN=NN1,608515,Brc1ccc(-c2cnn[nH]2)cc1,5301-98-4
CC(=O)NC1=CC=C(Br)C=C1C(O)=O,882463,CC(=O)Nc1ccc(Br)cc1C(=O)O,38985-79-4
BrC1=CC=C(C=C1)C1=CSN=N1,973952,Brc1ccc(-c2csnn2)cc1,40753-13-7
BrC1=CC=C(C=C1)C1=CC=NO1,1210657,Brc1ccc(-c2ccno2)cc1,7064-31-5
BrC1=C(C=CC=C1)C1=NC2=CC=CC=C2C=C1,1311626,Brc1ccccc1-c1ccc2ccccc2n1,5428-25-1
BrC1=CC=C(C=C1)C(=O)C1=CC=NC=C1,1527983,O=C(c1ccncc1)c1ccc(Br)cc1,14548-49-3
OC1=CC=C(C=C1)\N=N\C1=CC=C(Br)C=C1,1842158,Oc1ccc(/N=N/c2ccc(Br)cc2)cc1,3035-94-7
CC1=CC(C)=C(Br)C(C)=C1C,1862320,Cc1cc(C)c(Br)c(C)c1C,3349-15-3
ClC(=CC=O)C1=CC=C(Br)C=C1,1863990,O=CC=C(Cl)c1ccc(Br)cc1,14063-78-6
CCCC(=O)OCC(=O)C1=CC=C(Br)C=C1,1913209,CCCC(=O)OCC(=O)c1ccc(Br)cc1,5611-17-6
O\N=C/C1=CC=C(Br)C=C1,1930473,O/N=C\c1ccc(Br)cc1,25062-46-8
BrC1=C(C=CC=C1)C(=O)N=C=S,1945955,O=C(N=C=S)c1ccccc1Br,73945-66-1
COC1=CC(O)=CC(Br)=C1O,1950100,COc1cc(O)cc(Br)c1O,61654-67-9
COC1=C(Br)C=C(C=C1C(C)(C)C)C(C)(C)C,1961491,COc1c(Br)cc(C(C)(C)C)cc1C(C)(C)C,217819-14-2
OC1=C(F)C(F)=C(Br)C(F)=C1F,1963336,Oc1c(F)c(F)c(Br)c(F)c1F,1998-61-4
ClC1=C(C=C(C=C1Br)N(=O)=O)N(=O)=O,1980704,O=[N+]([O-])c1cc(Br)c(Cl)c([N+](=O)[O-])c1,51796-81-7
CCOC(=O)C(CC1=CC=CC=C1Br)C(=O)OCC,1995097,CCOC(=O)C(Cc1ccccc1Br)C(=O)OCC,66192-11-8
CC(=O)C(=O)C1=CC=C(Br)C=C1,2084334,CC(=O)C(=O)c1ccc(Br)cc1,10557-20-7
BrC1=CC=C(CCC2=CC=CC=C2)C=C1,2097631,Brc1ccc(CCc2ccccc2)cc1,14310-24-8
CC(=O)C1=C(O)C(Br)=CC(=C1)C(O)=O,2110447,CC(=O)c1cc(C(=O)O)cc(Br)c1O,71407-98-2
CC(=NNC(N)=S)C1=CC=C(Br)C=C1,2110948,CC(=NNC(N)=S)c1ccc(Br)cc1,16546-06-8
NC1=CC=C2C=CC3=C(Br)C=CC4=C3C2=C1C=C4,2117022,Nc1ccc2ccc3c(Br)ccc4ccc1c2c43,42882-08-6
OC1=C(C=CC=C1)C(=O)NC1=CC=C(Br)C=C1,2215464,O=C(Nc1ccc(Br)cc1)c1ccccc1O,2627-77-2
BrC1=CC=C(C=C1)C1=CCCC1,2248612,Brc1ccc(C2=CCCC2)cc1,6725-74-2
BrC1=CC=CC=C1CCC(=O)C1=CC=CC=C1,2370460,O=C(CCc1ccccc1Br)c1ccccc1,67130-93-2
COC1=CC=C(CCC(O)=O)C=C1Br,2372690,COc1ccc(CCC(=O)O)cc1Br,1857-57-4
OC(C1=CC=C(Cl)C=C1)C1=CC=CC=C1Br,2373515,OC(c1ccc(Cl)cc1)c1ccccc1Br,60081-00-7
OC1=CC=C(Br)C=C1C(=O)\C=C\C1=CC=CC=C1,2374545,O=C(/C=C/c1ccccc1)c1cc(Br)ccc1O,1218-22-0
CC(C)(C)C1=CC=C(Br)C(O)=C1,2436486,CC(C)(C)c1ccc(Br)c(O)c1,20942-68-1
ClC(=O)C1=CC(=CC(Br)=C1)C(Cl)=O,2450192,O=C(Cl)c1cc(Br)cc(C(=O)Cl)c1,57863-69-1
CC1=C(C=C(C(Br)=C1)N(=O)=O)N(=O)=O,2506592,Cc1cc(Br)c([N+](=O)[O-])cc1[N+](=O)[O-],5411-53-0
CC(C)C(O)C1=CC=C(Br)C=C1,2519519,CC(C)C(O)c1ccc(Br)cc1,56985-67-2
OCC1=CC=CC2=C1C=CC=C2Br,2556583,OCc1cccc2c(Br)cccc12,20366-57-8
OC1=C(CC=C)C=C(Br)C=C1Cl,2557223,C=CCc1cc(Br)cc(Cl)c1O,90725-41-0
COC1=C(Br)C(C=O)=CC=C1O,2576834,COc1c(O)ccc(C=O)c1Br,89984-24-7
OC(=O)C1=C(Br)C=C(I)C=C1,2640795,O=C(O)c1ccc(I)cc1Br,28547-29-7
NC1=CC=C(Br)C=C1S(O)(=O)=O,2645337,Nc1ccc(Br)cc1S(=O)(=O)O,1576-59-6
[H][C@](O)(C(O)=O)C1=CC=C(Br)C=C1,2692852,O=C(O)[C@H](O)c1ccc(Br)cc1,0
ClCCCOC1=CC=C(Br)C=C1,2717892,ClCCCOc1ccc(Br)cc1,64010-38-4
CN(C)C1=CC(=C(Br)C=C1)N(=O)=O,2723175,CN(C)c1ccc(Br)c([N+](=O)[O-])c1,70076-04-9
CCC(=O)C1=C(N)C=CC(Br)=C1,2829332,CCC(=O)c1cc(Br)ccc1N,124623-15-0
C[Si](C)(Cl)C1=CC=C(Br)C=C1,2936131,C[Si](C)(Cl)c1ccc(Br)cc1,18236-77-6
N[C@H]1C[C@@H]1C1=CC=C(Br)C=C1,2936665,N[C@H]1C[C@@H]1c1ccc(Br)cc1,90561-75-4
ClS(=O)(=O)C1=CC2=C(C=C1)C=C(Br)C=C2,2940376,O=S(=O)(Cl)c1ccc2cc(Br)ccc2c1,50637-98-4
COC1=CC(Br)=C(C=C1OC)S(Cl)(=O)=O,2980003,COc1cc(Br)c(S(=O)(=O)Cl)cc1OC,51072-64-1
CC(=O)CC(=O)C1=CC=CC(Br)=C1,3089946,CC(=O)CC(=O)c1cccc(Br)c1,152706-83-7
CC1=CC=C(C=C1)S(=O)(=O)NC1=CC(Br)=CC=C1,3120033,Cc1ccc(S(=O)(=O)Nc2cccc(Br)c2)cc1,7510-48-7
CC1=C(CC#N)C=C(Br)C=C1,3243167,Cc1ccc(Br)cc1CC#N,0
CC(=O)NC1=C(I)C=C(Br)C=C1,3250463,CC(=O)Nc1ccc(Br)cc1I,562080-91-5
NC(=S)N\N=C\C1=CC=C(Br)C=C1,3259235,NC(=S)N/N=C/c1ccc(Br)cc1,94794-27-1
NC(C(O)=O)C1=C(Br)C=CC=C1,3262769,NC(C(=O)O)c1ccccc1Br,254762-66-8
COC1=CC(OC)=C(C=C1Br)C(C)=O,3263014,COc1cc(OC)c(C(C)=O)cc1Br,182056-48-0
COC1=CC(Br)=C(C=C1OC)C#N,3283426,COc1cc(Br)c(C#N)cc1OC,109305-98-8
CCNS(=O)(=O)C1=CC=C(Br)C=C1,3286451,CCNS(=O)(=O)c1ccc(Br)cc1,1984-25-4
CCOC(=O)C1=CC(Br)=C(C=C1)C(=O)OCC,3323129,CCOC(=O)c1ccc(C(=O)OCC)c(Br)c1,154239-21-1
BrC1=CC(OCC2=CC=CC=C2)=CC(OCC2=CC=CC=C2)=C1,3399460,Brc1cc(OCc2ccccc2)cc(OCc2ccccc2)c1,128924-04-9
COC1=CC=C(C(Cl)=O)C(Br)=C1,3541331,COc1ccc(C(=O)Cl)c(Br)c1,88741-40-6
OCC=CC1=CC=CC=C1Br,4963290,OCC=Cc1ccccc1Br,0
CCOC(=O)C1=CC=C(CBr)C(Br)=C1,4994110,CCOC(=O)c1ccc(CBr)c(Br)c1,113641-88-6
CC1=C(N=C2C=CC=CN12)C1=CC=C(Br)C=C1,5014785,Cc1c(-c2ccc(Br)cc2)nc2ccccn12,118001-58-4
BrC1=CC=C(C=C1)C1CC(=O)C2=CC=CC=C2N1,5435919,O=C1CC(c2ccc(Br)cc2)Nc2ccccc21,130820-63-2
COC(=O)C(C)C1=CC=CC(Br)=C1,5513027,COC(=O)C(C)c1cccc(Br)c1,80622-53-3
ClC1=CC(Br)=C(CBr)C(Cl)=C1,5809099,Clc1cc(Cl)c(CBr)c(Br)c1,115615-20-8
COCOCC1=CC=CC=C1Br,5927762,COCOCc1ccccc1Br,94236-21-2
COC1=CC=C(Br)C(Cl)=C1Cl,5929262,COc1ccc(Br)c(Cl)c1Cl,109803-52-3
COC1=CC=C(Br)C(NC(=O)OC(C)(C)C)=C1,7375184,COc1ccc(Br)c(NC(=O)OC(C)(C)C)c1,0
CCOC(=O)COC1=CC=CC(Br)=C1,7583946,CCOC(=O)COc1cccc(Br)c1,138139-14-7
FC(F)(F)C(=O)NC1=CC=C(Br)C=C1CBr,7641888,O=C(Nc1ccc(Br)cc1CBr)C(F)(F)F,183173-44-6
COC(=O)CC1=C(Br)C=C(OC)C=C1,7760222,COC(=O)Cc1ccc(OC)cc1Br,198630-93-2
BrCC#CC1=CC=C(Br)C=C1,7915476,BrCC#Cc1ccc(Br)cc1,173019-84-6
COC1=C(C=C(Br)C=C1)C1OCCO1,8057611,COc1ccc(Br)cc1C1OCCO1,156603-10-0
FC(F)(F)C1=CC(Br)=CC=C1N=C=O,8392258,O=C=Nc1ccc(Br)cc1C(F)(F)F,0
CNC1=CC=C2C=C(Br)C=CC2=C1,8615714,CNc1ccc2cc(Br)ccc2c1,305835-80-7
FC(F)(Br)C(F)(F)OC1=CC=C(Br)C=C1,8685185,FC(F)(Br)C(F)(F)Oc1ccc(Br)cc1,113939-45-0
OC1=CC=C(O)C(C=O)=C1Br,8831060,O=Cc1c(O)ccc(O)c1Br,241127-72-0
FC(F)=CC1=C(Br)C=CC=C1,9119681,FC(F)=Cc1ccccc1Br,0
BrC1=CC=CC(=C1)C1=NN(C=C1C=O)C1=CC=CC=C1,9199590,O=Cc1cn(-c2ccccc2)nc1-c1cccc(Br)c1,0
COC1=CC(N)=CC2=C1N=CC(C#N)=C2NC1=CC(Br)=CC=C1,9282168,COc1cc(N)cc2c(Nc3cccc(Br)c3)c(C#N)cnc12,214485-75-3
FC(F)C(F)(F)OC1=CC(CNC2=CC=CC(Br)=C2)=CC=C1,9415543,FC(F)C(F)(F)Oc1cccc(CNc2cccc(Br)c2)c1,263348-69-2
CC(=O)C1=C(Br)C=CC=C1O,9617825,CC(=O)c1c(O)cccc1Br,55736-69-1
BrC1=CC=C(C(=O)OCC2=CC=CC=C2)C(OCC2=CC=CC=C2)=C1,9715218,O=C(OCc1ccccc1)c1ccc(Br)cc1OCc1ccccc1,693257-17-9
CC(C)OC1=CC=CC(OC(C)C)=C1C1=C(Br)C=CC=C1,9853849,CC(C)Oc1cccc(OC(C)C)c1-c1ccccc1Br,870703-70-1
CC(C)(C)[S@](=O)\N=C\C1=CC=C(Br)C=C1,9998364,CC(C)(C)[S@](=O)/N=C/c1ccc(Br)cc1,0
CON(C)C(=O)CC1=CC(Br)=CC=C1,10153418,CON(C)C(=O)Cc1cccc(Br)c1,866270-03-3
OCC1=CC(Br)=CC=C1OCC1=CC=CC=C1,10434907,OCc1cc(Br)ccc1OCc1ccccc1,177759-46-5
CC(N=C=O)C1=CC=C(Br)C=C1,10654920,CC(N=C=O)c1ccc(Br)cc1,207974-15-0
BrC1=CC=CC=C1C1=CNN=N1,10655880,Brc1ccccc1-c1c[nH]nn1,0
CC(C)OC1=CC(Br)=CC=C1N,10656012,CC(C)Oc1cc(Br)ccc1N,0
CCOC(=O)C1(CC1)OC1=CC=C(Br)C=C1N(=O)=O,11268520,CCOC(=O)C1(Oc2ccc(Br)cc2[N+](=O)[O-])CC1,0
CCC1=CC=C(CC2=C(Cl)C=CC(Br)=C2)C=C1,11434722,CCc1ccc(Cc2cc(Br)ccc2Cl)cc1,879545-41-2
CCOC1=CC=C(CC2=CC(Br)=CC=C2C)C=C1,11454463,CCOc1ccc(Cc2cc(Br)ccc2C)cc1,0
FC1=C(OC2=CC=CC=C2)C=CC(Br)=C1,13196662,Fc1cc(Br)ccc1Oc1ccccc1,230961-77-0
CC1=CC=CC(NC(=O)OC(C)(C)C)=C1Br,13197886,Cc1cccc(NC(=O)OC(C)(C)C)c1Br,936829-27-5
COC1=C(Br)C=CC(=C1)C(N)=O,13574768,COc1cc(C(N)=O)ccc1Br,0
FC1=CC(Br)=C(OCC#C)C=C1,14085771,C#CCOc1ccc(F)cc1Br,457628-49-8
FC1=C(C=CC=C1Br)C(Cl)=O,14158466,O=C(Cl)c1cccc(Br)c1F,374554-41-3
CCOC(COC1=C(Br)C=CC(OC)=C1)OCC,14189339,CCOC(COc1cc(OC)ccc1Br)OCC,286836-02-0
COC(=O)C1=CC(=CC=C1Br)C1CC1,14260297,COC(=O)c1cc(C2CC2)ccc1Br,702640-96-8
COC1=C(N)C=C(Br)C=C1F,14274193,COc1c(N)cc(Br)cc1F,239122-51-1
CC(=O)C1=C(Cl)C=CC(Br)=C1,14292842,CC(=O)c1cc(Br)ccc1Cl,105884-19-3
OCCC1=CC=C(Br)C=C1F,14292852,OCCc1ccc(Br)cc1F,193290-20-9
NC1=CC(OC(F)(F)F)=C(Br)C=C1,14338138,Nc1ccc(Br)c(OC(F)(F)F)c1,116369-25-6
CC(=O)OCC1=C(C=CC=C1Br)N(=O)=O,14446518,CC(=O)OCc1c(Br)cccc1[N+](=O)[O-],861106-90-3
CC1=CC(Br)=CC(Cl)=C1C(O)=O,14518079,Cc1cc(Br)cc(Cl)c1C(=O)O,877149-07-0
CN(C)C(=O)C1=C(C)C=C(Br)C=C1,14522195,Cc1cc(Br)ccc1C(=O)N(C)C,862470-12-0
CC(C)(C)OC(=O)NC(C)(C)C1=CC=CC(Br)=C1,14710334,CC(C)(C)OC(=O)NC(C)(C)c1cccc(Br)c1,214964-87-1
FC(F)(F)C1=CC(Br)=C(CC#N)C=C1,15770304,N#CCc1ccc(C(F)(F)F)cc1Br,474024-36-7
[H][C@]1(CCCCC1=O)[C@@H](O)C1=C(Br)C=CC=C1,15827081,O=C1CCCC[C@H]1[C@@H](O)c1ccccc1Br,1019859-02-9
BrC1=CC=C(C=C1)C1=C(I)N2C=CC=CC2=N1,18337287,Brc1ccc(-c2nc3ccccn3c2I)cc1,1027074-50-5
BrC1=CC=C(C=C1)C1CCCN1C(=O)OCC1=CC=CC=C1,18370721,O=C(OCc1ccccc1)N1CCCC1c1ccc(Br)cc1,1031747-35-9
FC1=CC(=C(F)C=C1Br)C(F)(F)F,18415556,Fc1cc(C(F)(F)F)c(F)cc1Br,261945-75-9
BrC1=CC=C(C=C1)C#CCOC1CCCCO1,18613120,Brc1ccc(C#CCOC2CCCCO2)cc1,1000999-91-6
CC1=CC=C(C=C1)C(=O)NC1=C(Br)C=CC=C1,18835852,Cc1ccc(C(=O)Nc2ccccc2Br)cc1,346720-06-7
COCCOC1=C(Br)C=CC(=C1)C(=O)OC,19147331,COCCOc1cc(C(=O)OC)ccc1Br,1147886-96-1
C[C@H](C(O)=O)C1=CC(Br)=CC=C1,19316008,C[C@H](C(=O)O)c1cccc(Br)c1,1146411-14-4
COC(=O)C1=C(C)C(Br)=CC(F)=C1,19636819,COC(=O)c1cc(F)cc(Br)c1C,1187318-53-1
COC(=O)C(C)(C(=O)OC)C1=C(C=C(Br)C=C1)N(=O)=O,19993009,COC(=O)C(C)(C(=O)OC)c1ccc(Br)cc1[N+](=O)[O-],1202764-93-9
FS(F)(F)(F)(F)C1=CC(=CC(Br)=C1)S(F)(F)(F)(F)F,20213025,FS(F)(F)(F)(F)c1cc(Br)cc(S(F)(F)(F)(F)F)c1,432028-10-9
CCS(=O)(=O)C1=CC(Cl)=C(Br)C=C1,20365206,CCS(=O)(=O)c1ccc(Br)c(Cl)c1,1227370-61-7
CNC1=CC=CC(Br)=C1N,20605852,CNc1cccc(Br)c1N,1150617-55-2
ClC1=C(Br)C=CC(CC#N)=C1,20922870,N#CCc1ccc(Br)c(Cl)c1,1259023-29-4
ClC1=CC=C(C#CC2=CC=CC=C2)C(Br)=C1,21033059,Clc1ccc(C#Cc2ccccc2)c(Br)c1,1262543-88-3
O[C@H]1C[C@](C1)(C(O)=O)C1=CC=C(Br)C=C1,21104331,O=C(O)[C@]1(c2ccc(Br)cc2)C[C@H](O)C1,1199556-64-3
C[C@]1(COCC(=S)N1)C1=CC(Br)=CC(=C1)N(=O)=O,21109657,C[C@@]1(c2cc(Br)cc([N+](=O)[O-])c2)COCC(=S)N1,1262859-24-4
FC1=C(Br)C=C(Cl)C(CBr)=C1,22222985,Fc1cc(CBr)c(Cl)cc1Br,1355636-63-3
NNS(=O)(=O)C1=C(Br)C=CC=C1,22240905,NNS(=O)(=O)c1ccccc1Br,60199-33-9
CCOC(=O)CC(CC1=CC=C(Br)C=C1)NC(=O)OC(C)(C)C,22479892,CCOC(=O)CC(Cc1ccc(Br)cc1)NC(=O)OC(C)(C)C,0
BrC(Br)C1=C(Br)C=C(C=C1)C#N,22586003,N#Cc1ccc(C(Br)Br)c(Br)c1,1381846-22-5
NCC1=CC(Br)=CC(Cl)=C1F,22731155,NCc1cc(Br)cc(Cl)c1F,1386459-84-2
OCCNCC(O)C1=CC(F)=C(Br)C=C1,22890943,OCCNCC(O)c1ccc(Br)c(F)c1,1400997-36-5
CC(C)(C)OC(=O)N1CCOC(C1)C1=CC(F)=C(Br)C=C1,22890983,CC(C)(C)OC(=O)N1CCOC(c2ccc(Br)c(F)c2)C1,1400997-38-7
CC1=CC(N)=CC(Br)=C1[C@@H](COC(=O)C(C)(C)C)OC(C)(C)C,23057683,Cc1cc(N)cc(Br)c1[C@@H](COC(=O)C(C)(C)C)OC(C)(C)C,1403666-52-3
CC(C)(O)CC1=C(F)C=C(Br)C=C1,23306676,CC(C)(O)Cc1ccc(Br)cc1F,1392467-20-7
ClC1=CC=C(OC2=CC(Cl)=C(Br)C=C2)C=C1,23327366,Clc1ccc(Oc2ccc(Br)c(Cl)c2)cc1,1419873-85-0
COC(=O)[C@](C)(N)C1=CC(Br)=CC=C1F,23710586,COC(=O)[C@](C)(N)c1cc(Br)ccc1F,1213855-88-9
COCCCOC1=C(C=CC(Br)=C1)C(=O)OC,26578752,COCCCOc1cc(Br)ccc1C(=O)OC,1399849-96-7
CC1=CC(O)=C(Br)C=C1F,26677559,Cc1cc(O)c(Br)cc1F,1567219-62-8
OB(O)C1=C(Br)C=C(Cl)C=C1,26866744,OB(O)c1ccc(Cl)cc1Br,1451393-45-5
OC1=CC(Br)=CC(F)=C1C1CC2=CC(Cl)=CC=C2N1,27074841,Oc1cc(Br)cc(F)c1C1Cc2cc(Cl)ccc2N1,1620450-59-0
BrC1=CC=CC(=C1)C12CN(CC=C)CC1CON2,27379433,C=CCN1CC2CONC2(c2cccc(Br)c2)C1,0
OC(=O)C1=CC(I)=C(F)C(Br)=C1,27402852,O=C(O)c1cc(Br)c(F)c(I)c1,0
OC1=C(C=O)C=C(Br)C(=C1F)C1=CC=C(F)C=C1,27544336,O=Cc1cc(Br)c(-c2ccc(F)cc2)c(F)c1O,0
CCOC(=O)C1=C(N(N=C1)C1=CC=CC(Br)=C1)C(F)(F)F,29148521,CCOC(=O)c1cnn(-c2cccc(Br)c2)c1C(F)(F)F,0
CC(C)(C)[Si](C)(C)OCCC1=CC=C(Cl)C=C1Br,29369914,CC(C)(C)[Si](C)(C)OCCc1ccc(Cl)cc1Br,0
CC(C)OC(=O)C(CC(C(C)=O)C1=CC=C(Br)C=C1)NC(=O)OC(C)(C)C,29660967,CC(=O)C(CC(NC(=O)OC(C)(C)C)C(=O)OC(C)C)c1ccc(Br)cc1,0
OCCCOC1=C(Br)C=C(C=C1)C#N,29675441,N#Cc1ccc(OCCCO)c(Br)c1,0
CCOC(OCC)C1=CN(N=N1)C1=C(Br)C=C(Cl)C=C1,30810439,CCOC(OCC)c1cn(-c2ccc(Cl)cc2Br)nn1,0
CN1CCN(CC1)C(=O)NC1=CC=C(Br)C=C1,30979795,CN1CCN(C(=O)Nc2ccc(Br)cc2)CC1,0
COC(=O)C1=C(N)C=C(Br)C(Cl)=C1,31080808,COC(=O)c1cc(Cl)c(Br)cc1N,0
CSC1=C(F)C(=CC=C1Br)C(O)=O,31366017,CSc1c(Br)ccc(C(=O)O)c1F,0
CC1=CC(F)=CC(C)=C1OC1=C(Br)C=C(I)C=C1,31982004,Cc1cc(F)cc(C)c1Oc1ccc(I)cc1Br,0
CC(=O)C1=CC(Br)=C(OC2=C(C)C=CC=C2C)C=C1,31982049,CC(=O)c1ccc(Oc2c(C)cccc2C)c(Br)c1,0
[H][C@]12C[C@]1(CN(C2)C1CCOCC1)C1=CC=C(Br)C=C1,32352521,Brc1ccc([C@@]23C[C@@H]2CN(C2CCOCC2)C3)cc1,0
COCOC1=CC(Br)=C(OC)C=C1,32507321,COCOc1ccc(OC)c(Br)c1,0
CC1=CC(Br)=CC(Cl)=C1CC(O)=O,33789095,Cc1cc(Br)cc(Cl)c1CC(=O)O,0
COC(=O)CC1=C(OC(F)F)C=C(Br)C=C1,33799188,COC(=O)Cc1ccc(Br)cc1OC(F)F,0
CC1=C(Br)C=C(C=C1)C(O)C(F)(F)F,34598271,Cc1ccc(C(O)C(F)(F)F)cc1Br,0
CC1=CC(F)=CC(Br)=C1Cl,34845231,Cc1cc(F)cc(Br)c1Cl,0
OC(=O)CC1=C(Br)C(Cl)=CC=C1F,34898000,O=C(O)Cc1c(F)ccc(Cl)c1Br,0
CC(C)(C)[Si](C)(C)OCCC1=CC(Cl)=CC=C1Br,35012084,CC(C)(C)[Si](C)(C)OCCc1cc(Cl)ccc1Br,0
CC1=C(Br)C=CC(=C1)C1OCCO1,35090280,Cc1cc(C2OCCO2)ccc1Br,0
ClC1=C(I)C=CC=C1Br,37039463,Clc1c(Br)cccc1I,0
BrC1=CC=C(C=C1)C1=NC=CS1,125851,Brc1ccc(-c2nccs2)cc1,27149-27-5
BrC1=CC=C(C=C1)N1CCC(=O)N1,155100,O=C1CCN(c2ccc(Br)cc2)N1,24834-98-8
BrC1=CC=C(C=C2SC(=S)NC2=O)C=C1,171049,O=C1NC(=S)SC1=Cc1ccc(Br)cc1,34560-01-5
BrC1=CC=C(C=C1)C1=NN(C(C1)C1=CC=CC=C1)C1=CC=CC=C1,272137,Brc1ccc(C2=NN(c3ccccc3)C(c3ccccc3)C2)cc1,19429-34-6
BrC1=CC=C(C=C1)N1N=CC=N1,743436,Brc1ccc(-n2nccn2)cc1,74733-90-7
OC1=CC=C(Br)C=C1C1=NC2=C(N1)C=CC=C2,749753,Oc1ccc(Br)cc1-c1nc2ccccc2[nH]1,62871-28-7
ClC(=O)C1=CC=C(O1)C1=CC=C(Br)C=C1,1371662,O=C(Cl)c1ccc(-c2ccc(Br)cc2)o1,60335-98-0
BrC1=CC=C(NC(=O)C(=O)C2=CC=CC=C2)C=C1,1820591,O=C(Nc1ccc(Br)cc1)C(=O)c1ccccc1,28193-69-3
CN(N=O)C1=CC=CC(Br)=C1,1841688,CN(N=O)c1cccc(Br)c1,17405-06-0
BrC1=CC=C(C=C1)C(=O)C1CCCC1,1870619,O=C(c1ccc(Br)cc1)C1CCCC1,2204-97-9
CC(=O)C(=CC1=CC=C(Br)C=C1)C(C)=O,1873516,CC(=O)C(=Cc1ccc(Br)cc1)C(C)=O,15795-19-4
CC1=C(Br)C=CC(S)=C1,2041495,Cc1cc(S)ccc1Br,14395-52-9
ONC(=O)C1=CC(Br)=CC=C1,2046657,O=C(NO)c1cccc(Br)c1,2593-28-4
ONC1=C(Br)C=CC=C1,2082740,ONc1ccccc1Br,35758-75-9
FC1=C(Br)C2=CC=CC=C2C=C1,2085027,Fc1ccc2ccccc2c1Br,342-55-2
COC(=O)C1=CC(Cl)=CC(Br)=C1O,2096558,COC(=O)c1cc(Cl)cc(Br)c1O,4068-71-7
CC1=C(C)C(Br)=C(C)C=C1,2206276,Cc1ccc(C)c(Br)c1C,41381-36-6
COC1=CC(Br)=C(O)C(=C1)C(C)=O,2210859,COc1cc(Br)c(O)c(C(C)=O)c1,37113-61-4
BrC1=CC=CC(=C1)C(=O)CC1=CC=CC=C1,2211320,O=C(Cc1ccccc1)c1cccc(Br)c1,40396-53-0
COC1=CC(C)=C(Br)C=C1C,2358939,COc1cc(C)c(Br)cc1C,58106-25-5
BrC1=CC=CC=C1CI,2434113,Brc1ccccc1CI,81206-50-0
FC1=CC=C(OC2=CC(Br)=CC=C2)C=C1,2451417,Fc1ccc(Oc2cccc(Br)c2)cc1,50904-38-6
ON=CC(=O)C1=CC=C(Br)C=C1,2501251,O=C(C=NO)c1ccc(Br)cc1,49615-87-4
BrCC1=CC=C(CBr)C(Br)=C1,2502679,BrCc1ccc(CBr)c(Br)c1,19900-52-8
OCCS(=O)(=O)C1=CC=C(Br)C=C1,2527673,O=S(=O)(CCO)c1ccc(Br)cc1,107737-89-3
CC1=CC(Br)=CC(=C1O)C(C)(C)C,2556186,Cc1cc(Br)cc(C(C)(C)C)c1O,25476-59-9
CC(=O)OC1=CC=C2C=C(Br)C=CC2=C1,2557891,CC(=O)Oc1ccc2cc(Br)ccc2c1,6343-72-2
COC1=CC=C(C=C1Br)C(=O)C1=CC=CC=C1,2583574,COc1ccc(C(=O)c2ccccc2)cc1Br,116413-49-1
CC1=CC=C(\C=C\C(=O)C2=CC=C(Br)C=C2)C=C1,2616489,Cc1ccc(/C=C/C(=O)c2ccc(Br)cc2)cc1,22946-44-7
COC1=C(Br)C2=C(C=C1)C=C(C=C2)C(C)=O,2618339,COc1ccc2cc(C(C)=O)ccc2c1Br,84167-74-8
OC1=CC(C=O)=CC=C1Br,2637379,O=Cc1ccc(Br)c(O)c1,20035-32-9
CC(=O)NC1=CC=C(C)C(Br)=C1,2641288,CC(=O)Nc1ccc(C)c(Br)c1,40371-61-7
ClS(=O)(=O)C1=CC=C(Br)C2=CC=CC=C12,2649689,O=S(=O)(Cl)c1ccc(Br)c2ccccc12,63279-36-7
BrC1=C(CNCC2=CC=CC=C2)C=CC=C1,2724572,Brc1ccccc1CNCc1ccccc1,65185-56-0
NNC(=S)NC1=CC(Br)=CC=C1,2804714,NNC(=S)Nc1cccc(Br)c1,116567-17-0
ClS(=O)(=O)CC1=CC(Br)=CC=C1,2834785,O=S(=O)(Cl)Cc1cccc(Br)c1,58236-74-1
BrC1=CC=C(C=NS(=O)(=O)C2=CC=CC=C2)C=C1,2848372,O=S(=O)(N=Cc1ccc(Br)cc1)c1ccccc1,36176-88-2
CC1=CC(C)=C(F)C(Br)=C1,3030324,Cc1cc(C)c(F)c(Br)c1,344-16-1
ON=C(CBr)C1=CC=C(Br)C=C1,3048948,ON=C(CBr)c1ccc(Br)cc1,57342-22-0
CC(=O)NC1=C(C)C=C(Br)C(C)=C1,3049963,CC(=O)Nc1cc(C)c(Br)cc1C,13711-31-4
OC(=O)CNC(=O)C1=CC=C(Br)C=C1,3093328,O=C(O)CNC(=O)c1ccc(Br)cc1,18815-75-3
COC(=O)C(=O)\C=C\C1=CC(Br)=CC=C1,3132881,COC(=O)C(=O)/C=C/c1cccc(Br)c1,104094-31-7
CCOC1=C(Br)C=C(C)C=C1,3241547,CCOc1ccc(C)cc1Br,103260-55-5
CC1=C(Br)C=C(C=C1)C(=O)CBr,3244063,Cc1ccc(C(=O)CBr)cc1Br,60208-05-1
CSC1=C(C=C(Br)C=C1)N(=O)=O,3258801,CSc1ccc(Br)cc1[N+](=O)[O-],345635-46-3
CC(=O)NC1=CC(F)=C(Br)C=C1,3258883,CC(=O)Nc1ccc(Br)c(F)c1,351-30-4
COC1=C(C=CC=C1)C1=CC=C(Br)C=C1,3264078,COc1ccccc1-c1ccc(Br)cc1,169691-87-6
COC1=CC(Br)=CC(C#N)=C1OC,3272014,COc1cc(Br)cc(C#N)c1OC,164670-73-9
COC(CC1=CC=CC=C1Br)OC,3541177,COC(Cc1ccccc1Br)OC,112396-13-1
COCOCC1=CC=C(Br)C=C1,4178235,COCOCc1ccc(Br)cc1,130534-91-7
FC(F)(F)C1=CC(OC2=CC=C(Br)C=C2)=CC=C1,4463088,FC(F)(F)c1cccc(Oc2ccc(Br)cc2)c1,109272-29-9
BrC1=C(C=C(C=C1C1CCCCC1)C1CCCCC1)C1CCCCC1,4520171,Brc1c(C2CCCCC2)cc(C2CCCCC2)cc1C1CCCCC1,97443-80-6
BrC1=CC=C(C=C1)C1=CC2=CC=CC=C2C(=O)O1,5019690,O=c1oc(-c2ccc(Br)cc2)cc2ccccc12,118520-88-0
BrC1=CC=CC=C1C1=NN=C(O1)C1=CC=CC=C1,5035714,Brc1ccccc1-c1nnc(-c2ccccc2)o1,83817-43-0
OCC1=C(Br)C=CC=C1O,5501099,OCc1c(O)cccc1Br,96911-26-1
OCC1=CC=C(C=C1)C1=CC=C(Br)C=C1,5507628,OCc1ccc(-c2ccc(Br)cc2)cc1,84337-86-0
NC1=NC(=CS1)C1=CC=CC=C1Br,5519504,Nc1nc(-c2ccccc2Br)cs1,103965-99-7
COCOC1=C(Br)C2=CC=CC=C2C=C1,6138536,COCOc1ccc2ccccc2c1Br,146746-73-8
CCOC(=O)CC(=O)C1=CC=C(Br)C=C1Cl,6141441,CCOC(=O)CC(=O)c1ccc(Br)cc1Cl,131994-22-4
BrC1=CC=CC=C1C(=O)C=O,6717486,O=CC(=O)c1ccccc1Br,0
C[Si](C)(C)C1=CC(=CC(Br)=C1)[Si](C)(C)C,6720563,C[Si](C)(C)c1cc(Br)cc([Si](C)(C)C)c1,81500-92-7
CC(C)(C)C1=CC(O)=CC=C1Br,6799368,CC(C)(C)c1cc(O)ccc1Br,103414-68-2
COC(=O)C(\NC(C)=O)=C\C1=CC=C(Br)C=C1,7133358,COC(=O)/C(=C/c1ccc(Br)cc1)NC(C)=O,0
COC1=CC(C(C)=C)=C(Br)C=C1,7288598,C=C(C)c1cc(OC)ccc1Br,171512-97-3
COC1=CC=CC(NC(=O)C(C)(C)C)=C1Br,7293338,COc1cccc(NC(=O)C(C)(C)C)c1Br,168335-61-3
CCOC(=O)CC(=O)C1=C(F)C=C(Br)C(F)=C1,7296513,CCOC(=O)CC(=O)c1cc(F)c(Br)cc1F,123942-12-1
NC1=NC2=C(C=C1)N=CN=C2NC1=CC=CC(Br)=C1,7485150,Nc1ccc2ncnc(Nc3cccc(Br)c3)c2n1,171178-57-7
COC(=O)[C@H](C)NP(=O)(OC[C@H]1O[C@H](C=C1)N1C=C(C)C(=O)NC1=O)OC1=CC=C(Br)C=C1,8095452,COC(=O)[C@H](C)NP(=O)(OC[C@@H]1C=C[C@H](n2cc(C)c(=O)[nH]c2=O)O1)Oc1ccc(Br)cc1,217178-62-6
CC(C)NC(=O)C1=CC=C(Br)C=C1,8200096,CC(C)NC(=O)c1ccc(Br)cc1,336182-29-7
BrC1=CC=C(C=C1)C1=CCN(CC2=CC=CC=C2)CC1,8266200,Brc1ccc(C2=CCN(Cc3ccccc3)CC2)cc1,188863-87-8
COCOC1=C(Br)C=CC=C1C=O,8310226,COCOc1c(Br)cccc1C=O,236094-18-1
CCOC(=O)CCC1=CC=C(O)C(Br)=C1,8317639,CCOC(=O)CCc1ccc(O)c(Br)c1,250284-66-3
CCOC(=O)C1=CC(OCC)=C(Br)C(OCC)=C1,8323802,CCOC(=O)c1cc(OCC)c(Br)c(OCC)c1,149517-92-0
OCC1=CC(Br)=C(Cl)C=C1,8478857,OCc1ccc(Cl)c(Br)c1,329218-12-4
COC1=C(Br)C=CC=C1C(C)=O,8542460,COc1c(Br)cccc1C(C)=O,267651-23-0
COC(=O)CNC1=CC=C(Br)C=C1,8543822,COC(=O)CNc1ccc(Br)cc1,131770-56-4
COC1=C(Br)C=C(F)C(F)=C1,8543872,COc1cc(F)c(F)cc1Br,202865-58-5
OCC1=CC(Br)=CC(I)=C1,8761871,OCc1cc(Br)cc(I)c1,188813-08-3
CCOC(=O)C1=NOC(=C1)C1=CC=C(Br)C=C1,8906768,CCOC(=O)c1cc(-c2ccc(Br)cc2)on1,33277-15-5
COC(=O)C1=C(O)C(Br)=CC(OC)=C1,8978200,COC(=O)c1cc(OC)cc(Br)c1O,153355-46-5
OC(=O)C1=C(Br)C=CC(OC(F)(F)F)=C1,8981214,O=C(O)c1cc(OC(F)(F)F)ccc1Br,0
COCCOCOC1=C(C=O)C=C(CC(=O)OC)C=C1Br,8993076,COCCOCOc1c(Br)cc(CC(=O)OC)cc1C=O,277313-23-2
CC(C)(C)OC(=O)N1CCC(CC1)SC1=CC=C(Br)C=C1,9062436,CC(C)(C)OC(=O)N1CCC(Sc2ccc(Br)cc2)CC1,188527-03-9
COC1=CC=CC(Br)=C1I,9119342,COc1cccc(Br)c1I,450412-22-3
CCCCC[C@H](O[Si](C)(C)C(C)(C)C)C1=CC=C(Br)C=C1,9137712,CCCCC[C@H](O[Si](C)(C)C(C)(C)C)c1ccc(Br)cc1,431041-21-3
OC1=C(OC(F)(F)F)C=C(Br)C=C1,9193144,Oc1ccc(Br)cc1OC(F)(F)F,690264-39-2
OC1=C(C=C(Br)C=C1)C(=O)NC1=CC=C(C=C1)C(F)(F)F,9343967,O=C(Nc1ccc(C(F)(F)F)cc1)c1cc(Br)ccc1O,0
OC(=O)C1=CC=C(CBr)C(Br)=C1,10155219,O=C(O)c1ccc(CBr)c(Br)c1,866721-92-8
COC1=CC=CC(=C1)C(=O)C1=CC=C(Br)C=C1,10158338,COc1cccc(C(=O)c2ccc(Br)cc2)c1,151239-47-3
COC(=O)C1=CN=C(Cl)C(Cl)=C1NC1=C(Cl)C=C(Br)C=C1,10364288,COC(=O)c1cnc(Cl)c(Cl)c1Nc1ccc(Br)cc1Cl,847373-09-5
CC1=CC=C(Br)C=C1S(=O)(=O)NC(C)(C)C,10431624,Cc1ccc(Br)cc1S(=O)(=O)NC(C)(C)C,511529-00-3
COC1=CC=C(Br)C(CN)=C1,10530360,COc1ccc(Br)c(CN)c1,887581-09-1
CC(O)C1=CC(F)=CC=C1Br,10655771,CC(O)c1cc(F)ccc1Br,906673-56-1
CCOC(=O)C1=C(Br)C=CC(OC)=C1,10659006,CCOC(=O)c1cc(OC)ccc1Br,58733-41-8
CC(C)C1=CC=CC(C(C)C)=C1N=CC1=C(Br)C=CC=C1,11045723,CC(C)c1cccc(C(C)C)c1N=Cc1ccccc1Br,0
CC1=CC=C(C#C[Si](C)(C)C)C(Br)=C1,11060824,Cc1ccc(C#C[Si](C)(C)C)c(Br)c1,935223-82-8
ClC1=NC=NC2=C1C=NN2C1=CC=C(Br)C=C1,12176843,Clc1ncnc2c1cnn2-c1ccc(Br)cc1,832715-52-3
CC(=O)N1CCC(CC1)C(=O)C1=CC=C(Br)C=C1,13390033,CC(=O)N1CCC(C(=O)c2ccc(Br)cc2)CC1,66309-71-5
CNC(=O)C1=C(Br)C=CC(OC)=C1,13767670,CNC(=O)c1cc(OC)ccc1Br,0
CS(=O)(=O)N1CCN(CC1)C1=CC=C(Br)C=C1,13907698,CS(=O)(=O)N1CCN(c2ccc(Br)cc2)CC1,357647-98-4
BrC1=CC2=CC=CC=C2C(C=O)=C1,14124222,O=Cc1cc(Br)cc2ccccc12,303779-66-0
FC(F)(F)C1=CC(Br)=C(OCC2=CC=CC=C2)C=C1,14255099,FC(F)(F)c1ccc(OCc2ccccc2)c(Br)c1,200956-32-7
ClC1=CC(Br)=CC(CBr)=C1,14285696,Clc1cc(Br)cc(CBr)c1,762292-63-7
COC(=O)C1=C(C)C(Br)=CC(=C1)N(=O)=O,14341038,COC(=O)c1cc([N+](=O)[O-])cc(Br)c1C,885519-05-1
COCCNC1=C(C=CC(Br)=C1)N(=O)=O,14341598,COCCNc1cc(Br)ccc1[N+](=O)[O-],813448-99-6
COC1=C(C=C(C=C1Br)C(C)(C)C)N(=O)=O,14460002,COc1c(Br)cc(C(C)(C)C)cc1[N+](=O)[O-],868047-80-7
NC(=O)C1=CC=CC(Br)=C1F,14491217,NC(=O)c1cccc(Br)c1F,871353-25-2
COC(=O)CC1=CC(Br)=CC=C1C,14536681,COC(=O)Cc1cc(Br)ccc1C,845893-59-6
OCC1(CCCC1)C1=CC=C(Br)C=C1,14539619,OCC1(c2ccc(Br)cc2)CCCC1,1346689-83-5
CC1=CC(Br)=CC=C1OC(F)F,14554460,Cc1cc(Br)ccc1OC(F)F,888327-32-0
COC1=C(N)C(C=O)=CC(Br)=C1,14759609,COc1cc(Br)cc(C=O)c1N,205533-21-7
OC(=O)C1=CC(F)=C(Br)C=C1Cl,15493111,O=C(O)c1cc(F)c(Br)cc1Cl,177480-81-8
CC1=CC(OC2CCSCC2)=CC(C)=C1Br,15612984,Cc1cc(OC2CCSCC2)cc(C)c1Br,922151-74-4
OC(=O)C1=CN(C2=CC=CC(Br)=C2)C2=NC=CC=C2C1=O,15683832,O=C(O)c1cn(-c2cccc(Br)c2)c2ncccc2c1=O,477251-78-8
OC(=O)C1=C(Br)C(F)=CC(=C1)N(=O)=O,18418002,O=C(O)c1cc([N+](=O)[O-])cc(F)c1Br,881415-28-7
CC(=O)C1=C(O)C(F)=CC(Br)=C1,18770076,CC(=O)c1cc(Br)cc(F)c1O,1089706-28-4
OCC1=CC(Br)=C(CO)C=C1F,19065275,OCc1cc(Br)c(CO)cc1F,1004779-86-5
CS(=O)(=O)C1=CC(Br)=CC=C1CC#N,19343633,CS(=O)(=O)c1cc(Br)ccc1CC#N,1161500-36-2
COC1=CC(=CC(Br)=C1)C(C)=O,19566424,COc1cc(Br)cc(C(C)=O)c1,1073642-71-3
ClC1=CC(Br)=C(C=CN(=O)=O)C=C1,19912079,O=[N+]([O-])C=Cc1ccc(Cl)cc1Br,1202889-67-5
NC1=C(N)C(Cl)=C(Br)C=C1,20069041,Nc1ccc(Br)c(Cl)c1N,1008361-80-5
BrC1=CC=C(C(NCC2=CC=CC=C2)=C1)N(=O)=O,20536096,O=[N+]([O-])c1ccc(Br)cc1NCc1ccccc1,954232-88-3
COC(=O)C1=C(Br)C=CC(OC(F)(F)F)=C1,20746651,COC(=O)c1cc(OC(F)(F)F)ccc1Br,1150114-81-0
FC1=CC(Cl)=C(Cl)C(Br)=C1,20887921,Fc1cc(Cl)c(Cl)c(Br)c1,1000577-58-1
NC(=O)C1=CC2=C(C=C1)C=C(Br)C=C2,20915655,NC(=O)c1ccc2cc(Br)ccc2c1,1255871-55-6
CC(C)(C)OC(=O)N[C@H](CC1=CC(Br)=CC=C1)C(O)=O,21118705,CC(C)(C)OC(=O)N[C@H](Cc1cccc(Br)c1)C(=O)O,261360-77-4
NC1=CC(Cl)=C(Br)C(F)=C1,21428420,Nc1cc(F)c(Br)c(Cl)c1,1297540-69-2
FC1=CC(OCC2=CC=CC=C2)=CC(F)=C1Br,21485607,Fc1cc(OCc2ccccc2)cc(F)c1Br,1042702-93-1
OC1=CC=C(Br)C(C=O)=C1F,21696900,O=Cc1c(Br)ccc(O)c1F,935534-46-6
CC(C)(C)OC(=O)N1CC(C1)SC1=CC=C(Br)C=C1,21820018,CC(C)(C)OC(=O)N1CC(Sc2ccc(Br)cc2)C1,1002355-69-2
CCOC(=O)CCC(=O)CCC(=O)C1=CC=C(Br)C=C1,21847308,CCOC(=O)CCC(=O)CCC(=O)c1ccc(Br)cc1,1208318-08-4
OC(=O)C1=CC=C(NC(=O)C2=CC=C(Br)C=C2)C=C1,22195863,O=C(O)c1ccc(NC(=O)c2ccc(Br)cc2)cc1,156811-46-0
CC(C)(C)C1=C(C=CC(Br)=C1)S(Cl)(=O)=O,22943167,CC(C)(C)c1cc(Br)ccc1S(=O)(=O)Cl,1402890-11-2
OC(=O)C1(COC1)C1=CC=C(Br)C=C1,22979499,O=C(O)C1(c2ccc(Br)cc2)COC1,1393585-20-0
CC1=CC(=CC(Br)=C1[C@@H](COC(=O)C(C)(C)C)OC(C)(C)C)N(=O)=O,23057686,Cc1cc([N+](=O)[O-])cc(Br)c1[C@@H](COC(=O)C(C)(C)C)OC(C)(C)C,1403666-51-2
COC(=O)C1=C(C)C(OC(C)C)=CC(Br)=C1,24630132,COC(=O)c1cc(Br)cc(OC(C)C)c1C,0
CC1=NC=C(COC2=CC(Br)=CC(F)=C2)C=N1,24703903,Cc1ncc(COc2cc(F)cc(Br)c2)cn1,0
COC(=O)C1=C(C)C(NC(=O)C2=C(C)C=CC(Br)=C2)=C(C)C=C1,26468523,COC(=O)c1ccc(C)c(NC(=O)c2cc(Br)ccc2C)c1C,1529760-86-8
O[C@H](CNC1=CC(F)=C(C=C1Br)N(=O)=O)COCC1=CC=CC=C1,26548192,O=[N+]([O-])c1cc(Br)c(NC[C@@H](O)COCc2ccccc2)cc1F,1342896-73-4
CN=S(C)(=O)C1=CC=C(Br)C=C1,26690978,CN=S(C)(=O)c1ccc(Br)cc1,1572928-15-4
CC1=CC=C(Br)C=C1C(=O)C1=CC=C(Cl)C=C1,26896932,Cc1ccc(Br)cc1C(=O)c1ccc(Cl)cc1,1500921-65-2
BrC1=C2C=CC=CC2=C(N(C2=CC=CC=C2)C2=CC=CC=C2)C2=CC=CC=C12,26918887,Brc1c2ccccc2c(N(c2ccccc2)c2ccccc2)c2ccccc12,368868-94-4
CC(C)(C)OC(=O)C1=C(F)C=C(Br)C(F)=C1,27101424,CC(C)(C)OC(=O)c1cc(F)c(Br)cc1F,1621165-11-4
NC1(CN(CC=C)CC1CO)C1=CC=CC(Br)=C1,27379436,C=CCN1CC(CO)C(N)(c2cccc(Br)c2)C1,0
N[C@]1(CN(CC=C)C[C@H]1CO)C1=CC=CC(Br)=C1,27379439,C=CCN1C[C@@H](CO)[C@](N)(c2cccc(Br)c2)C1,0
COC(=O)C1=CC(Br)=CC=C1C(C)Br,27386754,COC(=O)c1cc(Br)ccc1C(C)Br,0
CCOC(=O)C1=CN(CCO)C(=N1)C1=C(F)C=C(Br)C=C1,27390510,CCOC(=O)c1cn(CCO)c(-c2ccc(Br)cc2F)n1,0
OC(=O)C1=CNC(=N1)C1=C(F)C=C(Br)C=C1,27390512,O=C(O)c1c[nH]c(-c2ccc(Br)cc2F)n1,0
OC1=C(C=O)C=C(Br)C(=C1F)C1=C(F)C=C(F)C=C1,27544324,O=Cc1cc(Br)c(-c2ccc(F)cc2F)c(F)c1O,0
CCOC(=O)CCC1=C(Br)C=CC=C1O,27578358,CCOC(=O)CCc1c(O)cccc1Br,0
CCOC(=O)C1=CC(=C(C=O)C(Br)=C1N)C(F)(F)F,27866318,CCOC(=O)c1cc(C(F)(F)F)c(C=O)c(Br)c1N,0
COC1=CC(CC(C)=O)=C(C=C1OC)C(=O)C1=CC=C(Br)C=C1,28313646,COc1cc(CC(C)=O)c(C(=O)c2ccc(Br)cc2)cc1OC,0
COC1=CC2=C(C=C1OC)C(=NN=C(C)C2)C1=CC=C(Br)C=C1,28313647,COc1cc2c(cc1OC)C(c1ccc(Br)cc1)=NN=C(C)C2,0
CNC(=O)N1N=C(C2=CC=C(Br)C=C2)C2=C(CC1C)C=C(OC)C(OC)=C2,28313649,CNC(=O)N1N=C(c2ccc(Br)cc2)c2cc(OC)c(OC)cc2CC1C,0
COCCOC1=CC(Br)=CC=C1Cl,28349944,COCCOc1cc(Br)ccc1Cl,0
CC1=CC(CO)=C(F)C=C1Br,28581011,Cc1cc(CO)c(F)cc1Br,0
FC1=C(F)C(=C(Br)C=C1)C(F)(F)F,28826695,Fc1ccc(Br)c(C(F)(F)F)c1F,0
COC1=CC(Br)=CC=C1N1C(=O)C=CC2=C1C=CC(=C2)S(=O)(=O)OC1=C(F)C(F)=C(F)C(F)=C1F,28924448,COc1cc(Br)ccc1-n1c(=O)ccc2cc(S(=O)(=O)Oc3c(F)c(F)c(F)c(F)c3F)ccc21,0
ClC1=CC(=CC(Br)=C1)N1C2=CC=CC=C2C2=CC=CC=C12,29157730,Clc1cc(Br)cc(-n2c3ccccc3c3ccccc32)c1,0
COC(=O)C1=CC(Br)=CC(OC2CCOCC2)=C1,29836334,COC(=O)c1cc(Br)cc(OC2CCOCC2)c1,0
COC1=CC(Br)=CC(C(Cl)=O)=C1Cl,29998063,COc1cc(Br)cc(C(=O)Cl)c1Cl,0
ClC1=CC(Br)=C(C=C1)N1C2=CC=CC=C2C2=C1C=CC=C2,31141435,Clc1ccc(-n2c3ccccc3c3ccccc32)c(Br)c1,0
CSC1=C(F)C=CC=C1Br,31366016,CSc1c(F)cccc1Br,0
BrC1=C(C=CC=C1)C1(C2=CC=CC=C2C2=C1C=CC=C2)C1=CC=CC=C1,31445407,Brc1ccccc1C1(c2ccccc2)c2ccccc2-c2ccccc21,0
CC1=CC(F)=CC(C)=C1OC1=C(Br)C=C(C=C1)N(=O)=O,32914967,Cc1cc(F)cc(C)c1Oc1ccc([N+](=O)[O-])cc1Br,0
BrC1=CC=C(C=C1)N1CCC(CC1)C=O,32984510,O=CC1CCN(c2ccc(Br)cc2)CC1,0
FC1=C(Br)C=CC(OCC#N)=C1F,36358218,N#CCOc1ccc(Br)c(F)c1F,0
FC1=CC(F)=C(Br)C(C=O)=C1,39220012,O=Cc1cc(F)cc(F)c1Br,0
BrC1=CC=C(C=C1)N1NC(=O)C2=C(C=CC=C2)C1=O,243932,O=c1[nH]n(-c2ccc(Br)cc2)c(=O)c2ccccc12,0
BrC1=CC=C(C=C1)C1CC(=NN1C1=CC=CC=C1)C1=CC=CC=C1,279750,Brc1ccc(C2CC(c3ccccc3)=NN2c2ccccc2)cc1,2515-60-8
BrC1=CC=C(C=C1)C(=O)N1C=CN=C1,514958,O=C(c1ccc(Br)cc1)n1ccnc1,82892-00-0
BrC1=CC(=CC=C1)C1=CNN=N1,608538,Brc1cccc(-c2c[nH]nn2)c1,35225-02-6
OC1=NN(C=C1)C1=CC=C(Br)C=C1,642169,Oc1ccn(-c2ccc(Br)cc2)n1,23429-74-5
BrC1=CC=C(C=C1)C1=NN(C(=O)C1)C1=CC=CC=C1,798383,O=C1CC(c2ccc(Br)cc2)=NN1c1ccccc1,0
BrC1=CC=C(C=C1)C(=O)NNC1=CC=CC=C1,915310,O=C(NNc1ccccc1)c1ccc(Br)cc1,25938-97-0
NC1=NC=C(S1)C1=CC=C(Br)C=C1,1106665,Nc1ncc(-c2ccc(Br)cc2)s1,73040-60-5
BrC1=CC(=CC=C1)C1=CC(=O)C2=C(O1)C=CC=C2,1314060,O=c1cc(-c2cccc(Br)c2)oc2ccccc12,3754-53-8
CC1=CC(Br)=C(C)C(C)=C1C,1862374,Cc1cc(Br)c(C)c(C)c1C,40101-36-8
C\C=C\C1=CC(Br)=CC=C1,1925348,C/C=C/c1cccc(Br)c1,0
CC1=CC(Br)=C(S)C=C1,1931710,Cc1ccc(S)c(Br)c1,14395-53-0
BrC1=CC=C(OCC#N)C=C1,1946047,N#CCOc1ccc(Br)cc1,39489-67-3
CC1=CC(C)=C(C=C1Br)N(=O)=O,1948547,Cc1cc(C)c([N+](=O)[O-])cc1Br,69383-59-1
COC1=CC(CCC#N)=C(Br)C=C1,1960422,COc1ccc(Br)c(CCC#N)c1,60100-18-7
OC(=O)CC1=CC=C(Br)C2=C1C=CC=C2,1962591,O=C(O)Cc1ccc(Br)c2ccccc12,5438-74-4
COC1=CC=C(C=C1)C(=O)C1=CC=CC(Br)=C1,1964337,COc1ccc(C(=O)c2cccc(Br)c2)cc1,54118-76-2
CCOC(=O)CS(=O)(=O)C1=CC=C(Br)C=C1,1976105,CCOC(=O)CS(=O)(=O)c1ccc(Br)cc1,30749-64-5
CCOP(=O)(OCC)C(O)C1=CC=C(Br)C=C1,1984012,CCOP(=O)(OCC)C(O)c1ccc(Br)cc1,20641-24-1
CCC1=C(Br)C=C(C=C1)N(=O)=O,2087736,CCc1ccc([N+](=O)[O-])cc1Br,52121-34-3
BrC1=CC=C(C=C1)C(=O)OCC=C,2094274,C=CCOC(=O)c1ccc(Br)cc1,6420-77-5
CCCCCCCCOC1=CC2=C(C=C1)C=C(Br)C=C2,2106619,CCCCCCCCOc1ccc2cc(Br)ccc2c1,66217-22-9
BrC1=CC=C(C=CC(=O)C2=CC=C(C=C2)N(=O)=O)C=C1,2132254,O=C(C=Cc1ccc(Br)cc1)c1ccc([N+](=O)[O-])cc1,13909-51-8
ClC1=CC(Br)=CC(Cl)=C1C#N,2259687,N#Cc1c(Cl)cc(Br)cc1Cl,99835-27-5
CCOP(=O)(OCC)C(=O)C1=CC=C(Br)C=C1,2334377,CCOP(=O)(OCC)C(=O)c1ccc(Br)cc1,20553-59-7
CC(N)C1=CC=CC=C1Br,2353518,CC(N)c1ccccc1Br,113899-55-1
BrC1=CC=CC=C1C(=O)CC#N,2357924,N#CCC(=O)c1ccccc1Br,53882-80-7
CC1=CC=C(CC2=CC=C(Br)C=C2)C=C1,2364778,Cc1ccc(Cc2ccc(Br)cc2)cc1,17100-53-7
ClC1=CC=C(C=C1)C(=O)NC1=CC=CC=C1Br,2377599,O=C(Nc1ccccc1Br)c1ccc(Cl)cc1,37038-65-6
OC(=O)C1=CC=CC2=C1C=CC(Br)=C2,2445003,O=C(O)c1cccc2cc(Br)ccc12,51934-38-4
BrC1=CC=C(CSCC2=CC=CC=C2)C=C1,2451484,Brc1ccc(CSCc2ccccc2)cc1,20883-12-9
CC(C)C1=C(Br)C=C(C=C1)N(=O)=O,2504042,CC(C)c1ccc([N+](=O)[O-])cc1Br,101980-41-0
ClC1=CC=CC(=C1)C1=CC=C(Br)C=C1,2520427,Clc1cccc(-c2ccc(Br)cc2)c1,91354-09-5
CC(C)(C)C1=CC=C(C(Br)=C1)C(C)(C)C,2520572,CC(C)(C)c1ccc(C(C)(C)C)c(Br)c1,6683-74-5
COC(CSC1=CC=C(Br)C=C1)OC,2525866,COC(CSc1ccc(Br)cc1)OC,118780-12-4
CC(OC(C)=O)C1=CC=C(Br)C=C1,2556544,CC(=O)OC(C)c1ccc(Br)cc1,0
COC(=O)C1=CC(Br)=C(C)C=C1OC,2576898,COC(=O)c1cc(Br)c(C)cc1OC,39503-58-7
CC(=O)C1=C(O)C2=CC=CC=C2C(Br)=C1,2580695,CC(=O)c1cc(Br)c2ccccc2c1O,52220-64-1
COC(=O)C1=CC2=C(C=CC=C2)C(Br)=C1,2580756,COC(=O)c1cc(Br)c2ccccc2c1,5043-29-8
OC1=CC2=C(C=C1)C=CC(O)=C2Br,2614488,Oc1ccc2ccc(O)c(Br)c2c1,2954-75-8
OCC1=CC=C(C=C1Br)C(O)=O,2690897,O=C(O)c1ccc(CO)c(Br)c1,90050-64-9
NC1=CC(Br)=C(C=C1)C(O)=O,2718488,Nc1ccc(C(=O)O)c(Br)c1,2486-52-4
OCCNC1=C(C=C(Br)C=C1)N(=O)=O,2727168,O=[N+]([O-])c1cc(Br)ccc1NCCO,89980-83-6
BrC1=CC=CC=C1NS(=O)(=O)C1=CC=CC=C1,2736319,O=S(=O)(Nc1ccccc1Br)c1ccccc1,21226-31-3
CC(C)N(C(C)C)C1=CC=C(Br)C=C1,2804044,CC(C)N(c1ccc(Br)cc1)C(C)C,13330-86-4
OC1=CC=C(C=NC2=CC=C(Br)C=C2)C=C1,2805498,Oc1ccc(C=Nc2ccc(Br)cc2)cc1,3382-65-8
CN(C)C1=CC(Br)=C(C)C=C1,2828895,Cc1ccc(N(C)C)cc1Br,53104-16-8
BrC1=CC(NC#N)=CC=C1,2829311,N#CNc1cccc(Br)c1,70590-12-4
CCOP(=O)(OCC)C1=CC=CC(Br)=C1,2845690,CCOP(=O)(OCC)c1cccc(Br)c1,35125-65-6
COC1=CC=C(C(Br)=C1)S(Cl)(=O)=O,3092924,COc1ccc(S(=O)(=O)Cl)c(Br)c1,23095-16-1
BrC1=CC(=C(NCC2=CC=CC=C2)C=C1)N(=O)=O,3099182,O=[N+]([O-])c1cc(Br)ccc1NCc1ccccc1,22019-68-7
BrC=CC1=CC=C(Br)C=C1,3195137,BrC=Cc1ccc(Br)cc1,778641-02-4
CCNCC1=CC=C(Br)C=C1,3237950,CCNCc1ccc(Br)cc1,0
COC1=C(Cl)C=C(Br)C=C1Cl,3252556,COc1c(Cl)cc(Br)cc1Cl,19240-91-6
COC1=C(Br)C(O)=C(C=O)C=C1,3258950,COc1ccc(C=O)c(O)c1Br,63638-85-7
COC1=C(NC(C)=O)C=CC(Br)=C1,3267504,COc1cc(Br)ccc1NC(C)=O,143360-01-4
CN(CC1=CC=CC=C1)C1=CC=C(Br)C=C1,3275036,CN(Cc1ccccc1)c1ccc(Br)cc1,100709-10-2
ClS(=O)(=O)C1=CC2=CC=CC(Br)=C2C=C1,3293857,O=S(=O)(Cl)c1ccc2c(Br)cccc2c1,127769-55-5
COC1=CC=C(C=C1)C(=O)CC(=O)C1=CC=C(Br)C=C1,3353767,COc1ccc(C(=O)CC(=O)c2ccc(Br)cc2)cc1,37975-18-1
CCOC(=O)C(=CNC1=CC(Br)=CC=C1)C(=O)OCC,3388848,CCOC(=O)C(=CNc1cccc(Br)c1)C(=O)OCC,351893-47-5
COC1=C(Br)C(OC)=C(C=O)C=C1,3542153,COc1ccc(C=O)c(OC)c1Br,122452-59-9
COC1=CC(Br)=CC(C(Cl)=O)=C1OC,3544204,COc1cc(Br)cc(C(=O)Cl)c1OC,107188-91-0
COC1=CC2=C(C=C(Br)C=C2)C=C1C(O)=O,3548300,COc1cc2ccc(Br)cc2cc1C(=O)O,123266-62-6
CC(C)(C)OC(=O)C1=CC=CC2=C1C=CC=C2Br,3608913,CC(C)(C)OC(=O)c1cccc2c(Br)cccc12,129158-96-9
CC(C)(C)[Si](OCC1=CC=C(Br)C=C1)(C1=CC=CC=C1)C1=CC=CC=C1,4325527,CC(C)(C)[Si](OCc1ccc(Br)cc1)(c1ccccc1)c1ccccc1,133776-42-8
BrC1=CC=C(CC(=S)N2CCOCC2)C=C1,4430743,S=C(Cc1ccc(Br)cc1)N1CCOCC1,77129-81-8
BrC1=CC=C(C=C2C(=O)NC3=C2C=CC=C3)C=C1,4435475,O=C1Nc2ccccc2C1=Cc1ccc(Br)cc1,0
NN1C(S)=NN=C1C1=CC(Br)=CC=C1,4446695,Nn1c(S)nnc1-c1cccc(Br)c1,87239-96-1
OC1=CC=CC=C1OCC(=O)C1=CC=C(Br)C=C1,5047234,O=C(COc1ccccc1O)c1ccc(Br)cc1,0
FC(F)(F)C1=CC=CC(=C1Br)C(F)(F)F,5551646,FC(F)(F)c1cccc(C(F)(F)F)c1Br,118527-30-3
BrC1=CC=C(C=C1)C(=O)C1=C2NC=CC2=CC=C1,5943316,O=C(c1ccc(Br)cc1)c1cccc2cc[nH]c12,91714-50-0
FC1=C(CCl)C=CC(Br)=C1,6323063,Fc1cc(Br)ccc1CCl,0
CC(C)(C)[Si](C)(C)OC1=CC(Br)=C(Cl)C=C1,6325739,CC(C)(C)[Si](C)(C)Oc1ccc(Cl)c(Br)c1,151692-21-6
OS(=O)(=O)C1=CC=C(C=C1)C1=CC=C(Br)C=C1,6510454,O=S(=O)(O)c1ccc(-c2ccc(Br)cc2)cc1,78079-08-0
COC1=C(Br)C=CC(OC(C)C)=C1,7475982,COc1cc(OC(C)C)ccc1Br,176391-61-0
COC1=CC(CC2C(=C)C=C(C)CC2(C)C)=C(OC(C)=O)C=C1Br,7488895,C=C1C=C(C)CC(C)(C)C1Cc1cc(OC)c(Br)cc1OC(C)=O,175882-77-6
COCOC1=CC(F)=CC=C1Br,7918370,COCOc1cc(F)ccc1Br,162269-78-5
N[C@@H](CO)C1=CC=C(Br)C=C1,8139020,N[C@@H](CO)c1ccc(Br)cc1,354153-64-3
BrC1=C(C=CC=C1)C(=O)CC(=O)C1=CC=CC=C1,8412919,O=C(CC(=O)c1ccccc1Br)c1ccccc1,36081-80-8
CC1=CC=C(C(O)=O)C(N)=C1Br,8617470,Cc1ccc(C(=O)O)c(N)c1Br,0
COC1=CC2=C(C=C1OC)C(NC1=CC=CC(Br)=C1)=C(C=N2)C(N)=O,8794454,COc1cc2ncc(C(N)=O)c(Nc3cccc(Br)c3)c2cc1OC,214470-50-5
CC(=O)NC1=CC(=CC(Br)=C1)N(=O)=O,8903876,CC(=O)Nc1cc(Br)cc([N+](=O)[O-])c1,231287-74-4
BrC1=CC=CC=C1C1=CC=CO1,9189883,Brc1ccccc1-c1ccco1,0
BrC1=C(C=C(C=O)C=C1)C#N,9321786,N#Cc1cc(C=O)ccc1Br,0
FC1=C(S)C=CC(Br)=C1,9386408,Fc1cc(Br)ccc1S,174414-93-8
COC(=O)CC(=O)C1=CC=CC(Br)=C1,9479576,COC(=O)CC(=O)c1cccc(Br)c1,294881-10-0
OCC(CO)C1=CC=C(Br)C=C1,9551482,OCC(CO)c1ccc(Br)cc1,149506-34-3
CN[C@H](C(=O)N[C@H](C(=O)N(C)[C@H](\C=C(/C)C(O)=O)C(C)C)C(C)(C)C)C(C)(C)C1=CC(Br)=CC=C1,9881250,CN[C@H](C(=O)N[C@H](C(=O)N(C)[C@H](/C=C(\C)C(=O)O)C(C)C)C(C)(C)C)C(C)(C)c1cccc(Br)c1,0
COC1=CC(F)=C(C)C=C1Br,9900418,COc1cc(F)c(C)cc1Br,314298-15-2
OCCC1=CC=C(O)C(Br)=C1,9902662,OCCc1ccc(O)c(Br)c1,196081-78-4
N[C@H](C1=CC=C(Br)C=C1)C(F)(F)F,9998097,N[C@H](c1ccc(Br)cc1)C(F)(F)F,0
CN1CCC(CC1)OC1=CC=C(Br)C=C1,10249340,CN1CCC(Oc2ccc(Br)cc2)CC1,0
COC(=O)CCC1=CC=C(OC)C(Br)=C1,10250235,COC(=O)CCc1ccc(OC)c(Br)c1,288310-70-3
BrCC1=C(I)C=CC(Br)=C1,10336060,BrCc1cc(Br)ccc1I,495414-06-7
CC(C)(C)[Si](C)(C)OC1=CC=C(Br)C=C1Cl,10340457,CC(C)(C)[Si](C)(C)Oc1ccc(Br)cc1Cl,0
CC(C)(C)C1=CC(=CC(=C1)C1=CC=C(Br)C=C1)C(C)(C)C,10440744,CC(C)(C)c1cc(-c2ccc(Br)cc2)cc(C(C)(C)C)c1,343254-68-2
CC1=C(Br)C=CC(O[Si](C)(C)C(C)(C)C)=C1,10539308,Cc1cc(O[Si](C)(C)C(C)(C)C)ccc1Br,169315-83-7
CCOC(=O)C(=C)C(O)C1=C(Br)C=CC=C1,10542086,C=C(C(=O)OCC)C(O)c1ccccc1Br,895170-13-5
CC(C)(C)[Si](C)(C)OC1=CC(CBr)=C(Br)C=C1,10544007,CC(C)(C)[Si](C)(C)Oc1ccc(Br)c(CBr)c1,164513-32-0
COC(=O)C1=CC(=CC=C1Br)S(Cl)(=O)=O,10660243,COC(=O)c1cc(S(=O)(=O)Cl)ccc1Br,924867-87-8
CN(C)CCNS(=O)(=O)C1=CC=C(Br)C=C1,11103862,CN(C)CCNS(=O)(=O)c1ccc(Br)cc1,486422-12-2
OB(O)C1=CC=C(Br)C(F)=C1F,11406560,OB(O)c1ccc(Br)c(F)c1F,0
OC(=O)CC1=C(Cl)C=CC(Br)=C1,11519569,O=C(O)Cc1cc(Br)ccc1Cl,0
NC(=O)C1(CCOCC1)C1=CC(Br)=CC=C1,11620827,NC(=O)C1(c2cccc(Br)c2)CCOCC1,329025-26-5
FC1=CC=C(Br)C=C1C1OCCO1,11982716,Fc1ccc(Br)cc1C1OCCO1,679840-30-3
CC1=CN(C2=C1C(=O)CC(C)(C)C2)C1=CC(Br)=C(C=C1)C#N,12697543,Cc1cn(-c2ccc(C#N)c(Br)c2)c2c1C(=O)CC(C)(C)C2,908111-21-7
COC(=O)C(C)(C)CC1=CC=C(Br)C=C1,13196819,COC(=O)C(C)(C)Cc1ccc(Br)cc1,186498-29-3
FC1=C(Br)C=C(C=C1)C(=O)CBr,13495147,O=C(CBr)c1ccc(F)c(Br)c1,435273-49-7
BrC1=CC=C(CC2C(=O)NC3=C2C=CC=C3)C=C1,13577747,O=C1Nc2ccccc2C1Cc1ccc(Br)cc1,0
CN1C=C(C(=N1)C1=CC=C(Br)C=C1)C1=CC=NC=C1,14007707,Cn1cc(-c2ccncc2)c(-c2ccc(Br)cc2)n1,216506-62-6
CC(=O)OC1=CC=C(F)C(Br)=C1,14189184,CC(=O)Oc1ccc(F)c(Br)c1,286836-26-8
BrC1=CC=C(CN2CCCC2=O)C=C1,14260308,O=C1CCCN1Cc1ccc(Br)cc1,695226-47-2
BrC(Br)C1=CC(Br)=CC=C1C#N,14488017,N#Cc1ccc(Br)cc1C(Br)Br,573675-37-3
BrC1=CC=CC=C1C1=NC=CN1,14522193,Brc1ccccc1-c1ncc[nH]1,162356-38-9
COC(=O)CC1=CC(C)=C(Br)C=C1,14548266,COC(=O)Cc1ccc(Br)c(C)c1,885681-93-6
NC(=O)C1=CC=C(Br)C=C1Cl,14571560,NC(=O)c1ccc(Br)cc1Cl,426265-73-8
CC(C)(C)OC(=O)N[C@@H]1C[C@H]1C1=CC=C(Br)C=C1,14750680,CC(C)(C)OC(=O)N[C@@H]1C[C@H]1c1ccc(Br)cc1,907196-12-7
C[C@@H](CNC(=O)OC(C)(C)C)C1=CC=C(Br)C=C1,14752939,C[C@@H](CNC(=O)OC(C)(C)C)c1ccc(Br)cc1,211315-53-6
BrCC=CC1=CC=C(Br)C=C1,14923819,BrCC=Cc1ccc(Br)cc1,96090-12-9
CC(C)(C)OC(=O)N1CCN(CC1)S(=O)(=O)C1=CC(Br)=CC=C1,15018649,CC(C)(C)OC(=O)N1CCN(S(=O)(=O)c2cccc(Br)c2)CC1,937014-80-7
COC(CC1=C(Br)C=C(C=C1N(=O)=O)N(=O)=O)OC,15493982,COC(Cc1c(Br)cc([N+](=O)[O-])cc1[N+](=O)[O-])OC,927427-91-6
NCC1=CC=C(Br)C=C1OC(F)(F)F,15533703,NCc1ccc(Br)cc1OC(F)(F)F,947583-96-2
COC1=CC(Br)=CC(CO)=C1N,15583921,COc1cc(Br)cc(CO)c1N,953039-12-8
COC(=O)C1=CC(Cl)=C(C=C1Br)C(O)=O,15590063,COC(=O)c1cc(Cl)c(C(=O)O)cc1Br,1061314-04-2
CCC1=CC=C(CC2=CC(Br)=C(CO)C=C2Cl)C=C1,15590076,CCc1ccc(Cc2cc(Br)c(CO)cc2Cl)cc1,1061314-06-4
FC1=C(OC2=CC(Cl)=CC(=C2)C#N)C(Br)=CC=C1CBr,15618135,N#Cc1cc(Cl)cc(Oc2c(Br)ccc(CBr)c2F)c1,1007571-61-0
COC(=O)C1=C(F)C(OC)=CC=C1Br,15638226,COC(=O)c1c(Br)ccc(OC)c1F,1007455-28-8
BrC1=C(C(C=O)=CC=C1)N(=O)=O,15748209,O=Cc1cccc(Br)c1[N+](=O)[O-],882772-99-8
CC1=CC=C(C=C1Br)C(=O)NN,18604232,Cc1ccc(C(=O)NN)cc1Br,515143-79-0
COC1=CC=CC=C1N(C)C(=O)C1=CC=C(Cl)C(Br)=C1,18643527,COc1ccccc1N(C)C(=O)c1ccc(Cl)c(Br)c1,1070892-07-7
OC(C#C)C1=CC(Br)=CC=C1,18825473,C#CC(O)c1cccc(Br)c1,29805-16-1
COCCOC1=CC(Br)=CC=C1OC,18950690,COCCOc1cc(Br)ccc1OC,1132672-05-9
COC1=C(Br)C(F)=C(C=O)C=C1,19131033,COc1ccc(C=O)c(F)c1Br,1155877-70-5
FC1=CC(Br)=C(C(F)=C1)N(=O)=O,19163655,O=[N+]([O-])c1c(F)cc(F)cc1Br,884494-38-6
CC(C)(C)NC1=C(N)C=CC(Br)=C1,19217327,CC(C)(C)Nc1cc(Br)ccc1N,1163707-72-9
OC(=O)CC1=CC(=CC(Br)=C1)C(F)(F)F,19218008,O=C(O)Cc1cc(Br)cc(C(F)(F)F)c1,1161362-01-1
CC1=C(Br)C=C(CN)C=C1,19346702,Cc1ccc(CN)cc1Br,1177558-32-5
COC1=CC(CN)=CC(Br)=C1,19346706,COc1cc(Br)cc(CN)c1,1177558-46-1
COC(=O)C1=C(C=CC(Br)=C1)S(Cl)(=O)=O,19860796,COC(=O)c1cc(Br)ccc1S(=O)(=O)Cl,736948-72-4
FC(F)(F)CNC(=O)NC1=CC(Br)=CC=C1,19906559,O=C(NCC(F)(F)F)Nc1cccc(Br)c1,1036990-21-2
CC(C)(C)OC(=O)N1CCC(CC1)C1=CC=CC(Br)=C1,19907075,CC(C)(C)OC(=O)N1CCC(c2cccc(Br)c2)CC1,886362-62-5
COC(=O)C1=CC(Br)=C(OC(F)(F)F)C=C1,19946271,COC(=O)c1ccc(OC(F)(F)F)c(Br)c1,1131594-45-0
COC1=CC=CC(Br)=C1F,20389603,COc1cccc(Br)c1F,295376-21-5
OCC1=CC(Br)=CC=C1N(=O)=O,20521531,O=[N+]([O-])c1ccc(Br)cc1CO,1241894-37-0
CC1=NOC(=C1CBr)C1=CC=C(Br)C=C1,21280504,Cc1noc(-c2ccc(Br)cc2)c1CBr,1280206-15-6
COC(=O)C1=C(O)C(Br)=CC=C1C,21338736,COC(=O)c1c(C)ccc(Br)c1O,1286179-99-4
ClC1=CC=C(Br)C(CC#N)=C1,21419650,N#CCc1cc(Cl)ccc1Br,127792-49-8
CC(C)(C)[Si](C)(C)OC1=CC(Br)=CC(F)=C1,21469228,CC(C)(C)[Si](C)(C)Oc1cc(F)cc(Br)c1,1310697-89-2
COC1=C(Br)C=CC(=C1)C(=O)NC(C)(C)CO,21475039,COc1cc(C(=O)NC(C)(C)CO)ccc1Br,1309682-38-9
CCOC(=O)CCC1=CC=C(N1C1=C(C)C=C(C=C1)C(N)=O)C1=CC=C(Br)C=C1,21498455,CCOC(=O)CCc1ccc(-c2ccc(Br)cc2)n1-c1ccc(C(N)=O)cc1C,1208318-09-5
FC1=CC=C(C=C1)C#CC1=C(Br)C=CC=C1,21593256,Fc1ccc(C#Cc2ccccc2Br)cc1,1314806-83-1
COC1=C(Br)C(=CC=C1)C(C)=O,21849727,COc1cccc(C(C)=O)c1Br,1232407-19-0
CC(=O)OCC1=C(C=CC=C1Br)N1CCN2C3=C(CC(C)(C)C3)C=C2C1=O,22080490,CC(=O)OCc1c(Br)cccc1N1CCn2c(cc3c2CC(C)(C)C3)C1=O,1346674-24-5
ClC1=CC(Br)=C(C=C1)N=N#N,22103800,[N-]=[N+]=Nc1ccc(Cl)cc1Br,1272317-01-7
C[C@H](N1CCC(CC2CC2)(CC(C)=C)OC1=O)C1=CC=C(Br)C=C1,22119511,C=C(C)CC1(CC2CC2)CCN([C@@H](C)c2ccc(Br)cc2)C(=O)O1,1352754-36-9
BrC1=C2C=CC=CC2=C(C2=CC=CC=C12)C1=C2C=CC=CC2=C2C=CC=CC2=C1,22292367,Brc1c2ccccc2c(-c2cc3ccccc3c3ccccc23)c2ccccc12,845457-53-6
FC1=CC=C(C=C1)C(=O)C=CC1=CC=C(Br)C=C1,22411834,O=C(C=Cc1ccc(Br)cc1)c1ccc(F)cc1,350474-66-7
COC1=C(Br)C=CC(F)=C1F,22513412,COc1c(Br)ccc(F)c1F,888318-22-7
FC(F)(F)C1=CC(=CC(=C1Br)C(F)(F)F)N(=O)=O,22589716,O=[N+]([O-])c1cc(C(F)(F)F)c(Br)c(C(F)(F)F)c1,1365643-24-8
COC(=O)C(C)(C)COC1=CC=C(Br)C=C1,22627688,COC(=O)C(C)(C)COc1ccc(Br)cc1,897955-49-6
CCOC(=O)CCC1=CC=C(Br)C=C1F,23053520,CCOC(=O)CCc1ccc(Br)cc1F,1057674-14-2
BrC1=C(C=O)C=CC=C1OCCCOCC1=CC=CC=C1,23083860,O=Cc1cccc(OCCCOCc2ccccc2)c1Br,1093644-28-0
CC(=C)CN(C(C)=O)C1=CC=C(Br)C=C1,23129495,C=C(C)CN(C(C)=O)c1ccc(Br)cc1,937638-21-6
CC(CC1=C(C)C=CC(Br)=C1)C(Cl)=O,23481751,Cc1ccc(Br)cc1CC(C)C(=O)Cl,1417536-94-7
CC1=CC=NN1C1=CC(Br)=CC=C1,23504103,Cc1ccnn1-c1cccc(Br)c1,1260787-69-6
CN(C)C(=S)OC1=CC(Br)=CC=C1F,23580388,CN(C)C(=S)Oc1cc(Br)ccc1F,1431329-18-8
CCOC(=O)C1=CC=C(Br)C=C1CBr,23971833,CCOC(=O)c1ccc(Br)cc1CBr,260561-85-1
COC(=O)C1=C(C)C(NC(=O)C2=C(C=CC(Br)=C2)C(F)(F)F)=C(C)C=C1,26468582,COC(=O)c1ccc(C)c(NC(=O)c2cc(Br)ccc2C(F)(F)F)c1C,1529761-45-2
FC1=CC=C(C=O)C(Br)=C1F,26679248,O=Cc1ccc(F)c(F)c1Br,1578156-21-4
CC(C)(C)OC(=O)N1CCC[C@H](C1)C1=CC=C(Br)C=C1,26967768,CC(C)(C)OC(=O)N1CCC[C@@H](c2ccc(Br)cc2)C1,1476776-55-2
CC1=C(Br)C=CC(OC2=C3C=COC3=CC=N2)=C1,27008866,Cc1cc(Oc2nccc3occc23)ccc1Br,1609581-00-1
CN1C(C2=C(CCC2=O)N(C2=CC=CC(=C2)C(F)(F)F)C1=O)C1=C(Br)C=C(C=C1)C#N,27104715,CN1C(=O)N(c2cccc(C(F)(F)F)c2)C2=C(C(=O)CC2)C1c1ccc(C#N)cc1Br,1621271-26-8
COC(=O)C(C(C)=O)C1=C(Br)C=C(F)C=C1,27106190,COC(=O)C(C(C)=O)c1ccc(F)cc1Br,1243144-99-1
COCOC1=CC=C(Br)C=C1Cl,27109770,COCOc1ccc(Br)cc1Cl,1301146-84-8
NC(CC1=C(F)C=C(Br)C=C1)C#N,27188678,N#CC(N)Cc1ccc(Br)cc1F,0
CC(C)CN(CC(C)C)C1=C(C=C(Br)C(F)=C1)N(=O)=O,27440842,CC(C)CN(CC(C)C)c1cc(F)c(Br)cc1[N+](=O)[O-],0
COC(=O)C1=CC=C(CNC2=CC(Br)=CC=C2)C=C1,27559559,COC(=O)c1ccc(CNc2cccc(Br)c2)cc1,0
COCCOC1=C(C=O)C(F)=CC(Br)=C1,27579687,COCCOc1cc(Br)cc(F)c1C=O,0
BrC1=C2C=CC=CC2=C(NC(=O)C2=CC=CC=N2)C=C1,27654137,O=C(Nc1ccc(Br)c2ccccc12)c1ccccn1,0
COC(=O)C1=C(C=CC=C1)C1=CC(Br)=CC=C1,27873162,COC(=O)c1ccccc1-c1cccc(Br)c1,0
ClC1=CC(Br)=CC=C1OC1CCC1,27992183,Clc1cc(Br)ccc1OC1CCC1,0
FC1=CC(F)=C(CBr)C=C1Br,28088087,Fc1cc(F)c(CBr)cc1Br,0
CC(=O)C1=CC(Cl)=C(Br)C=C1N,28150180,CC(=O)c1cc(Cl)c(Br)cc1N,0
CC(C)(C)[Si](C)(C)OC1(COC1)C1=CC=C(Br)C=C1,28541172,CC(C)(C)[Si](C)(C)OC1(c2ccc(Br)cc2)COC1,0
CC1=CC(Br)=CC(C(N)=O)=C1NC(=O)C1=CN=CC=C1,28728598,Cc1cc(Br)cc(C(N)=O)c1NC(=O)c1cccnc1,0
FC(F)C1=C(Br)C=CC(=C1F)S(Cl)(=O)=O,29510554,O=S(=O)(Cl)c1ccc(Br)c(C(F)F)c1F,0
COC(=O)C1=CC(Br)=CC(OCC2CCOCC2)=C1,29836186,COC(=O)c1cc(Br)cc(OCC2CCOCC2)c1,0
BrC1=CC=CC(=C1)C1=CC=CC2=C1OC1=C2C=CC=C1C1=CC=CC=C1,29934060,Brc1cccc(-c2cccc3c2oc2c(-c4ccccc4)cccc23)c1,0
FC(F)OC1=CC(Br)=CC=C1N(=O)=O,30750519,O=[N+]([O-])c1ccc(Br)cc1OC(F)F,0
OCC1=CC=CC(Br)=C1C(F)(F)F,32447113,OCc1cccc(Br)c1C(F)(F)F,0
CC(C)(C)OC(=O)N1CCC(CC1)C(N1C=CN=C1)C1=C(F)C=CC=C1Br,32447584,CC(C)(C)OC(=O)N1CCC(C(c2c(F)cccc2Br)n2ccnc2)CC1,0
NC(=O)C1=CC(Cl)=C(Br)C=C1F,32984692,NC(=O)c1cc(Cl)c(Br)cc1F,0
NC1=C(C=O)C(F)=CC(Br)=C1,34931466,Nc1cc(Br)cc(F)c1C=O,0
NC1=CC(Cl)=CC=C1NC1=CC=C(Cl)C=C1Br,36576239,Nc1cc(Cl)ccc1Nc1ccc(Cl)cc1Br,0
CCOC(=O)C(F)(F)C(=O)C1=C(Br)C=C(F)C=C1,36791196,CCOC(=O)C(F)(F)C(=O)c1ccc(F)cc1Br,0
OC(=O)C(=O)CC(=O)C1=CC=C(Br)C=C1,981007,O=C(O)C(=O)CC(=O)c1ccc(Br)cc1,58303-63-2
CC1=NC=C(O1)C1=CC=C(Br)C=C1,1211729,Cc1ncc(-c2ccc(Br)cc2)o1,69163-85-5
BrC1=CC=C(C=C1)N=CC1=NC=CC=C1,1453195,Brc1ccc(N=Cc2ccccn2)cc1,29202-08-2
ClCC1=C(Cl)C=CC(Br)=C1,1564396,ClCc1cc(Br)ccc1Cl,0
BrC1=CC=C(C=C1)C1=CCCCC1,1943683,Brc1ccc(C2=CCCCC2)cc1,1605-17-0
BrC1=C(CC2CCCCC2=O)C=CC=C1,1962148,O=C1CCCCC1Cc1ccccc1Br,91911-21-6
BrC1=CC=C(C=C1)C(=O)COC(=O)C1=CC=CC=C1,1983822,O=C(COC(=O)c1ccccc1)c1ccc(Br)cc1,7506-12-9
OC1=CC=C(Br)C=C1C(=O)CC(=O)C1=CC=CC=C1,1983882,O=C(CC(=O)c1cc(Br)ccc1O)c1ccccc1,5067-24-3
ClC1=C(Cl)C(Cl)=C(Br)C(Cl)=C1Cl,2051545,Clc1c(Cl)c(Cl)c(Br)c(Cl)c1Cl,13074-96-9
CC(Br)C1=C(Br)C=CC=C1,2078688,CC(Br)c1ccccc1Br,62384-31-0
NC1=CC=C(Br)C(N)=C1,2081091,Nc1ccc(Br)c(N)c1,6264-69-3
COC1=C(Br)C=C(C=C)C=C1,2083969,C=Cc1ccc(OC)c(Br)c1,34039-30-0
CC1=CC(=CC(=C1Br)C(C)(C)C)C(C)(C)C,2257956,Cc1cc(C(C)(C)C)cc(C(C)(C)C)c1Br,16358-71-7
BrC1=CC=CC=C1OC1=CC=CC=C1N(=O)=O,2380548,O=[N+]([O-])c1ccccc1Oc1ccccc1Br,60671-89-8
CC(C)(C)C(O)C1=CC=C(Br)C=C1,2439247,CC(C)(C)C(O)c1ccc(Br)cc1,73492-35-0
CC1=C(C)C=C(C(Br)=C1)N(=O)=O,2443654,Cc1cc(Br)c([N+](=O)[O-])cc1C,53938-24-2
OC(=O)C1=CC2=C(C=CC=C2)C2=C1C=CC(Br)=C2,2459882,O=C(O)c1cc2ccccc2c2cc(Br)ccc12,53581-38-7
CC(C)(O)CC1=CC=CC(Br)=C1,2516354,CC(C)(O)Cc1cccc(Br)c1,3762-39-8
CSCC1=CC=CC=C1Br,2517303,CSCc1ccccc1Br,19614-11-0
COC1=C(CCl)C=C(Br)C=C1,2519811,COc1ccc(Br)cc1CCl,7017-52-9
FC(F)(F)S(=O)C1=CC=C(Br)C=C1,2525227,O=S(c1ccc(Br)cc1)C(F)(F)F,4589-43-9
BrC1=CC=C(CS(=O)(=O)C2=CC=CC=C2)C=C1,2529593,O=S(=O)(Cc1ccc(Br)cc1)c1ccccc1,91110-68-8
ClC1=CC=CC2=C(Br)C3=C(C=C12)C(Cl)=CC=C3,2531059,Clc1cccc2c(Br)c3cccc(Cl)c3cc12,14935-25-2
FC1=CC2=CC=CC=C2C(Br)=C1,2554671,Fc1cc(Br)c2ccccc2c1,343-53-3
[H][C@@](C)(OC1=CC=C(Br)C=C1)C(O)=O,2558752,C[C@H](Oc1ccc(Br)cc1)C(=O)O,37819-43-5
CC(=O)CCC1=CC(Br)=CC=C1,2575151,CC(=O)CCc1cccc(Br)c1,3506-70-5
CCOC(=O)C(O)C1=CC=C(Br)C=C1,2579856,CCOC(=O)C(O)c1ccc(Br)cc1,30565-53-8
CCOC(=O)CCC1=CC=CC(Br)=C1,2580172,CCOC(=O)CCc1cccc(Br)c1,40640-97-9
COC(=O)C1=CC=C(C=O)C=C1Br,2642290,COC(=O)c1ccc(C=O)cc1Br,90484-52-9
BrC1=CC2=C(C=C1)C=C(C#N)C(=C2)C#N,2644211,N#Cc1cc2ccc(Br)cc2cc1C#N,70484-02-5
COC1=CC(Br)=C(N)C(=C1)N(=O)=O,2725662,COc1cc(Br)c(N)c([N+](=O)[O-])c1,10172-35-7
BrC1=CC(NS(=O)(=O)C2=CC=CC=C2)=CC=C1,2734224,O=S(=O)(Nc1cccc(Br)c1)c1ccccc1,91394-73-9
NC1=CC(Br)=CC2=CC=CC=C12,2802784,Nc1cc(Br)cc2ccccc12,90766-34-0
ClC1=CC=C(C=C1)S(=O)(=O)NC1=CC=C(Br)C=C1,2812828,O=S(=O)(Nc1ccc(Br)cc1)c1ccc(Cl)cc1,2065-38-5
BrC1=CC=C(NC(=O)C2=CC=C(C=C2)N(=O)=O)C=C1,2813455,O=C(Nc1ccc(Br)cc1)c1ccc([N+](=O)[O-])cc1,59280-03-4
CNCC(O)C1=CC=C(Br)C=C1,2832081,CNCC(O)c1ccc(Br)cc1,40587-07-3
ClS(=O)(=O)CC1=C(Br)C=CC=C1,2835390,O=S(=O)(Cl)Cc1ccccc1Br,24974-74-1
ClCCN(CCCl)CC1=CC=C(Br)C=C1,2842721,ClCCN(CCCl)Cc1ccc(Br)cc1,2743-05-7
OC(=O)\C=C/C(=O)NC1=CC=C(Br)C=C1,2939969,O=C(O)/C=C\C(=O)Nc1ccc(Br)cc1,59256-47-2
CC(=C)C(=O)NC1=CC=CC=C1Br,3031147,C=C(C)C(=O)Nc1ccccc1Br,23423-65-6
COC1=CC=CC2=C(Br)C=CC=C12,3049056,COc1cccc2c(Br)cccc12,74924-95-1
OC(=O)CC1=C(C=C(Br)C=C1)C(O)=O,3093119,O=C(O)Cc1ccc(Br)cc1C(=O)O,19725-82-7
OC1=CC(Br)=CC(I)=C1,3234787,Oc1cc(Br)cc(I)c1,570391-20-7
CC1=CC(O)=C(Br)C=C1Cl,3237774,Cc1cc(O)c(Br)cc1Cl,112135-31-6
CCC(=O)C1=CC(C)=C(Br)C=C1,3239782,CCC(=O)c1ccc(Br)c(C)c1,210228-01-6
CC(C)C1=CC(O)=C(C)C=C1Br,3239977,Cc1cc(Br)c(C(C)C)cc1O,121665-99-4
BrC1=CC=CC2=C(C=O)C=CC=C12,3241278,O=Cc1cccc2c(Br)cccc12,41498-06-0
CC1=CC=CC(C(N)=O)=C1Br,3242080,Cc1cccc(C(N)=O)c1Br,101421-85-6
OC1=CC(Br)=CC(=C1)C1=CC=CC=C1,3244992,Oc1cc(Br)cc(-c2ccccc2)c1,136649-31-5
BrC1=C(I)C=CC(=C1)N(=O)=O,3245657,O=[N+]([O-])c1ccc(I)c(Br)c1,7149-14-6
BrC1=C(CC#N)C=CC2=CC=CC=C12,3251825,N#CCc1ccc2ccccc2c1Br,6323-67-7
CC(=O)NC1=C(Cl)C=CC(Br)=C1,3257993,CC(=O)Nc1cc(Br)ccc1Cl,90050-42-3
COC1=CC(N)=C(OC)C(Br)=C1,3260060,COc1cc(N)c(OC)c(Br)c1,115929-62-9
BrC1=C(C=C(C=C1)N(=O)=O)C1=CC=CC=C1,3288251,O=[N+]([O-])c1ccc(Br)c(-c2ccccc2)c1,489409-86-1
COC(=O)C1=CC(N)=C(O)C(Br)=C1,3292545,COC(=O)c1cc(N)c(O)c(Br)c1,260249-10-3
FC1=CC=C(C=C1)S(=O)(=O)C1=CC=C(Br)C=C1,3296980,O=S(=O)(c1ccc(F)cc1)c1ccc(Br)cc1,383-28-8
COC1=C(O)C(Br)=CC(C=O)=C1N(=O)=O,3328871,COc1c(O)c(Br)cc(C=O)c1[N+](=O)[O-],98434-34-5
NC1=C(Br)C=C(C=C1C(F)(F)F)N(=O)=O,3353610,Nc1c(Br)cc([N+](=O)[O-])cc1C(F)(F)F,400-66-8
[S-]C1=CC=C(Br)C=C1,4129747,[S-]c1ccc(Br)cc1,26972-20-3
COC(=O)C1=CC=CC=C1C#CC1=CC=C(Br)C=C1,4191671,COC(=O)c1ccccc1C#Cc1ccc(Br)cc1,118520-73-3
BrC1=CC=C(C=[N]#N)C=C1,4377123,[N-]=[N+]=Cc1ccc(Br)cc1,73900-14-8
BrC1=CC=C(C=C1)C(=O)CCC=C,4392507,C=CCCC(=O)c1ccc(Br)cc1,76173-08-5
COC1=CC(Br)=C(CCO)C=C1OC,4416345,COc1cc(Br)c(CCO)cc1OC,289507-36-4
CCOC(=O)CCC(=O)C1=CC=C(Br)C=C1,4432496,CCOC(=O)CCC(=O)c1ccc(Br)cc1,30913-87-2
CC(=O)C1=C(OCC2CO2)C=CC(Br)=C1,4436319,CC(=O)c1cc(Br)ccc1OCC1CO1,73933-64-9
BrC1=CC=C(C=C1)C1(OCCO1)C1=CC=CC=C1,4451672,Brc1ccc(C2(c3ccccc3)OCCO2)cc1,59793-76-9
BrC1=CC=CC(NC(=S)NC(=O)C2=CC=CC=C2)=C1,4472632,O=C(NC(=S)Nc1cccc(Br)c1)c1ccccc1,89069-93-2
CC1=NOC(C=CC2=CC=C(Br)C=C2)=C1N(=O)=O,4479650,Cc1noc(C=Cc2ccc(Br)cc2)c1[N+](=O)[O-],0
OC1=C(C=C(Br)C=C1)C(Cl)=O,4667740,O=C(Cl)c1cc(Br)ccc1O,17464-66-3
BrC1=C(OCCC=C)C=CC=C1,4668262,C=CCCOc1ccccc1Br,87280-00-0
COC1=CC(Br)=CC=C1C=CN(=O)=O,4864718,COc1cc(Br)ccc1C=C[N+](=O)[O-],0
ClC\C=C\C1=CC=C(Br)C=C1,5496328,ClC/C=C/c1ccc(Br)cc1,104293-07-4
OC(=O)C1(CCCC1)C1=CC(Br)=CC=C1,5811904,O=C(O)C1(c2cccc(Br)c2)CCCC1,143328-23-8
NC(C(O)=O)C1=CC(Br)=CC=C1,6056392,NC(C(=O)O)c1cccc(Br)c1,150174-93-9
ClC(=O)C1=CC=CC(C(Cl)=O)=C1Br,6139058,O=C(Cl)c1cccc(C(=O)Cl)c1Br,151603-30-4
CC(C)=CCOC1=CC=CC=C1Br,6192794,CC(C)=CCOc1ccccc1Br,96597-85-2
CC1=CC(=CC=C1)C1=CC=CC=C1Br,6593110,Cc1cccc(-c2ccccc2Br)c1,146534-36-3
CC(=O)C#CC1=CC=C(Br)C=C1,6857719,CC(=O)C#Cc1ccc(Br)cc1,81532-79-8
BrC1=CC(CCCOC2CCCCO2)=CC=C1,7131312,Brc1cccc(CCCOC2CCCCO2)c1,162472-00-6
CS(=O)(=O)C1=CC=C(C=C1Br)N(=O)=O,7532912,CS(=O)(=O)c1ccc([N+](=O)[O-])cc1Br,0
OC(=O)C\C=C\C1=CC=C(Br)C=C1,7633967,O=C(O)C/C=C/c1ccc(Br)cc1,184360-96-1
COC(=O)C(=O)C1=CC=CC=C1Br,7635398,COC(=O)C(=O)c1ccccc1Br,122394-38-1
BrC1=CC=C(CN2C=CC3=CC=CC=C23)C=C1,7705147,Brc1ccc(Cn2ccc3ccccc32)cc1,0
COC(=O)C1=C(NC(C)=O)C=CC(Br)=C1,7810898,COC(=O)c1cc(Br)ccc1NC(C)=O,138825-96-4
CC1=CC(Br)=CC(C)=C1CC#N,7988720,Cc1cc(Br)cc(C)c1CC#N,205035-09-2
CC1(C)OCC(COC2=CC=C(Br)C=C2)O1,8139928,CC1(C)OCC(COc2ccc(Br)cc2)O1,198275-89-7
BrC1=CC(=CC=C1)C1=CN=CO1,8309263,Brc1cccc(-c2cnco2)c1,0
BrC1=CC=C(C=C1)C(=O)NC1CCCCC1,8320962,O=C(NC1CCCCC1)c1ccc(Br)cc1,223553-87-5
FC1=C(Br)C=C(C=C1)C1OCCO1,8392152,Fc1ccc(C2OCCO2)cc1Br,77771-04-1
CC(C)(C)OC(=O)C(C)(C)SC1=CC=C(Br)C=C1,8410776,CC(C)(C)OC(=O)C(C)(C)Sc1ccc(Br)cc1,247923-30-4
NNC1=CC(Br)=C(C=C1)C#N,8480518,N#Cc1ccc(NN)cc1Br,263845-82-5
COC1=CC(Br)=CC(CO)=C1,8542729,COc1cc(Br)cc(CO)c1,262450-64-6
OC(C(=C)C#N)C1=CC=C(Br)C=C1,8545823,C=C(C#N)C(O)c1ccc(Br)cc1,282089-45-6
CC(=O)NC1=C(Br)C=C(C=C1)C(F)(F)F,8837344,CC(=O)Nc1ccc(C(F)(F)F)cc1Br,175135-49-6
BrC1=CC=C(OC2=CC=NC=C2)C=C1,9043977,Brc1ccc(Oc2ccncc2)cc1,0
BrC1=CC=CC=C1C1=NC=CC2=C1C=CC=C2,9050114,Brc1ccccc1-c1nccc2ccccc12,380427-61-2
O[C@H]([C@H]1CCCCC1=O)C1=CC=C(Br)C=C1,9488100,O=C1CCCC[C@@H]1[C@@H](O)c1ccc(Br)cc1,0
NNC1=CC=C(F)C=C1Br,9617569,NNc1ccc(F)cc1Br,299440-21-4
CC1=NC=CN1CC1=CC=C(Br)C=C1,9845872,Cc1nccn1Cc1ccc(Br)cc1,777865-57-3
C[C@@H]1CCCN1CCC1=CC=C(Br)C=C1,10001814,C[C@@H]1CCCN1CCc1ccc(Br)cc1,849519-42-2
CC(C)C1=CC(I)=CC(C(C)C)=C1Br,10066679,CC(C)c1cc(I)cc(C(C)C)c1Br,856197-47-2
ClCC1=NN=C(O1)C1=CC=C(Br)C=C1,10067024,ClCc1nnc(-c2ccc(Br)cc2)o1,568544-04-7
COC1=CC=C(NC(C)C2=CC=C(Br)C=C2)C=C1,10068379,COc1ccc(NC(C)c2ccc(Br)cc2)cc1,0
CN1CCN(CCC2=CC=C(Br)C=C2)CC1,10073350,CN1CCN(CCc2ccc(Br)cc2)CC1,855894-11-0
CC(=O)SCC1=CC=C(Br)C=C1,10152780,CC(=O)SCc1ccc(Br)cc1,351003-15-1
OCC#CC1=CC(Br)=CC=C1,10336167,OCC#Cc1cccc(Br)c1,170859-80-0
OCC1=CC=C(Br)C(CO)=C1,10426895,OCc1ccc(Br)c(CO)c1,335612-69-6
BrC1=CC=CC2=C1C=CC=C2C1=CC=CC=C1,10433050,Brc1cccc2c(-c3ccccc3)cccc12,911836-38-9
COC(=O)C(C)C1=CC=CC=C1Br,10530414,COC(=O)C(C)c1ccccc1Br,115615-34-4
CCC(O)C1=CC(Br)=CC=C1F,10531123,CCC(O)c1cc(Br)ccc1F,0
[H][C@]1(CCCCC1=O)[C@@H](O)C1=CC=CC(Br)=C1,10548442,O=C1CCCC[C@H]1[C@@H](O)c1cccc(Br)c1,0
ClC1=CC=C(C=C1)C1(CCNCC1)C1=CC=C(Br)C=C1,11038974,Clc1ccc(C2(c3ccc(Br)cc3)CCNCC2)cc1,857531-01-2
BrC1=CC=C(C=C1)N1C=C(C=O)N=N1,11104358,O=Cc1cn(-c2ccc(Br)cc2)nn1,916151-04-7
OC(=O)C1=C(S)C=C(Br)C=C1,11192708,O=C(O)c1ccc(Br)cc1S,116209-30-4
CC(C)(C)OC(=O)OC1=CC=C(Br)C=C1,11266034,CC(C)(C)OC(=O)Oc1ccc(Br)cc1,436848-01-0
CC(=O)OCC(=O)NC1=C(F)C=C(Br)C=C1,11267751,CC(=O)OCC(=O)Nc1ccc(Br)cc1F,0
CC1=CC2=C(CC(C)(C)CC2=O)N1C1=CC=C(C#N)C(Br)=C1,12697544,Cc1cc2c(n1-c1ccc(C#N)c(Br)c1)CC(C)(C)CC2=O,0
CCC(CC)OC1=C(C)C(OC2=C(C)C=C(Br)C=C2C)=NC(C)=C1,13255652,CCC(CC)Oc1cc(C)nc(Oc2c(C)cc(Br)cc2C)c1C,175139-54-5
OC1=C(C=O)C=C(Br)C=C1I,13425939,O=Cc1cc(Br)cc(I)c1O,0
BrC1=C(C=CC=C1)C1(CC1)C#N,13501626,N#CC1(c2ccccc2Br)CC1,0
COC1=CC(Br)=C(Cl)C=C1Cl,13832159,COc1cc(Br)c(Cl)cc1Cl,174913-22-5
OCCCC(O)C1=CC=C(Br)C=C1,14212331,OCCCC(O)c1ccc(Br)cc1,509083-36-7
CCOC1=C(Br)C=CC(N)=C1,14338131,CCOc1cc(N)ccc1Br,125756-95-8
OC1=CC(OC(F)(F)F)=CC=C1Br,14363103,Oc1cc(OC(F)(F)F)ccc1Br,205371-26-2
CCOC(=O)CC1=C(C=CC(Br)=C1)N(=O)=O,14484359,CCOC(=O)Cc1cc(Br)ccc1[N+](=O)[O-],870274-21-8
CCOC(=O)CC1=C(Cl)C=C(Br)C=C1,14489721,CCOC(=O)Cc1ccc(Br)cc1Cl,1261606-45-4
COC(=O)C1=C(N)C(I)=CC(Br)=C1,14504362,COC(=O)c1cc(Br)cc(I)c1N,289039-83-4
COC1=C(Br)C=CC=C1C#N,14513673,COc1c(Br)cccc1C#N,874472-98-7
NC1=CC(Br)=CC=C1N1C=CC=C1,14565955,Nc1cc(Br)ccc1-n1cccc1,896429-82-6
CN(C)C(=O)C1=CC=C(Br)C=C1Cl,14571566,CN(C)C(=O)c1ccc(Br)cc1Cl,893420-19-4
C\C(=N/S(=O)C(C)(C)C)C1=CC(Br)=CC=C1,15423694,C/C(=N\S(=O)C(C)(C)C)c1cccc(Br)c1,0
BrC1=CC(C(=O)OCC2=CC=CC=C2)=C(OCC2=CC=CC=C2)C=C1,15569866,O=C(OCc1ccccc1)c1cc(Br)ccc1OCc1ccccc1,850350-09-3
CCC1=CC=C(C=C1)C(=O)C1=CC(Br)=C(C=C1Cl)C(=O)OC,15590088,CCc1ccc(C(=O)c2cc(Br)c(C(=O)OC)cc2Cl)cc1,1061314-05-3
CC(C)(C)OC(=O)N1CC(C1)C(=O)C1=CC=C(Br)C=C1,15608887,CC(C)(C)OC(=O)N1CC(C(=O)c2ccc(Br)cc2)C1,960402-24-8
FC1=C(F)C(OCC2=CC=CC=C2)=CC(Br)=C1,18404926,Fc1cc(Br)cc(OCc2ccccc2)c1F,1035155-54-4
CC[C@@H](C=O)[C@H](CN(=O)=O)C1=CC=C(Br)C=C1,18613928,CC[C@@H](C=O)[C@H](C[N+](=O)[O-])c1ccc(Br)cc1,1046494-39-6
NC1=C(C#C)C(Br)=CC(=C1)C(F)(F)F,18934681,C#Cc1c(N)cc(C(F)(F)F)cc1Br,1100215-58-4
COC(=O)CC1=CC(O)=CC=C1Br,19011958,COC(=O)Cc1cc(O)ccc1Br,1069115-25-8
CC(=O)C(=[N]#N)C1=CC=C(Br)C=C1,19126006,CC(=O)C(=[N+]=[N-])c1ccc(Br)cc1,1076238-91-9
COC1=C(CN)C=C(Br)C=C1,19168419,COc1ccc(Br)cc1CN,166530-78-5
OCC1=C(O)C=C(Br)C=C1,19318795,OCc1ccc(Br)cc1O,170434-11-4
COC1=CC=C(CN(CC2=CC=C(OC)C=C2)S(=O)(=O)C2=CC(Br)=CC=C2)C=C1,19372631,COc1ccc(CN(Cc2ccc(OC)cc2)S(=O)(=O)c2cccc(Br)c2)cc1,1020743-37-6
COC(=O)C1=C(CBr)C(Br)=CC(F)=C1,19636823,COC(=O)c1cc(F)cc(Br)c1CBr,1187318-54-2
COC(=O)C1=C(OCC2=CC=CC=C2)C=C(OCC2=CC=CC=C2)C(Br)=C1,19870584,COC(=O)c1cc(Br)c(OCc2ccccc2)cc1OCc1ccccc1,958253-44-6
COC1=C(Br)C=C(C(C=O)=C1)N(=O)=O,19897497,COc1cc(C=O)c([N+](=O)[O-])cc1Br,1196664-96-6
CN(CC1=CC=CC=C1Br)C(=O)OC(C)(C)C,20266084,CN(Cc1ccccc1Br)C(=O)OC(C)(C)C,954238-61-0
NC1=C(Br)C(F)=CC=C1N(=O)=O,20314696,Nc1c([N+](=O)[O-])ccc(F)c1Br,1218764-80-7
CC1=C(C=C(C=C1Br)N(=O)=O)C(F)(F)F,20326896,Cc1c(Br)cc([N+](=O)[O-])cc1C(F)(F)F,1219948-34-1
COC(=O)C1(CCC1)C1=CC=C(Br)C=C1,20475406,COC(=O)C1(c2ccc(Br)cc2)CCC1,1236357-65-5
CN(C)CC1=CC(Br)=CC(=C1)C(F)(F)F,20480756,CN(C)Cc1cc(Br)cc(C(F)(F)F)c1,1237535-89-5
NC1=CC=C(Br)C=C1NCC1=CC=CC=C1,20536091,Nc1ccc(Br)cc1NCc1ccccc1,1162697-02-0
COC1=CC(Br)=CC(N)=C1C,20609128,COc1cc(Br)cc(N)c1C,1082040-45-6
BrC1=CC=C(C=C1)N1N=CC2=CN=CN=C12,20645600,Brc1ccc(-n2ncc3cncnc32)cc1,1235034-86-2
BrC1=C(C=O)C=CC(OC2=CC=CC=C2)=C1,20693690,O=Cc1ccc(Oc2ccccc2)cc1Br,1196474-92-6
NC1(CCC1)C1=CC=C(Br)C=C1,20723527,NC1(c2ccc(Br)cc2)CCC1,1094218-30-0
COC(=O)[C@@H](CC1=CC=C(Br)C=C1)NC(=O)OC(C)(C)C,20781673,COC(=O)[C@@H](Cc1ccc(Br)cc1)NC(=O)OC(C)(C)C,1213855-60-7
ClC(=O)C1=CC(Br)=CC=C1I,21071738,O=C(Cl)c1cc(Br)ccc1I,293738-03-1
FCOC1=CC=C(Br)C=C1,21126679,FCOc1ccc(Br)cc1,496052-51-8
BrC1=CC=CC(=C1)N1CCC1,21570874,Brc1cccc(N2CCC2)c1,1313883-55-4
FC(F)OC1=CC=C(Br)C(F)=C1,21603128,Fc1cc(OC(F)F)ccc1Br,1242258-38-3
CN(C)C1CCN(CC1)C1=CC=C(Br)C=C1,21941383,CN(C)C1CCN(c2ccc(Br)cc2)CC1,1247000-88-9
CC1=C(Cl)C=C(Br)C(F)=C1,22108003,Cc1cc(F)c(Br)cc1Cl,93765-83-4
C[Si](C)(C)C#CC1=CC(F)=C(Br)C=C1,22206961,C[Si](C)(C)C#Cc1ccc(Br)c(F)c1,1374419-12-1
COC(=O)C1=C(N)C=CC(Br)=C1N,22253378,COC(=O)c1c(N)ccc(Br)c1N,1356113-88-6
FC1=C(C=CC(Br)=C1)N1CCNCC1,22478971,Fc1cc(Br)ccc1N1CCNCC1,501903-57-7
CC(CC1=CC=C(Br)C=C1)NC(C)=O,22584611,CC(=O)NC(C)Cc1ccc(Br)cc1,1395463-00-9
NC1=C(F)C=C(Br)C(Cl)=C1,22606476,Nc1cc(Cl)c(Br)cc1F,116369-24-5
CC(C)(C)[Si](C)(C)OC1=CC(Br)=CC(Cl)=C1,22766847,CC(C)(C)[Si](C)(C)Oc1cc(Cl)cc(Br)c1,1392196-71-2
CC(C)(C)[Si](C)(C)OC1=CC(Br)=C(F)C=C1,22766851,CC(C)(C)[Si](C)(C)Oc1ccc(F)c(Br)c1,1037088-98-4
CC1=CC(F)=C(C=O)C(Br)=C1,22789960,Cc1cc(F)c(C=O)c(Br)c1,1370025-54-9
ClC1=NC=CC=C1OCC(=O)C1=CC=C(Br)C=C1,22895139,O=C(COc1cccnc1Cl)c1ccc(Br)cc1,1400797-13-8
OC1=CC(=CC(Br)=C1)C(=O)OCC1=CC=CC=C1,23298160,O=C(OCc1ccccc1)c1cc(O)cc(Br)c1,1416069-33-4
COC1=CC(CC(F)(F)F)=C(Br)C=C1F,23333417,COc1cc(CC(F)(F)F)c(Br)cc1F,1421503-66-3
CCOC(=O)C1=CC=NN1C1=CC=C(Br)C=C1,23432355,CCOC(=O)c1ccnn1-c1ccc(Br)cc1,115342-26-2
CC1=CN2C=C(N=C2C=C1)C1=C(Br)C=CC=C1,23444978,Cc1ccc2nc(-c3ccccc3Br)cn2c1,419557-44-1
COC1=CC(=CC=C1Br)C(=O)N(C)C,23727791,COc1cc(C(=O)N(C)C)ccc1Br,1065074-12-5
OC1CCN(CC1)C1=CC=C(Br)C=C1,23846620,OC1CCN(c2ccc(Br)cc2)CC1,1226154-84-2
COC1=C(C=CC(Br)=C1)C(=O)N1CCN(C)CC1,24007090,COc1cc(Br)ccc1C(=O)N1CCN(C)CC1,1436119-37-7
CC(C)(C)[S@@](=O)NC(C)(C#N)C1=C(F)C=CC(Br)=C1,24643795,CC(C#N)(N[S@](=O)C(C)(C)C)c1cc(Br)ccc1F,0
CC1=NN(C(N)=C1)C1=CC=C(Br)C=C1,24704280,Cc1cc(N)n(-c2ccc(Br)cc2)n1,0
FC(F)(F)OC1=CC(Br)=C(NC=O)C=C1,26539616,O=CNc1ccc(OC(F)(F)F)cc1Br,941294-53-7
FC(F)(F)C1=CC(NC=O)=C(Br)C=C1,26539626,O=CNc1cc(C(F)(F)F)ccc1Br,1536478-90-6
NC1=CC=C(Br)C=C1C#C,26754008,C#Cc1cc(Br)ccc1N,1260776-51-9
OC1=C(C=O)C2=CC(Br)=CC=C2C=C1,26848433,O=Cc1c(O)ccc2ccc(Br)cc12,1597710-22-9
CC(C)(O)CN1C=C(C=N1)C1=CC=C(Br)C=C1,26852678,CC(C)(O)Cn1cc(-c2ccc(Br)cc2)cn1,1607838-38-9
BrC1=CC=C(C=C1)[C@@H]1CCC(=O)NC1,26967764,O=C1CC[C@@H](c2ccc(Br)cc2)CN1,1476776-44-9
FC(F)(F)C1=CC=CC(=C1)N1C2=C(C(NC1=O)C1=CC=C(Br)C=C1)C(=O)CC2,27060646,O=C1CCC2=C1C(c1ccc(Br)cc1)NC(=O)N2c1cccc(C(F)(F)F)c1,1621272-82-9
NC1=CC(Br)=CC=C1C(Cl)=O,27135438,Nc1cc(Br)ccc1C(=O)Cl,1261666-37-8
NC1=CC(Br)=C(Cl)C=C1I,27200516,Nc1cc(Br)c(Cl)cc1I,0
BrC1=CC(=CC=C1)C1=NC2=C(N1C1=CC=CC=C1)C1=C(C=CC=C1)C1=C2C=CC=C1,27356051,Brc1cccc(-c2nc3c4ccccc4c4ccccc4c3n2-c2ccccc2)c1,0
BrC1=CC=CC(=C1)C(=O)CN(CC=C)CC=C,27379441,C=CCN(CC=C)CC(=O)c1cccc(Br)c1,0
ClC1=C(C(Cl)=C(Br)C=C1)N(=O)=O,27403118,O=[N+]([O-])c1c(Cl)ccc(Br)c1Cl,0
CC(C)(C)[S@](=O)N[C@H](C1=CC=C(Br)C=C1)C(F)(F)F,27437430,CC(C)(C)[S@](=O)N[C@H](c1ccc(Br)cc1)C(F)(F)F,0
COC(=O)C1=C(F)C(C)=C(Br)C=C1,27483678,COC(=O)c1ccc(Br)c(C)c1F,0
BrC1=CC(C#N)=C(OC2COC2)C=C1,27485996,N#Cc1cc(Br)ccc1OC1COC1,0
CC1=NN(C=C1)C1=C(C=CC(Br)=C1)C(=O)C(F)(F)F,28009644,Cc1ccn(-c2cc(Br)ccc2C(=O)C(F)(F)F)n1,0
CC1=CC=C(F)C(C#N)=C1Br,28073622,Cc1ccc(F)c(C#N)c1Br,0
OC1=CC(Br)=CC(=C1O)C(F)(F)F,28092721,Oc1cc(Br)cc(C(F)(F)F)c1O,0
CCOC(=O)CCC(=O)NC1=CC=CC=C1C(=O)C1=CC=CC(Br)=C1,28111903,CCOC(=O)CCC(=O)Nc1ccccc1C(=O)c1cccc(Br)c1,0
CCOC(=O)CC1=C(C2=CC=CC(Br)=C2)C2=CC=CC=C2N=C1,28111912,CCOC(=O)Cc1cnc2ccccc2c1-c1cccc(Br)c1,0
FC1=C(Br)C=CC(=C1F)N(=O)=O,28443550,O=[N+]([O-])c1ccc(Br)c(F)c1F,0
OC(=O)C1=CC(Br)=C(F)C(F)=C1,28697651,O=C(O)c1cc(F)c(F)c(Br)c1,0
OC(C1=CC=C(F)C=C1)C1=C(F)C=C(Br)C=C1,29676057,OC(c1ccc(F)cc1)c1ccc(Br)cc1F,0
CC1=C(C=C(Br)C(F)=C1)S(N)(=O)=O,30408492,Cc1cc(F)c(Br)cc1S(N)(=O)=O,0
OB(O)C1=CC=CC=C1C1=CC=CC=C1Br,30456230,OB(O)c1ccccc1-c1ccccc1Br,0
CC1=CC(=C(Br)C=C1F)N(=O)=O,30707009,Cc1cc([N+](=O)[O-])c(Br)cc1F,0
BrC1=CC=CC(=C1)[C@H](CC=C)NC(=O)OCC1=CC=CC=C1,30816908,C=CC[C@H](NC(=O)OCc1ccccc1)c1cccc(Br)c1,0
COC1=C(C=CC(Br)=C1)C(=O)NC1=NC=CC=C1,31194231,COc1cc(Br)ccc1C(=O)Nc1ccccn1,0
COC1=CC(Br)=CC(C)=C1I,32141831,COc1cc(Br)cc(C)c1I,0
CC(C)(C)OC(=O)N1CCC(CC1)C(O)C1=C(F)C=CC=C1Br,32447582,CC(C)(C)OC(=O)N1CCC(C(O)c2c(F)cccc2Br)CC1,0
CC1=CC(F)=CC(C)=C1OC1=C(Br)C=C(N)C=C1,32914969,Cc1cc(F)cc(C)c1Oc1ccc(N)cc1Br,0
CCC1=CC=C(OCOC)C(Br)=C1,33660146,CCc1ccc(OCOC)c(Br)c1,0
NCC1=C(Cl)C(Br)=C(I)C=C1,33766382,NCc1ccc(I)c(Br)c1Cl,0
CC(C)(C)OC(=O)N1CCC(CC1)OC1=CC(Br)=C(Cl)C=C1,33794250,CC(C)(C)OC(=O)N1CCC(Oc2ccc(Cl)c(Br)c2)CC1,0
CC(C)(C)NS(=O)(=O)C1=CC(=CC=C1Br)N(=O)=O,34238460,CC(C)(C)NS(=O)(=O)c1cc([N+](=O)[O-])ccc1Br,0
FC1=CC(Cl)=C(CBr)C(Br)=C1,34765070,Fc1cc(Cl)c(CBr)c(Br)c1,0
CC1=C(N)C=C(F)C(Cl)=C1Br,34845248,Cc1c(N)cc(F)c(Cl)c1Br,0
BrC1=CC(=CC=C1)C1=CC(C2=CC=CC=C2)=C(C2=CC=CC=C2)C(C2=CC=CC=C2)=C1C1=CC=CC=C1,34999775,Brc1cccc(-c2cc(-c3ccccc3)c(-c3ccccc3)c(-c3ccccc3)c2-c2ccccc2)c1,0
BrC1=CC=C(C=C1)C1=NOC=C1,126247,Brc1ccc(-c2ccon2)cc1,13484-04-3
NC1=CC(=NN1C1=CC=C(Br)C=C1)C1=CC=CC=C1,662481,Nc1cc(-c2ccccc2)nn1-c1ccc(Br)cc1,72411-50-8
BrC1=CC=C(C=C1)C(=O)CSC1=NC2=CC=CC=C2N1,888585,O=C(CSc1nc2ccccc2[nH]1)c1ccc(Br)cc1,21547-82-0
OC1=CC=C(Br)C=C1C(=O)C1=CN(N=C1)C1=CC=CC=C1,889307,O=C(c1cnn(-c2ccccc2)c1)c1cc(Br)ccc1O,68287-72-9
BrC1=CC=C(CON2C(=O)C3=C(C=CC=C3)C2=O)C=C1,1479191,O=C1c2ccccc2C(=O)N1OCc1ccc(Br)cc1,55418-33-2
BrC1=C(C=CC=C1)[N+]#N,1841819,N#[N+]c1ccccc1Br,17333-81-2
CCC1=CC=C(Br)C2=C1C=CC=C2,1866567,CCc1ccc(Br)c2ccccc12,67668-17-1
BrC1=CC(=C(I)C=C1)C1=CC=CC=C1,1869801,Brc1ccc(I)c(-c2ccccc2)c1,4510-78-5
CC(C)=CC1=CC=CC(Br)=C1,1928156,CC(C)=Cc1cccc(Br)c1,64781-38-0
CCCCNC(=O)C1=CC=C(Br)C=C1,1951270,CCCCNC(=O)c1ccc(Br)cc1,78080-34-9
COC1=CC(CO)=CC(Br)=C1O,1952667,COc1cc(CO)cc(Br)c1O,2316-61-2
OC1=CC=C(Br)C=C1C(=O)C=CC1=CC=CC=C1,1970377,O=C(C=Cc1ccccc1)c1cc(Br)ccc1O,0
BrC1=CC=C(C=C1)C(=O)\C=C\C1=C(C=CC=C1)N(=O)=O,1984196,O=C(/C=C/c1ccccc1[N+](=O)[O-])c1ccc(Br)cc1,0
COC1=C(F)C(F)=C(Br)C(F)=C1F,2052665,COc1c(F)c(F)c(Br)c(F)c1F,1682-04-8
ClC(C1=CC=CC=C1)(C1=CC=CC=C1)C1=CC=C(Br)C=C1,2055291,ClC(c1ccccc1)(c1ccccc1)c1ccc(Br)cc1,127787-74-0
CC1=CC2=C(C=C1)C(Br)=CC=C2,2081606,Cc1ccc2c(Br)cccc2c1,68251-76-3
CCCCCCCC1=CC=C(Br)C=C1,2086433,CCCCCCCc1ccc(Br)cc1,76287-49-5
ClCCCCC(=O)C1=CC=C(Br)C=C1,2095639,O=C(CCCCCl)c1ccc(Br)cc1,54874-12-3
OC(C1=CC=C(Br)C=C1)C(Cl)(Cl)Cl,2100742,OC(c1ccc(Br)cc1)C(Cl)(Cl)Cl,21757-86-8
CCOC(=O)CC(O)C1=CC=C(Br)C=C1,2109919,CCOC(=O)CC(O)c1ccc(Br)cc1,70200-16-7
OC(=O)C(C1=CC=CC=C1)C1=CC=C(Br)C=C1,2110554,O=C(O)C(c1ccccc1)c1ccc(Br)cc1,21771-89-1
NS(=O)(=O)C1=C(C=C(Br)C=C1)N(=O)=O,2124522,NS(=O)(=O)c1ccc(Br)cc1[N+](=O)[O-],89581-41-9
NC1=CC=C(SC2=CC=C(Br)C=C2)C=C1,2212558,Nc1ccc(Sc2ccc(Br)cc2)cc1,37750-33-7
NC(=O)CC1=C(Br)C=CC=C1,2250867,NC(=O)Cc1ccccc1Br,65999-53-3
COC1=CC(=CC=C1)C1=C(Br)C=CC(OC)=C1,2272538,COc1cccc(-c2cc(OC)ccc2Br)c1,14344-82-2
BrC1=CC=C(\C=C\C2=CC=C(C=C2)N(=O)=O)C=C1,2273608,O=[N+]([O-])c1ccc(/C=C/c2ccc(Br)cc2)cc1,24325-71-1
OC(C1CC1)C1=CC=C(Br)C=C1,2359201,OC(c1ccc(Br)cc1)C1CC1,70289-39-3
OC(C1=CC=C(F)C=C1)C1=CC=CC=C1Br,2373449,OC(c1ccc(F)cc1)c1ccccc1Br,59142-67-5
CSCC1=CC=C(Br)C=C1,2434452,CSCc1ccc(Br)cc1,15733-07-0
NOCC1=CC=C(Br)C=C1,2436231,NOCc1ccc(Br)cc1,55418-32-1
BrC1=CC=C(C=C1)C1CCC1,2438664,Brc1ccc(C2CCC2)cc1,39868-71-8
CCC1=C(C=CC(Br)=C1)N(=O)=O,2443716,CCc1cc(Br)ccc1[N+](=O)[O-],148582-37-0
CC1=CC(Br)=CC(C)=C1N(=O)=O,2446632,Cc1cc(Br)cc(C)c1[N+](=O)[O-],76435-22-8
OC1=CC=C(Br)C=C1CC1=CC=CC=C1,2450646,Oc1ccc(Br)cc1Cc1ccccc1,19578-80-4
COC(=N)C1=CC=C(Br)C=C1,2501881,COC(=N)c1ccc(Br)cc1,26040-83-5
ClC1=CC(=CC(Cl)=C1Br)N(=O)=O,2505481,O=[N+]([O-])c1cc(Cl)c(Br)c(Cl)c1,98137-94-1
BrC1=CC=C(CSC#N)C=C1,2519830,N#CSCc1ccc(Br)cc1,2740-89-8
COC1=CC=C(Br)C(C)=C1OC,2520577,COc1ccc(Br)c(C)c1OC,74866-17-4
OC1(CCCC1)C1=CC=C(Br)C=C1,2521388,OC1(c2ccc(Br)cc2)CCCC1,865204-03-1
CS(=O)(=O)OCCC1=CC=CC=C1Br,2526472,CS(=O)(=O)OCCc1ccccc1Br,2183-83-7
BrC1=CC2=C(C=C1)C1=C(C=C2)C2=C(C=CC=C2)C=C1,2527184,Brc1ccc2c(ccc3c4ccccc4ccc23)c1,55120-48-4
COC(=O)C1=C(C)C(O)=CC=C1Br,2577847,COC(=O)c1c(Br)ccc(O)c1C,55289-15-1
COC1=C(Br)C(C=O)=C(OC)C=C1,2578089,COc1ccc(OC)c(C=O)c1Br,85432-87-7
COC(=O)C(C1=CC=CC=C1)C1=CC=C(Br)C=C1,2619162,COC(=O)C(c1ccccc1)c1ccc(Br)cc1,5359-48-8
OC(=O)C1=C(O)C(Br)=CC=C1O,2644479,O=C(O)c1c(O)ccc(Br)c1O,26792-49-4
CC(C)C1=C(Br)C=C(N)C=C1,2690153,CC(C)c1ccc(N)cc1Br,112299-61-3
CC1=C(C)C(=CC(Br)=C1)N(=O)=O,2718898,Cc1cc(Br)cc([N+](=O)[O-])c1C,18873-95-5
COC1=C(N)C=C(Br)C(Cl)=C1,2719649,COc1cc(Cl)c(Br)cc1N,102169-94-8
BrC1=CC=C(C=C1)P(=S)(C1=CC=CC=C1)C1=CC=CC=C1,2737710,S=P(c1ccccc1)(c1ccccc1)c1ccc(Br)cc1,1474-09-5
COC(=O)C1=CC(Cl)=CC(Br)=C1OC,2968484,COC(=O)c1cc(Cl)cc(Br)c1OC,65851-97-0
CC1=C(Br)C(C)=C(O)C=C1,3237508,Cc1ccc(O)c(C)c1Br,74571-81-6
ClC1=C(Br)C2=CC=CC=C2C=C1,3240034,Clc1ccc2ccccc2c1Br,71436-66-3
CC1=CC(N)=C(O)C(Br)=C1,3240449,Cc1cc(N)c(O)c(Br)c1,343269-51-2
CC1=CC(Cl)=CC(Br)=C1O,3240472,Cc1cc(Cl)cc(Br)c1O,54852-68-5
OC1=CC(Br)=C(C=C1)C#N,3240727,N#Cc1ccc(O)cc1Br,82380-17-4
COC1=CC=C(C=C1)C1=CC(Br)=CC=C1,3248344,COc1ccc(-c2cccc(Br)c2)cc1,74447-72-6
CC(=O)NC1=C(Br)C=CC(C)=C1,3251233,CC(=O)Nc1cc(C)ccc1Br,126759-48-6
CC1=CC(=CC=C1Br)S(N)(=O)=O,3254619,Cc1cc(S(N)(=O)=O)ccc1Br,0
COC1=CC(C)=C(C=C1Br)C(O)=O,3258048,COc1cc(C)c(C(=O)O)cc1Br,0
OC(=O)C1CC1C1=CC=C(Br)C=C1,3263724,O=C(O)C1CC1c1ccc(Br)cc1,77255-26-6
BrC1=CC=C(C=C1)S(=O)(=O)CC#N,3286627,N#CCS(=O)(=O)c1ccc(Br)cc1,126891-45-0
CCOC(=O)\C=C(/C1=CC=CC=C1)C1=CC=C(Br)C=C1,3310055,CCOC(=O)/C=C(\c1ccccc1)c1ccc(Br)cc1,183593-80-8
COC1=CC=CC2=C1C(OC)=CC(Br)=C2OC,4254240,COc1c(Br)cc(OC)c2c(OC)cccc12,107941-22-0
CN1C(=CC2=C1C=CC=C2)C1=CC=C(Br)C=C1,4681044,Cn1c(-c2ccc(Br)cc2)cc2ccccc21,61843-42-3
NC1=CC=C(Br)C=C1C(=O)C1=CC=CN=C1,4746015,Nc1ccc(Br)cc1C(=O)c1cccnc1,105192-40-3
COC1=CC=C(Br)C(C)=C1C=O,4800146,COc1ccc(Br)c(C)c1C=O,137644-93-0
CCOC(CSC1=C(Br)C=CC=C1)OCC,5006787,CCOC(CSc1ccccc1Br)OCC,137105-52-3
BrC1=CC=C(C=C1)C1=CC=C(C=C1)C1=CC=C(C=C1)C1=CC=CC=C1,5438153,Brc1ccc(-c2ccc(-c3ccc(-c4ccccc4)cc3)cc2)cc1,142878-37-3
BrC1=C(C=CC2=C1C=CC=C2)C1OCCO1,5541515,Brc1c(C2OCCO2)ccc2ccccc12,96689-70-2
CC1=C(Br)C=C(Cl)C=C1Cl,5807570,Cc1c(Cl)cc(Cl)cc1Br,115615-19-5
CC1=CC(C)=C(I)C(Br)=C1,5923070,Cc1cc(C)c(I)c(Br)c1,933671-83-1
FC1=CC=C(\C=C\C(=O)C2=CC=C(Br)C=C2)C=C1,5940530,O=C(/C=C/c1ccc(F)cc1)c1ccc(Br)cc1,126473-61-8
BrC1=C(C=CC=C1)C1(OCCO1)C1=CC=CC=C1,5951898,Brc1ccccc1C1(c2ccccc2)OCCO1,78105-68-7
OC1=CC(CBr)=C(Br)C=C1,6288924,Oc1ccc(Br)c(CBr)c1,54900-61-7
OC(=O)CS(=O)(=O)CC1=CC=C(Br)C=C1,6314640,O=C(O)CS(=O)(=O)Cc1ccc(Br)cc1,81431-45-0
CC(=O)C1=C(Br)C2=C(C=CC=C2)C=C1,6387904,CC(=O)c1ccc2ccccc2c1Br,108059-68-3
BrC1=CC=C(C=C1)C(=O)SC1=CC=CC=C1,6505454,O=C(Sc1ccccc1)c1ccc(Br)cc1,97839-40-2
Br\C=C/C1=CC=CC=C1Br,6591900,Br/C=C\c1ccccc1Br,153140-75-1
COC1=C(OC)C(C(Cl)=O)=C(Br)C=C1,6845802,COc1ccc(Br)c(C(=O)Cl)c1OC,64482-27-5
ClC1=C(C=CC(Br)=C1)N=C=S,6919745,S=C=Nc1ccc(Br)cc1Cl,98041-69-1
SC1=C(Cl)C=CC(Br)=C1,7115647,Sc1cc(Br)ccc1Cl,740806-63-7
COS(=O)C1=CC=C(Br)C=C1,7289476,COS(=O)c1ccc(Br)cc1,0
BrC1=CC=C(CN2C(=O)CSC2=O)C=C1,7374193,O=C1CSC(=O)N1Cc1ccc(Br)cc1,163777-88-6
COC(=O)C(C)(C)C1=CC=CC=C1Br,7529847,COC(=O)C(C)(C)c1ccccc1Br,177748-63-9
COC(=O)C1=C(C)C=C(Br)C(=C1)S(C)(=O)=O,7708792,COC(=O)c1cc(S(C)(=O)=O)c(Br)cc1C,176308-97-7
CON(C)C(=O)\C=C\C1=CC=C(Br)C=C1,7807393,CON(C)C(=O)/C=C/c1ccc(Br)cc1,201996-64-7
OC1=CC=C(C=C1)C(=O)\C=C\C1=CC=C(Br)C=C1,7921804,O=C(/C=C/c1ccc(Br)cc1)c1ccc(O)cc1,204974-34-5
BrC1=CC(CC(=O)OCC2=CC=CC=C2)=CC=C1,8058545,O=C(Cc1cccc(Br)c1)OCc1ccccc1,220099-03-6
OC1=CC=C(Br)C=C1C1=CC=NO1,8139990,Oc1ccc(Br)cc1-c1ccno1,213690-27-8
COC1=C(Br)C=CC=C1CO,8199051,COc1c(Br)cccc1CO,205873-57-0
COC(=O)C(\C=C\C1=CC=C(Br)C=C1)=[N]#N,8548425,COC(=O)C(/C=C/c1ccc(Br)cc1)=[N+]=[N-],272456-69-6
CC(C)(C)OC(=O)N1CCC(CC1)C(=O)N(CC1=CC=CC=C1)C1=CC=CC=C1Br,8579819,CC(C)(C)OC(=O)N1CCC(C(=O)N(Cc2ccccc2)c2ccccc2Br)CC1,293744-31-7
COCCOCOC1=C(Br)C=C(C=C1)C#N,8621152,COCCOCOc1ccc(C#N)cc1Br,219671-91-7
BrC1=CC=C(C=C1)C1=NC=CO1,8678626,Brc1ccc(-c2ncco2)cc1,176961-50-5
C[C@]1(CC2=CC=C(Br)C=C2)NC(=O)N(C1=O)C1=CC(Cl)=CC(Cl)=C1,8717170,C[C@]1(Cc2ccc(Br)cc2)NC(=O)N(c2cc(Cl)cc(Cl)c2)C1=O,213208-73-2
CC1=C(N)C(N)=C(Br)C=C1,8831254,Cc1ccc(Br)c(N)c1N,0
OCC1=C(F)C=C(F)C(Br)=C1,8831863,OCc1cc(Br)c(F)cc1F,850213-59-1
OCC1=CN=CN1CC1=CC=C(Br)C=C1,9124903,OCc1cncn1Cc1ccc(Br)cc1,220364-22-7
CC(C)(C)OC(=O)C1=C(I)C=CC(Br)=C1,9125311,CC(C)(C)OC(=O)c1cc(Br)ccc1I,0
CC(C)(C)OC(=O)NC1=C(Br)C=C(F)C=C1,9195132,CC(C)(C)OC(=O)Nc1ccc(F)cc1Br,384793-18-4
OC(=O)CCC1=CC=C(F)C=C1Br,9259722,O=C(O)CCc1ccc(F)cc1Br,174603-55-5
CC1=C(C)C(NS(=O)(=O)C2=C(Br)C=CC=C2)=NO1,9266311,Cc1onc(NS(=O)(=O)c2ccccc2Br)c1C,195447-72-4
BrC1=CC=CC(NC2=C(C=NC3=C2C=C(NC(=O)C=C)C=C3)C#N)=C1,9286738,C=CC(=O)Nc1ccc2ncc(C#N)c(Nc3cccc(Br)c3)c2c1,214484-15-8
CC(C)OC1=C(C=C)C=C(Br)C=C1,9322235,C=Cc1cc(Br)ccc1OC(C)C,16602-27-0
CC1(C)OB(OC1(C)C)C1=CC(Br)=CC(Cl)=C1,9486578,CC1(C)OB(c2cc(Cl)cc(Br)c2)OC1(C)C,0
BrC1=CC(COC2CCCCO2)=CC=C1COC1CCCCO1,9507748,Brc1cc(COC2CCCCO2)ccc1COC1CCCCO1,403699-41-2
FC1=CC(Br)=CC=C1C=C,9695180,C=Cc1ccc(Br)cc1F,627463-17-6
BrC1=CC=C(CCN2CCCCC2)C=C1,10001512,Brc1ccc(CCN2CCCCC2)cc1,0
CC(=O)NC1=C(F)C=C(Br)C=C1F,10068313,CC(=O)Nc1c(F)cc(Br)cc1F,0
COC(=O)CC1=CC(Br)=CC=C1S(Cl)(=O)=O,10159862,COC(=O)Cc1cc(Br)ccc1S(=O)(=O)Cl,0
COC1=C(Br)C=C(C(I)=C1)N(=O)=O,10249298,COc1cc(I)c([N+](=O)[O-])cc1Br,0
CC(CC1=C(Br)C=CC=C1)=NO,10424788,CC(Cc1ccccc1Br)=NO,0
CN(C)C(=S)OC1=CC(F)=CC=C1Br,10429588,CN(C)C(=S)Oc1cc(F)ccc1Br,147460-40-0
OCC1=CC(=CC=C1Br)C(O)=O,10535731,O=C(O)c1ccc(Br)c(CO)c1,790230-04-5
BrC1=CC=CC(OCCN2CCCC2)=C1,10541761,Brc1cccc(OCCN2CCCC2)c1,23136-18-7
COC1=CC(=CC=C1Br)C(=O)N1CCCC1,10545466,COc1cc(C(=O)N2CCCC2)ccc1Br,876752-72-6
OC1=NC=NC(O)=C1C1=CC=C(Br)C=C1,11006937,Oc1ncnc(O)c1-c1ccc(Br)cc1,706811-25-8
CNCC(C1=CC=C(Cl)C=C1)C1=CC=C(Br)C=C1,11038947,CNCC(c1ccc(Cl)cc1)c1ccc(Br)cc1,857531-36-3
CC1=CC(=CC(C)=C1Br)N1C2=C(C=CC=C2)C2=C1C=CC=C2,11039595,Cc1cc(-n2c3ccccc3c3ccccc32)cc(C)c1Br,883550-98-9
CCOC(=O)C(=C)C(O)C1=CC=CC(Br)=C1,11058683,C=C(C(=O)OCC)C(O)c1cccc(Br)c1,0
CC1=CC=C(CN)C(Br)=C1,11239908,Cc1ccc(CN)c(Br)c1,0
ClC1=CC(OCC2=CC=CC=C2)=CC=C1Br,11297703,Clc1cc(OCc2ccccc2)ccc1Br,729590-57-2
BrC1=CC=C(C=C1)C1CCCCO1,12037617,Brc1ccc(C2CCCCO2)cc1,0
FC(F)C(F)(F)OC1=CC=C(Br)C=C1,13502020,FC(F)C(F)(F)Oc1ccc(Br)cc1,0
CC(C)(N)C1=CC(Br)=CC=C1,13674608,CC(C)(N)c1cccc(Br)c1,74702-93-5
CCOC(=O)NC1=C(C=C(Br)C=C1)C#N,13743390,CCOC(=O)Nc1ccc(Br)cc1C#N,220269-80-7
CC1=C(Br)C=C(C=C1F)N(=O)=O,13832379,Cc1c(F)cc([N+](=O)[O-])cc1Br,0
COC(=O)C1=C(Br)C(=CC(F)=C1)N(=O)=O,14125026,COC(=O)c1cc(F)cc([N+](=O)[O-])c1Br,328547-12-2
CN1N=NN=C1C1=CC(Br)=CC(=C1)N(=O)=O,14223843,Cn1nnnc1-c1cc(Br)cc([N+](=O)[O-])c1,675122-46-0
COC1=C(Br)C=C(OC(C)=O)C=C1,14227009,COc1ccc(OC(C)=O)cc1Br,124764-37-0
CC(=O)C1=CC=C2N(C=NC2=C1)C1=CC(Br)=CC=C1,14299177,CC(=O)c1ccc2c(c1)ncn2-c1cccc(Br)c1,184098-08-6
COC(=O)C1=C(C)C(Br)=CC=C1O,14341031,COC(=O)c1c(O)ccc(Br)c1C,603041-59-4
COC1=C(Br)C=CC(OC(F)(F)F)=C1,14363097,COc1cc(OC(F)(F)F)ccc1Br,848360-85-0
OC(=O)C1=CC(Br)=CC=C1N1CCOCC1,14372564,O=C(O)c1cc(Br)ccc1N1CCOCC1,847972-15-0
CC1=CC(OC2CCCCO2)=CC(C)=C1Br,14429520,Cc1cc(OC2CCCCO2)cc(C)c1Br,858096-41-0
COC1=CC(Br)=CC(N)=C1N,14440200,COc1cc(Br)cc(N)c1N,860466-29-1
BrC1=CC(C=O)=C(C=C1)N1CCCC1,14460850,O=Cc1cc(Br)ccc1N1CCCC1,742099-40-7
CN(C)C(=O)C1=C(N)C=CC(Br)=C1,14504348,CN(C)C(=O)c1cc(Br)ccc1N,139253-79-5
BrC1=CC(OC2=CC=CC=C2)=C(C=C1)C#N,14557500,N#Cc1ccc(Br)cc1Oc1ccccc1,875664-25-8
OC1=CC(Br)=CC=C1OC(F)(F)F,14748970,Oc1cc(Br)ccc1OC(F)(F)F,1048963-39-8
ClC1=C(Br)C(CBr)=CC=C1,14828136,Clc1cccc(CBr)c1Br,220453-60-1
CCC1=C(N)C=C(Br)C=C1,15317665,CCc1ccc(Br)cc1N,14922-91-9
COC(=O)C(NC(=O)OC(C)(C)C)C1=CC=C(Br)C=C1,15462099,COC(=O)C(NC(=O)OC(C)(C)C)c1ccc(Br)cc1,709665-73-6
NC1=CC(F)=C(Br)C=C1O,15519492,Nc1cc(F)c(Br)cc1O,1037364-36-5
CC(CO)(CO)C1=C(Br)C=C(C=C1)N(=O)=O,15600482,CC(CO)(CO)c1ccc([N+](=O)[O-])cc1Br,945244-27-9
OC(=O)CC1(CC1)C1=CC=C(Br)C=C1,15694908,O=C(O)CC1(c2ccc(Br)cc2)CC1,847359-06-2
OC(=O)C1=NN(CCC2=CC=CC=C2)C=C1NC(=O)CSC1=CC=C(Br)C=C1,18318481,O=C(CSc1ccc(Br)cc1)Nc1cn(CCc2ccccc2)nc1C(=O)O,1021497-97-1
CC1=C(NC(=O)C2=CC=C(C=C2)C(C)(C)C)C=CC=C1Br,18375651,Cc1c(Br)cccc1NC(=O)c1ccc(C(C)(C)C)cc1,1013116-83-0
COC1=CC=CC=C1NC(=O)C1=CC=C(Cl)C(Br)=C1,18643523,COc1ccccc1NC(=O)c1ccc(Cl)c(Br)c1,1070892-06-6
CC1=C(Br)C=CC(N)=C1N,18702169,Cc1c(Br)ccc(N)c1N,952511-74-9
CC(C)(C)OC(=O)N1CCC(=CC1)C1=CC=C(Br)C=C1F,18778464,CC(C)(C)OC(=O)N1CC=C(c2ccc(Br)cc2F)CC1,942190-64-9
C[Si](C)(C)C1=CC=CC(Br)=C1OS(=O)(=O)C(F)(F)F,18857126,C[Si](C)(C)c1cccc(Br)c1OS(=O)(=O)C(F)(F)F,1092542-31-8
CC1=C(F)C(=CC(Br)=C1)C#N,18922906,Cc1cc(Br)cc(C#N)c1F,1110502-49-2
COC(=O)C1=CC(Br)=C(C(F)=C1)N(=O)=O,18940078,COC(=O)c1cc(F)c([N+](=O)[O-])c(Br)c1,1123171-93-6
CC1=CC(Cl)=C(Br)C=C1N(=O)=O,18992315,Cc1cc(Cl)c(Br)cc1[N+](=O)[O-],1126367-34-7
COC(=O)C1=C(C)C(OC)=C(Br)C=C1,19048292,COC(=O)c1ccc(Br)c(OC)c1C,1149388-20-4
COC1=CC=CC=C1C#CC1=C(Br)C=CC=C1,19175067,COc1ccccc1C#Cc1ccccc1Br,1137270-38-2
COC(C)(C)OCC1=CC=C(COC(C)(C)OC)C(Br)=C1,19194875,COC(C)(C)OCc1ccc(COC(C)(C)OC)c(Br)c1,1019209-73-4
FC1=CC(Cl)=CC(Br)=C1C=O,19230638,O=Cc1c(F)cc(Cl)cc1Br,1135531-73-5
FC1=C(F)C(Br)=CC(=C1)N(=O)=O,19347297,O=[N+]([O-])c1cc(F)c(F)c(Br)c1,374633-24-6
COC(=O)C1=C(C)C(N)=CC=C1Br,19433751,COC(=O)c1c(Br)ccc(N)c1C,750586-06-2
CCOC(OCC)C(=N)NCC1=CC(Br)=CC=C1,19554006,CCOC(OCC)C(=N)NCc1cccc(Br)c1,1192815-00-1
OC1=C(Br)C(=CC=C1)C1OCCO1,19659414,Oc1cccc(C2OCCO2)c1Br,1160182-45-5
CC1=CC=C(C=C1)N(C1=CC=CC=C1)C1=CC=C(Br)C=C1,20397771,Cc1ccc(N(c2ccccc2)c2ccc(Br)cc2)cc1,183798-74-5
CC1=NN(C(=O)C1)C1=CC(Br)=CC=C1,20753326,CC1=NN(c2cccc(Br)c2)C(=O)C1,856058-00-9
CC(C)(C)OC(=O)N1CCC[C@H]1C1=NC=C(S1)C1=CC=C(Br)C=C1,20896809,CC(C)(C)OC(=O)N1CCC[C@H]1c1ncc(-c2ccc(Br)cc2)s1,1256384-71-0
COC(=O)C1=C(N)C(=C(Br)C=C1F)N(=O)=O,20908616,COC(=O)c1c(F)cc(Br)c([N+](=O)[O-])c1N,1160683-38-4
CCOC1=C(C=CC(Br)=C1)C#N,20915650,CCOc1cc(Br)ccc1C#N,1255870-63-3
FC1=C(C=C(Br)C=C1)C(=O)COCC=C,20982444,C=CCOCC(=O)c1cc(Br)ccc1F,1262037-19-3
BrC1=C2C=CC=CC2=C(C2=CC=CC(=C2)C2=CC=CC=C2)C2=CC=CC=C12,21233713,Brc1c2ccccc2c(-c2cccc(-c3ccccc3)c2)c2ccccc12,844679-02-3
ClC1=CC=C(Br)C(=C1)C#CC1=CC=CC=C1,21295574,Clc1ccc(Br)c(C#Cc2ccccc2)c1,1268238-84-1
CC1=NN(C2=C1C(C1=CC=CC(Br)=C1)C(C#N)=C(N)O2)C1=CC=CC=C1,22336447,Cc1nn(-c2ccccc2)c2c1C(c1cccc(Br)c1)C(C#N)=C(N)O2,346643-95-6
CC(O)C1=C(F)C=CC(Br)=C1F,22739882,CC(O)c1c(F)ccc(Br)c1F,1387634-86-7
FC1=C(Br)C=CC(=C1)C(=O)CCl,22842064,O=C(CCl)c1ccc(Br)c(F)c1,1260857-14-4
NC1=C(Br)C=C(OC(F)(F)F)C=C1N(=O)=O,22879369,Nc1c(Br)cc(OC(F)(F)F)cc1[N+](=O)[O-],886499-21-4
CC(C)(C)OC(=O)N[C@@H](CC1=CC=C(Br)C=C1)C#N,22885864,CC(C)(C)OC(=O)N[C@H](C#N)Cc1ccc(Br)cc1,869570-00-3
CC(=O)OC1=CC=CC=C1OCC(=O)C1=CC=C(Br)C=C1,22895152,CC(=O)Oc1ccccc1OCC(=O)c1ccc(Br)cc1,1400797-03-6
CC(=O)OC1=CC=CC=C1OC[C@H](O)C1=CC=C(Br)C=C1,22895155,CC(=O)Oc1ccccc1OC[C@H](O)c1ccc(Br)cc1,1400797-04-7
CC1=C(Br)C(CO)=C(F)C=C1,22933715,Cc1ccc(F)c(CO)c1Br,1375069-06-9
NCCC1=CC(Cl)=CC=C1Br,22933729,NCCc1cc(Cl)ccc1Br,1379974-95-4
NC1=C(Br)C=C(C=C1Cl)C(F)(F)F,23079751,Nc1c(Cl)cc(C(F)(F)F)cc1Br,109919-26-8
COC(=O)CCNC1=C(N)C=CC(Br)=C1,23203323,COC(=O)CCNc1cc(Br)ccc1N,1407832-73-8
CCOC(C)OC1=CC(C)=C(Br)C(C)=C1,23319402,CCOC(C)Oc1cc(C)c(Br)c(C)c1,848442-41-1
CC1=CC(Br)=CC(C(O)=O)=C1F,23483081,Cc1cc(Br)cc(C(=O)O)c1F,1427382-02-2
CN(CCO)C1=CC=C(Br)C=C1,23557355,CN(CCO)c1ccc(Br)cc1,252949-11-4
OC(=O)CC1=C(Br)C=C(F)C(=C1)N(=O)=O,23609299,O=C(O)Cc1cc([N+](=O)[O-])c(F)cc1Br,1012879-09-2
BrC1=C(OC2=CC=CC=C2)C=CC(=C1)N(=O)=O,23767673,O=[N+]([O-])c1ccc(Oc2ccccc2)c(Br)c1,1071172-96-7
COC1=C(Br)C=CC(=C1)C1(O)CCC1,23961219,COc1cc(C2(O)CCC2)ccc1Br,1467061-03-5
BrC1=CC=CC(=C1)C1CCCCN1,24695668,Brc1cccc(C2CCCCN2)c1,0
C[C@@]1(O)C[C@](C1)(C(O)=O)C1=CC=C(Br)C=C1,26530729,C[C@]1(O)C[C@@](C(=O)O)(c2ccc(Br)cc2)C1,1402603-96-6
NC1=CC(Br)=C(F)C(F)=C1,26678271,Nc1cc(F)c(F)c(Br)c1,875664-41-8
BrCC1=C(Br)C=CC(OC2=C3C=COC3=CC=N2)=C1,27008904,BrCc1cc(Oc2nccc3occc23)ccc1Br,1609581-25-0
OCC1=C(Br)C=CC(OC2=C3C=COC3=CC=N2)=C1,27008905,OCc1cc(Oc2nccc3occc23)ccc1Br,1609581-26-1
COC1=CC=C(CNC2=C(N)C=CC(Br)=C2)C=C1,27013327,COc1ccc(CNc2cc(Br)ccc2N)cc1,1481208-46-1
ClC1=C(C=CC(Br)=C1)C1(CO1)C1CC1,27036367,Clc1cc(Br)ccc1C1(C2CC2)CO1,1615663-81-4
CC1=CC(I)=C(N)C=C1Br,27602425,Cc1cc(I)c(N)cc1Br,0
CCOC(=O)CC1=C(C2=CC=CC(Br)=C2)C2=CC=CC=C2N=C1Cl,28111911,CCOC(=O)Cc1c(Cl)nc2ccccc2c1-c1cccc(Br)c1,0
FC1=CC(Br)=CC(=C1C=O)N(=O)=O,28150290,O=Cc1c(F)cc(Br)cc1[N+](=O)[O-],0
OCCC1=C(Br)C=C(F)C=C1,28515388,OCCc1ccc(F)cc1Br,0
FC(F)(F)C(\Cl)=N\NC1=CC=C(Br)C=C1,28574451,FC(F)(F)/C(Cl)=N/Nc1ccc(Br)cc1,0
COC(=O)C1=C(F)C=C(I)C(Br)=C1,28634148,COC(=O)c1cc(Br)c(I)cc1F,0
CC(C)C1=CC=C(COC2=CC=C(Br)C(F)=C2)C=C1,28893118,CC(C)c1ccc(COc2ccc(Br)c(F)c2)cc1,0
CC(C)(C)OC(=O)N[C@@H](CO)C1=CC=CC(Br)=C1,29108456,CC(C)(C)OC(=O)N[C@@H](CO)c1cccc(Br)c1,0
CCSC1=C(C=CC(Br)=C1)C(=O)OC,29270512,CCSc1cc(Br)ccc1C(=O)OC,0
OC(C1=CC(F)=CC=C1)C1=CC(F)=C(Br)C=C1,29676068,OC(c1cccc(F)c1)c1ccc(Br)c(F)c1,0
BrC1=C2C=CC=CC2=C(C2=CC=C(C=C2)C2=CC=CC=C2)C2=CC(=CC=C12)C1=CC=CC=C1,30091292,Brc1c2ccccc2c(-c2ccc(-c3ccccc3)cc2)c2cc(-c3ccccc3)ccc12,0
FC(F)C1=C(Br)C=CC(=C1)N(=O)=O,30192359,O=[N+]([O-])c1ccc(Br)c(C(F)F)c1,0
CNC1=C(C(Br)=CC(F)=C1)N(=O)=O,30927048,CNc1cc(F)cc(Br)c1[N+](=O)[O-],0
CC(C)(C)C(=O)ONC(=O)C1=C(OCC2=CC=CC=C2)C=C(Br)C(F)=C1,32754823,CC(C)(C)C(=O)ONC(=O)c1cc(F)c(Br)cc1OCc1ccccc1,0
OCCNS(=O)(=O)C1=C(F)C=C(Br)C=C1,34195985,O=S(=O)(NCCO)c1ccc(Br)cc1F,0
COC1=CC=C(C=C1Br)C(C)(C)O,34238076,COc1ccc(C(C)(C)O)cc1Br,0
OB(O)C1=CC(Br)=CC(=C1)C1=CC=CC=C1,36187839,OB(O)c1cc(Br)cc(-c2ccccc2)c1,0
COC(=O)C1=CC(F)=C(Br)C(F)=C1,36258351,COC(=O)c1cc(F)c(Br)c(F)c1,0
CCOC(=O)CC1=C(O)C=C(Br)C=C1,37747394,CCOC(=O)Cc1ccc(Br)cc1O,0
BrC1=CC=C(C=C1)C1=C(C2=CC=CC=C2N1)C1=CC=CC=C1,231659,Brc1ccc(-c2[nH]c3ccccc3c2-c2ccccc2)cc1,0
COC1=CC(Br)=C(CC2NCCC3=CC(OC)=C(OC)C=C23)C=C1OC,355316,COc1cc(Br)c(CC2NCCc3cc(OC)c(OC)cc32)cc1OC,59444-59-6
CCOC(=O)C=C(N)C1=CC=C(Br)C=C1,394163,CCOC(=O)C=C(N)c1ccc(Br)cc1,0
BrC1=CC=CC=C1CN1C=CN=C1,512812,Brc1ccccc1Cn1ccnc1,72459-45-1
BrC1=CC=C(C=C1)C1=NC2=NC=CC=C2C=C1,647228,Brc1ccc(-c2ccc3cccnc3n2)cc1,65182-59-4
BrC1=CC=C(C=C1)C1=NOC(=O)C1,977364,O=C1CC(c2ccc(Br)cc2)=NO1,31709-50-9
OC1=CC=C(Br)C=C1C1=NC2=CC=CC=C2O1,990614,Oc1ccc(Br)cc1-c1nc2ccccc2o1,96464-19-6
BrC1=CC=C(\C=C2/OC(=O)C3=CC=CC=C23)C=C1,1286347,O=C1O/C(=C\c2ccc(Br)cc2)c2ccccc21,191999-28-7
BrC1=CC(=CC=C1)N1C(=O)C2=C(C=CC=C2)C1=O,1534359,O=C1c2ccccc2C(=O)N1c1cccc(Br)c1,19357-22-3
BrC1=CC=C(C=C1)\N=C1/C(=O)NC2=C1C=CC=C2,1621842,O=C1Nc2ccccc2/C1=N/c1ccc(Br)cc1,33829-00-4
CN(C)N=NC1=CC=C(Br)C=C1,1841492,CN(C)N=Nc1ccc(Br)cc1,7239-21-6
OC1=CC(Cl)=C(Cl)C=C1Br,1865010,Oc1cc(Cl)c(Cl)cc1Br,2316-56-5
CCOC1=CC=C(C=C1Br)C(C)=O,2088134,CCOc1ccc(C(C)=O)cc1Br,35310-76-0
CC(=O)CC(=O)C1=C(Br)C=CC=C1,2093135,CC(=O)CC(=O)c1ccccc1Br,57279-20-6
OS(=O)(=O)C1=C(Br)C=CC=C1,2093983,O=S(=O)(O)c1ccccc1Br,576-92-1
COC(=O)C1=CC(Br)=C(F)C=C1O,2097850,COC(=O)c1cc(Br)c(F)cc1O,4133-72-6
BrC1=C(C=CC=C1)C(=O)C(=O)C1=CC=CC=C1,2104714,O=C(C(=O)c1ccccc1Br)c1ccccc1,36081-67-1
CC1=C(F)C=CC(Br)=C1C,2246484,Cc1c(F)ccc(Br)c1C,52548-00-2
CC1=C(O)C=C(Br)C(O)=C1,2246704,Cc1cc(O)c(Br)cc1O,67289-05-8
COC1=CC(C(C)O)=C(Br)C=C1,2251975,COc1ccc(Br)c(C(C)O)c1,71095-23-3
BrC1=CC=C(\C=C/C#N)C=C1,2325406,N#C/C=C\c1ccc(Br)cc1,58177-59-6
CC1=CC=C(C=C1)C(O)C1=CC=CC=C1Br,2370928,Cc1ccc(C(O)c2ccccc2Br)cc1,59142-66-4
BrC1=C(C=CC=C1)C(=O)C#C,2435179,C#CC(=O)c1ccccc1Br,3463-32-9
CC1=C(C=CC=C1)C(=O)C1=CC=C(Br)C=C1,2446739,Cc1ccccc1C(=O)c1ccc(Br)cc1,27428-59-7
BrC1=CC=C(C=C1)C(C#N)C1=CC=CC=C1,2454643,N#CC(c1ccccc1)c1ccc(Br)cc1,33268-46-1
COC1=C(C=C(Br)C(C)=C1)N(=O)=O,2524650,COc1cc(C)c(Br)cc1[N+](=O)[O-],89978-56-3
CCOC(=O)COC1=C(Br)C=C(F)C=C1,2531536,CCOC(=O)COc1ccc(F)cc1Br,1842-10-0
ONC(=O)C1=C(Br)C=CC=C1,2574793,O=C(NO)c1ccccc1Br,2593-27-3
CCOC(=O)C1=C(C)C(Br)=CC=C1,2575216,CCOC(=O)c1cccc(Br)c1C,103038-43-3
COC(=O)C1=CC=C(Br)C(C)=C1C,2575529,COC(=O)c1ccc(Br)c(C)c1C,6021-32-5
Cl\C(=C/C=O)C1=CC=C(Br)C=C1,2613416,O=C/C=C(\Cl)c1ccc(Br)cc1,14063-78-6
ClS(=O)C1=CC=C(Br)C=C1,2690009,O=S(Cl)c1ccc(Br)cc1,75168-73-9
COC(=O)NC1=CC(Br)=CC=C1,2718751,COC(=O)Nc1cccc(Br)c1,25216-72-2
BrC1=CC(NC2=CC=CC=C2N(=O)=O)=CC=C1,2737537,O=[N+]([O-])c1ccccc1Nc1cccc(Br)c1,28536-27-8
BrC1=CC=C(NC2=CC(=O)C3=C(C=CC=C3)C2=O)C=C1,2739778,O=C1C=C(Nc2ccc(Br)cc2)C(=O)c2ccccc21,64505-67-5
NC1=CC=CC=C1OC1=CC=CC=C1Br,2806698,Nc1ccccc1Oc1ccccc1Br,70787-31-4
OCCN(CCO)C1=CC=C(Br)C=C1,2838564,OCCN(CCO)c1ccc(Br)cc1,13165-33-8
CO[Si](OC)(OC)C1=CC=C(Br)C=C1,2840155,CO[Si](OC)(OC)c1ccc(Br)cc1,17043-05-9
CC1=C(N=NN1C1=CC=C(Br)C=C1)C(O)=O,2981495,Cc1c(C(=O)O)nnn1-c1ccc(Br)cc1,20725-34-2
CC(=C)C1=C(N)C=CC(Br)=C1,3046783,C=C(C)c1cc(Br)ccc1N,194782-61-1
CP(C)(=O)C1=CC=CC=C1Br,3047139,CP(C)(=O)c1ccccc1Br,60398-85-8
BrC1=CC(=CC=C1)C(=O)CN(=O)=O,3118910,O=C(C[N+](=O)[O-])c1cccc(Br)c1,14367-96-5
CC1=CC2=C(Br)C=CC=C2C=C1,3236727,Cc1ccc2cccc(Br)c2c1,7511-27-5
CCOCC1=CC=C(Br)C=C1,3237598,CCOCc1ccc(Br)cc1,95068-22-7
CCCNC1=CC=C(Br)C=C1,3238248,CCCNc1ccc(Br)cc1,81090-35-9
BrCC1=CC=C2C=C(Br)C=CC2=C1,3240224,BrCc1ccc2cc(Br)ccc2c1,305798-02-1
CCOC1=C(C)C=C(Br)C=C1,3240550,CCOc1ccc(Br)cc1C,79636-93-4
COC1=CC(N)=C(C)C=C1Br,3245838,COc1cc(N)c(C)cc1Br,152626-77-2
OC(=O)C#CC1=C(Br)C=CC=C1,3245921,O=C(O)C#Cc1ccccc1Br,0
BrC1=CC=C(C=C1)C1=CC(=O)C=CC1=O,3255842,O=C1C=CC(=O)C(c2ccc(Br)cc2)=C1,30100-33-5
COC(=O)C1=C(N)C(Br)=CC(Cl)=C1,3257504,COC(=O)c1cc(Cl)cc(Br)c1N,101080-36-8
ClC1=CC=C(CC(=O)C2=CC=C(Br)C=C2)C=C1,3295792,O=C(Cc1ccc(Cl)cc1)c1ccc(Br)cc1,107028-33-1
OS(=O)(=O)C1=C(C=C(Br)C=C1)N(=O)=O,3321004,O=[N+]([O-])c1cc(Br)ccc1S(=O)(=O)O,0
COC1=CC=C(C=C1Br)C(=O)C(F)(F)F,3651254,COc1ccc(C(=O)C(F)(F)F)cc1Br,122243-36-1
FC(F)(F)C1=CC=C(C#N)C(Br)=C1,4181778,N#Cc1ccc(C(F)(F)F)cc1Br,35764-15-9
CN(C)CC1=CC=CC(CN(C)C)=C1Br,4249699,CN(C)Cc1cccc(CN(C)C)c1Br,66479-06-9
CCOC(=O)\C=C/C1=CC=C(Br)C=C1,4292462,CCOC(=O)/C=C\c1ccc(Br)cc1,136265-11-7
C[Si](C)(C)OC(=C)C1=CC=CC=C1Br,4391579,C=C(O[Si](C)(C)C)c1ccccc1Br,113641-96-6
NC1=NN=C(S1)C1=CC=CC=C1Br,4677768,Nc1nnc(-c2ccccc2Br)s1,108656-64-0
COC(C)(C)C1=CC=C(Br)C=C1,4741057,COC(C)(C)c1ccc(Br)cc1,119027-36-0
BrC1=CC(SC2=CC=CC=C2)=CC=C1,4982323,Brc1cccc(Sc2ccccc2)c1,52089-10-8
BrC1=C(C=O)C=CC=C1N(=O)=O,4984896,O=Cc1cccc([N+](=O)[O-])c1Br,90407-21-9
CC(C)=CCOC1=CC=C(Br)C=C1C=O,5001944,CC(C)=CCOc1ccc(Br)cc1C=O,98720-16-2
COC1=CN2C=C(N=C2C=C1)C1=CC=C(Br)C=C1,5030491,COc1ccc2nc(-c3ccc(Br)cc3)cn2c1,118000-69-4
BrC1=CC=C(\C=C2\C(=O)NC3=C2C=CC=C3)C=C1,5267718,O=C1Nc2ccccc2/C1=C\c1ccc(Br)cc1,0
OC1=CC(Br)=CC=C1C1=NC2=C(S1)C=CC=C2,5274905,Oc1cc(Br)ccc1-c1nc2ccccc2s1,90481-37-1
NC1=CC=CC=C1C(=O)\C=C\C1=CC=C(Br)C=C1,5431307,Nc1ccccc1C(=O)/C=C/c1ccc(Br)cc1,144221-09-0
BrC1=CC=CC=C1C(=O)NCC=C,5507498,C=CCNC(=O)c1ccccc1Br,88229-24-7
COC1=C(Br)C=C(N)C(=C1)N(=O)=O,5523794,COc1cc([N+](=O)[O-])c(N)cc1Br,6943-69-7
BrC1=C(CCOC2CCCCO2)C=CC=C1,5812112,Brc1ccccc1CCOC1CCCCO1,143888-88-4
COC1=CC=C(C=C)C(Br)=C1,6592247,C=Cc1ccc(OC)cc1Br,153967-97-6
COC1=C(O[Si](C)(C)C(C)(C)C)C=CC(Br)=C1,6597457,COc1cc(Br)ccc1O[Si](C)(C)C(C)(C)C,149777-72-0
COC(=O)C1=CC(=CC=C1Br)N(C)C,6801144,COC(=O)c1cc(N(C)C)ccc1Br,164513-41-1
COC(C)(OC)C1=CC=CC=C1Br,6967742,COC(C)(OC)c1ccccc1Br,120254-80-0
OCC(O)C1=CC=CC(Br)=C1,7127498,OCC(O)c1cccc(Br)c1,0
COC(=O)[C@H](N)CC1=C(Br)C=CC=C1,7129776,COC(=O)[C@H](N)Cc1ccccc1Br,0
OCC1CN(C(=O)C1)C1=CC=C(Br)C=C1,7133176,O=C1CC(CO)CN1c1ccc(Br)cc1,133749-56-1
COC1=CC(=C(Br)C=C1)C(C)(C)O,7290351,COc1ccc(Br)c(C(C)(C)O)c1,853271-15-5
CO\N=C(/C)C1=CC=C(Br)C=C1,7350924,CO/N=C(\C)c1ccc(Br)cc1,0
COC1=CC(CCO)=C(OC)C=C1Br,7636638,COc1cc(CCO)c(OC)cc1Br,184473-60-7
OC(=O)C1=CC(Br)=C(Cl)C=C1O,7702791,O=C(O)c1cc(Br)c(Cl)cc1O,142167-38-2
BrC1=CC=CC(=C1)C(=O)C=C=C,7804281,C=C=CC(=O)c1cccc(Br)c1,196953-06-7
CCCCOC1=CC(Br)=CC=C1,7804424,CCCCOc1cccc(Br)c1,0
COCOCC1=CC=CC(Br)=C1,7916412,COCOCc1cccc(Br)c1,202330-74-3
COC1=CC2=C(C=CC=C2)C(Br)=C1OC,8202411,COc1cc2ccccc2c(Br)c1OC,222555-02-4
BrCC1=C(Br)C(=CC=C1)N(=O)=O,8254768,O=[N+]([O-])c1cccc(CBr)c1Br,82617-49-0
OCC1=CC=C(Br)C=C1OC(F)(F)F,8257905,OCc1ccc(Br)cc1OC(F)(F)F,220996-81-6
OC(C#CC1=CC=C(Br)C=C1)C1=CC=CC=C1,8483443,OC(C#Cc1ccc(Br)cc1)c1ccccc1,278168-69-7
CC1(C)OC(=O)C(=CNC2=CC=C(Br)C=C2)C(=O)O1,8694577,CC1(C)OC(=O)C(=CNc2ccc(Br)cc2)C(=O)O1,187278-01-9
CCOC(=O)C1=C(I)C=CC(Br)=C1,9122795,CCOC(=O)c1cc(Br)ccc1I,450412-27-8
BrC1=CC=CC(CN2CCNCC2)=C1,9259790,Brc1cccc(CN2CCNCC2)c1,423154-81-8
BrC1=CC(C=O)=CC(I)=C1,9321755,O=Cc1cc(Br)cc(I)c1,188813-09-4
N[C@@H](CC1=CC=C(Br)C=C1)C(N)=O,9326390,NC(=O)[C@@H](N)Cc1ccc(Br)cc1,500767-10-2
C[Si](C)(C)C1=C(F)C=C(Br)C=C1,9388126,C[Si](C)(C)c1ccc(Br)cc1F,574755-24-1
COC1=CC(\C=C\C2=CC=C(Br)C=C2)=CC(OC)=C1,9704536,COc1cc(/C=C/c2ccc(Br)cc2)cc(OC)c1,0
ClC1=CC(Br)=CC=C1N=C=O,9758161,O=C=Nc1ccc(Br)cc1Cl,0
CC(C)(C)[Si](C)(C)OCC(=O)C1=CC=C(Br)C=C1,9768377,CC(C)(C)[Si](C)(C)OCC(=O)c1ccc(Br)cc1,0
C[C@]1(CC2=CC=C(Br)C=C2)N2C=CN=C2N(C1=O)C1=CC(Cl)=CC(Cl)=C1,9797586,C[C@@]1(Cc2ccc(Br)cc2)C(=O)N(c2cc(Cl)cc(Cl)c2)c2nccn21,321656-72-8
BrC1=C(C=C)C=CC2=C1C=CC=C2,9901438,C=Cc1ccc2ccccc2c1Br,169233-83-4
BrC1=CC=C(C=C1)N1N=CC2=C1C=CC=C2,9905539,Brc1ccc(-n2ncc3ccccc32)cc1,0
CC(C)(C)[Si](C)(C)OC1=C(C=O)C=C(Br)C=C1,10069614,CC(C)(C)[Si](C)(C)Oc1ccc(Br)cc1C=O,0
CC(C)(C#N)C1=CC(F)=C(Br)C=C1,10154535,CC(C)(C#N)c1ccc(Br)c(F)c1,1027087-75-7
CCN(CC)C(=O)OC1=C(I)C(Br)=CC=C1,10162919,CCN(CC)C(=O)Oc1cccc(Br)c1I,863870-79-5
OC1=CC=C(C=C1)C(=O)C=CC1=CC=C(Br)C=C1,10254971,O=C(C=Cc1ccc(Br)cc1)c1ccc(O)cc1,97727-84-9
BrC1=CC=C(C=C1)N1C=C(C=O)C=N1,10335810,O=Cc1cnn(-c2ccc(Br)cc2)c1,0
COCOC1=CC(C)=C(Br)C(C)=C1,10426305,COCOc1cc(C)c(Br)c(C)c1,906623-17-4
CC(C)(C)OC(=O)N1CCC(O)(CC1)C(=O)C1=CC(Br)=CC=C1F,10470409,CC(C)(C)OC(=O)N1CCC(O)(C(=O)c2cc(Br)ccc2F)CC1,865758-56-1
CCN(CC)C(=O)C1=CC=C(Br)C=C1Cl,10663543,CCN(CC)C(=O)c1ccc(Br)cc1Cl,682778-17-2
BrC1=CC=CC=C1B1NC2=CC=CC3=C2C(N1)=CC=C3,10686972,Brc1ccccc1B1Nc2cccc3cccc(c23)N1,927384-42-7
CC(NS(=O)(=O)C1=CC=C(C)C=C1)C1=CC=C(Br)C=C1,11083800,Cc1ccc(S(=O)(=O)NC(C)c2ccc(Br)cc2)cc1,0
BrC1=CC=CC=C1OC1=C(I)C=CC=C1,11177969,Brc1ccccc1Oc1ccccc1I,958244-59-2
BrC1=CC=CC=C1C=NCC1=CC=CC=C1,11278330,Brc1ccccc1C=NCc1ccccc1,108791-78-2
CC(N)C1=CC=C(Br)C=C1F,11425702,CC(N)c1ccc(Br)cc1F,0
OC1(C2=C(C=CC=C2)C2=C1C=CC=C2)C1=CC=CC=C1Br,11455028,OC1(c2ccccc2Br)c2ccccc2-c2ccccc21,0
CC1=C(C=CC(Br)=C1)C(=O)N1CCCC1,11472896,Cc1cc(Br)ccc1C(=O)N1CCCC1,276678-35-4
CC(C)(C)OC(=O)N1CCN(CC1)C(=O)C1=CC(Br)=CC=C1,11618292,CC(C)(C)OC(=O)N1CCN(C(=O)c2cccc(Br)c2)CC1,0
CC1=C(N)C=C(Br)C=C1N(=O)=O,13256946,Cc1c(N)cc(Br)cc1[N+](=O)[O-],0
OC1(CCOCC1)C1=CC=CC(Br)=C1,13464736,OC1(c2cccc(Br)c2)CCOCC1,135048-94-1
COC(=O)NC1=CC(F)=C(Br)C=C1,13905338,COC(=O)Nc1ccc(Br)c(F)c1,396076-65-6
CCOC(=O)\C=C(\C)NC1=CC(OC)=C(Br)C=C1,13908662,CCOC(=O)/C=C(/C)Nc1ccc(Br)c(OC)c1,0
CN(C)C(=O)C1=CC(F)=C(Br)C=C1,14571572,CN(C)C(=O)c1ccc(Br)c(F)c1,893420-59-2
CC(C)(C)OC(=O)NCCNS(=O)(=O)C1=CC=C(Br)C=C1,14738649,CC(C)(C)OC(=O)NCCNS(=O)(=O)c1ccc(Br)cc1,310480-85-4
NC1=CC=CN=C1NC1=CC=CC(Br)=C1,15483335,Nc1cccnc1Nc1cccc(Br)c1,66194-06-7
BrC1=CC(NC2=NC=CC=C2N(=O)=O)=CC=C1,15483336,O=[N+]([O-])c1cccnc1Nc1cccc(Br)c1,934542-51-5
OC(=O)CCC1=CC(Br)=C(F)C=C1,15490528,O=C(O)CCc1ccc(F)c(Br)c1,866862-24-0
CC(O)C1=CC(Br)=CC(=C1)C(F)(F)F,15586695,CC(O)c1cc(Br)cc(C(F)(F)F)c1,954124-06-2
CC(C)(C)S(=O)N=CC1=CC=CC(Br)=C1,15606595,CC(C)(C)S(=O)N=Cc1cccc(Br)c1,960503-83-7
BrC1=CC=C(C=C1)C1(CC#N)CC1,15694907,N#CCC1(c2ccc(Br)cc2)CC1,1282659-26-0
OCC1=CC(Br)=CC(OC(F)(F)F)=C1,18332681,OCc1cc(Br)cc(OC(F)(F)F)c1,1026201-95-5
COC1=CC(=CC(Br)=C1)B(O)O,18349580,COc1cc(Br)cc(B(O)O)c1,849062-12-0
CCC1=C(I)C=C(Br)C=C1,18378064,CCc1ccc(Br)cc1I,1033760-94-9
CC1=CC=C(C=C1Br)C1=CC=C(Cl)C=C1,18378076,Cc1ccc(-c2ccc(Cl)cc2)cc1Br,1033760-75-6
COC(=O)C1=CC(N)=C(F)C=C1Br,18417988,COC(=O)c1cc(N)c(F)cc1Br,1036389-86-2
CN(CC1=CC(=CC=C1Br)N(=O)=O)C(=O)OC(C)(C)C,18418550,CN(Cc1cc([N+](=O)[O-])ccc1Br)C(=O)OC(C)(C)C,1037082-29-3
FC(F)OC1=C(Cl)C=C(Br)C=C1,18473966,FC(F)Oc1ccc(Br)cc1Cl,1062614-42-9
OC(=O)C1=C(F)C=C(Cl)C(Br)=C1,18643513,O=C(O)c1cc(Br)c(Cl)cc1F,289038-22-8
CSC1=C(I)C=CC(Br)=C1,18826951,CSc1cc(Br)ccc1I,0
CCOC(=O)C(F)(F)C1=C(Br)C=CC=C1,19089850,CCOC(=O)C(F)(F)c1ccccc1Br,1180536-37-1
FC(F)(F)OC1=CC=C(C=C1Br)N(=O)=O,19130530,O=[N+]([O-])c1ccc(OC(F)(F)F)c(Br)c1,200958-40-3
COC1=CC=C(Br)C(F)=C1C=O,19170883,COc1ccc(Br)c(F)c1C=O,1160653-94-0
CC(C)(C)OC(=O)N1CCCC1C1=CC(Br)=CC=C1,19218592,CC(C)(C)OC(=O)N1CCCC1c1cccc(Br)c1,871717-03-2
CCCCNC(=O)C1=CC=CC=C1Br,19304459,CCCCNC(=O)c1ccccc1Br,349403-39-0
COC1=C(Br)C=C(CN)C=C1,19346707,COc1ccc(CN)cc1Br,247254-47-3
BrC1=CC=C(C=C1)C1=CC=CC2=CC=C3C=CC=NC3=C12,19475791,Brc1ccc(-c2cccc3ccc4cccnc4c23)cc1,1127213-03-9
CC(=N[S@](=O)C(C)(C)C)C1=C(F)C=CC(Br)=C1,19637227,CC(=N[S@](=O)C(C)(C)C)c1cc(Br)ccc1F,1194044-26-2
NC1=C(C=CC=C1)C#CC1=C(Br)C=CC=C1,19753145,Nc1ccccc1C#Cc1ccccc1Br,1213786-20-9
NC1=C(Br)C=C(C#N)C(F)=C1,19866268,N#Cc1cc(Br)c(N)cc1F,0
COC1=CC(Br)=CC=C1CO[Si](C)(C)C(C)(C)C,19907062,COc1cc(Br)ccc1CO[Si](C)(C)C(C)(C)C,201150-99-4
CCC(O)C1=C(F)C=C(Br)C=C1,20139756,CCC(O)c1ccc(Br)cc1F,1214900-59-0
CC1=C(N)C(F)=CC=C1Br,20289160,Cc1c(Br)ccc(F)c1N,1227210-36-7
COC(=O)C1=C(OCCNC(=O)OC(C)(C)C)C=CC(Br)=C1,20400674,COC(=O)c1cc(Br)ccc1OCCNC(=O)OC(C)(C)C,1167416-56-9
NC1=C2C=CC=CC2=C(Br)C=C1C(O)=O,20459847,Nc1c(C(=O)O)cc(Br)c2ccccc12,1227924-42-6
C[C@@H]1CN(CCN1C(=O)[C@H]1C[C@@H]1C1=CC=C(Br)C=C1)C1CCC1,20552999,C[C@@H]1CN(C2CCC2)CCN1C(=O)[C@H]1C[C@@H]1c1ccc(Br)cc1,1240914-95-7
NC1=CC=C(Br)C=C1NCCO,20560419,Nc1ccc(Br)cc1NCCO,1239879-68-5
CCC(=O)C1=C(Br)C=C(Cl)C=C1,20789386,CCC(=O)c1ccc(Cl)cc1Br,0
COC(=O)C1=C(F)C(=C(Br)C=C1F)N(=O)=O,20908615,COC(=O)c1c(F)cc(Br)c([N+](=O)[O-])c1F,1160683-37-3
NC1=C(F)C(Br)=CC=C1F,21197860,Nc1c(F)ccc(Br)c1F,1262198-07-1
COC(=O)C1=CC(=C(C)C(Br)=C1)N(=O)=O,21337307,COC(=O)c1cc(Br)c(C)c([N+](=O)[O-])c1,223519-08-2
BrC1=CC=C2C=CC3=C4C(C=CC1=C24)=CC=C3N(C1=CC=CC=C1)C1=CC=CC=C1,21380555,Brc1ccc2ccc3c(N(c4ccccc4)c4ccccc4)ccc4ccc1c2c43,1313017-94-5
CC(=O)NC1=C(Br)C(F)=CC=C1,21560344,CC(=O)Nc1cccc(F)c1Br,1313227-96-1
FC1=CC(Br)=C(C=C1)C#CC1=CC=CC=C1,21593255,Fc1ccc(C#Cc2ccccc2)c(Br)c1,1314247-87-4
BrC1=CC=C(OC2=CC=CN=C2C#N)C=C1,21880008,N#Cc1ncccc1Oc1ccc(Br)cc1,1215866-13-9
CC(N)(C(O)=O)C1=CC(Br)=C(F)C=C1F,22098467,CC(N)(C(=O)O)c1cc(Br)c(F)cc1F,1352126-43-2
COC1=CC(=CC=C1Br)S(Cl)(=O)=O,22133670,COc1cc(S(=O)(=O)Cl)ccc1Br,1215295-91-2
COC1=C(I)C=C(OC(F)(F)F)C(Br)=C1,22279014,COc1cc(Br)c(OC(F)(F)F)cc1I,1359024-89-7
COC1=C(N)C=C(OC(F)(F)F)C(Br)=C1,22279015,COc1cc(Br)c(OC(F)(F)F)cc1N,1359024-88-6
FC1(F)CC(C1)(C#N)C1=CC=C(Br)C=C1,22328426,N#CC1(c2ccc(Br)cc2)CC(F)(F)C1,1361189-39-0
CC(C)[Si](OC1=CC=CC2=CC(Br)=CC=C12)(C(C)C)C(C)C,22608207,CC(C)[Si](Oc1cccc2cc(Br)ccc12)(C(C)C)C(C)C,1378382-83-2
BrC1=CC=C(C=C1)C1(CCCCC1)C#N,22654936,N#CC1(c2ccc(Br)cc2)CCCCC1,626603-27-8
BrC1=CC=C(C=C1)C(=O)C(=O)N1CCCCC1,22807772,O=C(C(=O)N1CCCCC1)c1ccc(Br)cc1,1267440-90-3
CS(=O)(=O)C1=CC(Br)=CC(=C1)C(F)(F)F,22842671,CS(=O)(=O)c1cc(Br)cc(C(F)(F)F)c1,1215205-96-1
O[C@@H](COC1=CC=CC=C1O)C1=CC=C(Br)C=C1,22895142,Oc1ccccc1OC[C@H](O)c1ccc(Br)cc1,1400797-05-8
CCOC(=O)CCC1=CC=C(Br)C(F)=C1,23053519,CCOC(=O)CCc1ccc(Br)c(F)c1,1261778-92-0
BrC1=CC=C(C=C1)C1=NC=CC(=C1)C1=CC=CC=C1,23426036,Brc1ccc(-c2cc(-c3ccccc3)ccn2)cc1,504413-43-8
CC1=CC2=NC(=CN2C=C1)C1=C(Br)C=CC=C1,23444979,Cc1ccn2cc(-c3ccccc3Br)nc2c1,419557-39-4
FC1=C(F)C(Cl)=CC(Br)=C1,23545740,Fc1cc(Br)cc(Cl)c1F,1060813-07-1
BrC1=CC(=CC=C1)N1CCC2=CC=CC=C2C1,23550896,Brc1cccc(N2CCc3ccccc3C2)c1,1057279-97-6
CCOC(=O)C1=C(N(N=C1)[C@H]1CCOC1)C1=C(F)C=C(Br)C=C1,23594504,CCOC(=O)c1cnn([C@H]2CCOC2)c1-c1ccc(Br)cc1F,1429510-33-7
CS(=O)(=O)N[C@@H](C1=CC=C(Br)C=C1)C(F)(F)F,23770769,CS(=O)(=O)N[C@@H](c1ccc(Br)cc1)C(F)(F)F,1448682-01-6
BrC1=CC=C(C=C1)C1CCCO1,23961401,Brc1ccc(C2CCCO2)cc1,0
CC1=CC=C(C=C1)S(=O)(=O)C([N+]#[C-])C1=CC(Br)=CC=C1,24130651,[C-]#[N+]C(c1cccc(Br)c1)S(=O)(=O)c1ccc(C)cc1,0
FC(F)(F)CCC(=O)C1=CC=C(Br)C=C1,26561586,O=C(CCC(F)(F)F)c1ccc(Br)cc1,1180670-65-8
CC(=O)C1=CC(Br)=CC(Cl)=C1,26564920,CC(=O)c1cc(Cl)cc(Br)c1,154257-85-9
CC1=NC(=NN1CC1=CC(Br)=CC=C1)C1=NC(=NO1)C1=CC=C(OC(F)(F)F)C=C1,26653523,Cc1nc(-c2nc(-c3ccc(OC(F)(F)F)cc3)no2)nn1Cc1cccc(Br)c1,1570494-48-2
FC(F)(F)C(=C)C#CC1=CC=C(Br)C=C1,26778652,C=C(C#Cc1ccc(Br)cc1)C(F)(F)F,1589544-79-5
CC(C)(C)OC(=O)NCCOC1=CC=C(Br)C=C1,26819700,CC(C)(C)OC(=O)NCCOc1ccc(Br)cc1,1593201-17-2
CN(C)C=NC1=C(C#N)C(F)=CC(Br)=C1,26833401,CN(C)C=Nc1cc(Br)cc(F)c1C#N,1609962-87-9
COC(=O)C1=C(C)C=C(Br)C(F)=C1,26909992,COC(=O)c1cc(F)c(Br)cc1C,1352889-89-4
NC1=C(C=O)C=C(F)C(Br)=C1,27092225,Nc1cc(Br)c(F)cc1C=O,1620239-30-6
COC1=CC2=C(C=C1)C(OC1=CC=C(Br)C=C1)=CS2(=O)=O,27096278,COc1ccc2c(c1)S(=O)(=O)C=C2Oc1ccc(Br)cc1,1622308-30-8
COC1=CC2=C(C=C1)C(OC1=CC=C(Br)C=C1)=CS2,27096279,COc1ccc2c(Oc3ccc(Br)cc3)csc2c1,1622308-31-9
CC1=C(Br)C(C)=C(F)C(=C1)C#N,27117279,Cc1cc(C#N)c(F)c(C)c1Br,1618648-16-0
NC1=CC(Br)=CC(O)=C1N,27186931,Nc1cc(Br)cc(O)c1N,0
ON=C(CN(CC=C)CC=C)C1=CC(Br)=CC=C1,27379432,C=CCN(CC=C)CC(=NO)c1cccc(Br)c1,0
CS(=O)(=O)CC1=CC(Br)=C(NC2=CC=C(F)C=C2)C=C1,27451806,CS(=O)(=O)Cc1ccc(Nc2ccc(F)cc2)c(Br)c1,0
CC1(OCCO1)C1=CC(Cl)=CC=C1Br,27465918,CC1(c2cc(Cl)ccc2Br)OCCO1,0
CC(C)CN(CC(C)C)C1=C(N)C=C(Br)C=C1,27815827,CC(C)CN(CC(C)C)c1ccc(Br)cc1N,0
OCC1=CC(Br)=C(C=C1F)C(F)(F)F,28088065,OCc1cc(Br)c(C(F)(F)F)cc1F,0
CCOC(OCC)C1=CC(Cl)=CC=C1Br,28134601,CCOC(OCC)c1cc(Cl)ccc1Br,0
COC1=CC2=C(C=C1OC)C(=NNC(C)C2)C1=CC=C(Br)C=C1,28313648,COc1cc2c(cc1OC)C(c1ccc(Br)cc1)=NNC(C)C2,0
CC1(C)OB(OC1(C)C)C1=C2C=CC=CC2=C(Br)C2=CC=CC=C12,28500838,CC1(C)OB(c2c3ccccc3c(Br)c3ccccc23)OC1(C)C,0
C[C@H]1[C@H](CO[Si](C)(C)C(C)(C)C)N(N=C1C(F)(F)F)C1=CC=C(Br)C=C1,28574439,C[C@@H]1C(C(F)(F)F)=NN(c2ccc(Br)cc2)[C@H]1CO[Si](C)(C)C(C)(C)C,0
COC(=O)C1=C(C=C(Br)C=C1)S(Cl)(=O)=O,28657446,COC(=O)c1ccc(Br)cc1S(=O)(=O)Cl,0
CCOC(=O)\C=C\C1=CC(SCC2=CC=CC=C2)=CC=C1NC1=CC=C(Br)C=C1OC,28924444,CCOC(=O)/C=C/c1cc(SCc2ccccc2)ccc1Nc1ccc(Br)cc1OC,0
COC1=CC(Br)=CC=C1N1C(=O)C=CC2=C1C=CC(SCC1=CC=CC=C1)=C2,28924446,COc1cc(Br)ccc1-n1c(=O)ccc2cc(SCc3ccccc3)ccc21,0
CCOC(=O)\C=C\C1=CC(Br)=C(F)C=C1N,28924508,CCOC(=O)/C=C/c1cc(Br)c(F)cc1N,0
COC1=CC(Br)=C(C)C=C1N1C(=O)C=CC2=C1C=CC(SCC1=CC=CC=C1)=C2,28924540,COc1cc(Br)c(C)cc1-n1c(=O)ccc2cc(SCc3ccccc3)ccc21,0
N[C@H](CO)C1=CC(F)=CC(Br)=C1,29063545,N[C@H](CO)c1cc(F)cc(Br)c1,0
NC1=C(C=C(Br)C=C1F)C#N,29330220,N#Cc1cc(Br)cc(F)c1N,0
CCOC(OCC)C1=CC(=CC=C1Br)C(F)(F)F,29501662,CCOC(OCC)c1cc(C(F)(F)F)ccc1Br,0
NC1=C(C=C(Br)C2=C1C=CC=C2)C#N,29930750,N#Cc1cc(Br)c2ccccc2c1N,0
CS(=O)CCNC1=NON=C1C1=NOC(=O)N1C1=CC(Br)=C(F)C=C1,30006868,CS(=O)CCNc1nonc1-c1noc(=O)n1-c1ccc(F)c(Br)c1,0
BrC1=CC=C(C=C1)C1=NC1C1=CC=CC=C1,30022163,Brc1ccc(C2=NC2c2ccccc2)cc1,0
COC(=O)C1=C(NC(=O)[C@@H]2CCCC[C@H]2C(=O)C2=CC=C(Br)C=C2)C=NN1C,30454963,COC(=O)c1c(NC(=O)[C@@H]2CCCC[C@H]2C(=O)c2ccc(Br)cc2)cnn1C,0
OCC#CC1=C(Br)C=C(Cl)C=C1,30810894,OCC#Cc1ccc(Cl)cc1Br,0
COC1=CC=C(COCC2=C(Cl)C=CC(Br)=C2)C=C1,30949822,COc1ccc(COCc2cc(Br)ccc2Cl)cc1,0
CC(=O)C1=C(SCC2=CC=CC=C2)C=C(Br)C=C1,31216422,CC(=O)c1ccc(Br)cc1SCc1ccccc1,0
O[C@H](COC1=CC=C(Br)C=C1)C(O)=O,31543265,O=C(O)[C@H](O)COc1ccc(Br)cc1,0
CC(C)(C)OC(=O)N1C2CCC1CN(C2)C1=CC(F)=C(Br)C=C1F,31693410,CC(C)(C)OC(=O)N1C2CCC1CN(c1cc(F)c(Br)cc1F)C2,0
BrC1=CC(=CC=C1)N1C2=CC=CC=C2C2=CC(=CC=C12)N1C2=CC=CC=C2C2=CC=CC=C12,33179108,Brc1cccc(-n2c3ccccc3c3cc(-n4c5ccccc5c5ccccc54)ccc32)c1,0
CO[C@H]1CC[C@@H](CC1)N(CC(C)C)C1=CC=C(Br)C=C1N(=O)=O,33363825,CO[C@H]1CC[C@H](N(CC(C)C)c2ccc(Br)cc2[N+](=O)[O-])CC1,0
CC1(C)OB(OC1(C)C)C1=CC(N)=CC(Br)=C1,33504007,CC1(C)OB(c2cc(N)cc(Br)c2)OC1(C)C,0
COC1=C(Cl)C=C(Br)C=C1N(=O)=O,33696735,COc1c(Cl)cc(Br)cc1[N+](=O)[O-],0
CC1=C(Br)C=CC(N)=C1F,34210822,Cc1c(Br)ccc(N)c1F,0
CC1=C(Br)C=C(C=C1)C(C)(O)C(F)(F)F,34598328,Cc1ccc(C(C)(O)C(F)(F)F)cc1Br,0
BrC1=CC(I)=CC(=C1)C#N,34623448,N#Cc1cc(Br)cc(I)c1,0
BrC1=CC(=CC=C1)C(=O)C1CCCO1,34723171,O=C(c1cccc(Br)c1)C1CCCO1,0
CC1=C(Br)C=CC=C1C(F)F,34723174,Cc1c(Br)cccc1C(F)F,0
CC1=C(C(Br)=CC(F)=C1)C(F)(F)F,34762432,Cc1cc(F)cc(Br)c1C(F)(F)F,0
CC1=CC(F)=C(C=O)C(Br)=C1Cl,34845232,Cc1cc(F)c(C=O)c(Br)c1Cl,0
BrC1=CC=C(C=C1)C1(CC1)N1CCNCC1,34902896,Brc1ccc(C2(N3CCNCC3)CC2)cc1,0
COC(=O)C1=C(CBr)C(=CC(Br)=C1)C(F)(F)F,35105047,COC(=O)c1cc(Br)cc(C(F)(F)F)c1CBr,0
CCOC(=O)C1=CC=C(Br)C=C1CCl,35543355,CCOC(=O)c1ccc(Br)cc1CCl,0
OC(=O)C1=CN(N=N1)C1=CC=C(Cl)C=C1Br,36946014,O=C(O)c1cn(-c2ccc(Cl)cc2Br)nn1,0
COC(=O)CC1=CC(C)=C(Br)C=C1F,37021913,COC(=O)Cc1cc(C)c(Br)cc1F,0
COC1=CC(N)=C(I)C=C1Br,38075431,COc1cc(N)c(I)cc1Br,0
COC1=C(OC)C=C2C(CC3=C(Br)C=CC=C3)=NCCC2=C1,313004,COc1cc2c(cc1OC)C(Cc1ccccc1Br)=NCC2,80041-81-2
COC1=CC(Br)=C(CC2=NC=CC3=CC(OC)=C(OC)C=C23)C=C1OC,339584,COc1cc(Br)c(Cc2nccc3cc(OC)c(OC)cc23)cc1OC,51449-10-6
CC(=O)C1=C(C)N(N=N1)C1=CC=C(Br)C=C1,525956,CC(=O)c1nnn(-c2ccc(Br)cc2)c1C,33722-11-1
OCC1=CSC(=N1)C1=CC=C(Br)C=C1,1107502,OCc1csc(-c2ccc(Br)cc2)n1,21160-53-2
BrC1=CC=C(C=C1)C1=CC=CN1,1307337,Brc1ccc(-c2ccc[nH]2)cc1,4995-11-3
OC1(CCN(CC2=CC=CC=C2)CC1)C1=CC=C(Br)C=C1,1484140,OC1(c2ccc(Br)cc2)CCN(Cc2ccccc2)CC1,16332-18-6
BrC1=CC=C(OCCN2C(=O)C3=C(C=CC=C3)C2=O)C=C1,1484624,O=C1c2ccccc2C(=O)N1CCOc1ccc(Br)cc1,26583-54-0
BrC1=CC=C(C=C1)N1CC2=CC=CC=C2C1=O,1532876,O=C1c2ccccc2CN1c1ccc(Br)cc1,4778-87-4
BrC1=CC=C(CN2C=CC=C2)C=C1,1566794,Brc1ccc(Cn2cccc2)cc1,23694-48-6
BrC1=CC=C(C=C1)[C@H]1O[C@@H]1C(=O)C1=CC=CC=C1,1621922,O=C(c1ccccc1)[C@H]1O[C@@H]1c1ccc(Br)cc1,128126-18-1
CN1C=C(C2=C1C=CC=C2)C1=CC=C(Br)C=C1,1643475,Cn1cc(-c2ccc(Br)cc2)c2ccccc21,51206-91-8
OCC1=CC(O)=C(Br)C=C1,1936254,OCc1ccc(Br)c(O)c1,2737-19-1
ClCSC1=CC=C(Br)C=C1,1936794,ClCSc1ccc(Br)cc1,27691-35-6
BrC(Br)C1=CC=C(Br)C=C1,1936820,Brc1ccc(C(Br)Br)cc1,62247-77-2
CC(C)C1=CC(Br)=C(C=C1)C(C)C,1940040,CC(C)c1ccc(C(C)C)c(Br)c1,42196-29-2
BrC1=CC=C(C=C1)C(=O)C1CCCCC1,1956232,O=C(c1ccc(Br)cc1)C1CCCCC1,3277-79-0
BrC(C(Br)C1=CC=CC=C1)C(=O)C1=CC=C(Br)C=C1,1982795,O=C(c1ccc(Br)cc1)C(Br)C(Br)c1ccccc1,6271-51-8
BrC(C(Br)C1=CC=C(Br)C=C1)C(=O)C1=CC=CC=C1,1988802,O=C(c1ccccc1)C(Br)C(Br)c1ccc(Br)cc1,10388-32-6
CCC(=C)C1=CC=C(Br)C=C1,2079688,C=C(CC)c1ccc(Br)cc1,42427-51-0
CC1=CC=CC2=CC=C(Br)C=C12,2081370,Cc1cccc2ccc(Br)cc12,33295-35-1
CN(C)C=NC1=CC=C(Br)C=C1,2081683,CN(C)C=Nc1ccc(Br)cc1,13181-50-5
CC1=CC(O)=CC(Br)=C1C,2082716,Cc1cc(O)cc(Br)c1C,71942-14-8
CCCCOC1=CC2=C(C=C1)C=C(Br)C=C2,2093446,CCCCOc1ccc2cc(Br)ccc2c1,66217-20-7
CCOC(=O)C1=CC(Br)=C(OC)C=C1,2100026,CCOC(=O)c1ccc(OC)c(Br)c1,460079-82-7
NC(=S)C(=CC1=CC=C(Br)C=C1)C#N,2103841,N#CC(=Cc1ccc(Br)cc1)C(N)=S,0
CCOC(=O)CC(O)C1=CC=CC(Br)=C1,2109948,CCOC(=O)CC(O)c1cccc(Br)c1,51699-41-3
ClS(=O)(=O)C1=CC=C(Br)C=C1N(=O)=O,2124526,O=[N+]([O-])c1cc(Br)ccc1S(=O)(=O)Cl,89465-98-5
NC(C1=CC=CC=C1)C1=CC=C(Br)C=C1,2212099,NC(c1ccccc1)c1ccc(Br)cc1,55095-17-5
ClC1=CC2=C(C=CC=C2Br)C=C1,2248945,Clc1ccc2cccc(Br)c2c1,29016-72-6
FC1=C2C=CC=C(Br)C2=CC=C1,2249728,Fc1cccc2c(Br)cccc12,315-56-0
COC1=CC=C(Br)C=C1OC(C)=O,2263479,COc1ccc(Br)cc1OC(C)=O,66037-04-5
BrC1=CC=C(C=C1)C1=CC=CC(=C1)N(=O)=O,2267974,O=[N+]([O-])c1cccc(-c2ccc(Br)cc2)c1,32858-99-4
BrC1=CC(CC(=O)C2=CC=CC=C2)=CC=C1,2329451,O=C(Cc1cccc(Br)c1)c1ccccc1,27798-44-3
CC1=C(C)C(Br)=C(N)C(=C1)N(=O)=O,2369724,Cc1cc([N+](=O)[O-])c(N)c(Br)c1C,22378-67-2
FC(F)(Br)C1=CC=C(Br)C=C1,2440579,FC(F)(Br)c1ccc(Br)cc1,2358-32-9
CCN(CC)C(=O)C1=CC=CC(Br)=C1,2445472,CCN(CC)C(=O)c1cccc(Br)c1,15930-59-3
OC1=C(CC=C)C=C(Cl)C=C1Br,2557224,C=CCc1cc(Cl)cc(Br)c1O,90725-42-1
BrC1=CC=CC=C1C(=O)C=[N]#N,2576055,[N-]=[N+]=CC(=O)c1ccccc1Br,46004-44-8
Cl\C=C\C(=O)C1=CC=C(Br)C=C1,2612964,O=C(/C=C/Cl)c1ccc(Br)cc1,58953-16-5
NC(=O)C1=C(Br)C=CC(F)=C1,2614289,NC(=O)c1cc(F)ccc1Br,1006-34-4
NC(=O)C(=CC1=CC=C(Br)C=C1)C#N,2616772,N#CC(=Cc1ccc(Br)cc1)C(N)=O,101085-21-6
CC(=O)C(C#N)C1=CC=C(Br)C=C1,2643849,CC(=O)C(C#N)c1ccc(Br)cc1,6186-21-6
COC(=O)\C=C/C1=CC=C(Br)C=C1,2690938,COC(=O)/C=C\c1ccc(Br)cc1,84878-00-2
OCC1=CC(Br)=C(O)C=C1,2716579,OCc1ccc(O)c(Br)c1,29922-56-3
CC1=CC(Br)=CC=C1N=C=S,2717248,Cc1cc(Br)ccc1N=C=S,19241-38-4
CC1=C(Br)C=C(C(N)=C1)N(=O)=O,2720950,Cc1cc(N)c([N+](=O)[O-])cc1Br,827-32-7
BrC1=CC=C(C=C1)C(=O)CP(=O)(C1=CC=CC=C1)C1=CC=CC=C1,2754438,O=C(CP(=O)(c1ccccc1)c1ccccc1)c1ccc(Br)cc1,19797-85-4
CN(C)(=O)C1=CC=C(Br)C=C1,2828910,C[N+](C)([O-])c1ccc(Br)cc1,22710-09-4
COC1=CC(Br)=C(C=O)C(C(O)=O)=C1OC,2852166,COc1cc(Br)c(C=O)c(C(=O)O)c1OC,26829-91-4
ClC(Cl)C1=CC=C(Br)C=C1,2962400,ClC(Cl)c1ccc(Br)cc1,67627-98-9
CCC1=C(Br)C=CC(N)=C1,2962500,CCc1cc(N)ccc1Br,52121-42-3
COC(C)C1=CC=C(Br)C=C1,2963481,COC(C)c1ccc(Br)cc1,59891-97-3
CCOC(=O)C1CC1C1=CC=C(Br)C=C1,2974854,CCOC(=O)C1CC1c1ccc(Br)cc1,91843-55-9
COC(=O)C1=CC=C(C(Br)=C1)C(C)(C)C,3092571,COC(=O)c1ccc(C(C)(C)C)c(Br)c1,14034-08-3
OC(C1=CC=CC=C1)(C1=CC=CC=C1)C1=C(Br)C=CC=C1,3142785,OC(c1ccccc1)(c1ccccc1)c1ccccc1Br,61593-02-0
[H]C(CSC1=CC=C(Br)C=C1)(NC(C)=O)C(O)=O,3211066,CC(=O)NC(CSc1ccc(Br)cc1)C(=O)O,21462-47-5
BrC1=CC=C(CNCC=C)C=C1,3240960,C=CCNCc1ccc(Br)cc1,99359-28-1
CCCC1=C(O)C=CC(Br)=C1,3241626,CCCc1cc(Br)ccc1O,18980-22-8
BrC1=CC(I)=CC(=C1)N(=O)=O,3245644,O=[N+]([O-])c1cc(Br)cc(I)c1,861601-15-2
BrC1=C(I)C=C(C=C1)N(=O)=O,3245651,O=[N+]([O-])c1ccc(Br)c(I)c1,63037-63-8
CC(C#N)C(=O)C1=CC=C(Br)C=C1,3257356,CC(C#N)C(=O)c1ccc(Br)cc1,78271-77-9
CCCS(=O)(=O)C1=CC=C(Br)C=C1,3271492,CCCS(=O)(=O)c1ccc(Br)cc1,223557-20-8
BrC1=CC=C2C=C(NC3=CC=CC=C3)C=CC2=C1,3281880,Brc1ccc2cc(Nc3ccccc3)ccc2c1,202831-66-1
COC(=O)C1=C(C=CC(Br)=C1)C1=CC=CC=C1,3287891,COC(=O)c1cc(Br)ccc1-c1ccccc1,493028-83-4
BrC1=CC=C(C=C1)C(=O)COC1=CC=CC=C1,3298851,O=C(COc1ccccc1)c1ccc(Br)cc1,36372-16-4
CCOP(=O)(OCC)C1=C(Br)C=CC=C1,3307483,CCOP(=O)(OCC)c1ccccc1Br,77526-90-0
CCOC(=O)C(CC1=CC=C(Br)C=C1)C(C)=O,3327634,CCOC(=O)C(Cc1ccc(Br)cc1)C(C)=O,95314-60-6
COC1=CC=C(C=C1)C(=O)NC1=CC=C(Br)C=C1,3329303,COc1ccc(C(=O)Nc2ccc(Br)cc2)cc1,7465-96-5
COC1=C(OCC2=CC=CC=C2)C=CC(C=O)=C1Br,3356986,COc1c(OCc2ccccc2)ccc(C=O)c1Br,499218-04-1
CCN1CCC[C@H]1CNC(=O)C1=C(OC)C(OC)=CC(Br)=C1,3593650,CCN1CCC[C@H]1CNC(=O)c1cc(Br)cc(OC)c1OC,107188-74-9
FC1=CC=C(Br)C(CC#N)=C1,4179204,N#CCc1cc(F)ccc1Br,127792-49-8
ClP(Cl)(=O)OC1=CC=C(Br)C=C1,4311168,O=P(Cl)(Cl)Oc1ccc(Br)cc1,19430-76-3
COC1=C(Br)C(CBr)=C(OC)C2=CC=CC=C12,4442683,COc1c(Br)c(CBr)c(OC)c2ccccc12,86489-90-9
O\N=C(/CC1=CC=C(O)C(Br)=C1)C(O)=O,4446225,O=C(O)/C(Cc1ccc(O)c(Br)c1)=N/O,146884-05-1
OC1=CC=C2C(=O)C(=COC2=C1)C1=CC=C(Br)C=C1,4472419,O=c1c(-c2ccc(Br)cc2)coc2cc(O)ccc12,96644-05-2
COC1=C(CBr)C=C(Br)C=C1CBr,4675206,COc1c(CBr)cc(Br)cc1CBr,118249-11-9
CCOC(=O)C1=C(OC)C=CC(Br)=C1C,4744902,CCOC(=O)c1c(OC)ccc(Br)c1C,133379-06-3
CC(C)(C)NCC1=CC=C(Br)C=C1,4799111,CC(C)(C)NCc1ccc(Br)cc1,87384-76-7
CN(C(=O)C1=C(Br)C=CC=C1)C1=CC=CC=C1,4866824,CN(C(=O)c1ccccc1Br)c1ccccc1,94191-66-9
COC(=O)C1=CC=C(C=C1)C1=CC(Br)=CC=C1,5016932,COC(=O)c1ccc(-c2cccc(Br)c2)cc1,89900-91-4
BrC1=CC=C(SP(=O)(C2=CC=CC=C2)C2=CC=CC=C2)C=C1,5058898,O=P(Sc1ccc(Br)cc1)(c1ccccc1)c1ccccc1,99234-82-9
CCOC(=O)C(C(C)=O)C(=O)C1=CC=C(Br)C=C1,5389228,CCOC(=O)C(C(C)=O)C(=O)c1ccc(Br)cc1,893643-73-7
CCOC(=O)C(=CC1=CC=CC(Br)=C1)C(=O)OCC,5564415,CCOC(=O)C(=Cc1cccc(Br)c1)C(=O)OCC,93098-68-1
COC1=CC=C(C=C1)C(=O)CCC1=CC=C(Br)C=C1,6333273,COc1ccc(C(=O)CCc2ccc(Br)cc2)cc1,0
ClC1=CC=C(C=C1)C(=O)\C=C\C1=CC=C(Br)C=C1,6398066,O=C(/C=C/c1ccc(Br)cc1)c1ccc(Cl)cc1,126443-20-7
BrC1=C(SCC=C)C=CC=C1,6592804,C=CCSc1ccccc1Br,154180-30-0
BrC1=CC=C(C=C1)N1CCC(=O)CC1,6596671,O=C1CCN(c2ccc(Br)cc2)CC1,0
C[Si](C)(C)OC(=C)C1=CC(Br)=CC=C1,6799801,C=C(O[Si](C)(C)C)c1cccc(Br)c1,0
C[Si](C)(C)OC(C#N)C1=C(Br)C=CC=C1,7092303,C[Si](C)(C)OC(C#N)c1ccccc1Br,194594-26-8
OC(=O)C1=C(Br)C(=CC=C1)C(F)(F)F,7478723,O=C(O)c1cccc(C(F)(F)F)c1Br,0
FC1=CC2=NC=NC(NC3=CC=CC(Br)=C3)=C2C=N1,7485646,Fc1cc2ncnc(Nc3cccc(Br)c3)c2cn1,171178-25-9
COC(C)C1=CC=CC=C1Br,7744427,COC(C)c1ccccc1Br,188262-19-3
FC(F)(F)C(F)(F)C(F)(F)C(F)(F)C(F)(F)C(F)(F)C(F)(F)C(F)(F)C1=CC=C(Br)C=C1,7895098,FC(F)(F)C(F)(F)C(F)(F)C(F)(F)C(F)(F)C(F)(F)C(F)(F)C(F)(F)c1ccc(Br)cc1,206560-77-2
CC(C)(C)C#CC1=C(Br)C=CC=C1,7972122,CC(C)(C)C#Cc1ccccc1Br,197806-78-3
BrC1=CC=CC(OCC#C)=C1,8198900,C#CCOc1cccc(Br)c1,114855-35-5
BrC1=CC=C(OC[C@@H]2CO2)C=C1,8404627,Brc1ccc(OC[C@@H]2CO2)cc1,129098-55-1
CC1=CC=C(Br)C(=C1)C#CC1=CC=CC=C1,8483222,Cc1ccc(Br)c(C#Cc2ccccc2)c1,264912-27-8
OC1(CCCCC1)C1=C(Br)C=CC=C1,8485211,OC1(c2ccccc2Br)CCCCC1,255837-16-2
BrC1=CC=CC=C1S(=O)(=O)NCC1=CC=CC=C1,8838479,O=S(=O)(NCc1ccccc1)c1ccccc1Br,0
BrC1=CC=C(C=C1)C(=O)N1N=NC2=CC=CC=C12,9196472,O=C(c1ccc(Br)cc1)n1nnc2ccccc21,313225-01-3
COCC#CC(=O)NC1=CC2=C(C=C1)N=CC(C#N)=C2NC1=CC(Br)=CC=C1,9293807,COCC#CC(=O)Nc1ccc2ncc(C#N)c(Nc3cccc(Br)c3)c2c1,0
COC1=CC2=C(C=C1NC(=O)C#CC)C(NC1=CC(Br)=CC=C1)=C(C=N2)C#N,9294665,CC#CC(=O)Nc1cc2c(Nc3cccc(Br)c3)c(C#N)cnc2cc1OC,0
CC(C)(C)[Si](C)(C)OC1=CC=CC(=C1)C(Cl)C1=CC=CC(Br)=C1,9339242,CC(C)(C)[Si](C)(C)Oc1cccc(C(Cl)c2cccc(Br)c2)c1,155767-24-1
OC(=O)C1=C(Br)C(F)=CC(F)=C1,9621265,O=C(O)c1cc(F)cc(F)c1Br,0
CC(C)[Si](OC1=CC(Br)=CC=C1)(C(C)C)C(C)C,9700404,CC(C)[Si](Oc1cccc(Br)c1)(C(C)C)C(C)C,571202-87-4
CC1=CC=C(Br)C(CO)=C1,9757770,Cc1ccc(Br)c(CO)c1,727985-37-7
OC1=CC(Br)=CC(=C1O)N(=O)=O,9761569,O=[N+]([O-])c1cc(Br)cc(O)c1O,671779-99-0
OC(=O)\C=C\C1=C(F)C=C(Br)C=C1,9761962,O=C(O)/C=C/c1ccc(Br)cc1F,575469-65-7
COC1=CC(C)=C(NC(C)=O)C=C1Br,9762230,COc1cc(C)c(NC(C)=O)cc1Br,0
BrC1=CC=C(C=C1)[C@@H]1O[C@H]1C(=O)C1=CC=CC=C1,9849478,O=C(c1ccccc1)[C@@H]1O[C@H]1c1ccc(Br)cc1,0
COC1=CC=C(\C=C\C(=O)C2=C(Br)C=CC=C2)C=C1,9912475,COc1ccc(/C=C/C(=O)c2ccccc2Br)cc1,0
BrC1=CC=C(CCN2CCOCC2)C=C1,10002059,Brc1ccc(CCN2CCOCC2)cc1,736991-39-2
CN(C)C(=O)SC1=CC(F)=CC=C1Br,10428827,CN(C)C(=O)Sc1cc(F)ccc1Br,147460-42-2
CC1=CC(=CC(C)=C1Br)N(C1=CC=CC=C1)C1=CC=CC=C1,11039593,Cc1cc(N(c2ccccc2)c2ccccc2)cc(C)c1Br,0
COC(=O)OC\C=C\C1=CC=C(Br)C=C1,11165810,COC(=O)OC/C=C/c1ccc(Br)cc1,640291-86-7
COC(=O)C(=O)\C=C\C1=CC=CC=C1Br,11182494,COC(=O)C(=O)/C=C/c1ccccc1Br,0
BrC\C=C(/I)C1=CC=C(Br)C=C1,11191314,BrC/C=C(\I)c1ccc(Br)cc1,869209-22-3
COC1=CC(F)=C(Br)C=C1C=O,11253238,COc1cc(F)c(Br)cc1C=O,0
ClS(=O)(=O)\C=C\C1=CC=C(Br)C=C1,11460607,O=S(=O)(Cl)/C=C/c1ccc(Br)cc1,315495-26-2
COC1=C(OCCN2CCCC2)C=CC(Br)=C1,11477976,COc1cc(Br)ccc1OCCN1CCCC1,193966-43-7
CC1=C(Br)C=CC=C1NC1CC1,11613352,Cc1c(Br)cccc1NC1CC1,245765-58-6
FC1=C(OC2=CC=CC=C2)C=C(Br)C=C1,13254843,Fc1ccc(Br)cc1Oc1ccccc1,112204-59-8
BrC1=CC=C(CCCOCC2=CC=CC=C2)C=C1,13495577,Brc1ccc(CCCOCc2ccccc2)cc1,433332-03-7
CCOC(=O)C1=C(Br)C=CC(F)=C1,13501904,CCOC(=O)c1cc(F)ccc1Br,139911-28-7
FC(F)(F)OC1=CC(=C(Br)C=C1)N(=O)=O,13675699,O=[N+]([O-])c1cc(OC(F)(F)F)ccc1Br,95668-21-6
FC(F)(F)C1=CC(Cl)=C(Br)C(Cl)=C1,13990406,FC(F)(F)c1cc(Cl)c(Br)c(Cl)c1,118754-53-3
COC1=CC(N)=C(Br)C=C1C,14158567,COc1cc(N)c(Br)cc1C,532440-88-3
COC(=O)C(C)(C)C1=CC=C(Br)C=C1N(=O)=O,14272766,COC(=O)C(C)(C)c1ccc(Br)cc1[N+](=O)[O-],544709-66-2
COCC1=CC(OC)=C(Br)C(OC)=C1,14303616,COCc1cc(OC)c(Br)c(OC)c1,685886-78-6
CS(=O)(=O)OCCOC1=CC=C(Br)C=C1,14306750,CS(=O)(=O)OCCOc1ccc(Br)cc1,945999-94-0
BrC1=CC=CC=C1C1=NCCN1,14315340,Brc1ccccc1C1=NCCN1,741662-26-0
FC1=C(C#N)C(Br)=CC(Cl)=C1,14425992,N#Cc1c(F)cc(Cl)cc1Br,858414-22-9
BrC1=CC2=C(C=C1)C=C(C=C)C=C2,14466785,C=Cc1ccc2cc(Br)ccc2c1,170737-47-0
OC(=O)CCC1=CC(F)=C(Br)C=C1,14835361,O=C(O)CCc1ccc(Br)c(F)c1,127425-80-3
NCC1=CC(Br)=CC(Cl)=C1,15035718,NCc1cc(Cl)cc(Br)c1,917388-35-3
CC(=O)C1=C(F)C=CC=C1Br,15486777,CC(=O)c1c(F)cccc1Br,928715-37-1
CN(CC1=CC=C(Br)C=C1)C(C)=O,15578811,CC(=O)N(C)Cc1ccc(Br)cc1,85704-08-1
CNCC1=CC(=CC=C1Br)N(=O)=O,18418528,CNCc1cc([N+](=O)[O-])ccc1Br,1037082-28-2
CN(C(=O)C#CC1=CC=CC=C1)C1=CC=CC=C1Br,18557281,CN(C(=O)C#Cc1ccccc1)c1ccccc1Br,1013905-86-6
CC(C)(C)[S@@](=O)N=CC1=CC=CC=C1Br,18847679,CC(C)(C)[S@@](=O)N=Cc1ccccc1Br,1015198-51-2
CC(C)(C)[Si](C)(C)OCC1=C(C=CC=C1Br)N(=O)=O,19065736,CC(C)(C)[Si](C)(C)OCc1c(Br)cccc1[N+](=O)[O-],1147531-02-9
BrC1=CC(OCC2CCCCC2)=CC=C1,19139608,Brc1cccc(OCC2CCCCC2)c1,1036561-63-3
CC1=C(NC(=O)C(F)(F)F)C=C(Br)C=C1,19151486,Cc1ccc(Br)cc1NC(=O)C(F)(F)F,338451-90-4
COC(=O)OC1=CC(=C(Br)C=C1C1CCCC1)N(=O)=O,19201217,COC(=O)Oc1cc([N+](=O)[O-])c(Br)cc1C1CCCC1,1161025-10-0
BrC1=C(C=CC(CN2C(=O)C3=C(C=CC=C3)C2=O)=C1)C#N,19346730,N#Cc1ccc(CN2C(=O)c3ccccc3C2=O)cc1Br,1177558-38-1
CC1=C(F)C(F)=CC(Br)=C1,19508529,Cc1cc(Br)cc(F)c1F,1143502-75-3
BrC1=CC=C(CCCI)C=C1,19527708,Brc1ccc(CCCI)cc1,785779-33-1
COC(=O)C1=CC(Br)=C(C)C(C=O)=C1,19807065,COC(=O)c1cc(Br)c(C)c(C=O)c1,1229244-86-3
COCCCC1=C(C)C(Br)=CC(CN(C2CC2)C(=O)[C@H]2CNCC[C@@H]2C2=CC(=O)N(C)C=C2)=C1,19923332,COCCCc1cc(CN(C(=O)[C@H]2CNCC[C@@H]2c2ccn(C)c(=O)c2)C2CC2)cc(Br)c1C,1312350-29-0
NC1=CC(=NO1)C1=CC(Br)=CC=C1,20179040,Nc1cc(-c2cccc(Br)c2)no1,119162-52-6
BrC1=CC=CC(=C1)C1=CN=C2C=CC=CC2=N1,20297251,Brc1cccc(-c2cnc3ccccc3n2)c1,1221687-34-8
COC1=CC=C(C=C1)C1=CC=C(Br)C(F)=C1,20348512,COc1ccc(-c2ccc(Br)c(F)c2)cc1,1228186-74-0
CC1=C(C=CC=C1Br)N1C=NC2=C(C=CC=C2)C1=O,20349616,Cc1c(Br)cccc1-n1cnc2ccccc2c1=O,1231891-08-9
COC1=CN(N=C(C2=CC=NN2C2=CC=CC=C2)C1=O)C1=C(F)C(Br)=CC=C1,20476009,COc1cn(-c2cccc(Br)c2F)nc(-c2ccnn2-c2ccccc2)c1=O,1238696-48-4
CC1=C(C(F)=CC(Br)=C1)N(=O)=O,20536081,Cc1cc(Br)cc(F)c1[N+](=O)[O-],1224629-03-1
COC(=O)C1=C(Br)C(OC)=CC(Cl)=C1,20537995,COC(=O)c1cc(Cl)cc(OC)c1Br,1234845-39-6
CNC1=CC=CC(Br)=C1N(=O)=O,20605854,CNc1cccc(Br)c1[N+](=O)[O-],1150617-53-0
NC1=C(Br)C=C(C(F)=C1)C(F)(F)F,20646873,Nc1cc(F)c(C(F)(F)F)cc1Br,1239463-37-6
FC1=CC(Br)=C(C=C1)C1OCCO1,20705788,Fc1ccc(C2OCCO2)c(Br)c1,773097-04-4
COC(=O)C1=CC(O)=C(N)C(Br)=C1,20804354,COC(=O)c1cc(O)c(N)c(Br)c1,1246759-65-8
FC1=CC=CC(CBr)=C1Br,20880740,Fc1cccc(CBr)c1Br,1184918-22-6
FCC1(COCC(=S)N1)C1=CC(Br)=CC=C1,21011987,FCC1(c2cccc(Br)c2)COCC(=S)N1,1262858-80-9
CN1CCN(CC1)C1=C(Br)C=C(C=C1)N(=O)=O,21025536,CN1CCN(c2ccc([N+](=O)[O-])cc2Br)CC1,477846-54-1
O[C@]1(C[C@@](C1)(N1C(=O)C2=C(C=CC=C2)C1=O)C1=CC=C(Br)C=C1)C1CC1,21104344,O=C1c2ccccc2C(=O)N1[C@]1(c2ccc(Br)cc2)C[C@](O)(C2CC2)C1,1199557-06-6
COC1=CC=C(CN[C@@](C)(CO)C2=C(F)C=CC(Br)=C2)C=C1,21196764,COc1ccc(CN[C@@](C)(CO)c2cc(Br)ccc2F)cc1,1266785-96-9
NC1=C(C=C(Br)C2=CC=CC=C12)C(=O)N[C@H]1CCOC[C@@H]1O,21236811,Nc1c(C(=O)N[C@H]2CCOC[C@@H]2O)cc(Br)c2ccccc12,1268515-67-8
FC(F)(F)OC1=CC=C(CC2=CC(Br)=CC=C2Cl)C=C1,21239955,FC(F)(F)Oc1ccc(Cc2cc(Br)ccc2Cl)cc1,1181681-65-1
CCOC(=O)CCC1=C(Br)C=CC(Cl)=C1,21533523,CCOC(=O)CCc1cc(Cl)ccc1Br,1261761-66-3
CN(C#CC1=CC=C(Br)C=C1)S(C)(=O)=O,21897422,CN(C#Cc1ccc(Br)cc1)S(C)(=O)=O,1333483-17-2
COC1=CC(C(=O)C2=CC=CC=C2)=C(OC)C=C1Br,21993444,COc1cc(C(=O)c2ccccc2)c(OC)cc1Br,1345983-67-6
CC1=C(Br)C(C(O)=O)=C(F)C=C1,22290799,Cc1ccc(F)c(C(=O)O)c1Br,1359857-60-5
FC1=C(Br)C=CC(=C1)C1CO1,22890931,Fc1cc(C2CO2)ccc1Br,1400997-35-4
BrC1=CC=C(C=C1)[C@H]1COC2=CC=CC=C2O1,22895124,Brc1ccc([C@H]2COc3ccccc3O2)cc1,1400797-06-9
CC1=CC=C(C=C1)S(=O)(=O)NC1=C(CCl)C=C(Br)C=C1,22924184,Cc1ccc(S(=O)(=O)Nc2ccc(Br)cc2CCl)cc1,1402043-08-6
COC1=CC=C(CNC2=CC(Br)=CC=C2N(=O)=O)C=C1,23269287,COc1ccc(CNc2cc(Br)ccc2[N+](=O)[O-])cc1,0
CCC1=C(Br)C=C(F)C(OCOCC[Si](C)(C)C)=C1,23333386,CCc1cc(OCOCC[Si](C)(C)C)c(F)cc1Br,1421503-39-0
BrCC1=C(Br)C=C(C=C1)C1=CC=CC=C1,23371601,BrCc1ccc(-c2ccccc2)cc1Br,1396865-04-5
NC1=C(C=O)C=C(Br)C(Cl)=C1,23476089,Nc1cc(Cl)c(Br)cc1C=O,1036757-11-5
COC(=O)CC1=C(Cl)C=C(Br)C(C)=C1,23508239,COC(=O)Cc1cc(C)c(Br)cc1Cl,1428761-26-5
FC(F)(F)C1=CC(OCC2=CC=CC=C2)=C(Br)C=C1,23568107,FC(F)(F)c1ccc(Br)c(OCc2ccccc2)c1,1429027-74-6
CCOC(=O)C1=C(N(N=C1)C1CCOC1)C1=C(Cl)C=C(Br)C=C1,23594499,CCOC(=O)c1cnn(C2CCOC2)c1-c1ccc(Br)cc1Cl,1429510-28-0
OC(=O)C1=C(N(N=C1)C1CCOC1)C1=C(Cl)C=C(Br)C=C1,23594500,O=C(O)c1cnn(C2CCOC2)c1-c1ccc(Br)cc1Cl,1429510-29-1
CCN1C(=O)C(=CC2=CN=C(Cl)C=C12)C1=C(Br)C=C(F)C(N)=C1,23609225,CCn1c(=O)c(-c2cc(N)c(F)cc2Br)cc2cnc(Cl)cc21,1442470-52-1
CCOC(=O)CC1=C(Br)C=C(F)C(=C1)N(=O)=O,23609300,CCOC(=O)Cc1cc([N+](=O)[O-])c(F)cc1Br,1012879-10-5
NC1=C(OC(F)F)C=C(Br)C=C1,23709705,Nc1ccc(Br)cc1OC(F)F,1000575-14-3
C[C@]1(CS(=O)(=O)C2(CCC2)C(N)=N1)C1=C(F)C=CC(Br)=C1,24643782,C[C@@]1(c2cc(Br)ccc2F)CS(=O)(=O)C2(CCC2)C(N)=N1,0
BrC1=CC=CC=C1SN1C(=O)CCC1=O,26602049,O=C1CCC(=O)N1Sc1ccccc1Br,1541160-62-6
ClC1=CC(Br)=C(C=C1)N1C=NN=N1,26611577,Clc1ccc(-n2cnnn2)c(Br)c1,1501463-24-6
COC(=O)CC1=C(Cl)N2N=C(C=C2N=C1C)C1=CC(Br)=CC=C1,26677327,COC(=O)Cc1c(C)nc2cc(-c3cccc(Br)c3)nn2c1Cl,1567213-38-0
COC(=O)C(=O)C1=C(Cl)N2N=C(C=C2N=C1C)C1=CC(Br)=CC=C1,26677337,COC(=O)C(=O)c1c(C)nc2cc(-c3cccc(Br)c3)nn2c1Cl,1567215-19-3
COC(=O)[C@@H](O)C1=C(Cl)N2N=C(C=C2N=C1C)C1=CC(Br)=CC=C1,26677338,COC(=O)[C@@H](O)c1c(C)nc2cc(-c3cccc(Br)c3)nn2c1Cl,1567215-22-8
BrC1=C(C=CC=C1)C1=CC2=CC=CC=C2S1,26682282,Brc1ccccc1-c1cc2ccccc2s1,1296819-23-2
COC(=O)C1=C(NC(=O)COC2=CC=C(Cl)C=C2)C=CC(Br)=C1,26726910,COC(=O)c1cc(Br)ccc1NC(=O)COc1ccc(Cl)cc1,452349-91-6
CS(=O)(=NC(=O)C1=CC=C(Br)C=C1)C1=CC=CC=C1,26734372,CS(=O)(=NC(=O)c1ccc(Br)cc1)c1ccccc1,1572535-33-1
CN(C)C1=CC=C(C=C1)C(=C(C1=CC=CC=C1)C1=CC=C(Br)C=C1)C1=CC=C(C=C1)N(C)C,26818558,CN(C)c1ccc(C(=C(c2ccccc2)c2ccc(Br)cc2)c2ccc(N(C)C)cc2)cc1,1071547-23-3
CCN1C=NC2=C1N=NC=C2C1=CC(Br)=C(F)C=C1,26910396,CCn1cnc2c(-c3ccc(F)c(Br)c3)cnnc21,1614246-28-4
BrC1=CC(C(=O)NCC2=CC=CC=C2)=C(I)C=C1,26984499,O=C(NCc1ccccc1)c1cc(Br)ccc1I,401605-31-0
CC(=O)OCC1=CC(OC2=C3C=COC3=CC=N2)=CC=C1Br,27008906,CC(=O)OCc1cc(Oc2nccc3occc23)ccc1Br,1609581-27-2
COC1=CC=C(C=C1)C1=C(OC2=CC=C(Br)C=C2)C2=C(C=C(OC)C=C2)S1=O,27096294,COc1ccc(C2=C(Oc3ccc(Br)cc3)c3ccc(OC)cc3S2=O)cc1,1622308-83-1
COC1=CC=C(C=C1)C1=C(OC2=CC=C(Br)C=C2)C2=C(S1)C=C(OC)C=C2,27096295,COc1ccc(-c2sc3cc(OC)ccc3c2Oc2ccc(Br)cc2)cc1,1622308-87-5
ON=CC1=CC=C(Cl)C=C1Br,27143179,ON=Cc1ccc(Cl)cc1Br,1379427-96-9
COC(=O)C1=CC(OC)=C(Cl)C(Br)=C1,27402492,COC(=O)c1cc(Br)c(Cl)c(OC)c1,0
CC(C)CN(C1CCCCC1)C1=C(N)C=C(Br)C=C1,27406065,CC(C)CN(c1ccc(Br)cc1N)C1CCCCC1,0
CC(C)(C)OC(=O)N1CC2CCC1(CC2)C(=O)N[C@@H](CC1=C(F)C=C(Br)C=C1)C#N,27436564,CC(C)(C)OC(=O)N1CC2CCC1(C(=O)N[C@H](C#N)Cc1ccc(Br)cc1F)CC2,0
CS(=O)(=O)CC1=CC(Br)=C(NC2=CC=C(Cl)C=C2)C=C1,27451478,CS(=O)(=O)Cc1ccc(Nc2ccc(Cl)cc2)c(Br)c1,0
COC(=O)C1=C(OCC2=CC=CC=C2)C=C(C(Br)=C1)C1=C(F)C=C(F)C=C1,27544306,COC(=O)c1cc(Br)c(-c2ccc(F)cc2F)cc1OCc1ccccc1,0
CC1=C(C(C)=NO1)C1=CC(Br)=C(N)C(=C1)N(=O)=O,27721847,Cc1noc(C)c1-c1cc(Br)c(N)c([N+](=O)[O-])c1,0
COC(=O)CCC1=CC(OC)=CC(Br)=C1,27748951,COC(=O)CCc1cc(Br)cc(OC)c1,0
OCC1=CC(Br)=C(C=C1)N(=O)=O,27864465,O=[N+]([O-])c1ccc(CO)cc1Br,0
NC1=C(C=C(OC(F)(F)F)C=C1Br)C(O)=O,27866652,Nc1c(Br)cc(OC(F)(F)F)cc1C(=O)O,0
CC(C)OC1=C(C=O)C=C(Br)C(=C1F)C1=CC=C(F)C=C1,27959894,CC(C)Oc1c(C=O)cc(Br)c(-c2ccc(F)cc2)c1F,0
COC1=C(O)C=C(Br)C=C1F,28092938,COc1c(O)cc(Br)cc1F,0
COC(=O)[C@@]1(C[C@H](O)C1)C1=CC=C(Br)C=C1,28124286,COC(=O)[C@]1(c2ccc(Br)cc2)C[C@H](O)C1,0
NC1=C(N=C(C=N1)C(=O)N1CCOCC1)C1=CC(F)=C(C=C1)C(=O)N[C@H](CO)C1=CC(Br)=CC(F)=C1,28362774,Nc1ncc(C(=O)N2CCOCC2)nc1-c1ccc(C(=O)N[C@H](CO)c2cc(F)cc(Br)c2)c(F)c1,0
COC(=O)C1=CC=C(O[C@H]2CCN(C2)C(=O)OC(C)(C)C)C(Br)=C1,28647990,COC(=O)c1ccc(O[C@H]2CCN(C(=O)OC(C)(C)C)C2)c(Br)c1,0
FS(=O)(=O)C1=C(Br)C=CC=C1,28681576,O=S(=O)(F)c1ccccc1Br,0
FC(F)C1=CC=C(Cl)C(F)=C1Br,28893798,Fc1c(Cl)ccc(C(F)F)c1Br,0
COC(=O)C1=CC=C(Br)C(F)=C1N,28920219,COC(=O)c1ccc(Br)c(F)c1N,0
CC(C)(C)C1=CC(=CC(Br)=C1)N1C=CN=C1,28955420,CC(C)(C)c1cc(Br)cc(-n2ccnc2)c1,0
OC(=O)C1=C(Cl)C(Br)=CC(Cl)=C1O,28979014,O=C(O)c1c(O)c(Cl)cc(Br)c1Cl,0
CN(C[C@@H](N)C1=CC(F)=CC(Br)=C1)S(=O)(=O)C1=CC=CC=C1N(=O)=O,29063604,CN(C[C@@H](N)c1cc(F)cc(Br)c1)S(=O)(=O)c1ccccc1[N+](=O)[O-],0
N[C@H](CNS(=O)(=O)C1=CC=CC=C1N(=O)=O)C1=CC(F)=CC(Br)=C1,29063606,N[C@H](CNS(=O)(=O)c1ccccc1[N+](=O)[O-])c1cc(F)cc(Br)c1,0
NC1=C(N=C(C=N1)C(O)=O)C1=CC=C(C(=O)N[C@H](CO)C2=CC(F)=CC(Br)=C2)C(F)=C1,29063739,Nc1ncc(C(=O)O)nc1-c1ccc(C(=O)N[C@H](CO)c2cc(F)cc(Br)c2)c(F)c1,0
COC(=O)C1=C(C)C=C(OC)C(Br)=C1,29475913,COC(=O)c1cc(Br)c(OC)cc1C,0
N[C@H](CC=C)C1=C(Br)C=CC=C1OC(F)F,29534948,C=CC[C@@H](N)c1c(Br)cccc1OC(F)F,0
CC(C)(C)OC(=O)N(C1=CC=CC=C1)C1=CC=CC=C1Br,29917568,CC(C)(C)OC(=O)N(c1ccccc1)c1ccccc1Br,0
NC(=O)\C=C\C1=C(Br)C=CC(O)=C1,30126667,NC(=O)/C=C/c1cc(O)ccc1Br,0
COC(=O)C#CC(O)C1=C(F)C=C(Br)C=C1,30454802,COC(=O)C#CC(O)c1ccc(Br)cc1F,0
OCCN(C1CCOCC1)C1=C(C=C(Br)C=C1)N(=O)=O,30641722,O=[N+]([O-])c1cc(Br)ccc1N(CCO)C1CCOCC1,0
BrC1=CC(=C(C=C1)N(CC=O)C1CCOCC1)N(=O)=O,30641723,O=CCN(c1ccc(Br)cc1[N+](=O)[O-])C1CCOCC1,0
FC(F)CN(C1CCOCC1)C1=C(C=C(Br)C=C1)N(=O)=O,30641724,O=[N+]([O-])c1cc(Br)ccc1N(CC(F)F)C1CCOCC1,0
CCN(C1CCSCC1)C1=C(C=C(Br)C=C1)N(=O)=O,30641744,CCN(c1ccc(Br)cc1[N+](=O)[O-])C1CCSCC1,0
NC1=C(C=CC(Br)=C1Cl)C(O)=O,30745158,Nc1c(C(=O)O)ccc(Br)c1Cl,0
CNC1=C(Br)C=C(C=C1N(=O)=O)C(=O)OC,30762568,CNc1c(Br)cc(C(=O)OC)cc1[N+](=O)[O-],0
FC1=C(Cl)C=C(Br)C=C1N(=O)=O,31078617,O=[N+]([O-])c1cc(Br)cc(Cl)c1F,0
NC1=C(Br)C=CC=C1C1=CC=CC=C1,31310844,Nc1c(Br)cccc1-c1ccccc1,0
COC1=NC(Cl)=CC2=C1C(=O)C(O)=C(O2)C1=CC=C(Br)C=C1,31492150,COc1nc(Cl)cc2oc(-c3ccc(Br)cc3)c(O)c(=O)c12,0
NC(=O)C1=CC(Br)=C(F)C(=C1)N(=O)=O,31948081,NC(=O)c1cc(Br)c(F)c([N+](=O)[O-])c1,0
FC1=C(Cl)C(Br)=CC=C1N(=O)=O,32606767,O=[N+]([O-])c1ccc(Br)c(Cl)c1F,0
FC(F)OC1=CC(Cl)=C(Br)C=C1I,33320329,FC(F)Oc1cc(Cl)c(Br)cc1I,0
BrC1=CC=CC(CN2C(=O)C=NC3=C2C=CC=C3)=C1,33348359,O=c1cnc2ccccc2n1Cc1cccc(Br)c1,0
BrC1=CC=C(C=C1)[C@H]1CN(CC=C)[C@H]1C#N,33628884,C=CCN1C[C@H](c2ccc(Br)cc2)[C@@H]1C#N,0
CC1=C(N)C=C(C(Br)=C1)C(F)(F)F,33682226,Cc1cc(Br)c(C(F)(F)F)cc1N,0
CC1=C(Br)C=CC(CO)=C1F,33799058,Cc1c(Br)ccc(CO)c1F,0
CC(C)(C)OC(=O)N1CCC(=O)C1CC1=CC=CC(Br)=C1,34332658,CC(C)(C)OC(=O)N1CCC(=O)C1Cc1cccc(Br)c1,0
CC1=C(Cl)C=C(F)C(C=O)=C1Br,34845242,Cc1c(Cl)cc(F)c(C=O)c1Br,0
CC1=C(C=CC(Br)=C1F)C(O)=O,35333962,Cc1c(C(=O)O)ccc(Br)c1F,0
CC1(C)OB(OC1(C)C)C1=C(F)C(Br)=CC(Cl)=C1,36492826,CC1(C)OB(c2cc(Cl)cc(Br)c2F)OC1(C)C,0
CC1=C(Br)C(=CC=C1)C(F)(F)F,37771082,Cc1cccc(C(F)(F)F)c1Br,0
BrC1=CC=CC(=C1)N1C=CC=C1,117961,Brc1cccc(-n2cccc2)c1,107302-22-7
BrC1=CC=C(C=C1)C1=CSC(=O)N1,153634,O=c1[nH]c(-c2ccc(Br)cc2)cs1,3884-34-2
BrC1=CC=C(C=C1)C(=O)CC1=NC=CC=C1,159571,O=C(Cc1ccccn1)c1ccc(Br)cc1,72053-00-0
CC1=CC=CN2C=C(N=C12)C1=CC=C(Br)C=C1,652256,Cc1cccn2cc(-c3ccc(Br)cc3)nc12,888-61-9
BrC1=CC=C(C=C1)N=NC(=NNC1=CC=CC=C1)C1=CC=CC=C1,925771,Brc1ccc(N=NC(=NNc2ccccc2)c2ccccc2)cc1,23553-51-7
CCOC(=O)C1=C(C)N=C(S1)C1=CC=C(Br)C=C1,999004,CCOC(=O)c1sc(-c2ccc(Br)cc2)nc1C,61291-89-2
BrC1=CC=CC(=C1)N1C=NN=N1,1104344,Brc1cccc(-n2cnnn2)c1,65697-41-8
NC1=NN=NN1C1=CC=C(Br)C=C1,1110207,Nc1nnnn1-c1ccc(Br)cc1,30895-18-2
BrC1=CC=C(C=C1)C(=O)C[N+]1=CC=CC=C1,1429420,O=C(C[n+]1ccccc1)c1ccc(Br)cc1,59036-95-2
BrC1=CC=C(C=C1)C1=C(C=O)C2=C(N1)C=CC=C2,1532801,O=Cc1c(-c2ccc(Br)cc2)[nH]c2ccccc12,54031-95-7
COC1=CC2=C(C=C1OC)C(CC1=CC(OC)=C(OC)C=C1Br)=NCC2,1555721,COc1cc(Br)c(CC2=NCCc3cc(OC)c(OC)cc32)cc1OC,41823-67-0
BrC1=CC=C(C=C1)C1=CC(=NN1C1=CC=CC=C1)C1=CC=CC=C1,1588868,Brc1ccc(-c2cc(-c3ccccc3)nn2-c2ccccc2)cc1,16860-56-3
BrC1=CC=C(C=C1)C1=CC=C(S1)C=O,1682123,O=Cc1ccc(-c2ccc(Br)cc2)s1,38401-70-6
BrC1=CC=C(C=C1)N1C(=CC=C1C1=CC=CC=C1)C1=CC=CC=C1,1686487,Brc1ccc(-n2c(-c3ccccc3)ccc2-c2ccccc2)cc1,26165-88-8
BrC1=CC=CC=C1C(=O)NNC1=CC=CC=C1,1820819,O=C(NNc1ccccc1)c1ccccc1Br,50625-52-0
OC1=CC(Cl)=C(Br)C(Cl)=C1,1868191,Oc1cc(Cl)c(Br)c(Cl)c1,1940-28-9
BrCCOC1=CC=CC=C1Br,1945593,BrCCOc1ccccc1Br,18800-28-7
CC(=NO)C1=CC(Br)=CC=C1O,1948614,CC(=NO)c1cc(Br)ccc1O,42524-21-0
ClC(=O)C1=CC(=CC(Br)=C1)N(=O)=O,1963562,O=C(Cl)c1cc(Br)cc([N+](=O)[O-])c1,51339-40-3
CCC1=C2C=CC=CC2=C(Br)C2=C1C=CC=C2,1966730,CCc1c2ccccc2c(Br)c2ccccc12,28591-87-9
FC(F)(F)S(=O)(=O)NC1=CC=CC=C1Br,1983230,O=S(=O)(Nc1ccccc1Br)C(F)(F)F,23384-07-8
BrC1=CC=CC(OC2=CC(OC3=CC=CC=C3)=CC=C2)=C1,1990418,Brc1cccc(Oc2cccc(Oc3ccccc3)c2)c1,23840-43-9
CC(=O)OC1=CC=C(OC(C)=O)C(Br)=C1,2053249,CC(=O)Oc1ccc(OC(C)=O)c(Br)c1,52376-16-6
CN(C)CCC(=O)C1=CC=CC=C1Br,2098963,CN(C)CCC(=O)c1ccccc1Br,71132-66-6
CC(=O)NC1=CC2=C(C=C1)C=C(Br)C=C2,2100747,CC(=O)Nc1ccc2cc(Br)ccc2c1,71590-32-4
OC(C=C)(C1=CC=CC=C1)C1=CC=C(Br)C=C1,2104836,C=CC(O)(c1ccccc1)c1ccc(Br)cc1,56431-28-8
BrC1=CC=C(NC(=O)C2=C(I)C=CC=C2)C=C1,2117831,O=C(Nc1ccc(Br)cc1)c1ccccc1I,313268-47-2
ClC(=C)C1=CC=C(Br)C=C1,2241449,C=C(Cl)c1ccc(Br)cc1,41876-64-6
CC(=C)C1=C(Br)C=C(F)C=C1,2247486,C=C(C)c1ccc(F)cc1Br,51788-87-5
OCCC1=CC=C(Cl)C=C1Br,2253604,OCCc1ccc(Cl)cc1Br,52864-57-0
CC(=O)C1=CC2=C(C=CC(Br)=C2)C=C1,2254311,CC(=O)c1ccc2ccc(Br)cc2c1,72775-29-2
BrCC1=CC=C(C=C1Br)N(=O)=O,2255337,O=[N+]([O-])c1ccc(CBr)c(Br)c1,940-05-6
OC(=O)C1=C(Cl)C(=CC(Br)=C1)N(=O)=O,2277678,O=C(O)c1cc(Br)cc([N+](=O)[O-])c1Cl,60541-88-0
OCCOC(=O)C1=CC=C(Br)C=C1,2329596,O=C(OCCO)c1ccc(Br)cc1,53305-33-2
FC1=C(C=C(C(Br)=C1)N(=O)=O)N(=O)=O,2334022,O=[N+]([O-])c1cc([N+](=O)[O-])c(Br)cc1F,400-91-9
CCCCC(=O)C1=CC=CC=C1Br,2358396,CCCCC(=O)c1ccccc1Br,79784-61-5
C\C(=C/C=O)C1=CC=C(Br)C=C1,2435444,C/C(=C\C=O)c1ccc(Br)cc1,21866-72-8
OC(=O)C1=CC(I)=C(Br)C=C1,2438799,O=C(O)c1ccc(Br)c(I)c1,42860-06-0
COC1=C(Br)C=C(Cl)C(C)=C1,2441614,COc1cc(C)c(Cl)cc1Br,90004-78-7
ClC1=CC=C(C=C1)C(=O)CC1=CC=C(Br)C=C1,2456985,O=C(Cc1ccc(Br)cc1)c1ccc(Cl)cc1,23566-00-9
OS(=O)(=O)C1=CC=C(Br)C2=CC=CC=C12,2457544,O=S(=O)(O)c1ccc(Br)c2ccccc12,162109-20-8
CC1=CC(S)=C(C)C=C1Br,2516466,Cc1cc(Br)c(C)cc1S,14207-32-0
COC1=C(C)C=C(C)C=C1Br,2518433,COc1c(C)cc(C)cc1Br,65492-45-7
CCC(C)OC1=CC=C(Br)C=C1,2519498,CCC(C)Oc1ccc(Br)cc1,103323-60-0
CC1=CC(Br)=CC(C)=C1OCC=C,2521691,C=CCOc1c(C)cc(Br)cc1C,100125-86-8
BrC1=C(C=C(OCC2=CC=CC=C2)C=C1)N(=O)=O,2534464,O=[N+]([O-])c1cc(OCc2ccccc2)ccc1Br,4514-28-7
OC(=O)CS(=O)C1=CC=C(Br)C=C1,2557426,O=C(O)CS(=O)c1ccc(Br)cc1,30034-34-5
OC(=O)C1=CC(Br)=CC=C1C1=CC=CC=C1,2580484,O=C(O)c1cc(Br)ccc1-c1ccccc1,69200-18-6
BrC1=CC=C(C=C1)C1CCCCC1=O,2580875,O=C1CCCCC1c1ccc(Br)cc1,91720-92-2
CNC1=CC(Br)=C(C)C=C1,2637768,CNc1ccc(C)c(Br)c1,101251-11-0
CCNC(=O)C1=CC=C(Br)C=C1,2640246,CCNC(=O)c1ccc(Br)cc1,41882-25-1
ClC1=CC=C(CNC2=CC=C(Br)C=C2)C=C1,2648520,Clc1ccc(CNc2ccc(Br)cc2)cc1,195968-98-0
COC1=CC(Br)=C(CC(Cl)=O)C=C1OC,2652630,COc1cc(Br)c(CC(=O)Cl)cc1OC,6831-57-8
COC(=O)CC1=CC(Br)=C(OCC2=CC=CC=C2)C=C1,2662864,COC(=O)Cc1ccc(OCc2ccccc2)c(Br)c1,101111-25-5
COC1=C(\C=C\C(O)=O)C=C(Br)C=C1,2693145,COc1ccc(Br)cc1/C=C/C(=O)O,60491-16-9
CC(=O)NC1=C(Br)C=C(C=C1)C(C)(C)C,2693688,CC(=O)Nc1ccc(C(C)(C)C)cc1Br,91801-97-7
CN(C)CCC(=O)C1=CC(Br)=CC=C1,2720359,CN(C)CCC(=O)c1cccc(Br)c1,51949-05-4
BrC1=CC=C(NC(=S)C#N)C=C1,2804418,N#CC(=S)Nc1ccc(Br)cc1,4953-80-4
OC1=CC=C2C=CC=CC2=C1C=NC1=CC=C(Br)C=C1,2810039,Oc1ccc2ccccc2c1C=Nc1ccc(Br)cc1,3230-63-5
BrC1=C(CN=C=S)C=CC=C1,2830684,S=C=NCc1ccccc1Br,17863-40-0
BrC1=CC=C(C=C1)S(=O)(=O)OC1=CC=CC=C1,2852898,O=S(=O)(Oc1ccccc1)c1ccc(Br)cc1,5455-14-1
NS(=O)(=O)C1=C(Br)C=CC(=C1)N(=O)=O,2855144,NS(=O)(=O)c1cc([N+](=O)[O-])ccc1Br,100707-40-2
OP(O)(=O)C1=CC=C(Br)C=C1,2936778,O=P(O)(O)c1ccc(Br)cc1,16839-13-7
CC(=O)NC1=C(Br)C=C(C=C1)C(O)=O,2973023,CC(=O)Nc1ccc(C(=O)O)cc1Br,74103-28-9
ClC(=O)C1=CC=C(Br)C(=C1)S(Cl)(=O)=O,3055391,O=C(Cl)c1ccc(Br)c(S(=O)(=O)Cl)c1,89642-47-7
CCOC(=O)C(CC1=CC=CC(Br)=C1)C(=O)OCC,3100313,CCOC(=O)C(Cc1cccc(Br)c1)C(=O)OCC,107558-73-6
CCOC(=O)C(=O)\C=C\C1=CC=C(Br)C=C1,3131820,CCOC(=O)C(=O)/C=C/c1ccc(Br)cc1,0
COC1=CC(O)=C(C(=O)\C=C\C2=CC=C(Br)C=C2)C(OC)=C1,3158287,COc1cc(O)c(C(=O)/C=C/c2ccc(Br)cc2)c(OC)c1,108979-08-4
BrC1=C(I)C=CC(C=O)=C1,3234460,O=Cc1ccc(I)c(Br)c1,873387-82-7
OS(=O)C1=CC(Br)=CC=C1,3237439,O=S(O)c1cccc(Br)c1,0
CCCCSC1=CC=C(Br)C=C1,3239578,CCCCSc1ccc(Br)cc1,121392-35-6
CCNC1=CC=C(C)C=C1Br,3241576,CCNc1ccc(C)cc1Br,81090-32-6
NC1=C(I)C=C(Br)C=C1I,3247724,Nc1c(I)cc(Br)cc1I,89280-77-3
CC(=O)NC1=C(O)C=CC(Br)=C1,3257495,CC(=O)Nc1cc(Br)ccc1O,107986-49-2
OC(=O)C1=C(Cl)C=C(Cl)C(Br)=C1,3258484,O=C(O)c1cc(Br)c(Cl)cc1Cl,791137-20-7
OC1=C(C=O)C=C(Br)C2=CC=CC=C12,3259169,O=Cc1cc(Br)c2ccccc2c1O,86343-77-3
CC(=O)NC1=C(Br)C=C(C)C(Cl)=C1,3267582,CC(=O)Nc1cc(Cl)c(C)cc1Br,116010-06-1
BrC1=CC=C(COCC2=CC=CC=C2)C=C1,3273195,Brc1ccc(COCc2ccccc2)cc1,81395-27-9
ClC(=O)C1=C(Br)C=C(C=C1)N(=O)=O,3285470,O=C(Cl)c1ccc([N+](=O)[O-])cc1Br,856794-72-4
OC(=O)C1=C(C(Br)=CC=C1)N(=O)=O,3285996,O=C(O)c1cccc(Br)c1[N+](=O)[O-],116529-61-4
NC1=CC=C(C=C1)S(=O)(=O)C1=CC=C(Br)C=C1,3298679,Nc1ccc(S(=O)(=O)c2ccc(Br)cc2)cc1,6626-22-8
COC(=O)C1=CC(OC)=C(O)C(Br)=C1,3312486,COC(=O)c1cc(Br)c(O)c(OC)c1,108249-43-0
CCCCCCCCCOC1=CC=C(Br)C=C1,3543948,CCCCCCCCCOc1ccc(Br)cc1,105100-90-1
BrC1=C(NCC=C)C=CC=C1,3603393,C=CCNc1ccccc1Br,73396-91-5
BrC1=CC=C(C=C1)S(=O)(=O)NCC1=CC=NC=C1,3617043,O=S(=O)(NCc1ccncc1)c1ccc(Br)cc1,126790-85-0
COC(=O)C(C)OC1=CC=C(Br)C=C1,3953009,COC(=O)C(C)Oc1ccc(Br)cc1,23849-12-9
BrC1=CC=CC=C1C1CCCN1,4231835,Brc1ccccc1C1CCCN1,129540-24-5
COC(=O)C1=C(C)NC(=S)NC1C1=CC=C(Br)C=C1,4322120,COC(=O)C1=C(C)NC(=S)NC1c1ccc(Br)cc1,134141-12-1
O[C@@H](CBr)C1=CC=C(Br)C=C1,4668107,O[C@@H](CBr)c1ccc(Br)cc1,96855-38-8
BrC1=CC=CC=C1COCC=C,4668263,C=CCOCc1ccccc1Br,87280-01-1
COC(=O)CCCC(=O)C1=CC=C(Br)C=C1,4685027,COC(=O)CCCC(=O)c1ccc(Br)cc1,90991-23-4
CCN(CC)C(=O)C1=CC(OC)=C(OC)C=C1Br,4749854,CCN(CC)C(=O)c1cc(OC)c(OC)cc1Br,105875-33-0
BrC1=C(COC2=C(C=O)C=CC=C2)C=CC=C1,4806143,O=Cc1ccccc1OCc1ccccc1Br,137266-01-4
BrC1=CC=CC=C1OC1=NC=CC=C1,4989826,Brc1ccccc1Oc1ccccn1,94191-74-9
CC1=CC=C(NCC2=CC=C(Br)C=C2)C=C1,5005719,Cc1ccc(NCc2ccc(Br)cc2)cc1,127598-63-4
CC(C)NC1=CC=C(Br)C=C1,5250763,CC(C)Nc1ccc(Br)cc1,121086-19-9
COC(=O)C(N)CC1=CC=C(Br)C=C1,5528492,COC(=O)C(N)Cc1ccc(Br)cc1,166967-59-5
BrC1=CC=CC(NC2=CC=CC=N2)=C1,5930944,Brc1cccc(Nc2ccccn2)c1,78644-74-3
CC(C(O)=O)C1=CC=CC=C1Br,6645216,CC(C(=O)O)c1ccccc1Br,153184-13-5
CC1=CC(=C(Cl)C=C1Br)N(=O)=O,6776558,Cc1cc([N+](=O)[O-])c(Cl)cc1Br,40371-64-0
FC(F)(F)\C=C\C1=CC=C(Br)C=C1,6912926,FC(F)(F)/C=C/c1ccc(Br)cc1,0
CC(=O)O[C@@H](C#N)C1=CC=C(Br)C=C1,7091802,CC(=O)O[C@@H](C#N)c1ccc(Br)cc1,0
CC(=O)C1=C(F)C=C(Br)C(F)=C1,7289834,CC(=O)c1cc(F)c(Br)cc1F,123942-11-0
OC1=CC=C2C=C(Br)C(OCC3=CC=CC=C3)=CC2=C1,7296067,Oc1ccc2cc(Br)c(OCc3ccccc3)cc2c1,171975-85-2
CC(=O)C1=CC=C(Br)C(O)=C1,7346003,CC(=O)c1ccc(Br)c(O)c1,73898-22-3
BrC1=CC=CC=C1CC(=O)NCC1=CC=CC=C1,7533977,O=C(Cc1ccccc1Br)NCc1ccccc1,178809-24-0
BrC1=CC=C(NC2=NC=NC3=C2C=CC=C3)C=C1,7994411,Brc1ccc(Nc2ncnc3ccccc23)cc1,0
CC1=C(NC(=O)OC(C)(C)C)C=C(Br)C=C1,8204116,Cc1ccc(Br)cc1NC(=O)OC(C)(C)C,0
COC1=CC=CC(SCC(=O)C2=CC=C(Br)C=C2)=C1,8261666,COc1cccc(SCC(=O)c2ccc(Br)cc2)c1,225222-73-1
OCC1=CC(Br)=C(I)C=C1,8479547,OCc1ccc(I)c(Br)c1,249647-26-5
ClC1=CC(Br)=CC(Cl)=C1CBr,8544503,Clc1cc(Br)cc(Cl)c1CBr,274671-76-0
FC1=CC=C(Br)C=C1S,8678486,Fc1ccc(Br)cc1S,0
CCCCCCCCCCCCOC1=C(OCCCCCCCCCCCC)C=C(Br)C=C1,8738538,CCCCCCCCCCCCOc1ccc(Br)cc1OCCCCCCCCCCCC,210834-64-3
BrC1=CC=CC=C1C(=O)NC1=NC=CC=C1,8765497,O=C(Nc1ccccn1)c1ccccc1Br,0
OC1=CC2=C(C=C1O)C(NC1=CC=CC(Br)=C1)=C(C=N2)C#N,8788652,N#Cc1cnc2cc(O)c(O)cc2c1Nc1cccc(Br)c1,214484-25-0
BrC1=CC(NC2=C(C=NC3=C2C=C2OCOC2=C3)C#N)=CC=C1,8789194,N#Cc1cnc2cc3c(cc2c1Nc1cccc(Br)c1)OCO3,0
COC1=CC2=C(C=C1OC)C(NC1=CC=CC(Br)=C1)=C(C=N2)C(O)=O,8792551,COc1cc2ncc(C(=O)O)c(Nc3cccc(Br)c3)c2cc1OC,214470-49-2
OC(C1=C(Br)C=CC=C1)C(F)(F)F,8977067,OC(c1ccccc1Br)C(F)(F)F,394203-55-5
CC1=C(CCl)N=C(O1)C1=CC=C(Br)C=C1,8979702,Cc1oc(-c2ccc(Br)cc2)nc1CCl,328918-81-6
CC(O)C#CC1=CC=C(Br)C=C1,9120745,CC(O)C#Cc1ccc(Br)cc1,129725-59-3
BrC1=CC=C(C=C1)N(C1=CC=CC=N1)C1=NC=CC=C1,9127266,Brc1ccc(N(c2ccccn2)c2ccccn2)cc1,467238-86-4
NS(=O)(=O)C1=C(F)C=C(Br)C=C1,9257211,NS(=O)(=O)c1ccc(Br)cc1F,214210-30-7
BrC1=CC=CC(=C1)C1=CC=C(C=O)C=C1,9323471,O=Cc1ccc(-c2cccc(Br)c2)cc1,400749-87-3
CCOC(=O)\C=C\C1=C(O)C=CC(Br)=C1,9327960,CCOC(=O)/C=C/c1cc(Br)ccc1O,515877-70-0
OC(=O)C1=C(CBr)C=C(Br)C=C1,9479316,O=C(O)c1ccc(Br)cc1CBr,632340-57-9
NC1=C(C=C(Br)C=C1)C(=O)C1=CC=C(F)C=C1,9488820,Nc1ccc(Br)cc1C(=O)c1ccc(F)cc1,395101-26-5
OC1=CC=C(C=C1)C(=O)C=CC1=CC(Br)=CC=C1,9557593,O=C(C=Cc1cccc(Br)c1)c1ccc(O)cc1,539857-04-0
CC(C)(C)S(=O)\N=C\C1=CC=C(Br)C=C1,9903147,CC(C)(C)S(=O)/N=C/c1ccc(Br)cc1,0
CC1=C(CCO)N=C(O1)C1=CC=CC(Br)=C1,9912450,Cc1oc(-c2cccc(Br)c2)nc1CCO,328918-97-4
C\C(C=O)=C/C1=CC=C(Br)C=C1,9995784,C/C(C=O)=C\c1ccc(Br)cc1,23632-41-9
BrC1=CC(=CC=C1)C(=O)CN=N#N,9996440,[N-]=[N+]=NCC(=O)c1cccc(Br)c1,681004-52-4
OB(O)\C=C\C1=CC=C(Br)C=C1,9997210,OB(O)/C=C/c1ccc(Br)cc1,0
CC(C)C[C@H](N[C@@H](C1=CC=C(Br)C=C1)C(F)(F)F)C(O)=O,10271620,CC(C)C[C@H](N[C@@H](c1ccc(Br)cc1)C(F)(F)F)C(=O)O,919352-63-9
C[C@H](NC1=CC=CC=C1)C1=CC=C(Br)C=C1,10430502,C[C@H](Nc1ccccc1)c1ccc(Br)cc1,0
CC1=CC(=C(OCC=C)C(Br)=C1)C(C)(C)C,10431145,C=CCOc1c(Br)cc(C)cc1C(C)(C)C,188021-38-7
BrC1=CC=C(C=C1)C1=C(C#N)C(=O)NC(=S)N1,10446616,N#Cc1c(-c2ccc(Br)cc2)[nH]c(=S)[nH]c1=O,294873-59-9
FC1=CC(=C(F)C(Br)=C1)N(=O)=O,10532785,O=[N+]([O-])c1cc(F)cc(Br)c1F,741721-51-7
COC(=O)C=C(N)C1=CC=C(Br)C=C1,10533835,COC(=O)C=C(N)c1ccc(Br)cc1,0
CCOC(=O)C1=C(OC=N1)C1=CC=C(Br)C=C1,10541643,CCOC(=O)c1ncoc1-c1ccc(Br)cc1,127919-32-8
COC1=C(F)C=C(Br)C(N)=C1,10656379,COc1cc(N)c(Br)cc1F,420786-92-1
NCC1=CC(=CC=C1Br)C(F)(F)F,11239910,NCc1cc(C(F)(F)F)ccc1Br,771582-26-4
CCOC(=O)COC1=C(Cl)C=C(Br)C=C1,11431128,CCOC(=O)COc1ccc(Br)cc1Cl,588679-10-1
CC1=C(C=CC(Br)=C1)C(=O)OCC1=CC=CC=C1,13198079,Cc1cc(Br)ccc1C(=O)OCc1ccccc1,345964-93-4
FC1=CC(=CC(F)=C1)C1=CC=C(Br)C=C1,13426038,Fc1cc(F)cc(-c2ccc(Br)cc2)c1,0
CC(C)(C)[Si](C)(C)OCC1=C(Cl)C=C(Br)C=C1,13428838,CC(C)(C)[Si](C)(C)OCc1ccc(Br)cc1Cl,0
CCCC1=NN(C)C2=C1N=C(NC2=O)C1=C(OCC)C=CC(Br)=C1,13684986,CCCc1nn(C)c2c(=O)[nH]c(-c3cc(Br)ccc3OCC)nc12,147676-70-8
ClC1=NC=CC(NC2=CC=C(Br)C=C2)=N1,14159342,Clc1nccc(Nc2ccc(Br)cc2)n1,260046-09-1
ON=CC1=CC=C(Br)C=C1F,14198304,ON=Cc1ccc(Br)cc1F,202865-64-3
CC(C)(C)OC(=O)N(CCC1=CC=C(Br)C=C1)CC1=CC=CC=C1,14213620,CC(C)(C)OC(=O)N(CCc1ccc(Br)cc1)Cc1ccccc1,530084-68-5
OCC1=C(OC(F)(F)F)C=CC(Br)=C1,14236593,OCc1cc(Br)ccc1OC(F)(F)F,685126-86-7
FC1=C(OCC2CC2)C=CC(Br)=C1,14292890,Fc1cc(Br)ccc1OCC1CC1,622386-52-1
CCOC(=O)C1=CSC(=N1)C1=CC(Br)=CC=C1,14311096,CCOC(=O)c1csc(-c2cccc(Br)c2)n1,786654-97-5
CC1=CC(=CC(C(O)=O)=C1Br)N(=O)=O,14330616,Cc1cc([N+](=O)[O-])cc(C(=O)O)c1Br,631911-95-0
OCC1=CC=C(Br)C(=C1)N(=O)=O,14374144,O=[N+]([O-])c1cc(CO)ccc1Br,145547-97-3
COC1=C(C(=C(Br)C=C1)N(=O)=O)N(=O)=O,14440206,COc1ccc(Br)c([N+](=O)[O-])c1[N+](=O)[O-],860465-95-8
BrCC1=CC(=CC(Br)=C1)N(=O)=O,14473792,O=[N+]([O-])c1cc(Br)cc(CBr)c1,139194-80-2
CC1=CC=CC(Br)=C1I,14479004,Cc1cccc(Br)c1I,869500-07-2
CS(=O)(=O)OCC1=C(F)C=C(Br)C=C1F,14501278,CS(=O)(=O)OCc1c(F)cc(Br)cc1F,869361-54-6
CN1CCN(CC2=CC=CC(Br)=C2)CC1,14528600,CN1CCN(Cc2cccc(Br)c2)CC1,331977-03-8
FC(F)(F)COC1=CC(Br)=CC=C1,14554471,FC(F)(F)COc1cccc(Br)c1,888327-41-1
COC1=C(C=CC(Br)=C1)B(O)O,14556728,COc1cc(Br)ccc1B(O)O,889849-21-2
NS(=O)(=O)C1=CC=C(Br)C(F)=C1,14571358,NS(=O)(=O)c1ccc(Br)c(F)c1,263349-73-1
OC1=CC(Br)=C(F)C=C1Cl,14740147,Oc1cc(Br)c(F)cc1Cl,148254-32-4
OC(=O)C1CC(C1)C1=CC=C(Br)C=C1,14934242,O=C(O)C1CC(c2ccc(Br)cc2)C1,149506-16-1
BrC1=CC(NC(=O)OC2=CC=CC=C2)=CC=C1,15192138,O=C(Nc1cccc(Br)c1)Oc1ccccc1,86764-83-2
ClC1=CC=C(Br)C=C1C(=O)NC1CC1,15432625,O=C(NC1CC1)c1cc(Br)ccc1Cl,669734-35-4
FC(F)(F)OC1=CC=C(Br)C=C1C=O,15439479,O=Cc1cc(Br)ccc1OC(F)(F)F,923281-52-1
CC1=CC2=C(NC(=O)CC(=N2)C2=CC(Br)=CC=C2)C=C1C(F)(F)F,18295579,Cc1cc2c(cc1C(F)(F)F)NC(=O)CC(c1cccc(Br)c1)=N2,1071767-19-5
COC1=C(OCC(C)(C)O)C=CC(Br)=C1,18307444,COc1cc(Br)ccc1OCC(C)(C)O,1073282-39-9
CS(=O)(=O)OCC1=CC(Br)=CC=C1Cl,18332674,CS(=O)(=O)OCc1cc(Br)ccc1Cl,1026202-39-0
OC(=O)C1=CC(Br)=C(F)C(F)=C1NC1=CC=CC=C1F,18440738,O=C(O)c1cc(Br)c(F)c(F)c1Nc1ccccc1F,1040246-49-8
CC(C)C(N1C(=S)S\C(=C/C2=CC=C(Br)C=C2)C1=O)C(O)=O,18590043,CC(C)C(C(=O)O)N1C(=O)/C(=C/c2ccc(Br)cc2)SC1=S,1122565-91-6
COC1=C(C=C(C)C(Br)=C1)N(=O)=O,18679818,COc1cc(Br)c(C)cc1[N+](=O)[O-],1089281-86-6
BrC1=CC=CC=C1S(=O)(=O)N=N#N,18836985,[N-]=[N+]=NS(=O)(=O)c1ccccc1Br,1085853-31-1
CC(O)C1=CC=C(F)C=C1Br,18859138,CC(O)c1ccc(F)cc1Br,261711-20-0
FC1=C(Cl)C=C(Br)C=C1C#N,18922907,N#Cc1cc(Br)cc(Cl)c1F,1000577-76-3
CC(C)(C)C1=CC(Br)=CC(F)=C1,18940063,CC(C)(C)c1cc(F)cc(Br)c1,1123172-38-2
CCOC(=O)C(=O)C1=C(Br)C=CC=C1,19040032,CCOC(=O)C(=O)c1ccccc1Br,62123-82-4
COCCOC1=C(Br)C=CC(CO)=C1,19147330,COCCOc1cc(CO)ccc1Br,1147886-95-0
CC(C)(C)OC(=O)NCC1=C(F)C(Br)=CC=C1,19346718,CC(C)(C)OC(=O)NCc1cccc(Br)c1F,1177558-58-5
CC(C)(C)OC(=O)NCC1=CC(Br)=CC(=C1)C#N,19346722,CC(C)(C)OC(=O)NCc1cc(Br)cc(C#N)c1,1177558-71-2
CCOC(=O)C(=O)C=CC1=CC=CC(Br)=C1,19519218,CCOC(=O)C(=O)C=Cc1cccc(Br)c1,1375649-12-9
CC(C)(C)OC(=O)N(CC1=CC(Br)=CC(Cl)=C1Cl)C1CC1,19807208,CC(C)(C)OC(=O)N(Cc1cc(Br)cc(Cl)c1Cl)C1CC1,1229246-35-8
CC1=C(Br)C=C(C=C1I)C(O)=O,19923249,Cc1c(Br)cc(C(=O)O)cc1I,1229245-20-8
BrC1=CC=C(NCC#CC2=CC=CC=C2)C=C1,20016443,Brc1ccc(NCC#Cc2ccccc2)cc1,1217436-51-5
COC1=CC(Br)=C(C=C1OC)C(=O)CBr,20020131,COc1cc(Br)c(C(=O)CBr)cc1OC,321681-28-1
BrC1=CC=CC(=C1)C1=NC=CN1,20179036,Brc1cccc(-c2ncc[nH]2)c1,937013-66-6
BrC1=C(C=CC=C1)[C@@H]1CCCN1,20229864,Brc1ccccc1[C@@H]1CCCN1,1217680-27-7
CC(C)(C)OC(=O)N1CCC[C@@H]1C1=C(Br)C=CC=C1,20229873,CC(C)(C)OC(=O)N1CCC[C@@H]1c1ccccc1Br,1224945-46-3
CCN(CC)C1=CC=C2C=C(C(=O)OC2=C1)C1=CC=C(Br)C=C1,20235854,CCN(CC)c1ccc2cc(-c3ccc(Br)cc3)c(=O)oc2c1,720674-46-4
CC1=CC=C(C=C1)S(=O)(=O)NC1=CC=C(Br)C=C1CO,20263698,Cc1ccc(S(=O)(=O)Nc2ccc(Br)cc2CO)cc1,329281-02-9
COCC1=C(F)C=C(Br)C=C1,20749155,COCc1ccc(Br)cc1F,95068-02-3
NC(=O)C1=CC(Br)=CC(=C1)C(F)(F)F,20794505,NC(=O)c1cc(Br)cc(C(F)(F)F)c1,1007578-83-7
CC(C)(C)OC(=O)N(CCO)CC1=CC(Br)=CC=C1O,20897719,CC(C)(C)OC(=O)N(CCO)Cc1cc(Br)ccc1O,1217862-54-8
FC(F)(F)\C=C\C(=O)C1=CC=C(Br)C=C1,21099768,O=C(/C=C/C(F)(F)F)c1ccc(Br)cc1,1184844-27-6
CC(N=N#N)C1=CC=C(Br)C=C1,21119714,CC(N=[N+]=[N-])c1ccc(Br)cc1,257604-11-8
CC1=C(C#N)C(Br)=CC(F)=C1,21181890,Cc1cc(F)cc(Br)c1C#N,916792-09-1
BrC1=CC=C(C=C1)C(=O)OC1COCCO1,21320960,O=C(OC1COCCO1)c1ccc(Br)cc1,1284251-50-8
CCOC(OCC)C(=N)NCC1=CC=C(Br)C=C1Cl,21889342,CCOC(OCC)C(=N)NCc1ccc(Br)cc1Cl,1338254-57-1
COC1=CC(OCC2=CCN(CC3=CC=CC=C3)CC2)=C(Br)C=C1,22251017,COc1ccc(Br)c(OCC2=CCN(Cc3ccccc3)CC2)c1,1355087-56-7
NC(=O)C1=C(N)C(Br)=CC=C1,22260844,NC(=O)c1cccc(Br)c1N,437998-34-0
COC1=CC=C(COCC2=CC=CC(Br)=C2)C=C1,22385023,COc1ccc(COCc2cccc(Br)c2)cc1,1274038-52-6
CC(=O)C1=C(F)C=C(Br)C=C1O,22433622,CC(=O)c1c(O)cc(Br)cc1F,1369594-41-1
CO[C@H]1C[C@H](N(C1)C(=O)OC(C)(C)C)C1=NC=C(N1)C1=CC=C(Br)C=C1,22442579,CO[C@H]1C[C@@H](c2ncc(-c3ccc(Br)cc3)[nH]2)N(C(=O)OC(C)(C)C)C1,1373164-86-3
NC1=C(F)C=C(Br)C(OC(F)(F)F)=C1,22469694,Nc1cc(OC(F)(F)F)c(Br)cc1F,116367-67-0
FC1=CC=CC(F)=C1C(=O)NC1=CC=C(Br)C=C1,22488377,O=C(Nc1ccc(Br)cc1)c1c(F)cccc1F,916036-73-2
CC1=CC(Br)=CC(C)=C1N1C=C(C=N1)C(F)(F)F,22743511,Cc1cc(Br)cc(C)c1-n1cc(C(F)(F)F)cn1,1393125-31-9
CC1=C(C=C(Br)C=C1)C(N)=O,22881850,Cc1ccc(Br)cc1C(N)=O,854633-21-9
CC(C)(C)OC(=O)N(CCO)CC(O)C1=C(F)C=C(Br)C=C1,22891033,CC(C)(C)OC(=O)N(CCO)CC(O)c1ccc(Br)cc1F,1400997-78-5
BrC1=CC=C(C=C1)[C@H]1COC2=CC=CN=C2O1,22895127,Brc1ccc([C@H]2COc3cccnc3O2)cc1,1400797-15-0
OCC1=C(Br)C=C(C=C1)N(CC=C)CC=C,22961223,C=CCN(CC=C)c1ccc(CO)c(Br)c1,1398756-54-1
COC(=O)C1=C(C)C(NC(C)C)=CC(Br)=C1,23055503,COC(=O)c1cc(Br)cc(NC(C)C)c1C,1403595-67-4
CN(C)C=CC(=O)C1=C(Br)C=CC=C1,23121968,CN(C)C=CC(=O)c1ccccc1Br,159749-30-1
C\C(=C/C1=CC=CC(Br)=C1)N(=O)=O,23135995,C/C(=C\c1cccc(Br)c1)[N+](=O)[O-],116272-75-4
COC(=O)C([N+]#[C-])C1=CC=C(Br)C=C1,23163099,[C-]#[N+]C(C(=O)OC)c1ccc(Br)cc1,1452588-95-2
CCC1=C(Br)C=C(F)C(OC)=C1,23333394,CCc1cc(OC)c(F)cc1Br,1421503-45-8
CN1N=CC=C1C1=CC(=CC=C1Br)C(F)(F)F,23352422,Cn1nccc1-c1cc(C(F)(F)F)ccc1Br,1423161-91-4
OC(=O)C1=CC(Cl)=C(Br)C(OC(F)(F)F)=C1,23506070,O=C(O)c1cc(Cl)c(Br)c(OC(F)(F)F)c1,1433280-59-1
C[C@H]1C[C@H](N(C1)C(=O)OC(C)(C)C)C1=NC(=CN1)C1=CC=C(Br)C=C1,23506110,C[C@H]1C[C@@H](c2nc(-c3ccc(Br)cc3)c[nH]2)N(C(=O)OC(C)(C)C)C1,1250939-45-7
CC(C)[C@H]1COC(=O)N1C1=CC=NC(N[C@@H](C)C2=CC=C(Br)C=C2)=N1,23547931,CC(C)[C@H]1COC(=O)N1c1ccnc(N[C@@H](C)c2ccc(Br)cc2)n1,1429175-12-1
CC1(C)C(N)=N[C@@](C)(CS1(=O)=O)C1=C(F)C=CC(Br)=C1,24643778,CC1(C)C(N)=N[C@](C)(c2cc(Br)ccc2F)CS1(=O)=O,0
C[C@@H](O)C1=CC2=CC(Br)=CC=C2C=C1,24695863,C[C@@H](O)c1ccc2ccc(Br)cc2c1,0
CC(C)(C)C1=CC=C(C=C1)C(=O)NCC1=CC=C(Br)C=C1F,26846956,CC(C)(C)c1ccc(C(=O)NCc2ccc(Br)cc2F)cc1,1607005-57-1
FC1=C(Br)C=C(C=C1)C1=CN=NC2=C1N=CN2C1CC1,26910434,Fc1ccc(-c2cnnc3c2ncn3C2CC2)cc1Br,1614246-84-2
CC1=CC=C(CCl)C(Br)=C1,26930192,Cc1ccc(CCl)c(Br)c1,147542-02-7
COC(=O)C1=C(C)C(OC(C)C)=CC=C1Br,26956698,COC(=O)c1c(Br)ccc(OC(C)C)c1C,1616288-93-7
CC(C)OC1=CC(Br)=CC(CO)=C1C,26956766,Cc1c(CO)cc(Br)cc1OC(C)C,1616289-84-9
COC(CNCC1=C(C)C(OC(C)C)=CC(Br)=C1)OC,26956768,COC(CNCc1cc(Br)cc(OC(C)C)c1C)OC,1616289-86-1
CCOC(=O)C1=C(O)C(Br)=CC(OS(C)(=O)=O)=C1C,26956791,CCOC(=O)c1c(C)c(OS(C)(=O)=O)cc(Br)c1O,1616290-22-2
COC(=O)C1=C(C)C(Br)=CC=C1OCCNCC1=C(C)C=C(C)NC1=O,26956807,COC(=O)c1c(OCCNCc2c(C)cc(C)[nH]c2=O)ccc(Br)c1C,1616290-46-0
CC1=CC=C(C=C1)S(=O)(=O)CC(=O)C1=CC(Br)=CC=C1,27029852,Cc1ccc(S(=O)(=O)CC(=O)c2cccc(Br)c2)cc1,694500-60-2
NC(=O)C1=C(O)C=C(Br)C=C1,27135427,NC(=O)c1ccc(Br)cc1O,5428-40-0
CCOC1=C(C=O)C=C(Br)C(=C1F)C1=CC=C(F)C=C1,27544337,CCOc1c(C=O)cc(Br)c(-c2ccc(F)cc2)c1F,0
COC1=C(C=O)C=C(Br)C(=C1F)C1=CC=C(F)C=C1,27544345,COc1c(C=O)cc(Br)c(-c2ccc(F)cc2)c1F,0
COC1=CC(=C(Br)C=C1C=O)C1=CC=C(F)C=C1,27544777,COc1cc(-c2ccc(F)cc2)c(Br)cc1C=O,0
BrC1=CC=C(\C=C\C(=O)C2=CC=CS2)C=C1,27688575,O=C(/C=C/c1ccc(Br)cc1)c1cccs1,0
OC1=C(C=C(Br)C=C1N(=O)=O)C(C=C)C1=CC=CC=C1,27750913,C=CC(c1ccccc1)c1cc(Br)cc([N+](=O)[O-])c1O,0
COC1=CC(Br)=CC=C1N1C(=O)C=CC2=C1C=CC(=C2)S(=O)(=O)NC1=NOC=C1,27846622,COc1cc(Br)ccc1-n1c(=O)ccc2cc(S(=O)(=O)Nc3ccon3)ccc21,0
OC1=C(C=C(Br)C=C1)C1CCC1,27847356,Oc1ccc(Br)cc1C1CCC1,0
CC1=CC(CNC2=C(C=CC(Br)=C2)N(=O)=O)=C(C)C=C1,28176576,Cc1ccc(C)c(CNc2cc(Br)ccc2[N+](=O)[O-])c1,0
CCOC1=CC(CC(=O)OC)=C(Br)C=C1,28349922,CCOc1ccc(Br)c(CC(=O)OC)c1,0
COC(=O)C(=O)C1=C(Cl)N2C=C(N=C2C=C1C)C1=CC(Br)=CC=C1,28515128,COC(=O)C(=O)c1c(C)cc2nc(-c3cccc(Br)c3)cn2c1Cl,0
CC1=CC2=NC(=CN2C(Cl)=C1C(Cl)=O)C1=CC(Br)=CC=C1,28520606,Cc1cc2nc(-c3cccc(Br)c3)cn2c(Cl)c1C(=O)Cl,0
CC(C)[Si](OC1=C(F)C=C(Br)C=C1)(C(C)C)C(C)C,28591054,CC(C)[Si](Oc1ccc(Br)cc1F)(C(C)C)C(C)C,0
COCOC1=CC=CC(=C1Br)C(F)(F)F,28713651,COCOc1cccc(C(F)(F)F)c1Br,0
BrC1=CC=C(C=C1)C(=O)C1=CN=CN=C1,28739396,O=C(c1ccc(Br)cc1)c1cncnc1,0
OCC1=CC=C(Cl)C(F)=C1Br,28893826,OCc1ccc(Cl)c(F)c1Br,0
ClC1=CC=C(C2=CN=CO2)C(Br)=C1,28893898,Clc1ccc(-c2cnco2)c(Br)c1,0
COC1=C(I)C=C(C)C(Br)=C1,28924539,COc1cc(Br)c(C)cc1I,0
BrC1=CC=C(C=C1)N1CCC2=CC=CC=C2C1=O,29293426,O=C1c2ccccc2CCN1c1ccc(Br)cc1,0
C[C@@H](N[S@@](=O)C(C)(C)C)C1=CC(Cl)=CC=C1Br,29501652,C[C@@H](N[S@@](=O)C(C)(C)C)c1cc(Cl)ccc1Br,0
COC1=CC(N)=CC(F)=C1Br,29523346,COc1cc(N)cc(F)c1Br,0
COC(=O)C(C)C1=CC(Cl)=C(Br)C=C1,29669123,COC(=O)C(C)c1ccc(Br)c(Cl)c1,0
OC(=O)C1=C(F)C(Br)=CC(O)=C1,29841304,O=C(O)c1cc(O)cc(Br)c1F,0
COC1=CC(Br)=CC(C(O)=O)=C1Cl,29998060,COc1cc(Br)cc(C(=O)O)c1Cl,0
COC(=O)\C=C\C(=O)C1=C(F)C=C(Br)C=C1,30454804,COC(=O)/C=C/C(=O)c1ccc(Br)cc1F,0
FC1=C(NS(=O)(=O)C2=CC(=CC=C2)C(F)(F)F)C=C(Br)C=C1,30633770,O=S(=O)(Nc1cc(Br)ccc1F)c1cccc(C(F)(F)F)c1,0
CC1=C(F)C(O)=C(C=C1Br)C(O)=O,30644872,Cc1c(Br)cc(C(=O)O)c(O)c1F,0
BrC1=CC=C(NC(=O)CN=N#N)C=C1,30890004,[N-]=[N+]=NCC(=O)Nc1ccc(Br)cc1,0
CC(=O)C1=C(OCC2=CC=CC=C2)C=C(Br)C(F)=C1,31299428,CC(=O)c1cc(F)c(Br)cc1OCc1ccccc1,0
COC(=O)C1=C(OCC(F)(F)F)C=C(Br)C=C1,31488447,COC(=O)c1ccc(Br)cc1OCC(F)(F)F,0
CC1=CC=CC(C)=C1OC1=C(Br)C=C(C=C1)C(O)=O,31982047,Cc1cccc(C)c1Oc1ccc(C(=O)O)cc1Br,0
CON(C)C(=O)C1=CC(Br)=C(OC2=C(C)C=CC=C2C)C=C1,31982048,CON(C)C(=O)c1ccc(Oc2c(C)cccc2C)c(Br)c1,0
FC1=C(Br)C=CC(I)=C1F,32061018,Fc1c(Br)ccc(I)c1F,0
COC1=C(C=CC(=C1)C#N)C(O)C1=CC(Br)=CC=C1,32302463,COc1cc(C#N)ccc1C(O)c1cccc(Br)c1,0
COC1=C(CC2=CC(Br)=CC=C2)C=CC(=C1)C#N,32302464,COc1cc(C#N)ccc1Cc1cccc(Br)c1,0
COC1=C(CC2=CC(Br)=CC=C2)C=CC(C=O)=C1,32302465,COc1cc(C=O)ccc1Cc1cccc(Br)c1,0
OC1=C(CC2=CC(Br)=CC=C2)C=CC(C=O)=C1,32302466,O=Cc1ccc(Cc2cccc(Br)c2)c(O)c1,0
COC(=O)C1=C(Br)C=C(OC2=CC=CC=C2)C=C1,32421577,COC(=O)c1ccc(Oc2ccccc2)cc1Br,0
CC1=CC=C(Br)C(F)=C1C(O)=O,32933774,Cc1ccc(Br)c(F)c1C(=O)O,0
CC(=O)NC1=C(Br)C=CC=C1F,32965992,CC(=O)Nc1c(F)cccc1Br,0
NC1=C(Br)C=C(SC(F)(F)F)C=C1,33289759,Nc1ccc(SC(F)(F)F)cc1Br,0
CC1(C)OB(OC1(C)C)C1=CC(Br)=CC(=C1)C1=CC=CC=C1,33513647,CC1(C)OB(c2cc(Br)cc(-c3ccccc3)c2)OC1(C)C,0
CN(C)\C=N\C1=C(C=C(Br)C=C1)C#N,33876083,CN(C)/C=N/c1ccc(Br)cc1C#N,0
FC1=CC=C(C=C1)C1=NN(C=C1C=O)C1=CC=C(Br)C=C1,34597928,O=Cc1cn(-c2ccc(Br)cc2)nc1-c1ccc(F)cc1,0
CC1=C(Cl)C=C(F)C(N)=C1Br,34845240,Cc1c(Cl)cc(F)c(N)c1Br,0
C[C@@H](N1CCNCC1)C1=CC=C(Br)C=C1,34902895,C[C@H](c1ccc(Br)cc1)N1CCNCC1,0
CN(C)C1=C(C=C(Br)C(F)=C1)N(=O)=O,35381012,CN(C)c1cc(F)c(Br)cc1[N+](=O)[O-],0
CN1C=C(C(=O)NC2=C(Br)C=CC=C2)C(=N1)C(F)F,36040657,Cn1cc(C(=O)Nc2ccccc2Br)c(C(F)F)n1,0
COC(=O)C1=CC(F)=C(Br)C(F)=C1N,36256842,COC(=O)c1cc(F)c(Br)c(F)c1N,0
OC1=CC(Br)=C2C(Cl)=CC=CC2=C1,36674121,Oc1cc(Br)c2c(Cl)cccc2c1,0
CC(C)(C)C1=CC=C2N(C3=C(C=C(C=C3)C(C)(C)C)C2=C1)C1=C(Br)C(F)=CC=C1,36917043,CC(C)(C)c1ccc2c(c1)c1cc(C(C)(C)C)ccc1n2-c1cccc(F)c1Br,0
COCOC1=CC(Br)=C(C2CC2)C(Cl)=C1,37610430,COCOc1cc(Cl)c(C2CC2)c(Br)c1,0
NC1(CCOCC1)C1=CC=C(Br)C=C1,37742702,NC1(c2ccc(Br)cc2)CCOCC1,0
CC(=O)NC1=CC(F)=C(C)C(Br)=C1,40083550,CC(=O)Nc1cc(F)c(C)c(Br)c1,0
BrC1=CC=C(C=C1)C1=CSC(NC2=CC=CC=C2)=N1,23228,Brc1ccc(-c2csc(Nc3ccccc3)n2)cc1,42056-77-9
BrC1=CC=C(C=C1)C1OC(=O)C2=CC=CC=C12,183564,O=C1OC(c2ccc(Br)cc2)c2ccccc21,25933-36-2
BrC1=CC=C(C=C1)C(=O)CN1C(=O)C2=C(C=CC=C2)C1=O,266955,O=C(CN1C(=O)c2ccccc2C1=O)c1ccc(Br)cc1,794-43-4
BrC(=CC1=CC=C(Br)C=C1)N(=O)=O,514906,O=[N+]([O-])C(Br)=Cc1ccc(Br)cc1,0
BrC1=CC=C(N2C=CN=C2)C(=C1)N(=O)=O,526671,O=[N+]([O-])c1cc(Br)ccc1-n1ccnc1,23725-66-8
ClC(=O)C(=O)C1=CC=C(Br)C=C1,638482,O=C(Cl)C(=O)c1ccc(Br)cc1,62551-73-9
CCOC(=O)C(C)=NNC1=CC=C(Br)C=C1,648083,CCOC(=O)C(C)=NNc1ccc(Br)cc1,16382-11-9
CN1C(=O)N(C)C(=O)C(=CC2=C(Br)C=CC=C2)C1=O,673481,CN1C(=O)C(=Cc2ccccc2Br)C(=O)N(C)C1=O,61853-39-2
BrC1=CC=C(C=C1)N1C(=S)NC2=C(C=CC=C2)C1=O,752435,O=c1c2ccccc2[nH]c(=S)n1-c1ccc(Br)cc1,1028-39-3
BrC1=CC=C(C=C1)\N=N/C#N,957001,N#C/N=N\c1ccc(Br)cc1,33608-74-1
BrC1=CC=C(C=C1)C#CC#N,1101219,N#CC#Cc1ccc(Br)cc1,0
BrC1=CC=C(C=C1)N=C=C(C1=CC=CC=C1)C1=CC=CC=C1,1120322,Brc1ccc(N=C=C(c2ccccc2)c2ccccc2)cc1,29376-76-9
OC1=CC(O)=C2C(=O)C(=COC2=C1)C1=CC=C(Br)C=C1,1256238,O=c1c(-c2ccc(Br)cc2)coc2cc(O)cc(O)c12,62845-09-4
CC1=CC=C(O1)C1=CC=C(Br)C=C1,1367600,Cc1ccc(-c2ccc(Br)cc2)o1,33342-24-4
BrC1=C(C=CC=C1)C1=CN=CC=C1,1423996,Brc1ccccc1-c1cccnc1,0
BrC1=CC=C(\C=C\C2=CC=NC=C2)C=C1,1618955,Brc1ccc(/C=C/c2ccncc2)cc1,0
BrC1=CC=C(C=CC(=O)C2=CC=CS2)C=C1,1620191,O=C(C=Cc1ccc(Br)cc1)c1cccs1,42292-00-2
CC(=O)C1=CC(Br)=CC2=CC=CC=C12,1946996,CC(=O)c1cc(Br)cc2ccccc12,58149-65-8
CC1=CC(Br)=CC(C)=C1C#N=O,1950074,Cc1cc(Br)cc(C)c1C#[N+][O-],19111-80-9
BrC1=CC=C(\C=C\C(=O)C2=CC=CC3=C2C=CC=C3)C=C1,2053512,O=C(/C=C/c1ccc(Br)cc1)c1cccc2ccccc12,38373-94-3
SCC1=CC(Br)=CC=C1,2078676,SCc1cccc(Br)c1,0
CC1=CC=C(S)C=C1Br,2078740,Cc1ccc(S)cc1Br,19075-64-0
CCC(=O)C1=C(N)C=C(Br)C=C1,2084378,CCC(=O)c1ccc(Br)cc1N,36372-62-0
OC1=C(Br)C2=C(C=C1)C=C(Cl)C=C2,2092289,Oc1ccc2cc(Cl)ccc2c1Br,68490-58-4
CC(C)C(C#N)C1=CC=C(Br)C=C1,2096315,CC(C)C(C#N)c1ccc(Br)cc1,51632-12-3
ClC(=O)CCCC1=CC=C(Br)C=C1,2096506,O=C(Cl)CCCc1ccc(Br)cc1,6628-03-1
CCCCCCOC1=CC2=C(C=C1)C=C(Br)C=C2,2100999,CCCCCCOc1ccc2cc(Br)ccc2c1,66217-21-8
OC1=C(C=C(Br)C=C1)C1CCCCC1,2104153,Oc1ccc(Br)cc1C1CCCCC1,18966-67-1
COC1=CC(C(O)=O)=C(OC)C=C1Br,2104659,COc1cc(C(=O)O)c(OC)cc1Br,35458-39-0
CC(C)(C)[Si](C)(C)OC1=CC=C(Br)C2=C1C=CC=C2,2116632,CC(C)(C)[Si](C)(C)Oc1ccc(Br)c2ccccc12,70654-63-6
CCN(CC)S(=O)(=O)C1=C(Br)C=CC=C1,2121310,CCN(CC)S(=O)(=O)c1ccccc1Br,65000-12-6
COC(=O)C1=C(O)C(=CC(Br)=C1)N(=O)=O,2124364,COC(=O)c1cc(Br)cc([N+](=O)[O-])c1O,91983-31-2
NC1=C(Cl)C=C(Br)C(Cl)=C1,2208071,Nc1cc(Cl)c(Br)cc1Cl,1940-27-8
OCCNC1=CC=C(Br)C=C1,2208120,OCCNc1ccc(Br)cc1,55110-99-1
COC1=CC=C(CO)C(Br)=C1OC,2212183,COc1ccc(CO)c(Br)c1OC,72912-38-0
OC(=O)C1=CC2=C(C=CC(Br)=C2)C=C1,2257738,O=C(O)c1ccc2ccc(Br)cc2c1,5043-14-1
OCC(O)COC1=CC=C(Br)C=C1,2260311,OCC(O)COc1ccc(Br)cc1,63834-59-3
CCNC(=O)C1=CC=CC(Br)=C1,2327703,CCNC(=O)c1cccc(Br)c1,26819-10-3
CC1=CC=C(C(C)=C1Br)N(=O)=O,2363022,Cc1ccc([N+](=O)[O-])c(C)c1Br,60956-25-4
CN(C)C1=CC=CC2=C1C=CC=C2Br,2364612,CN(C)c1cccc2c(Br)cccc12,10586-45-5
CC(C)(C)C1=C(OCC2=CC=CC=C2)C=CC(Br)=C1,2380754,CC(C)(C)c1cc(Br)ccc1OCc1ccccc1,33839-12-2
CC1=CC(=CC(C)=C1Br)N(=O)=O,2415916,Cc1cc([N+](=O)[O-])cc(C)c1Br,53906-84-6
CCC1=C(Br)C2=C(C=CC=C2)C=C1,2437688,CCc1ccc2ccccc2c1Br,39071-00-6
COC1=CC2=C(C=C1)C(Br)=C(O)C=C2,2445064,COc1ccc2c(Br)c(O)ccc2c1,194594-62-2
NC(=O)NN=CC1=CC=CC(Br)=C1,2447180,NC(=O)NN=Cc1cccc(Br)c1,38407-30-6
BrC1=CC=C(C=C1)C(=C)C1CC1,2500970,C=C(c1ccc(Br)cc1)C1CC1,65322-32-9
CC1=CC(=CC(Cl)=C1Br)N(=O)=O,2504852,Cc1cc([N+](=O)[O-])cc(Cl)c1Br,89642-17-1
CC(O)\C=C\C1=CC=C(Br)C=C1,2516216,CC(O)/C=C/c1ccc(Br)cc1,32271-55-9
SC1=CC(Cl)=C(Br)C=C1,2516732,Sc1ccc(Br)c(Cl)c1,853308-08-4
CC1=CC2=C(C=CC=C2)C(Br)=C1,2516942,Cc1cc(Br)c2ccccc2c1,54357-18-5
CC1=C(Cl)C(Br)=CC=C1O,2518306,Cc1c(O)ccc(Br)c1Cl,55289-31-1
ClC1=C(Br)C=CC(=C1)C1=CC=CC=C1,2520417,Clc1cc(-c2ccccc2)ccc1Br,91354-08-4
BrC1=CC=C(OCC(=O)C2=CC=CC=C2)C=C1,2529478,O=C(COc1ccc(Br)cc1)c1ccccc1,50685-44-4
BrC1=C(CS(=O)(=O)C2=CC=CC=C2)C=CC=C1,2530691,O=S(=O)(Cc1ccccc1Br)c1ccccc1,92022-50-9
BrC1=CC=C(C=C1)S(=O)(=O)C1=CC=C(C=C1)N(=O)=O,2538199,O=[N+]([O-])c1ccc(S(=O)(=O)c2ccc(Br)cc2)cc1,75124-91-3
CSC1=C(Br)C2=C(C=CC=C2)C=C1,2555550,CSc1ccc2ccccc2c1Br,10353-14-7
OCCCSC1=CC=C(Br)C=C1,2555652,OCCCSc1ccc(Br)cc1,5738-82-9
COC1=CC(SC)=C(Br)C=C1,2556244,COc1ccc(Br)c(SC)c1,72856-79-2
OC(=O)CSC1=CC=CC=C1Br,2556530,O=C(O)CSc1ccccc1Br,15939-85-2
CN(C)C1=CC(C)=C(Br)C(C)=C1,2639761,Cc1cc(N(C)C)cc(C)c1Br,14275-09-3
BrC1=CC=CC(OC(=O)C2=CC=CC=C2)=C1,2644778,O=C(Oc1cccc(Br)c1)c1ccccc1,99515-50-1
ClS(=O)(=O)C1=CC(=C(Br)C=C1)S(Cl)(=O)=O,2660505,O=S(=O)(Cl)c1ccc(Br)c(S(=O)(=O)Cl)c1,117122-41-5
CC(C)(C)C1=CC=C(C=C1Br)C(O)=O,2692754,CC(C)(C)c1ccc(C(=O)O)cc1Br,38473-89-1
CC(=O)NC1=C(C)C(C)=C(Br)C=C1,2692900,CC(=O)Nc1ccc(Br)c(C)c1C,22369-96-6
COC1=CC=C(C(O)=O)C(Br)=C1OC,2693979,COc1ccc(C(=O)O)c(Br)c1OC,71568-87-1
COC1=CC(OC)=C(Br)C(O)=C1,2720403,COc1cc(O)c(Br)c(OC)c1,121449-70-5
NC1=C(C=C(Br)C=C1C(O)=O)N(=O)=O,2734348,Nc1c(C(=O)O)cc(Br)cc1[N+](=O)[O-],58580-07-7
CC(=O)NC1=CC(Br)=C(F)C=C1,2804876,CC(=O)Nc1ccc(F)c(Br)c1,1009-75-2
COC1=C(OC)C(Br)=CC(CCN)=C1,2806297,COc1cc(CCN)cc(Br)c1OC,56139-04-9
BrC1=CC=C(C=C1)N=CC1=C(C=CC=C1)N(=O)=O,2809371,O=[N+]([O-])c1ccccc1C=Nc1ccc(Br)cc1,17064-89-0
CC(C)(C)C1=CC(N)=C(Br)C=C1,2828962,CC(C)(C)c1ccc(Br)c(N)c1,58164-14-0
NC1=CC=CC(=C1)C1=CC=C(Br)C=C1,2831712,Nc1cccc(-c2ccc(Br)cc2)c1,40641-71-2
BrC1=CC=CC=C1CP(C1=CC=CC=C1)C1=CC=CC=C1,2943594,Brc1ccccc1CP(c1ccccc1)c1ccccc1,57170-64-6
COC1=C(O)C(OC)=C(Br)C=C1,2967747,COc1ccc(Br)c(OC)c1O,18111-34-7
CCOC(=O)C(=CNC1=CC=CC=C1Br)C(=O)OCC,2994089,CCOC(=O)C(=CNc1ccccc1Br)C(=O)OCC,35975-63-4
CCCCCCC1=CC=C(C=C1)C1=CC=C(Br)C=C1,3091404,CCCCCCc1ccc(-c2ccc(Br)cc2)cc1,63619-60-3
COC1=C(Br)C=C(C=C1)S(N)(=O)=O,3092371,COc1ccc(S(N)(=O)=O)cc1Br,23095-03-6
OC(=O)COC1=CC=C(Br)C=C1C=O,3119198,O=Cc1cc(Br)ccc1OCC(=O)O,24589-89-7
BrC1=CC=C(NCCC#N)C=C1,3128105,N#CCCNc1ccc(Br)cc1,98948-13-1
CC(=O)C=CC1=CC(Br)=CC=C1O,3198707,CC(=O)C=Cc1cc(Br)ccc1O,40469-00-9
CCNCC1=CC(Br)=CC=C1,3237939,CCNCc1cccc(Br)c1,90389-91-6
CCCCNC1=CC=C(Br)C=C1,3239338,CCCCNc1ccc(Br)cc1,81100-29-0
CNC(C)C1=CC=C(Br)C=C1,3240507,CNC(C)c1ccc(Br)cc1,0
NC1=C(O)C(Br)=CC(Cl)=C1,3245855,Nc1cc(Cl)cc(Br)c1O,179314-60-4
CCOC(=O)C1=C(Br)C=C(N)C=C1,3250172,CCOC(=O)c1ccc(N)cc1Br,109098-70-6
CC(C)C(=O)NC1=CC=C(Br)C=C1,3250631,CC(C)C(=O)Nc1ccc(Br)cc1,7160-08-9
CC1=CC(Br)=C(OCCBr)C=C1,3250673,Cc1ccc(OCCBr)c(Br)c1,76429-63-5
BrCCCOC1=C(Br)C=CC=C1,3250678,BrCCCOc1ccccc1Br,37136-84-8
COC1=CC=C(C=C1Br)C1=CC=CC=C1,3256178,COc1ccc(-c2ccccc2)cc1Br,74447-73-7
CCC1=C(CC(O)=O)C=CC(Br)=C1,3258689,CCc1cc(Br)ccc1CC(=O)O,855931-72-5
ClC(=O)C1=CC(Br)=C(C=C1)C(Cl)=O,3269795,O=C(Cl)c1ccc(C(=O)Cl)c(Br)c1,13815-89-9
BrC1=CC=CC2=CC=CC(=C12)N(=O)=O,3270730,O=[N+]([O-])c1cccc2cccc(Br)c12,13658-56-5
NC1=C(OCC2=CC=CC=C2)C=CC(Br)=C1,3284857,Nc1cc(Br)ccc1OCc1ccccc1,186797-58-0
OS(=O)(=O)C1=CC2=CC=CC(Br)=C2C=C1,3293858,O=S(=O)(O)c1ccc2c(Br)cccc2c1,0
CC(=O)C1=CC=C(OC2=CC=C(Br)C=C2)C=C1,3295753,CC(=O)c1ccc(Oc2ccc(Br)cc2)cc1,54916-27-7
CCOC(=O)C1=C(C=C(Br)C=C1)C(=O)OCC,3309977,CCOC(=O)c1ccc(Br)cc1C(=O)OCC,38568-41-1
COC(=O)C1=CC(Br)=C(O)C(=C1)N(=O)=O,3345702,COC(=O)c1cc(Br)c(O)c([N+](=O)[O-])c1,40258-72-8
OCCC#CC1=C(Br)C=CC=C1,3539836,OCCC#Cc1ccccc1Br,116510-00-0
BrCC(=O)NC1=C(Br)C=CC=C1,4180763,O=C(CBr)Nc1ccccc1Br,88369-50-0
COC1=C(OC)C(OC)=C(Br)C(CO)=C1,4185603,COc1cc(CO)c(Br)c(OC)c1OC,73252-54-7
CC(N)CC1=CC(Br)=CC=C1,4307143,CC(N)Cc1cccc(Br)c1,61610-65-9
CCN(CC)C1=CC(Br)=C(C=O)C=C1,4311050,CCN(CC)c1ccc(C=O)c(Br)c1,161327-24-8
COC1=C(Br)C=CC=C1O,4381128,COc1c(O)cccc1Br,88275-88-1
CCNC(=O)C1=C(Br)C=CC=C1,4663332,CCNC(=O)c1ccccc1Br,80031-02-3
OC1=CC=C(Br)C=C1C=CC=O,4664778,O=CC=Cc1cc(Br)ccc1O,92569-86-3
NC1=NN=C(S1)C1=CC=CC(Br)=C1,4677760,Nc1nnc(-c2cccc(Br)c2)s1,108656-65-1
BrC1=C(OCC=C)C=CC2=CC=CC=C12,4743419,C=CCOc1ccc2ccccc2c1Br,109433-15-0
COC1=CC(=CC(OC)=C1Br)C1OCCO1,4808179,COc1cc(C2OCCO2)cc(OC)c1Br,123796-61-2
COC1=C(Br)C=CC(OS(=O)(=O)C2=CC=C(C)C=C2)=C1,4874636,COc1cc(OS(=O)(=O)c2ccc(C)cc2)ccc1Br,137396-01-1
OCCOC1=C(Br)C=CC=C1,4977714,OCCOc1ccccc1Br,34743-89-0
CC(C)(O)C#CC1=C(Br)C=CC=C1,4978632,CC(C)(O)C#Cc1ccccc1Br,120651-30-1
CCCCCC(O)C1=CC=C(Br)C=C1,4984900,CCCCCC(O)c1ccc(Br)cc1,71434-62-3
C\C(=C/N(=O)=O)C1=CC=C(Br)C=C1,4989272,C/C(=C\[N+](=O)[O-])c1ccc(Br)cc1,0
BrC1=CC=CC=C1NC1=CC=NC=C1,4990260,Brc1ccccc1Nc1ccncc1,86775-99-7
CN(C(=O)C1=CC=C(Br)C=C1)C1=CC=CC=C1,5019140,CN(C(=O)c1ccc(Br)cc1)c1ccccc1,0
COCCOCCOCCOC1=CC=C(Br)C=C1,5031583,COCCOCCOCCOc1ccc(Br)cc1,125808-05-1
COC1=CC=C(Br)C(C=O)=C1OCC1=CC=CC=C1,5056902,COc1ccc(Br)c(C=O)c1OCc1ccccc1,113250-72-9
COC1=CC=C2C=C(C=CC2=C1Br)[C@H](C)C(O)=O,5278975,COc1ccc2cc([C@H](C)C(=O)O)ccc2c1Br,84236-26-0
NCC1=C(O)C=CC(Br)=C1,5425270,NCc1cc(Br)ccc1O,58349-96-5
BrC1=CC=C(CC2=NC3=C(O2)C=CC=C3)C=C1,5433817,Brc1ccc(Cc2nc3ccccc3o2)cc1,76284-87-2
BrC1=CC=C(CCNCC2=CC=CC=C2)C=C1,5812382,Brc1ccc(CCNCc2ccccc2)cc1,128563-34-8
CC1=CC(Br)=CC(C)=C1O[Si](C)(C)C(C)(C)C,5812848,Cc1cc(Br)cc(C)c1O[Si](C)(C)C(C)(C)C,139229-99-5
COC1=C(C(O)=O)C(O)=C(Br)C=C1Cl,6204991,COc1c(Cl)cc(Br)c(O)c1C(=O)O,98527-26-5
CCCCOC1=C(F)C=C(Br)C=C1,6594754,CCCCOc1ccc(Br)cc1F,54509-63-6
OC1=CC=C(C=C1)C1=CC=C(Br)C=C1F,6768022,Oc1ccc(-c2ccc(Br)cc2F)cc1,116831-27-7
CN(C)C1=CC=C(Br)C(CO)=C1,6799615,CN(C)c1ccc(Br)c(CO)c1,163913-92-6
BrC1=CC=C(C=C1)C1CCC(=O)CC1,6802552,O=C1CCC(c2ccc(Br)cc2)CC1,84892-43-3
COC(=O)C(CC1=CC=C(Br)C=C1)C(=O)OC,6808087,COC(=O)C(Cc1ccc(Br)cc1)C(=O)OC,157134-36-6
OC(CNC1=CC=C(Br)C=C1)C1=CC=CC=C1,6863730,OC(CNc1ccc(Br)cc1)c1ccccc1,91851-17-1
FC(F)(F)CC1=CC(Br)=CC=C1,7127008,FC(F)(F)Cc1cccc(Br)c1,0
COC1=CC=C(C=CC(=O)C2=CC=C(Br)C=C2)C=C1OC,7134566,COc1ccc(C=CC(=O)c2ccc(Br)cc2)cc1OC,52601-61-3
OC(CC#C)C1=CC=CC=C1Br,7368417,C#CCC(O)c1ccccc1Br,0
COC1=CC=CC(=C1)C1=CC=C(Br)C=C1,7369297,COc1cccc(-c2ccc(Br)cc2)c1,74447-69-1
CC(=O)OC1=CC(CBr)=C(Br)C(C)=C1,7426254,CC(=O)Oc1cc(C)c(Br)c(CBr)c1,173381-64-1
OC1=C(C=NC2=CC=CC3=C2N=CC=C3)C=C(Br)C=C1,7429887,Oc1ccc(Br)cc1C=Nc1cccc2cccnc12,0
OCCC(O)C1=CC=C(Br)C=C1,8051810,OCCC(O)c1ccc(Br)cc1,219745-18-3
FC1=C(Br)C=C(C(C=O)=C1)N(=O)=O,8054028,O=Cc1cc(F)c(Br)cc1[N+](=O)[O-],0
CC1=C(N=NN1C1=C(Br)C=CC=C1)C(O)=O,8205647,Cc1c(C(=O)O)nnn1-c1ccccc1Br,210159-10-7
CC(C)(C)OC(=O)N1CCC(CC1)C(=O)NC1=CC=CC=C1Br,8568273,CC(C)(C)OC(=O)N1CCC(C(=O)Nc2ccccc2Br)CC1,293744-26-0
CC(O)CC1=CC=CC=C1Br,8761060,CC(O)Cc1ccccc1Br,210408-48-3
CC(CNC(=O)OC(C)(C)C)C1=CC=C(Br)C=C1,8769015,CC(CNC(=O)OC(C)(C)C)c1ccc(Br)cc1,211314-91-9
COCOC1=CC2=C(C=C1OCOC)C(NC1=CC=CC(Br)=C1)=C(C=N2)C#N,8797348,COCOc1cc2ncc(C#N)c(Nc3cccc(Br)c3)c2cc1OCOC,0
CC1=C(CC(O)=O)N=C(O1)C1=CC=C(Br)C=C1,8985306,Cc1oc(-c2ccc(Br)cc2)nc1CC(=O)O,328918-82-7
COC1=C(C=CC=C1Br)C(C)C,9189644,COc1c(Br)cccc1C(C)C,129976-33-6
CC1=CC(O)=C(F)C=C1Br,9190183,Cc1cc(O)c(F)cc1Br,550400-07-2
OC1=C(C=CC(Cl)=C1)C(=O)NC1=CC=C(Br)C=C1,9334818,O=C(Nc1ccc(Br)cc1)c1ccc(Cl)cc1O,521272-04-8
CC1=CC(=C(C)C=C1Br)[Si](C)(C)C,9391016,Cc1cc([Si](C)(C)C)c(C)cc1Br,566181-32-6
CCOC(=O)C(C)S(=O)(=O)C1=CC=C(Br)C=C1,9393511,CCOC(=O)C(C)S(=O)(=O)c1ccc(Br)cc1,239797-13-8
BrC1=CC(=CC=C1)C(=O)NC1=CC=CC=N1,9480684,O=C(Nc1ccccn1)c1cccc(Br)c1,0
NS(=O)(=O)OC1=C(Br)C=C(CN(N2C=NN=C2)C2=CC=C(C=C2)C#N)C=C1,9508220,N#Cc1ccc(N(Cc2ccc(OS(N)(=O)=O)c(Br)c2)n2cnnc2)cc1,0
BrC1=CC=C(C=C1)C(=O)C1=CC=CN1,9619435,O=C(c1ccc(Br)cc1)c1ccc[nH]1,0
COCOC1=C(Br)C=C(C=C1)C(=O)OC,9698852,COCOc1ccc(C(=O)OC)cc1Br,672922-57-5
CC(C)(C)OC(=O)NC1=C(Br)C=C(F)C=C1F,9916448,CC(C)(C)OC(=O)Nc1c(F)cc(F)cc1Br,384793-23-1
COC(=O)C1=CC=C(Br)C(=C1)C(Br)Br,10339947,COC(=O)c1ccc(Br)c(C(Br)Br)c1,877624-37-8
C[C@@H](NC1=CC=CC=C1)C1=CC=C(Br)C=C1,10430503,C[C@@H](Nc1ccccc1)c1ccc(Br)cc1,0
CCOC(=O)CCCC1=CC=CC(Br)=C1,10431448,CCOC(=O)CCCc1cccc(Br)c1,176088-58-7
COC(=O)C1=CC(=C(N)C(Br)=C1)N(=O)=O,10433420,COC(=O)c1cc(Br)c(N)c([N+](=O)[O-])c1,105655-17-2
CC(C)(C)OC(=O)NNCC1=C(O)C=CC(Br)=C1,10444591,CC(C)(C)OC(=O)NNCc1cc(Br)ccc1O,851205-58-8
ClC1=C(Br)C=CC=C1C#N,10529648,N#Cc1cccc(Br)c1Cl,914250-82-1
BrC1=CC=C(C=C1)C1=NNC(=O)O1,10658499,O=c1[nH]nc(-c2ccc(Br)cc2)o1,669715-28-0
COC1=CC=C(Br)C(=C1)C#C[Si](C)(C)C,11060817,COc1ccc(Br)c(C#C[Si](C)(C)C)c1,0
CC(C)(Br)C(=O)C1=CC=C(Br)C=C1,11098432,CC(C)(Br)C(=O)c1ccc(Br)cc1,0
CC1(C)OC(=O)C(=CNC2=CC=CC(Br)=C2)C(=O)O1,11134383,CC1(C)OC(=O)C(=CNc2cccc(Br)c2)C(=O)O1,723280-91-9
CCOC1=CC=C(CC2=CC(Br)=CC=C2F)C=C1,11454462,CCOc1ccc(Cc2cc(Br)ccc2F)cc1,0
NCC1=C(Br)C=C(F)C=C1,11456859,NCc1ccc(F)cc1Br,0
CN1CCN(CC1)C(=O)NC1=CC=CC(Br)=C1,11724350,CN1CCN(C(=O)Nc2cccc(Br)c2)CC1,0
CCOC(COC1=C(Br)C=C(F)C=C1)OCC,11754439,CCOC(COc1ccc(F)cc1Br)OCC,253429-18-4
CCOC1=NC2=CC=CC(C(=O)OC)=C2N1CC1=CC=C(Br)C=C1,12622522,CCOc1nc2cccc(C(=O)OC)c2n1Cc1ccc(Br)cc1,892505-90-7
[H][C@]12CCN(C3=CC=C(Br)C=C3)[C@@]1([H])CN(C)C2,12981235,CN1C[C@H]2CCN(c3ccc(Br)cc3)[C@H]2C1,948846-62-6
CC(C)(O)CCCC1=CC=CC(Br)=C1,13197259,CC(C)(O)CCCc1cccc(Br)c1,87077-89-2
COC1=C(Br)C=CC(CC#N)=C1,13475513,COc1cc(CC#N)ccc1Br,0
COC(=O)CC1=C(Br)C=C(Cl)C=C1,13501972,COC(=O)Cc1ccc(Cl)cc1Br,0
FC1=CC=C(Br)C=C1C=C,13674598,C=Cc1cc(Br)ccc1F,221030-92-8
COCCOC1=C(Br)C=CC(CBr)=C1,13905755,COCCOc1cc(CBr)ccc1Br,0
COC(=O)C1=C(C(NC(C)=O)=CC=C1Br)N(=O)=O,13909336,COC(=O)c1c(Br)ccc(NC(C)=O)c1[N+](=O)[O-],333458-73-4
CCOC(=O)\C=C\C1=CC(Br)=C(OC)C=C1,14125064,CCOC(=O)/C=C/c1ccc(OC)c(Br)c1,540778-94-7
COCOC1=C(C=CC(Br)=C1)C(=O)OC,14159272,COCOc1cc(Br)ccc1C(=O)OC,144033-41-0
CC(=O)C1=CC(Br)=CC(F)=C1,14198337,CC(=O)c1cc(F)cc(Br)c1,105515-20-6
COC1=C(N)C=C(Br)C=C1C(C)(C)C,14212342,COc1c(N)cc(Br)cc1C(C)(C)C,474554-51-3
COC1=C(C=C(Br)C=C1N(=O)=O)C(C)(C)C,14212343,COc1c([N+](=O)[O-])cc(Br)cc1C(C)(C)C,474554-50-2
CCOC(=O)C(=O)C1=CC(Br)=CC=C1F,14225460,CCOC(=O)C(=O)c1cc(Br)ccc1F,668969-68-4
OC(=O)C1=CC(C=O)=C(Br)C=C1,14299481,O=Cc1cc(C(=O)O)ccc1Br,776315-23-2
NC(=O)C1=CC=C(Br)C(F)=C1,14355291,NC(=O)c1ccc(Br)c(F)c1,759427-20-8
CCOC(=O)C(CCC1=CC=C(Br)C=C1)(NC(C)=O)C(=O)OCC,14359763,CCOC(=O)C(CCc1ccc(Br)cc1)(NC(C)=O)C(=O)OCC,845550-71-2
CCOC1=C(C=CC(Br)=C1)C(O)=O,14399399,CCOc1cc(Br)ccc1C(=O)O,89407-43-2
COC1=C(NC(=O)C(F)(F)F)C=CC(Br)=C1,14502259,COc1cc(Br)ccc1NC(=O)C(F)(F)F,870838-52-1
CC1=CC(Cl)=C(OCCOC2=CC=C(Br)C=C2)C(Cl)=C1,14519192,Cc1cc(Cl)c(OCCOc2ccc(Br)cc2)c(Cl)c1,877995-77-2
CON(C)C(=O)C1=CC(Br)=CC(=C1)C(F)(F)F,14534001,CON(C)C(=O)c1cc(Br)cc(C(F)(F)F)c1,880652-44-8
OC(=O)C1=CC2=C(C=C1)N(C=N2)C1=CC(Br)=CC=C1,14546617,O=C(O)c1ccc2c(c1)ncn2-c1cccc(Br)c1,889102-43-6
BrC1=CC(=CC=C1)C1=CC=CC(=C1)C1=NC=CC=C1,14561426,Brc1cccc(-c2cccc(-c3ccccn3)c2)c1,849677-08-3
CON(C)C(=O)CCC1=CC=C(Br)C=C1,14571812,CON(C)C(=O)CCc1ccc(Br)cc1,259099-03-1
CCOC(=O)C1=CC(OCC2CC2)=C(Br)C=C1,14580627,CCOC(=O)c1ccc(Br)c(OCC2CC2)c1,908247-86-9
COCCCOC1=CC(Br)=CC=C1C(C)=O,14614785,COCCCOc1cc(Br)ccc1C(C)=O,905831-23-4
OC(=O)CC1=CC=C(O)C=C1Br,14942539,O=C(O)Cc1ccc(O)cc1Br,88491-44-5
BrC1=CC=C(C=C1)C(=O)N1CCC1,15439779,O=C(c1ccc(Br)cc1)N1CCC1,925423-97-8
CC(C)COC1=CC=C(Br)C=C1N(=O)=O,15479295,CC(C)COc1ccc(Br)cc1[N+](=O)[O-],876938-69-1
COC(=O)C1=C(OC(F)(F)F)C=C(Br)C=C1,15493122,COC(=O)c1ccc(Br)cc1OC(F)(F)F,933785-18-3
CC(C)(C)OC(=O)NC1=C(OCC2=CC=CC=C2)C=C2C=CC(Br)=CC2=C1,15506018,CC(C)(C)OC(=O)Nc1cc2cc(Br)ccc2cc1OCc1ccccc1,941306-08-7
NC(=S)NC1=CC(Br)=CC(OCC2=CC=CC=C2)=C1,15611266,NC(=S)Nc1cc(Br)cc(OCc2ccccc2)c1,1000289-65-5
CC1=C(Br)C=CC(NS(C)(=O)=O)=C1,15625159,Cc1cc(NS(C)(=O)=O)ccc1Br,149105-00-0
NC1=C(O)C=C(F)C(Br)=C1,15641936,Nc1cc(Br)c(F)cc1O,1016234-89-1
CCC(O)(CC)C1=CC=C(Br)C=C1,15695355,CCC(O)(CC)c1ccc(Br)cc1,850918-14-8
OC(C#CC1=CC=CC=C1)C1=C(O)C=CC(Br)=C1,15747818,Oc1ccc(Br)cc1C(O)C#Cc1ccccc1,1008105-72-3
OC1=C(Br)C=CC(Cl)=C1C=O,18315574,O=Cc1c(Cl)ccc(Br)c1O,1009094-06-7
CCOC1=C(Br)C=CC(=C1)N(=O)=O,18331587,CCOc1cc([N+](=O)[O-])ccc1Br,423165-33-7
BrC1=CC=CC(COC2=CC=C(C=O)C=C2)=C1,18759769,O=Cc1ccc(OCc2cccc(Br)c2)cc1,588676-02-2
CC(=O)C1=CC=C(CBr)C(Br)=C1,18872193,CC(=O)c1ccc(CBr)c(Br)c1,909190-70-1
CC1=C(N)C=C(Br)C(Cl)=C1,18992313,Cc1cc(Cl)c(Br)cc1N,1126367-88-1
COC(=O)C1=CC=C(CC#N)C(Br)=C1,19011974,COC(=O)c1ccc(CC#N)c(Br)c1,1069114-89-1
NC1=C(C=C(F)C(Br)=C1)N(=O)=O,19163656,Nc1cc(Br)c(F)cc1[N+](=O)[O-],1052686-50-6
COC1=CC(=CC(Br)=C1)C(N)=O,19346708,COc1cc(Br)cc(C(N)=O)c1,1177558-45-0
CC1=CC(=CC(Br)=C1)C(N)=O,19346711,Cc1cc(Br)cc(C(N)=O)c1,1007578-82-6
CCNCC1=C(Br)C=CC(=C1)C(F)(F)F,19347308,CCNCc1cc(C(F)(F)F)ccc1Br,1175526-32-5
C[C@](N)(CCO)C1=C(F)C=C(F)C(Br)=C1,19591184,C[C@](N)(CCO)c1cc(Br)c(F)cc1F,1194044-43-3
CCOC(=O)C1=CC=C(Br)C(F)=C1,19712580,CCOC(=O)c1ccc(Br)c(F)c1,1130165-74-0
BrC1=CC=C(\C=C\C2CCCO2)C=C1,19762982,Brc1ccc(/C=C/C2CCCO2)cc1,1201224-41-0
COC\C=C\C1=CC(=CC(Br)=C1C)C(=O)OC,19807108,COC/C=C/c1cc(C(=O)OC)cc(Br)c1C,1229245-00-4
COCCCC1=CC(=CC(Br)=C1C)C(=O)NC1CC1,19807184,COCCCc1cc(C(=O)NC2CC2)cc(Br)c1C,1229245-21-9
BrC1=CC=C(C=C1)C1(CC(=O)C1)N1C(=O)C2=C(C=CC=C2)C1=O,20534160,O=C1CC(c2ccc(Br)cc2)(N2C(=O)c3ccccc3C2=O)C1,1199556-87-0
CCOC(=O)C(CC1=CC=CC=C1Br)=C=C,20775327,C=C=C(Cc1ccccc1Br)C(=O)OCC,1240579-60-5
COC(=O)CC1=C(OC)C(Br)=CC=C1,20880768,COC(=O)Cc1cccc(Br)c1OC,1255209-15-4
ClC1=CC(=CC=C1Br)C(=O)CBr,21086385,O=C(CBr)c1ccc(Br)c(Cl)c1,87427-57-4
COC(=O)C1=CC=CC(C=O)=C1Br,21128150,COC(=O)c1cccc(C=O)c1Br,750585-94-5
CC(C)(C)OC(=O)C1(CC2=CC(Br)=C(F)C=C2)CC1,21175782,CC(C)(C)OC(=O)C1(Cc2ccc(F)c(Br)c2)CC1,1192040-00-8
COC(=O)C1=C(C=CC(Br)=C1)C(Br)Br,21414766,COC(=O)c1cc(Br)ccc1C(Br)Br,1265286-99-4
CCOC1=CC=C(C=C1)C(OCC1=CC=CC=C1)C1=C(Cl)C=CC(Br)=C1,21418215,CCOc1ccc(C(OCc2ccccc2)c2cc(Br)ccc2Cl)cc1,1298086-15-3
FC(=C)C1=CC=C(Br)C=C1,21464612,C=C(F)c1ccc(Br)cc1,144989-16-2
CN1CC(C)(NC(=O)C1=O)C1=C(F)C=CC(Br)=C1,21609787,CN1CC(C)(c2cc(Br)ccc2F)NC(=O)C1=O,1313525-84-6
CNCC(C)(NC(=O)OC(C)(C)C)C1=C(F)C=CC(Br)=C1,21609795,CNCC(C)(NC(=O)OC(C)(C)C)c1cc(Br)ccc1F,1313525-82-4
BrC1=CC(OCC2=CC=CC=C2)=C(C=C1)N(=O)=O,21709639,O=[N+]([O-])c1ccc(Br)cc1OCc1ccccc1,849210-10-2
COC1=CC(F)=C(OC2=C(C=C(Br)C=C2)C(O)=O)C=C1,21850946,COc1ccc(Oc2ccc(Br)cc2C(=O)O)c(F)c1,1335218-39-7
COC1=CC(Br)=C(OCC2=CCN(CC3=CC=CC=C3)CC2)C=C1,22251018,COc1ccc(OCC2=CCN(Cc3ccccc3)CC2)c(Br)c1,1355087-57-8
C[Si](C)(C)C#CC1=C(Br)C=C(F)C=C1,22291978,C[Si](C)(C)C#Cc1ccc(F)cc1Br,0
COC(=O)C1=C(CNC2=C(C)C(Br)=CC=C2)C=C(S1)C(C)(C)C,22330641,COC(=O)c1sc(C(C)(C)C)cc1CNc1cccc(Br)c1C,1361386-47-1
CC1=CC=C(C=C1)S(=O)(=O)C([N+]#[C-])C1=CC=C(Br)C=C1,22433480,[C-]#[N+]C(c1ccc(Br)cc1)S(=O)(=O)c1ccc(C)cc1,655254-61-8
CCCOC1=CC=C(Br)C(C)=C1,22584592,CCCOc1ccc(Br)c(C)c1,1133116-39-8
OCC(=O)C1=CC=CC=C1Br,22606097,O=C(CO)c1ccccc1Br,99233-20-2
NC1=C(Br)C=C(C=C1N(=O)=O)C1CC1,22879358,Nc1c(Br)cc(C2CC2)cc1[N+](=O)[O-],1326309-69-6
CC(C)(C)OC(=O)N1CCOC(C1)C1=C(F)C=C(Br)C=C1,22890971,CC(C)(C)OC(=O)N1CCOC(c2ccc(Br)cc2F)C1,1400997-79-6
O[C@H](COC1=CC=CN=C1Cl)C1=CC=C(Br)C=C1,22895137,O[C@H](COc1cccnc1Cl)c1ccc(Br)cc1,1400797-14-9
OCC1=C(F)C=CC(F)=C1Br,22933716,OCc1c(F)ccc(F)c1Br,1404115-38-3
CN([C@@H]1CC[C@H](N)CC1)C1=CC(Br)=CC(C(=O)NCC2=C(C)C=C(C)NC2=O)=C1C,23055728,Cc1cc(C)c(CNC(=O)c2cc(Br)cc(N(C)[C@H]3CC[C@@H](N)CC3)c2C)c(=O)[nH]1,1403257-65-7
CC(C)(C)OC(=O)N1CC(F)(C1)C1=CC=C(Br)C=C1,23306352,CC(C)(C)OC(=O)N1CC(F)(c2ccc(Br)cc2)C1,1357614-51-7
COC[C@H]1C[C@H](N(C1)C(=O)OC(C)(C)C)C(=O)OCC(=O)C1=CC=C(Br)C=C1,23506082,COC[C@H]1C[C@@H](C(=O)OCC(=O)c2ccc(Br)cc2)N(C(=O)OC(C)(C)C)C1,1378388-14-7
C[Si](C)(C)C#CC1=C(N)C=C(F)C(Br)=C1F,23961106,C[Si](C)(C)C#Cc1c(N)cc(F)c(Br)c1F,1467060-37-2
COC1=C(OCC2CN(C)CCO2)C=C2N=CN=C(NC3=C(Cl)C=C(Br)C=C3)C2=C1,24347968,COc1cc2c(Nc3ccc(Br)cc3Cl)ncnc2cc1OCC1CN(C)CCO1,0
COC1=C(C#N)C(F)=CC=C1Br,24642640,COc1c(Br)ccc(F)c1C#N,0
BrC1=CC(C#N)=C(OCC2CCNCC2)C=C1,24702699,N#Cc1cc(Br)ccc1OCC1CCNCC1,0
C[C@@]1(O)C[C@@](N)(C1)C1=CC=C(Br)C=C1,26530730,C[C@]1(O)C[C@@](N)(c2ccc(Br)cc2)C1,1402603-97-7
CC(C)(C)OC(=O)N[C@@]1(C[C@@](C)(O)C1)C1=CC=C(Br)C=C1,26530731,CC(C)(C)OC(=O)N[C@]1(c2ccc(Br)cc2)C[C@@](C)(O)C1,1247898-38-9
FC(F)(F)[C@@H]1CC[C@@H](CC1)OC1=C(I)C2=C(C=C1)C=C(Br)C=C2,26573347,FC(F)(F)[C@H]1CC[C@@H](Oc2ccc3cc(Br)ccc3c2I)CC1,1544663-95-7
FC(F)(F)[C@@H]1CC[C@@H](CC1)OC1=CC=C2C=C(Br)C=CC2=C1,26573348,FC(F)(F)[C@H]1CC[C@@H](Oc2ccc3cc(Br)ccc3c2)CC1,1544665-15-7
COC1=C(N)C=C(Br)C(F)=C1,26597148,COc1cc(F)c(Br)cc1N,1397237-98-7
CC1=CC(F)=CC(Br)=C1O,26678696,Cc1cc(F)cc(Br)c1O,1572185-50-2
CC(C)OC1=CC(Br)=CC(C=O)=C1C,26956767,Cc1c(C=O)cc(Br)cc1OC(C)C,1616289-85-0
COC(CN(CC1=C(C)C(OC(C)C)=CC(Br)=C1)S(=O)(=O)C1=CC=C(C)C=C1)OC,26956769,COC(CN(Cc1cc(Br)cc(OC(C)C)c1C)S(=O)(=O)c1ccc(C)cc1)OC,1616289-87-2
CCOC1=C(Br)C=CC(=C1)C(=O)NC1=CC(=CC=N1)C(F)(F)F,27015860,CCOc1cc(C(=O)Nc2cc(C(F)(F)F)ccn2)ccc1Br,0
COC1=CC(Br)=CC(Cl)=C1I,27042798,COc1cc(Br)cc(Cl)c1I,1615212-05-9
FC1=CC(Br)=CC=C1CC(N=C(C1=CC=CC=C1)C1=CC=CC=C1)C#N,27398204,N#CC(Cc1ccc(Br)cc1F)N=C(c1ccccc1)c1ccccc1,0
OC1=CC(F)=C(C=C1Br)C#N,27443931,N#Cc1cc(Br)c(O)cc1F,0
BrCC1=CC(C#N)=C(Br)C=C1,27452272,N#Cc1cc(CBr)ccc1Br,0
COC(=O)NC1=CC=C2C(NC(=O)[C@H](C)CCC[C@H](N3CCC(=CC3=O)C3=C(Br)C=CC(Cl)=C3F)C3=CC2=CC=N3)=C1,27659668,COC(=O)Nc1ccc2c(c1)NC(=O)[C@H](C)CCC[C@H](N1CCC(c3c(Br)ccc(Cl)c3F)=CC1=O)c1cc-2ccn1,0
CCS(=O)(=O)C1=CC(Br)=C(OC2=C(C=O)C=CC=C2C)C=C1,27744374,CCS(=O)(=O)c1ccc(Oc2c(C)cccc2C=O)c(Br)c1,0
FC1=C(CN2CCNCC2)C=CC(Br)=C1,27791031,Fc1cc(Br)ccc1CN1CCNCC1,0
FC1=CC=C(S)C(C#N)=C1Br,27952076,N#Cc1c(S)ccc(F)c1Br,0
ClC1=C(CC2=CC=C(OCC3=CC=CC=C3)C=C2)C=C(Br)C=C1,28042470,Clc1ccc(Br)cc1Cc1ccc(OCc2ccccc2)cc1,0
FC1=CC(Br)=C(OCC2=CC=CC=C2)C=C1F,28102063,Fc1cc(Br)c(OCc2ccccc2)cc1F,0
COC(=O)C1=C(Br)C(I)=CC=C1,28202619,COC(=O)c1cccc(I)c1Br,0
COC1=CC=CC(Br)=C1O[Si](C)(C)C(C)(C)C,28251347,COc1cccc(Br)c1O[Si](C)(C)C(C)(C)C,0
CCOC1=C(CC(O)=O)C=CC(Br)=C1,28446438,CCOc1cc(Br)ccc1CC(=O)O,0
BrC1=CC=C(C=C1)[C@@H]1CCCCO1,28579284,Brc1ccc([C@@H]2CCCCO2)cc1,0
FC(F)(F)C1=CC=C(OCC2=CC=CC=C2)C=C1Br,28713713,FC(F)(F)c1ccc(OCc2ccccc2)cc1Br,0
COC1(CC(C1)(C(O)=O)C1=CC=C(Br)C=C1)OC,29205711,COC1(OC)CC(C(=O)O)(c2ccc(Br)cc2)C1,0
COC(=O)C1(CC(F)(F)C1)C1=CC=C(Br)C=C1,29205712,COC(=O)C1(c2ccc(Br)cc2)CC(F)(F)C1,0
FC1=C(C=C(Br)C=C1C#N)C#N,29208802,N#Cc1cc(Br)cc(C#N)c1F,0
COC1=CC=C(CN(C)S(=O)(=O)C[C@](C)(N[S@](=O)C(C)(C)C)C2=C(F)C=CC(Br)=C2)C=C1,29286840,COc1ccc(CN(C)S(=O)(=O)C[C@](C)(N[S@](=O)C(C)(C)C)c2cc(Br)ccc2F)cc1,0
CC(C)(C)OC(=O)OC1=CC=C(Br)C(OC(=O)OC(C)(C)C)=C1C(=O)OC(C)(C)C,29368260,CC(C)(C)OC(=O)Oc1ccc(Br)c(OC(=O)OC(C)(C)C)c1C(=O)OC(C)(C)C,0
COC(=O)C1=CC=C(Br)C(OC(F)F)=C1,29412047,COC(=O)c1ccc(Br)c(OC(F)F)c1,0
CC(C)(C)OC(=O)N1CC(C1)=CC1=CC=C(Br)C=C1,29421695,CC(C)(C)OC(=O)N1CC(=Cc2ccc(Br)cc2)C1,0
CC(C(O)=O)C1=CC(Cl)=C(Br)C=C1,29669124,CC(C(=O)O)c1ccc(Br)c(Cl)c1,0
NC1=C(C=C(C=C1Br)N(=O)=O)C(O)=O,29830169,Nc1c(Br)cc([N+](=O)[O-])cc1C(=O)O,0
CC1=C(Cl)C(O)=C(C=C1Br)C(=O)N[C@H]1CCC[C@@H]1O[Si](C)(C)C(C)(C)C,30645336,Cc1c(Br)cc(C(=O)N[C@H]2CCC[C@@H]2O[Si](C)(C)C(C)(C)C)c(O)c1Cl,0
FC1=CC(Br)=CC(F)=C1CCl,30946984,Fc1cc(Br)cc(F)c1CCl,0
FC(F)(F)C1=CC(N2CCS(=O)(=O)CC2)=C(Br)C=C1,31038840,O=S1(=O)CCN(c2cc(C(F)(F)F)ccc2Br)CC1,0
COC1=C(Br)C=CC(CN)=C1,31090496,COc1cc(CN)ccc1Br,0
CC(C)(C)[Si](C)(C)OC1=C(CC2=CC(Br)=CC=C2)C=CC(C=O)=C1,32302467,CC(C)(C)[Si](C)(C)Oc1cc(C=O)ccc1Cc1cccc(Br)c1,0
OCC(F)(F)C1=CC=CC=C1Br,32341152,OCC(F)(F)c1ccccc1Br,0
FC1=CC(F)=C(C=C1Br)C(F)(F)F,32569001,Fc1cc(F)c(C(F)(F)F)cc1Br,0
CSC1=CC=C(Br)C=C1I,32712961,CSc1ccc(Br)cc1I,0
COC1=C(OCCCN2CCCC2)C=CC(Br)=C1,33218204,COc1cc(Br)ccc1OCCCN1CCCC1,0
FC(F)(F)C1=CC=C(CNCC2=CC=C(Br)C=C2)O1,33689416,FC(F)(F)c1ccc(CNCc2ccc(Br)cc2)o1,0
CC(C)C1=CC(Br)=CC(C(C)C)=C1CC(O)=O,34179271,CC(C)c1cc(Br)cc(C(C)C)c1CC(=O)O,0
FC1=CC(Br)=CC(F)=C1C(=O)NCC(F)(F)F,34626498,O=C(NCC(F)(F)F)c1c(F)cc(Br)cc1F,0
OCCCC1=C(O)C=CC=C1Br,35090510,OCCCc1c(O)cccc1Br,0
CO[C@H]1CC[C@@H](CC1)NC1=C(N)C=C(Br)C=C1,35221363,CO[C@H]1CC[C@H](Nc2ccc(Br)cc2N)CC1,0
COC1=C(C=CC(Br)=C1)C(=O)NOC(=O)C(C)(C)C,35503185,COc1cc(Br)ccc1C(=O)NOC(=O)C(C)(C)C,0
OC(=O)CNC(=O)C1=C(Cl)C=CC(Br)=C1,35839134,O=C(O)CNC(=O)c1cc(Br)ccc1Cl,0
COCOC1=CC(Br)=C2C(Cl)=CC=CC2=C1,36674155,COCOc1cc(Br)c2c(Cl)cccc2c1,0
OC(=O)C1=C(F)C(F)=C(Br)C(Cl)=C1,36778198,O=C(O)c1cc(Cl)c(Br)c(F)c1F,0
CCOC(=O)C1=C(F)C(OC)=CC=C1Br,37310976,CCOC(=O)c1c(Br)ccc(OC)c1F,0
CC(=O)OC[C@H]1O[C@@H](OC2=CC=C(Br)C=C2)[C@H](OC(C)=O)[C@@H](OC(C)=O)[C@@H]1OC(C)=O,100062,CC(=O)OC[C@H]1O[C@@H](Oc2ccc(Br)cc2)[C@H](OC(C)=O)[C@@H](OC(C)=O)[C@@H]1OC(C)=O,14581-80-7
BrC1=CC=C(C=C1)C1=NCCS1,132793,Brc1ccc(C2=NCCS2)cc1,96159-83-0
BrC1=CC=C(C=C1)N1C(=O)CNC1=O,174651,O=C1CNC(=O)N1c1ccc(Br)cc1,345648-37-5
CC(=O)NC1=NC(=CS1)C1=CC=C(Br)C=C1,204705,CC(=O)Nc1nc(-c2ccc(Br)cc2)cs1,53173-91-4
OC1(NC(=O)C2=CC=CC=C12)C1=CC=C(Br)C=C1,204812,O=C1NC(O)(c2ccc(Br)cc2)c2ccccc21,42156-66-1
BrCC(=O)NC1=CC=C(Br)C=C1C(=O)C1=NC=CC=C1,486586,O=C(CBr)Nc1ccc(Br)cc1C(=O)c1ccccn1,1694-64-0
BrC1=CC(=CC=C1)C1=NNN=N1,513774,Brc1cccc(-c2nn[nH]n2)c1,3440-99-1
ClCC1=COC(=N1)C1=CC=C(Br)C=C1,516842,ClCc1coc(-c2ccc(Br)cc2)n1,22091-38-9
CC1=NC2=CC=CC=C2N=C1C1=CC=C(Br)C=C1,747556,Cc1nc2ccccc2nc1-c1ccc(Br)cc1,17492-65-8
BrC1=CC=C(C=C1)N1C(=O)NC2=C(C=CC=C2)C1=O,752433,O=c1[nH]c2ccccc2c(=O)n1-c1ccc(Br)cc1,2400-96-6
BrC1=CC=CC=C1C1=NC2=CC=CC=C2C(=O)O1,794292,O=c1oc(-c2ccccc2Br)nc2ccccc12,18595-86-3
BrC1=CC(CN2CCCCC2)=CC=C1,1284331,Brc1cccc(CN2CCCCC2)c1,59507-40-3
BrC1=CC=CC=C1C(=O)C1=CC=CS1,1369289,O=C(c1cccs1)c1ccccc1Br,6933-32-0
CC1=CC2=CC=CC=C2C(Br)=C1C,1863995,Cc1cc2ccccc2c(Br)c1C,5334-79-2
CN(C)CCCOC1=CC=C(Br)C=C1,1871102,CN(C)CCCOc1ccc(Br)cc1,76579-64-1
COC1=C2C=CC=CC2=C(Br)C2=CC=CC=C12,1879918,COc1c2ccccc2c(Br)c2ccccc12,50418-16-1
COC1=CC=CC2=CC(Br)=CC=C12,1943431,COc1cccc2cc(Br)ccc12,54828-63-6
COC(=O)C1=C(F)C=C(F)C(Br)=C1,1954457,COC(=O)c1cc(Br)c(F)cc1F,351325-31-0
COC(=O)C1=C2C(Br)=CC=CC2=CC=C1,1956247,COC(=O)c1cccc2cccc(Br)c12,38058-95-6
CCOC(C)(OCC)C1=CC=C(Br)C=C1,1965251,CCOC(C)(OCC)c1ccc(Br)cc1,61390-40-7
BrCC1=C2C=CC=CC2=C(Br)C2=C1C=CC=C2,1972281,BrCc1c2ccccc2c(Br)c2ccccc12,2606-52-2
BrC1=CC=C(C=C1)C1=CC=C(C=C)C=C1,2045498,C=Cc1ccc(-c2ccc(Br)cc2)cc1,4130-13-6
BrC1=C(C=CC(=C1)N(=O)=O)C#N,2047880,N#Cc1ccc([N+](=O)[O-])cc1Br,34662-35-6
CC1=CC(Br)=C(C)C2=C1C=CC=C2,2088943,Cc1cc(Br)c(C)c2ccccc12,33301-43-8
COC1=C(Br)C=C(CCl)C=C1,2089932,COc1ccc(CCl)cc1Br,701-94-0
COC1=CC=C(CC2=C(Br)C=CC=C2)C=C1,2103343,COc1ccc(Cc2ccccc2Br)cc1,68355-78-2
COC(=O)COC1=C(C)C=C(Br)C=C1,2110354,COC(=O)COc1ccc(Br)cc1C,2867-53-0
COC1=C(O)C(Br)=CC(=C1)N(=O)=O,2118335,COc1cc([N+](=O)[O-])cc(Br)c1O,35488-15-4
[H][C@](N)(CCC(=O)N[C@@]([H])(CSCC1=CC=C(Br)C=C1)C(=O)NCC(O)=O)C(O)=O,2193017,N[C@@H](CCC(=O)N[C@@H](CSCc1ccc(Br)cc1)C(=O)NCC(=O)O)C(=O)O,31702-37-1
NC1=CC=C(NC2=CC=C(Br)C=C2)C=C1,2212553,Nc1ccc(Nc2ccc(Br)cc2)cc1,40932-75-0
CC1=CC=C(C=C1)C(=O)C(=O)C1=CC=C(Br)C=C1,2213545,Cc1ccc(C(=O)C(=O)c2ccc(Br)cc2)cc1,40396-75-6
BrC1=CC=C(COCC#C)C=C1,2249639,C#CCOCc1ccc(Br)cc1,59617-45-7
COC1=C(Br)C=C(C=O)C=C1O,2257123,COc1c(O)cc(C=O)cc1Br,23354-30-5
CC(C)(CO)NC(=O)C1=CC=CC=C1Br,2266350,CC(C)(CO)NC(=O)c1ccccc1Br,54596-21-3
COC1=CC(Br)=C(C=O)C=C1OC(C)C,2276489,COc1cc(Br)c(C=O)cc1OC(C)C,56517-32-9
CCCCCCCC1=CC=C(C=C1)C1=CC=C(Br)C=C1,2330304,CCCCCCCc1ccc(-c2ccc(Br)cc2)cc1,58573-93-6
BrCCC(=O)C1=CC=C(Br)C=C1,2361059,O=C(CCBr)c1ccc(Br)cc1,33994-13-7
ClC1=CC=C(CC2=CC=C(Br)C=C2)C=C1,2367304,Clc1ccc(Cc2ccc(Br)cc2)cc1,30203-84-0
BrC1=CC=C(C=C1)C(C1=CC=CC=C1)C1=CC=CC=C1,2372873,Brc1ccc(C(c2ccccc2)c2ccccc2)cc1,5410-05-9
BrC1=CC(I)=C(I)C=C1,2435091,Brc1ccc(I)c(I)c1,21521-54-0
CC(=O)C1=C(Br)C=C(C=C1)N(=O)=O,2451276,CC(=O)c1ccc([N+](=O)[O-])cc1Br,90004-93-6
CCN(CC)C(=O)C1=CC(C)=C(Br)C=C1,2451505,CCN(CC)C(=O)c1ccc(Br)c(C)c1,52010-29-4
BrC1=CC=CC=C1S(=O)(=O)C1=CC=CC=C1,2452870,O=S(=O)(c1ccccc1)c1ccccc1Br,5324-79-8
COC1=C(OC)C(Br)=C(C(C=O)=C1)N(=O)=O,2465048,COc1cc(C=O)c([N+](=O)[O-])c(Br)c1OC,20357-26-0
BrC1=CC=C(C=C1)C(=O)\C=C\C1=CC=C(C=C1)N(=O)=O,2507615,O=C(/C=C/c1ccc([N+](=O)[O-])cc1)c1ccc(Br)cc1,71122-94-6
BrC1=CC(=CC=C1)C(=O)CC(=O)C1=CC=CC=C1,2529030,O=C(CC(=O)c1cccc(Br)c1)c1ccccc1,25856-02-4
COC(=O)C1=CC=CC2=C1C=CC(Br)=C2,2578670,COC(=O)c1cccc2cc(Br)ccc12,93353-66-3
ON=C(C1=CC=CC=C1)C1=CC=C(Br)C=C1,2580458,ON=C(c1ccccc1)c1ccc(Br)cc1,107965-78-6
CCC1=C(Br)C=C(C=C1)C(O)=O,2613415,CCc1ccc(C(=O)O)cc1Br,99548-53-5
CC1=CC(Br)=CC=C1NC(=O)CCl,2644699,Cc1cc(Br)ccc1NC(=O)CCl,96686-51-0
COC1=C(O)C(Br)=CC(=C1)C(O)=O,2695763,COc1cc(C(=O)O)cc(Br)c1O,6324-52-3
NC1=CC(Br)=CC=C1C1=CC=CC=C1,2718616,Nc1cc(Br)ccc1-c1ccccc1,41604-22-2
CC(=O)C1=C(O)C(N)=CC(Br)=C1,2718930,CC(=O)c1cc(Br)cc(N)c1O,70977-85-4
COC1=CC=C(NC(C)=O)C(Br)=C1,2721361,COc1ccc(NC(C)=O)c(Br)c1,79069-37-7
COC(=O)C1=C(OC)C(Br)=CC=C1C,2722240,COC(=O)c1c(C)ccc(Br)c1OC,0
BrC1=CC=C(NC(=O)C2=C(C=CC=C2)N(=O)=O)C=C1,2747288,O=C(Nc1ccc(Br)cc1)c1ccccc1[N+](=O)[O-],2385-26-4
NC1=C(Br)C=C(O)C=C1,2802561,Nc1ccc(O)cc1Br,74440-80-5
COC1=C(OC)C=C(CCNC(=O)CC2=C(Br)C=CC=C2)C=C1,2818648,COc1ccc(CCNC(=O)Cc2ccccc2Br)cc1OC,109558-14-7
NNC(=O)C1=CC(Br)=CC=C1O,2832120,NNC(=O)c1cc(Br)ccc1O,39635-10-4
NC1=CC=C(C=C1)C(=O)C1=CC=C(Br)C=C1,2837769,Nc1ccc(C(=O)c2ccc(Br)cc2)cc1,40292-19-1
NC1=C(Br)C(F)=C(F)C(F)=C1F,2840328,Nc1c(F)c(F)c(F)c(F)c1Br,5580-82-5
COC1=C(O)C(O)=CC(Br)=C1,2966434,COc1cc(Br)cc(O)c1O,38790-07-7
CC(C)(C)OCC1=CC=C(Br)C=C1,3046726,CC(C)(C)OCc1ccc(Br)cc1,22807-80-3
CC1=CC(Br)=C(N)C=C1N(=O)=O,3050043,Cc1cc(Br)c(N)cc1[N+](=O)[O-],102169-99-3
CCC(=O)C1=C(OC)C=C(Br)C=C1,3089496,CCC(=O)c1ccc(Br)cc1OC,23600-63-7
CC(=O)C1=CC=C(Br)C=C1N(=O)=O,3091471,CC(=O)c1ccc(Br)cc1[N+](=O)[O-],90004-94-7
OC(=O)CCC1=CC=C(O)C(Br)=C1,3119094,O=C(O)CCc1ccc(O)c(Br)c1,20146-10-5
BrC1=CC=C(C=C1)C(=O)NCC#N,3131542,N#CCNC(=O)c1ccc(Br)cc1,99208-44-3
CC(C)[C@@H]1CC[C@@H](C)C[C@H]1OC(=O)C1=CC=C(Br)C=C1,3207472,CC(C)[C@@H]1CC[C@@H](C)C[C@H]1OC(=O)c1ccc(Br)cc1,93738-11-5
CC1=CC(O)=C(O)C=C1Br,3237825,Cc1cc(O)c(O)cc1Br,18863-72-4
BrC1=CC(I)=CC2=CC=CC=C12,3240041,Brc1cc(I)cc2ccccc12,0
CC1=CC(O)=CC(Br)=C1O,3240432,Cc1cc(O)cc(Br)c1O,50848-60-7
CC(O)(C#C)C1=CC=C(Br)C=C1,3243832,C#CC(C)(O)c1ccc(Br)cc1,115919-18-1
COC(=O)C1=C(C)C=C(C)C(Br)=C1,3244776,COC(=O)c1cc(Br)c(C)cc1C,152849-72-4
COC1=C(O)C=C(Br)C(C)=C1,3245888,COc1cc(C)c(Br)cc1O,83387-13-7
CC(=O)C1=C(O)C(Br)=CC(F)=C1,3251326,CC(=O)c1cc(F)cc(Br)c1O,393-62-4
BrC1=C(C=C(I)C=C1)N(=O)=O,3253367,O=[N+]([O-])c1cc(I)ccc1Br,713512-18-6
COC(=O)C1=C(O)C(Br)=CC(C=O)=C1,3269164,COC(=O)c1cc(C=O)cc(Br)c1O,861514-69-4
CC(=O)NCC(=O)C1=CC=C(Br)C=C1,3274416,CC(=O)NCC(=O)c1ccc(Br)cc1,76477-12-8
OC1=C(C2=CC=C(Br)C=C2C=C1)N(=O)=O,3299738,O=[N+]([O-])c1c(O)ccc2cc(Br)ccc12,550998-19-1
CN1CCOB(OCC1)C1=CC=C(Br)C=C1,3320262,CN1CCOB(c2ccc(Br)cc2)OCC1,115247-41-1
CC(C)(C)C1=CC(C(O)=O)=C(Br)C(=C1)C(O)=O,3328084,CC(C)(C)c1cc(C(=O)O)c(Br)c(C(=O)O)c1,64395-03-5
C[Si](C)(C)C1=C2C(Br)=CC=CC2=CC=C1,3543248,C[Si](C)(C)c1cccc2cccc(Br)c12,124153-82-8
BrC1=CC=CC=C1C=NC1CCCCC1,3605778,Brc1ccccc1C=NC1CCCCC1,128651-80-9
C[Si](C)(Cl)C1=C(Br)C=CC=C1,4244984,C[Si](C)(Cl)c1ccccc1Br,130350-97-9
FC(F)(F)C1=CC(Br)=C(C=C1)N(=O)=O,4252793,O=[N+]([O-])c1ccc(C(F)(F)F)cc1Br,132839-58-8
BrC1=CC=C(C=C1)C(=O)C=CC1=CC=C2OCOC2=C1,4259595,O=C(C=Cc1ccc2c(c1)OCO2)c1ccc(Br)cc1,36716-01-5
C\C=C/C1=C(Br)C=CC=C1,4368806,C/C=C\c1ccccc1Br,0
CC(C)=CCC1=CC=C(Br)C=C1,4372986,CC(C)=CCc1ccc(Br)cc1,85964-37-0
CCCCCCC#CC1=C(Br)C=CC=C1,4399434,CCCCCCC#Cc1ccccc1Br,121221-93-0
COC1=C(OC)C=C(CN)C(Br)=C1,4410200,COc1cc(Br)c(CN)cc1OC,89525-51-9
CS(=O)(=O)OCCCC1=C(Br)C=CC=C1,4746472,CS(=O)(=O)OCCCc1ccccc1Br,165803-61-2
CCCCCCCCOC1=CC=C(C=C1)C1=CC=C(Br)C=C1,4747372,CCCCCCCCOc1ccc(-c2ccc(Br)cc2)cc1,63619-66-9
CCCCCCOC1=CC=C(C=C1)C1=CC=C(Br)C=C1,4783487,CCCCCCOc1ccc(-c2ccc(Br)cc2)cc1,63619-64-7
CC1=C(C=O)C(O)=CC=C1Br,4799627,Cc1c(Br)ccc(O)c1C=O,137644-94-1
CC#CC(O)C1=CC=C(Br)C=C1,4800495,CC#CC(O)c1ccc(Br)cc1,550358-39-9
COC1=CC(CO)=C(Br)C(C)=C1,4980507,COc1cc(C)c(Br)c(CO)c1,110451-90-6
OC1=CC=C(OCC2=CC=CC=C2)C=C1Br,5268828,Oc1ccc(OCc2ccccc2)cc1Br,79352-66-2
CC1=CC(O[Si](C)(C)C(C)(C)C)=CC(Br)=C1,5427392,Cc1cc(Br)cc(O[Si](C)(C)C(C)(C)C)c1,136386-75-9
ClC1=C(Cl)C(Cl)=C(Br)C=C1,5926700,Clc1ccc(Br)c(Cl)c1Cl,81067-37-0
BrC1=CC=C(NC2CCCCC2)C=C1,5932972,Brc1ccc(NC2CCCCC2)cc1,113388-04-8
BrC1=CC=C(C=C1)C1=CC=NC2=C1C=CC1=C2N=CC=C1,5953443,Brc1ccc(-c2ccnc3c2ccc2cccnc23)cc1,97802-07-8
COC(CNCC1=CC=C(Br)C=C1)OC,6200426,COC(CNCc1ccc(Br)cc1)OC,1036378-89-8
BrC1=CC=C(C=C1)C(=O)\C=C\C=C\C1=CC=CC=C1,6201831,O=C(/C=C/C=C/c1ccccc1)c1ccc(Br)cc1,133505-21-2
BrC1=CC=C(COC2=CC=C(C=C2)C#N)C=C1,6651182,N#Cc1ccc(OCc2ccc(Br)cc2)cc1,155720-38-0
COC(=O)[C@@H](CC1=CC=CC(Br)=C1)NC(C)=O,6651735,COC(=O)[C@@H](Cc1cccc(Br)c1)NC(C)=O,151073-48-2
COC(=O)C1=C(N)C(=CS1)C1=CC=C(Br)C=C1,6957745,COC(=O)c1scc(-c2ccc(Br)cc2)c1N,156274-31-6
COC(=O)[C@@H]1[C@H]2CC[C@@H](C[C@@H]1C1=CC=C(Br)C=C1)N2C,7033628,COC(=O)[C@H]1[C@@H](c2ccc(Br)cc2)C[C@@H]2CC[C@H]1N2C,135367-08-7
CC1=NN=C(C=C1)C1=CC=C(Br)C=C1,7089902,Cc1ccc(-c2ccc(Br)cc2)nn1,0
COC1=C(Br)C=C(CCO)C=C1,7090047,COc1ccc(CCO)cc1Br,181115-01-5
CC(C)(C)OC(=O)C1=CC=C(CBr)C(Br)=C1,7129124,CC(C)(C)OC(=O)c1ccc(CBr)c(Br)c1,165528-99-4
BrC1=CC=C(OC2=CC=CC=C2C=O)C=C1,7129423,O=Cc1ccccc1Oc1ccc(Br)cc1,364323-77-3
COC(OC)C1=C(Br)C=CC(OC)=C1,7261970,COc1ccc(Br)c(C(OC)OC)c1,181780-66-5
CC(CO)C1=CC=C(Br)C=C1,7368507,CC(CO)c1ccc(Br)cc1,81310-74-9
NC1=C(C=C(Br)C=C1N(=O)=O)C(F)(F)F,7378723,Nc1c([N+](=O)[O-])cc(Br)cc1C(F)(F)F,157026-18-1
NC1=CC2=NC=NC(NC3=CC(Br)=CC=C3)=C2C=C1,7378866,Nc1ccc2c(Nc3cccc(Br)c3)ncnc2c1,169205-81-6
OCC(O)C1=CC=CC=C1Br,7422539,OCC(O)c1ccccc1Br,0
BrC1=CC=C(C=C1)C1=NC2=CC=CC=C2C1=O,7426030,O=C1C(c2ccc(Br)cc2)=Nc2ccccc21,0
COC(=O)OC(C=C)C1=CC=C(Br)C=C1,7426195,C=CC(OC(=O)OC)c1ccc(Br)cc1,170938-18-8
CCOC(=O)C(C#N)C1=CC=C(Br)C=C1,7427414,CCOC(=O)C(C#N)c1ccc(Br)cc1,39266-22-3
CCC1=NC2=C(C)C=C(C)N=C2N1CC1=CC=C(Br)C=C1,7435376,CCc1nc2c(C)cc(C)nc2n1Cc1ccc(Br)cc1,154553-72-7
CC1=CC2=C(C=C1)C=CC(Br)=C2,7700127,Cc1ccc2ccc(Br)cc2c1,187746-76-5
CC1=C(N(N=C1C(O)=O)C1=C(Cl)C=C(Cl)C=C1)C1=CC=C(Br)C=C1,7774828,Cc1c(C(=O)O)nn(-c2ccc(Cl)cc2Cl)c1-c1ccc(Br)cc1,501423-63-8
CC(C)=CC(=O)NC1=CC=C(Br)C=C1,7805447,CC(C)=CC(=O)Nc1ccc(Br)cc1,135631-89-9
BrC1=CC=C(CN2C(=O)C=CC2=O)C=C1,7808799,O=C1C=CC(=O)N1Cc1ccc(Br)cc1,140480-95-1
CC1=CC(Br)=CC(C)=C1CBr,7987753,Cc1cc(Br)cc(C)c1CBr,0
BrC1=CC=CC=C1C1SCCCS1,8055463,Brc1ccccc1C1SCCCS1,130614-23-2
OC1=C(C=C(Br)C=C1N(=O)=O)S(Cl)(=O)=O,8392890,O=[N+]([O-])c1cc(Br)cc(S(=O)(=O)Cl)c1O,132658-03-8
CC(C)C(O)C1=C(Br)C=CC=C1,8403833,CC(C)C(O)c1ccccc1Br,253309-48-7
CN1C=CN=C1C1=CC=C(Br)C=C1,8404175,Cn1ccnc1-c1ccc(Br)cc1,176961-54-9
COC(=O)C(Br)C1=C(Br)C=CC=C1,8614702,COC(=O)C(Br)c1ccccc1Br,43063-97-4
CC(C)(C)OC(=O)CCC1=CC=C(Br)C=C1,8683974,CC(C)(C)OC(=O)CCc1ccc(Br)cc1,326496-52-0
[H][C@@](CC1=CC=C(Br)C=C1)(NC(=O)OCC1=CC=CC=C1)C(O)=O,8785612,O=C(N[C@@H](Cc1ccc(Br)cc1)C(=O)O)OCc1ccccc1,0
NC(=N)C1=CC2=C(NC=C2CC(=O)NC2=C(Br)C=C(C=C2)C2=C(C=CC=C2)S(N)(=O)=O)C=C1,8808944,N=C(N)c1ccc2[nH]cc(CC(=O)Nc3ccc(-c4ccccc4S(N)(=O)=O)cc3Br)c2c1,0
CSC1=CC(=CC=C1Br)C(F)(F)F,8902695,CSc1cc(C(F)(F)F)ccc1Br,142994-07-8
COCOC1=CC=C(Br)C=C1C(C)C,8976030,COCOc1ccc(Br)cc1C(C)C,328236-42-6
BrC1=CC=C(C=C1)C1=NC=CN=C1,9043252,Brc1ccc(-c2cnccn2)cc1,143526-49-2
OCC1=CC(=NO1)C1=CC=C(Br)C=C1,9258694,OCc1cc(-c2ccc(Br)cc2)no1,206055-91-6
CC(C)(C)OC(=O)\N=C\C1=CC=C(Br)C=C1,9259079,CC(C)(C)OC(=O)/N=C/c1ccc(Br)cc1,0
NC1=C(Br)C=C(F)C(F)=C1F,9259672,Nc1c(Br)cc(F)c(F)c1F,0
COC1=CC2=C(C=C1NC(=O)C#CCN(C)C)C(NC1=CC(Br)=CC=C1)=C(C=N2)C#N,9298178,COc1cc2ncc(C#N)c(Nc3cccc(Br)c3)c2cc1NC(=O)C#CCN(C)C,0
BrC1=CC(NC(=O)C2CCCCC2)=CC=C1,9329759,O=C(Nc1cccc(Br)c1)C1CCCCC1,452365-99-0
CC1=CC=C(Br)C(C)=C1C(O)=O,9389572,Cc1ccc(Br)c(C)c1C(=O)O,123278-07-9
FC1=CC=C(N=C=O)C(Br)=C1,9477646,O=C=Nc1ccc(F)cc1Br,0
CC[Si](CC)(CC)C1=C(F)C(Br)=CC=C1F,9631914,CC[Si](CC)(CC)c1c(F)ccc(Br)c1F,651027-03-1
CC1=CC=C(NC2=CC=C(Br)C=C2)C=C1,10065539,Cc1ccc(Nc2ccc(Br)cc2)cc1,858516-23-1
C[Si](C)(C)C1=C(F)C=C(Br)C=C1F,10157562,C[Si](C)(C)c1c(F)cc(Br)cc1F,184910-20-1
O[C@H]([C@@H]1CCCC1=O)C1=CC=C(Br)C=C1,10163297,O=C1CCC[C@H]1[C@@H](O)c1ccc(Br)cc1,0
ClC1=C(COC2=CC=CC=C2)C=C(Br)C=C1,10249907,Clc1ccc(Br)cc1COc1ccccc1,879403-77-7
CC1(C)COB(OC1)C1=CC(Br)=CC=C1,10251784,CC1(C)COB(c2cccc(Br)c2)OC1,635305-38-3
OCC1=C(O)C(Br)=CC=C1,10335257,OCc1cccc(Br)c1O,28165-46-0
CCOC(=O)C(\C)=C\C1=CC=C(Br)C=C1,10538238,CCOC(=O)/C(C)=C/c1ccc(Br)cc1,103519-90-0
C[N+]12CC(=O)O[B-]1(OC(=O)C2)C1=CC=C(Br)C=C1,11069506,C[N+]12CC(=O)O[B-]1(c1ccc(Br)cc1)OC(=O)C2,0
ClC(=O)COC1=CC=CC(Br)=C1,11080732,O=C(Cl)COc1cccc(Br)c1,0
CC(=O)C1=CC=C(I)C(Br)=C1,11092472,CC(=O)c1ccc(I)c(Br)c1,0
BrC1=CC(=CC=C1)[C@H]1CO1,11125298,Brc1cccc([C@H]2CO2)c1,0
CCOC(COC1=C(Br)C=CC(F)=C1)OCC,11757095,CCOC(COc1cc(F)ccc1Br)OCC,0
[H][C@]12CCN(C3=CC=C(C=C3)C3=CC=C(Br)C=C3)[C@@]1([H])CN(C)C2,12981250,CN1C[C@H]2CCN(c3ccc(-c4ccc(Br)cc4)cc3)[C@H]2C1,0
FC(F)(F)C1=CC=CC(Br)=C1CBr,13313772,FC(F)(F)c1cccc(Br)c1CBr,0
OCC#CC(=O)NC1=CC2=C(C=C1)N=CC(C#N)=C2NC1=CC(Br)=CC=C1,13846852,N#Cc1cnc2ccc(NC(=O)C#CCO)cc2c1Nc1cccc(Br)c1,0
CCOC(=O)\C=C(\C)C1=CC=C(Br)C=C1,14124819,CCOC(=O)/C=C(/C)c1ccc(Br)cc1,0
FC1=CC=CC(COC2=C(Br)C=C(C=C2)N(=O)=O)=C1,14218224,O=[N+]([O-])c1ccc(OCc2cccc(F)c2)c(Br)c1,320337-13-1
CC(C)(C)OC(=O)N1CCC(O)(CC1)C1=CC=CC=C1Br,14221318,CC(C)(C)OC(=O)N1CCC(O)(c2ccccc2Br)CC1,553631-01-9
CNC(=O)C1=CC(Br)=CC(=C1)N(=O)=O,14223778,CNC(=O)c1cc(Br)cc([N+](=O)[O-])c1,90050-52-5
CCC1=C(Br)C=CC(OCC2=CC=CC=C2)=C1,14245648,CCc1cc(OCc2ccccc2)ccc1Br,668477-51-8
CCC1=C(C=CC(Br)=C1)C#N,14274100,CCc1cc(Br)ccc1C#N,744200-38-2
FC(F)OC1=CC=C(Br)C=C1OCC1CC1,14275540,FC(F)Oc1ccc(Br)cc1OCC1CC1,680184-55-8
BrC1=CC(=CC=C1)C1=CC=NN1,14279300,Brc1cccc(-c2ccn[nH]2)c1,948294-12-0
CN(C)C(=O)C1=CC=C(Br)C=C1F,14292868,CN(C)C(=O)c1ccc(Br)cc1F,749927-80-8
FC1=CC(Br)=CC=C1C1(CC1)C#N,14292908,N#CC1(c2ccc(Br)cc2F)CC1,749928-88-9
NC1=C(C=C(Br)C=C1C1=NC=CC=N1)N(=O)=O,14308891,Nc1c(-c2ncccn2)cc(Br)cc1[N+](=O)[O-],797047-19-9
CCS(=O)(=O)C1=CC(F)=C(Br)C=C1,14311457,CCS(=O)(=O)c1ccc(Br)c(F)c1,779329-61-2
COC1=C(Br)C=C(O)C(NC(C)=O)=C1,14466826,COc1cc(NC(C)=O)c(O)cc1Br,869561-97-7
BrC1=CC(=CC=C1)N(CC1=CC=CC=C1)CC1=CC=CC=C1,14503984,Brc1cccc(N(Cc2ccccc2)Cc2ccccc2)c1,148491-07-0
CCC1=CC(Br)=CC=C1CO,14522201,CCc1cc(Br)ccc1CO,877131-21-0
NC(=O)CC1=CC=C(Br)C=C1F,14567655,NC(=O)Cc1ccc(Br)cc1F,1000668-71-2
C\C(=N/O)C1=CC=CC(Br)=C1,14575751,C/C(=N\O)c1cccc(Br)c1,187672-17-9
CC1=CC(F)=C(Br)C(C)=C1,14576195,Cc1cc(C)c(Br)c(F)c1,289038-20-6
CC(C)(C)[Si](C)(C)OC1=CC(Br)=CC(C=O)=C1,15430990,CC(C)(C)[Si](C)(C)Oc1cc(Br)cc(C=O)c1,918904-05-9
CCCS(=O)(=O)C1=CC=CC(Br)=C1,15497156,CCCS(=O)(=O)c1cccc(Br)c1,153435-83-7
COC(=O)CC1=C(F)C(OC2=CC(Cl)=CC(=C2)C#N)=C(Br)C=C1,15623721,COC(=O)Cc1ccc(Br)c(Oc2cc(Cl)cc(C#N)c2)c1F,1007571-94-9
BrC1=CC=CC=C1N1C=CN=C1,15871920,Brc1ccccc1-n1ccnc1,190198-35-7
NC1=C(NC2=CC(Br)=CC=C2)C=CC=C1,18382436,Nc1ccccc1Nc1cccc(Br)c1,1033225-68-1
OC(=O)C1=CC(F)=CC(=C1Br)N(=O)=O,18484574,O=C(O)c1cc(F)cc([N+](=O)[O-])c1Br,1055331-73-1
CS(=O)(=O)OCCCC1=CC=C(Br)C=C1,18507235,CS(=O)(=O)OCCCc1ccc(Br)cc1,165803-63-4
C[Si](C)(C)C#CC1=C(N)C=C(C=C1Br)C(F)(F)F,18934695,C[Si](C)(C)C#Cc1c(N)cc(C(F)(F)F)cc1Br,1100215-56-2
CCOC(=O)C1=CC(=NN1)C1=CC=C(Br)C=C1,19004696,CCOC(=O)c1cc(-c2ccc(Br)cc2)n[nH]1,1048930-76-2
COC(=O)CC1=CC=C(C=C1Br)C(=O)OC,19011993,COC(=O)Cc1ccc(C(=O)OC)cc1Br,1069114-91-5
NCC1=CC(Br)=CC=C1Cl,19153015,NCc1cc(Br)ccc1Cl,1096296-85-3
COC(=O)C1=CC(OC)=C(Cl)C=C1Br,19365044,COC(=O)c1cc(OC)c(Cl)cc1Br,1138220-77-5
CN(C)CCOC1=C(C=CC(Br)=C1)N(=O)=O,19475055,CN(C)CCOc1cc(Br)ccc1[N+](=O)[O-],1072906-04-7
CC(=O)C1=CC=C(OCC2=CC=C(Br)C=C2)C=C1,19499401,CC(=O)c1ccc(OCc2ccc(Br)cc2)cc1,694443-80-6
BrC1=CC=C(OC[C@H]2CO2)C=C1,19505400,Brc1ccc(OC[C@H]2CO2)cc1,129098-56-2
BrC1=CC=CC(=C1)N1C=CN=N1,19529464,Brc1cccc(-n2ccnn2)c1,85862-62-0
COCCCC1=CC(=CC(Br)=C1C)C(=O)OC,19807124,COCCCc1cc(C(=O)OC)cc(Br)c1C,1229244-99-8
COC(=O)C1=CC(Br)=C(C)C(CCCOC(F)F)=C1,19807177,COC(=O)c1cc(Br)c(C)c(CCCOC(F)F)c1,1229244-94-3
CC1=C(C=O)C=C(CN(C2CC2)C(=O)OC(C)(C)C)C=C1Br,19807202,Cc1c(Br)cc(CN(C(=O)OC(C)(C)C)C2CC2)cc1C=O,1229244-78-3
CC1=C(CC2=CC=CC(F)=C2)C=C(CNC2CC2)C=C1Br,19807228,Cc1c(Br)cc(CNC2CC2)cc1Cc1cccc(F)c1,1194488-84-0
CC1=C(C=C(CN(C2CC2)C(=O)OC(C)(C)C)C=C1Br)C(=O)C1=CC(F)=CC=C1,19807284,Cc1c(Br)cc(CN(C(=O)OC(C)(C)C)C2CC2)cc1C(=O)c1cccc(F)c1,1229244-47-6
CC1(C)CCN(CC2=CC=C(Br)C=C2)CC1,19907049,CC1(C)CCN(Cc2ccc(Br)cc2)CC1,1200131-02-7
COCC#CC1=CC(=CC(Br)=C1C)C(O)=O,19923254,COCC#Cc1cc(C(=O)O)cc(Br)c1C,1229245-19-5
CN(C)C(=O)C1=C(F)C(Br)=CC=C1,20349588,CN(C)C(=O)c1cccc(Br)c1F,0
NC1=CC(O)=C(Cl)C=C1Br,20351584,Nc1cc(O)c(Cl)cc1Br,1232505-77-9
BrC1=CC=C(C=C1)C1=NN=CN1,20361979,Brc1ccc(-c2nnc[nH]2)cc1,118863-62-0
BrC1=CC=C(C(NCC2CC2)=C1)N(=O)=O,20536090,O=[N+]([O-])c1ccc(Br)cc1NCC1CC1,1162696-20-9
NNC(=O)C1=C(Br)C=C(Cl)C=C1,20729386,NNC(=O)c1ccc(Cl)cc1Br,1023334-50-0
OC1=CC(Br)=C(Cl)C=C1C=O,20775914,O=Cc1cc(Cl)c(Br)cc1O,886504-56-9
CC(C)(C)OC(=O)N[C@H](CC1=CC=C(Br)C=C1)C=O,20892347,CC(C)(C)OC(=O)N[C@@H](C=O)Cc1ccc(Br)cc1,1246363-08-5
CC(C)(C)C1=CC=C(Br)C(CBr)=C1,20970250,CC(C)(C)c1ccc(Br)c(CBr)c1,875664-32-7
COC(=O)C1(CC1)C1=CC=C(Br)C(F)=C1,21163675,COC(=O)C1(c2ccc(Br)c(F)c2)CC1,0
CC(CO)(NC(=O)CCl)C1=C(F)C=CC(Br)=C1,21196747,CC(CO)(NC(=O)CCl)c1cc(Br)ccc1F,1266784-29-5
C[C@]1(COCC(=O)N1)C1=CC(Br)=CC=C1,21230979,C[C@@]1(c2cccc(Br)c2)COCC(=O)N1,1266785-37-8
OC(=O)CC\C=C\C1=CC=C(Br)C=C1,21491944,O=C(O)CC/C=C/c1ccc(Br)cc1,1300698-86-5
COC(=O)C(=CC1=CC(Br)=CC=C1)C(=O)OC,21805100,COC(=O)C(=Cc1cccc(Br)c1)C(=O)OC,264225-53-8
CC1=CC(Br)=CC(B(O)O)=C1F,21844868,Cc1cc(Br)cc(B(O)O)c1F,957120-61-5
OC(=O)C1=C(OC2=CC=C(Cl)N=C2)C=CC(Br)=C1,21850940,O=C(O)c1cc(Br)ccc1Oc1ccc(Cl)nc1,1335218-34-2
CCN(CC)C(=O)C1=CC(Br)=CC=C1OC1=CC=C(Cl)N=C1,21850953,CCN(CC)C(=O)c1cc(Br)ccc1Oc1ccc(Cl)nc1,1335218-35-3
COC(=O)C(=O)C1=CC(Br)=CC=C1F,22133201,COC(=O)C(=O)c1cc(Br)ccc1F,1352420-07-5
ClC1=CC=C(NC(=O)C2=C(Br)C=CC=C2)C=C1,22140524,O=C(Nc1ccc(Cl)cc1)c1ccccc1Br,66569-06-0
FC1=CC(Br)=CC=C1C(F)(F)C(F)(F)F,22143948,Fc1cc(Br)ccc1C(F)(F)C(F)(F)F,1355157-49-1
CC1=C(Br)C=CC=C1N1CC2=C(SC(=C2)C(C)(C)C)C1=O,22330639,Cc1c(Br)cccc1N1Cc2cc(C(C)(C)C)sc2C1=O,1361386-49-3
CC1=C(NCC2=C(SC(=C2)C(C)(C)C)C(O)=O)C=CC=C1Br,22330642,Cc1c(Br)cccc1NCc1cc(C(C)(C)C)sc1C(=O)O,1361386-48-2
COC(=O)C1=C(NC(=O)OC(C)(C)C)C=C(Br)C=C1,22379875,COC(=O)c1ccc(Br)cc1NC(=O)OC(C)(C)C,1364524-27-5
CC(C)=CC(=O)C1=CC(Br)=C(C)C=C1,22488338,CC(C)=CC(=O)c1ccc(C)c(Br)c1,1373939-84-4
CC1=C(O)C(=CC(Br)=C1)C#N,22648720,Cc1cc(Br)cc(C#N)c1O,913191-20-5
FC(F)OC1=C(C=O)C(Br)=CC=C1,22933712,O=Cc1c(Br)cccc1OC(F)F,1404115-37-2
COC(=O)C1=C(Br)C(N)=CC(Cl)=C1,23055497,COC(=O)c1cc(Cl)cc(N)c1Br,1403596-33-7
COC(=O)C1=C(Br)C(NC2CCOCC2)=CC(Cl)=C1,23055556,COC(=O)c1cc(Cl)cc(NC2CCOCC2)c1Br,1403596-34-8
CCN(C1CCOCC1)C1=CC(Cl)=CC(C(=O)OC)=C1Br,23055588,CCN(c1cc(Cl)cc(C(=O)OC)c1Br)C1CCOCC1,1403596-35-9
FC1=C(C#N)C(Cl)=C(Br)C=C1,23334152,N#Cc1c(F)ccc(Br)c1Cl,1421620-33-8
CN(C)C(=O)C(=O)C1=CC=C(Br)C=C1,23387030,CN(C)C(=O)C(=O)c1ccc(Br)cc1,1267453-29-1
CC1=C(C)C=C2N=C(NC2=C1)C1=C(Br)C=CC=C1,23422874,Cc1cc2nc(-c3ccccc3Br)[nH]c2cc1C,1176128-00-9
CCOC(=O)C1=C(C)ON=C1C1=CC=C(Br)C=C1,23432308,CCOC(=O)c1c(-c2ccc(Br)cc2)noc1C,954230-26-3
CS(=O)(=O)N1C=C(N=N1)C1=CC=C(Br)C=C1,23573776,CS(=O)(=O)n1cc(-c2ccc(Br)cc2)nn1,1431726-45-2
CCOC(=O)C1=C(N(N=C1)C1CCOCC1)C1=C(F)C=C(Br)C=C1,23594497,CCOC(=O)c1cnn(C2CCOCC2)c1-c1ccc(Br)cc1F,1429510-21-3
OCC1(CC1)C1=CC(Br)=CC=C1,23609471,OCC1(c2cccc(Br)c2)CC1,886366-33-2
CC(=O)C1=CC2=CC=CC(Br)=C2C=C1,23635974,CC(=O)c1ccc2c(Br)cccc2c1,1228554-16-2
CC1=C(CN2CCN(CC2)C(=O)OC(C)(C)C)C=CC=C1Br,23963300,Cc1c(Br)cccc1CN1CCN(C(=O)OC(C)(C)C)CC1,1460033-01-5
COC1=C(O)C(C#N)=C(Br)C(=C1)C#N,24614692,COc1cc(C#N)c(Br)c(C#N)c1O,0
COC1=C(O)C(C=O)=C(Br)C(C=O)=C1,24614702,COc1cc(C=O)c(Br)c(C=O)c1O,0
CC(O)C1=C(C)C=C(Br)C=C1,24619330,Cc1cc(Br)ccc1C(C)O,0
FC(F)(F)SCC(=O)C1=CC=C(Br)C=C1,24658063,O=C(CSC(F)(F)F)c1ccc(Br)cc1,0
COC(=O)C1=CC(N)=C(C)C(Br)=C1,26537580,COC(=O)c1cc(N)c(C)c(Br)c1,223519-11-7
BrC1=C2C=CC=CC2=CC=C1P(=O)(C1=CC=CC=C1)C1=CC=CC=C1,26551295,O=P(c1ccccc1)(c1ccccc1)c1ccc2ccccc2c1Br,1589518-11-5
OC(=O)C1CCN(CC1)C1=CC=C(Br)C=C1,26756083,O=C(O)C1CCN(c2ccc(Br)cc2)CC1,1415794-23-8
OC1=C(F)C=CC(Br)=C1O,27185991,Oc1c(F)ccc(Br)c1O,0
FC1=C(C=C(Br)C(CBr)=C1)C#N,27443966,N#Cc1cc(Br)c(CBr)cc1F,0
COC(=O)C1=C(F)C(Br)=CC=C1N,27474436,COC(=O)c1c(N)ccc(Br)c1F,0
COC(=O)[C@@H]1COC(=N1)C1=CC(F)=C(Br)C=C1,27501700,COC(=O)[C@@H]1COC(c2ccc(Br)c(F)c2)=N1,0
OCC1=COC(=N1)C1=CC(F)=C(Br)C=C1,27501702,OCc1coc(-c2ccc(Br)c(F)c2)n1,0
COC(=O)C1=C(OC(C)C)C=C(C2CC2)C(Br)=C1,27544270,COC(=O)c1cc(Br)c(C2CC2)cc1OC(C)C,0
CCOC(=O)C1=CC(OCC)=C(Br)C(O)=C1,27544524,CCOC(=O)c1cc(O)c(Br)c(OCC)c1,0
CC1=CC(NC(=O)C2=CC=C(Br)C=C2)=NC=C1,27641390,Cc1ccnc(NC(=O)c2ccc(Br)cc2)c1,0
CCS(=O)(=O)C1=CC(Br)=C(OC2=C(CO)C=CC=C2C)C=C1,27744375,CCS(=O)(=O)c1ccc(Oc2c(C)cccc2CO)c(Br)c1,0
CCS(=O)(=O)C1=CC(Br)=C(OC2=C(CBr)C=CC=C2C)C=C1,27744376,CCS(=O)(=O)c1ccc(Oc2c(C)cccc2CBr)c(Br)c1,0
CNC1=CC(C)=CC=C1Br,27790831,CNc1cc(C)ccc1Br,0
COC1=C(C=C(Cl)C(Br)=C1)N1C(=O)C=CC2=C1C=CC(=C2)S(=O)(=O)NC1=NOC=C1,27846601,COc1cc(Br)c(Cl)cc1-n1c(=O)ccc2cc(S(=O)(=O)Nc3ccon3)ccc21,0
FC1=CC=C(I)C(C#N)=C1Br,27952070,N#Cc1c(I)ccc(F)c1Br,0
BrC1=CC(=C(OCC=C)C(=C1)C(C=C)C1=CC=CC=C1)N(=O)=O,28002892,C=CCOc1c(C(C=C)c2ccccc2)cc(Br)cc1[N+](=O)[O-],0
COC(=O)C1=C(F)C=C(C(F)F)C(Br)=C1,28088071,COC(=O)c1cc(Br)c(C(F)F)cc1F,0
OCC1=C(F)C=C(C(F)F)C(Br)=C1,28088072,OCc1cc(Br)c(C(F)F)cc1F,0
COC1=C(Br)C=C(C(=C1)C(O)=O)N(=O)=O,28150176,COc1cc(C(=O)O)c([N+](=O)[O-])cc1Br,0
FC(F)OC1=C(CNC2=C(C=CC(Br)=C2)N(=O)=O)C=CC=C1,28176606,O=[N+]([O-])c1ccc(Br)cc1NCc1ccccc1OC(F)F,0
CNC(=O)N1N=C(C2=CC=C(Br)C=C2)C2=C(C[C@H]1C)C=C(OC)C(OC)=C2,28313650,CNC(=O)N1N=C(c2ccc(Br)cc2)c2cc(OC)c(OC)cc2C[C@H]1C,0
CC(C)(C)OC(=O)NCC1=CC(F)=C(Br)C=C1,28581591,CC(C)(C)OC(=O)NCc1ccc(Br)c(F)c1,0
OC1=C(F)C(C2OCCO2)=C(Br)C=C1,28723243,Oc1ccc(Br)c(C2OCCO2)c1F,0
CC1=CC=CC(C2=CC=CC=C2)=C1Br,28749106,Cc1cccc(-c2ccccc2)c1Br,0
CC(C)(C)OC(=O)CC(CF)(N[S@](=O)C(C)(C)C)C1=C(F)C=CC(Br)=C1,29297579,CC(C)(C)OC(=O)CC(CF)(N[S@](=O)C(C)(C)C)c1cc(Br)ccc1F,0
CC(C)(C)OC(=O)N[C@H](CO)C1=CC(Br)=CC(F)=C1,29328907,CC(C)(C)OC(=O)N[C@H](CO)c1cc(F)cc(Br)c1,0
CC1=C(NC(=O)C=C)C=CC=C1Br,29537071,C=CC(=O)Nc1cccc(Br)c1C,0
FC(F)(Br)C(=O)NC1=CC=C(Br)C=C1,29614473,O=C(Nc1ccc(Br)cc1)C(F)(F)Br,0
FC1=CC(=CC(Br)=C1)N1CCC2(CC1)OCCO2,29811897,Fc1cc(Br)cc(N2CCC3(CC2)OCCO3)c1,0
FC(F)(F)C(=O)C#CC1=CC=C(Br)C=C1,29870475,O=C(C#Cc1ccc(Br)cc1)C(F)(F)F,0
BrC1=C2C=CC=CC2=C(C2=C3OC4=CC=CC=C4C3=CC=C2)C2=C1C=CC=C2,30015306,Brc1c2ccccc2c(-c2cccc3c2oc2ccccc23)c2ccccc12,0
COC(=O)CCCC#CC1=CC=C(Br)C(F)=C1,30279651,COC(=O)CCCC#Cc1ccc(Br)c(F)c1,0
CC(C)(O)[C@@H]1CCCN1C1=C(C=C(Br)C=C1)N(=O)=O,30640231,CC(C)(O)[C@@H]1CCCN1c1ccc(Br)cc1[N+](=O)[O-],0
CC(C)(F)[C@@H]1CCCN1C1=C(C=C(Br)C=C1)N(=O)=O,30640286,CC(C)(F)[C@@H]1CCCN1c1ccc(Br)cc1[N+](=O)[O-],0
CCN(C1CCOCC1)C1=C(C=C(Br)C(F)=C1)N(=O)=O,30640338,CCN(c1cc(F)c(Br)cc1[N+](=O)[O-])C1CCOCC1,0
CCN(C1CCCOC1)C1=CC=C(Br)C=C1N,30641350,CCN(c1ccc(Br)cc1N)C1CCCOC1,0
CC1=C(Cl)C(O)=C(C=C1Br)C(O)=O,30645319,Cc1c(Br)cc(C(=O)O)c(O)c1Cl,0
OC(=O)[C@H]1C[C@@H]1C1=CC(F)=C(Br)C=C1,31124081,O=C(O)[C@H]1C[C@@H]1c1ccc(Br)c(F)c1,0
CC(C)(C)OC(=O)NC1=C(Cl)C(Br)=CC(=C1)C#N,31251291,CC(C)(C)OC(=O)Nc1cc(C#N)cc(Br)c1Cl,0
CC(C)(C)OC(=O)N1CCC(CC1)NC1=CC=C(Br)C=C1N(=O)=O,31413304,CC(C)(C)OC(=O)N1CCC(Nc2ccc(Br)cc2[N+](=O)[O-])CC1,0
NC1=C(C=C(F)C(Br)=C1)N1CCOCC1,31925954,Nc1cc(Br)c(F)cc1N1CCOCC1,0
COC(=O)C1=CC=C(COC(C)=O)C(Br)=C1I,32080170,COC(=O)c1ccc(COC(C)=O)c(Br)c1I,0
NC1=NC(N)=C(C=N1)N1CCN(CC1)C1=CC(Br)=CC=C1,32119910,Nc1ncc(N2CCN(c3cccc(Br)c3)CC2)c(N)n1,0
ClC1=C(Br)C(=CC=C1)N1C2=CC=CC=C2C2=CC=CC=C12,32627990,Clc1cccc(-n2c3ccccc3c3ccccc32)c1Br,0
COC(=O)C1=C(C=C(N)C(Br)=C1)C(F)(F)F,32777987,COC(=O)c1cc(Br)c(N)cc1C(F)(F)F,0
COC(=O)C1=C(Br)C(F)=C(F)C=C1,32779726,COC(=O)c1ccc(F)c(F)c1Br,0
FC(F)OC1=CC=C(OC(F)F)C(Br)=C1,33653152,FC(F)Oc1ccc(OC(F)F)c(Br)c1,0
COC(=O)[C@H](C)OC1=C(Cl)C=CC(Br)=C1,33696820,COC(=O)[C@H](C)Oc1cc(Br)ccc1Cl,0
COC(=O)C1=CC(Br)=C(F)C=C1C,33757380,COC(=O)c1cc(Br)c(F)cc1C,0
CC1=C(Br)C=CC=C1C#C,33804812,C#Cc1cccc(Br)c1C,0
OC1=C(Br)C=CC(=C1F)C(F)(F)F,33869627,Oc1c(Br)ccc(C(F)(F)F)c1F,0
FC(F)C1=C(C=CC(Br)=C1)C#N,34069401,N#Cc1ccc(Br)cc1C(F)F,0
COC(=O)C1=CC(Br)=C(C)C(=C1)C(F)(F)F,34587630,COC(=O)c1cc(Br)c(C)c(C(F)(F)F)c1,0
COC(=O)C1=CC(Br)=C(CBr)C(=C1)C(F)(F)F,34587631,COC(=O)c1cc(Br)c(CBr)c(C(F)(F)F)c1,0
COC(=O)C1=CC(Br)=C(C)C(=C1)C(F)F,34587656,COC(=O)c1cc(Br)c(C)c(C(F)F)c1,0
COC(=O)C1=CC(Br)=C(C)C(F)=C1,34587744,COC(=O)c1cc(F)c(C)c(Br)c1,0
CC1=C(Br)C=C(C=C1)C(=O)C(F)F,34598311,Cc1ccc(C(=O)C(F)F)cc1Br,0
FC1=CC(Br)=CC(F)=C1C(=O)NC1CC1,34626500,O=C(NC1CC1)c1c(F)cc(Br)cc1F,0
CC1=CC(F)=C(C=O)C(Br)=C1C(F)(F)F,34762433,Cc1cc(F)c(C=O)c(Br)c1C(F)(F)F,0
CC1=C(Cl)C=C(F)C(I)=C1Br,34845241,Cc1c(Cl)cc(F)c(I)c1Br,0
CC(C)C1=CC(Cl)=CC(C(C)C)=C1Br,35580135,CC(C)c1cc(Cl)cc(C(C)C)c1Br,0
CC(C)(C)OC(=O)N1CCC(CS(=O)(=O)C2=CC=C(Br)C=C2)CC1,36792074,CC(C)(C)OC(=O)N1CCC(CS(=O)(=O)c2ccc(Br)cc2)CC1,0
CC1=C(Br)C=C(F)C(CC#N)=C1,37027619,Cc1cc(CC#N)c(F)cc1Br,0
CC1=NNC(=C1)C1=CC=C(Br)C=C1,7456,Cc1cc(-c2ccc(Br)cc2)[nH]n1,145353-53-3
BrC1=C(C=CC=C1)C1=CC(=O)C2=CC=CC=C2O1,193632,O=c1cc(-c2ccccc2Br)oc2ccccc12,331824-59-0
BrC1=CC=C(C=C1)\N=C1\C(=O)NC2=CC=CC=C12,198166,O=C1Nc2ccccc2/C1=N\c1ccc(Br)cc1,33829-00-4
BrC1=CC(N2CCCCC2)=C(C=C1)N(=O)=O,203148,O=[N+]([O-])c1ccc(Br)cc1N1CCCCC1,861199-86-2
BrC1=CC=C(C=C1)N1N=NC=C1C1=CC=CC=C1,524800,Brc1ccc(-n2nncc2-c2ccccc2)cc1,18250-08-3
NC1=NN=C(O1)C1=CC(Br)=CC=C1,645510,Nc1nnc(-c2cccc(Br)c2)o1,109060-66-4
CNC1=CC=C(Br)C=C1C(=O)C1=CC=CC=C1,785775,CNc1ccc(Br)cc1C(=O)c1ccccc1,39573-20-1
BrC1=CC(=CC=C1)C1=NC2=CC=CC=C2C(=O)O1,791721,O=c1oc(-c2cccc(Br)c2)nc2ccccc12,53463-67-5
BrC1=CC=CC=C1C1=NCCO1,1211481,Brc1ccccc1C1=NCCO1,51816-27-4
BrC1=CC=C(CC2=NC3=CC=CC=C3S2)C=C1,1214994,Brc1ccc(Cc2nc3ccccc3s2)cc1,37859-32-8
BrC1=CC(=CC=C1)C1OCCCO1,1640319,Brc1cccc(C2OCCCO2)c1,67437-93-8
BrC1=CC=C(NN=C(C#N)C#N)C=C1,1842096,N#CC(C#N)=NNc1ccc(Br)cc1,55653-04-8
CC(C)(C)C(=O)C1=CC=CC=C1Br,1943892,CC(C)(C)C(=O)c1ccccc1Br,61593-14-4
BrC1=CC(=CC=C1)C(=O)N=N#N,1951119,[N-]=[N+]=NC(=O)c1cccc(Br)c1,72755-05-6
COC(=O)C1=C(F)C(Br)=CC=C1F,1959422,COC(=O)c1c(F)ccc(Br)c1F,0
FC(F)(F)C(=O)CC(=O)C1=CC(Br)=CC=C1,1971467,O=C(CC(=O)C(F)(F)F)c1cccc(Br)c1,23975-64-6
CC(=O)C1=C(OCC(O)=O)C=CC(Br)=C1,1971563,CC(=O)c1cc(Br)ccc1OCC(=O)O,34849-51-9
BrC1=CC=C(C=C1)C(=C)C=C,2039625,C=CC(=C)c1ccc(Br)cc1,38829-09-3
BrC1=CC=C(C=C1)C(=O)CC=O,2043968,O=CCC(=O)c1ccc(Br)cc1,14153-75-4
OC(=O)C1=CC=C(Br)C2=CC=CC(C(O)=O)=C12,2054784,O=C(O)c1cccc2c(Br)ccc(C(=O)O)c12,7267-05-2
OCC1=CC2=CC=CC(Br)=C2C=C1,2088072,OCc1ccc2c(Br)cccc2c1,128104-53-0
CNC(=O)NC1=CC=CC(Br)=C1,2091526,CNC(=O)Nc1cccc(Br)c1,20940-44-7
OC(CC#N)C1=CC=C(Br)C=C1,2094032,N#CCC(O)c1ccc(Br)cc1,65984-59-0
CN(C(C)=O)C1=CC=CC=C1Br,2094542,CC(=O)N(C)c1ccccc1Br,153704-11-1
OC1=CC=C(C=C1Br)C12CC3CC(CC(C3)C1)C2,2132310,Oc1ccc(C23CC4CC(CC(C4)C2)C3)cc1Br,63013-55-8
FC1=C(F)C(F)=C(C(F)=C1F)C1=C(F)C(F)=C(Br)C(F)=C1F,2180387,Fc1c(F)c(F)c(-c2c(F)c(F)c(Br)c(F)c2F)c(F)c1F,1038-65-9
CC(C)NCC1=CC=C(Br)C=C1,2207614,CC(C)NCc1ccc(Br)cc1,60376-97-8
CC1=CC2=C(Br)C(C)=CC=C2C=C1,2248310,Cc1ccc2ccc(C)c(Br)c2c1,37558-62-6
BrC1=CC=CC(=C1)C1CCC1,2249599,Brc1cccc(C2CCC2)c1,17789-13-8
ClCC(=O)C1=CC(Br)=CC=C1,2249923,O=C(CCl)c1cccc(Br)c1,21886-58-8
COC(=O)C1=CC2=C(C=CC=C2)C=C1Br,2264371,COC(=O)c1cc2ccccc2cc1Br,50915-64-5
CCOC1=C(O)C(C=O)=CC(Br)=C1,2265270,CCOc1cc(Br)cc(C=O)c1O,20035-44-3
BrC1=CC=C(OCC2=CC=C(C=C2)N(=O)=O)C(C=O)=C1,2293986,O=Cc1cc(Br)ccc1OCc1ccc([N+](=O)[O-])cc1,92161-14-3
ClC1=CC=C(\C=C\C2=CC=C(Br)C=C2)C=C1,2366476,Clc1ccc(/C=C/c2ccc(Br)cc2)cc1,0
BrC(C1=CC=CC=C1)C1=CC=C(Br)C=C1,2369033,Brc1ccc(C(Br)c2ccccc2)cc1,18066-89-2
BrC1=CC=CC(=C1)C(=N)NC1=CC=CC=C1,2370084,N=C(Nc1ccccc1)c1cccc(Br)c1,21719-89-1
OC1=C(CNC2=CC=C(Br)C=C2)C=CC=C1,2371815,Oc1ccccc1CNc1ccc(Br)cc1,90383-20-3
BrC1=CC=CC(=C1)C12CC3CC(CC(C3)C1)C2,2378292,Brc1cccc(C23CC4CC(CC(C4)C2)C3)c1,1459-53-6
CC1=C(C)C=C(Br)C(F)=C1,2434263,Cc1cc(F)c(Br)cc1C,5100-97-0
CC1=CC(Br)=C(C)C(C)=C1O,2438563,Cc1cc(Br)c(C)c(C)c1O,51857-41-1
BrC1=CC=CC=C1OC1CC1,2438986,Brc1ccccc1OC1CC1,38380-86-8
ClNC(=O)C1=CC=C(Br)C=C1,2442353,O=C(NCl)c1ccc(Br)cc1,33341-65-0
COC1=CC=C(SC2=C(Br)C=CC=C2)C=C1,2454091,COc1ccc(Sc2ccccc2Br)cc1,15861-50-4
CC(O)CC1=CC=C(Br)C=C1,2501947,CC(O)Cc1ccc(Br)cc1,6186-23-8
FC(F)(F)C(F)(C1=CC=C(Br)C=C1)C(F)(F)F,2507598,FC(F)(F)C(F)(c1ccc(Br)cc1)C(F)(F)F,2396-23-8
CC(=O)OC\C=C\C1=CC=C(Br)C=C1,2520418,CC(=O)OC/C=C/c1ccc(Br)cc1,0
COC1=CC=CC(Br)=C1N(=O)=O,2524400,COc1cccc(Br)c1[N+](=O)[O-],500298-30-6
FC1=CC(Br)=CC2=CC=CC=C12,2554670,Fc1cc(Br)cc2ccccc12,13772-59-3
NC(=O)C1=C(Br)C=C(F)C=C1,2575987,NC(=O)c1ccc(F)cc1Br,1006-40-2
BrC1=CC2=C(C=C1)C(=CC=C2)C#N,2576118,N#Cc1cccc2cc(Br)ccc12,91065-16-6
BrC1=C(C=CC(=C1)C#N)N(=O)=O,2577735,N#Cc1ccc([N+](=O)[O-])c(Br)c1,102000-73-7
SC(=O)C1=CC=C(Br)C=C1,2612823,O=C(S)c1ccc(Br)cc1,98556-16-2
C\C(=C/C(O)=O)C1=CC=C(Br)C=C1,2613891,C/C(=C\C(=O)O)c1ccc(Br)cc1,0
OC(=O)CCCC1=C(Br)C=CC=C1,2615550,O=C(O)CCCc1ccccc1Br,90841-47-7
BrC1=C2C=CC=CC2=C(C#N)C2=C1C=CC=C2,2618730,N#Cc1c2ccccc2c(Br)c2ccccc12,80393-52-8
ClC(=O)C1=C(Cl)C(Br)=CC=C1,2640767,O=C(Cl)c1cccc(Br)c1Cl,21900-59-4
COC1=C(C=C(Br)C(C)=C1)C(O)=O,2643305,COc1cc(C)c(Br)cc1C(=O)O,90326-61-7
CC1=CC=C(NC(=O)CCl)C(Br)=C1,2644635,Cc1ccc(NC(=O)CCl)c(Br)c1,90560-54-6
NCCNS(=O)(=O)C1=CC=C(Br)C=C1,2651160,NCCNS(=O)(=O)c1ccc(Br)cc1,90002-56-5
COC1=CC(C(O)=O)=C(Br)C(OC)=C1,2693977,COc1cc(OC)c(Br)c(C(=O)O)c1,17275-86-4
ClCCOC1=C(Br)C=CC=C1,2718290,ClCCOc1ccccc1Br,64010-12-4
CN(C)C1=CC=C(C=C1)C1=CC=C(Br)C=C1,2719562,CN(C)c1ccc(-c2ccc(Br)cc2)cc1,92194-03-1
COC(=O)C(O)=CC(=O)C1=CC=C(Br)C=C1,2726060,COC(=O)C(O)=CC(=O)c1ccc(Br)cc1,65356-50-5
CCOC(=O)CNC1=CC=CC(Br)=C1,2727449,CCOC(=O)CNc1cccc(Br)c1,2521-91-7
NC1=C(Br)C2=C(C=CC=C2)C=C1C(O)=O,2727994,Nc1c(C(=O)O)cc2ccccc2c1Br,5043-27-6
BrC1=CC=CC=C1NC1=CC=CC=C1N(=O)=O,2739020,O=[N+]([O-])c1ccccc1Nc1ccccc1Br,58476-60-1
CCCC(=O)NC1=CC=C(Br)C=C1,2803977,CCCC(=O)Nc1ccc(Br)cc1,119199-11-0
NC1=CC=CC=C1SC1=CC=CC=C1Br,2806699,Nc1ccccc1Sc1ccccc1Br,63107-77-7
CC(OS(=O)(=O)C1=CC=C(Br)C=C1)C(C)(C)C,2811135,CC(OS(=O)(=O)c1ccc(Br)cc1)C(C)(C)C,26325-42-8
OP(O)(=O)CC1=CC=C(Br)C=C1,2835022,O=P(O)(O)Cc1ccc(Br)cc1,40962-34-3
NC1=CC=C(Br)C(=C1)S(N)(=O)=O,2838192,Nc1ccc(Br)c(S(N)(=O)=O)c1,100367-51-9
CC(=O)N(C1=CC=CC=C1)C1=CC=C(Br)C=C1,2842496,CC(=O)N(c1ccccc1)c1ccc(Br)cc1,29325-58-4
BrC1=CC=CC=C1NC(=O)NC1=CC=CC=C1,2850512,O=C(Nc1ccccc1)Nc1ccccc1Br,13114-91-5
COP(=O)(OC)C1=CC(Br)=CC=C1,3051361,COP(=O)(OC)c1cccc(Br)c1,15104-42-4
CCOP(=O)(OCC)OC1=CC=C(Br)C=C1,3057126,CCOP(=O)(OCC)Oc1ccc(Br)cc1,16498-01-4
ClS(=O)(=O)C1=CC=C(OC2=CC=C(Br)C=C2)C=C1,3098639,O=S(=O)(Cl)c1ccc(Oc2ccc(Br)cc2)cc1,61405-25-2
BrC1=CC=C(NCC2=C(C=CC=C2)N(=O)=O)C=C1,3144407,O=[N+]([O-])c1ccccc1CNc1ccc(Br)cc1,418784-56-2
FCC1=C(Br)C=CC=C1,3235348,FCc1ccccc1Br,446-47-9
BrC1=C(C=CC=C1)C(=O)C#N,3239507,N#CC(=O)c1ccccc1Br,88562-26-9
CSC1=C(Br)C=C(Cl)C=C1,3240572,CSc1ccc(Cl)cc1Br,0
COC(=O)C(=O)CC1=CC=C(Br)C=C1,3263136,COC(=O)C(=O)Cc1ccc(Br)cc1,99334-26-6
BrC1=CC=C(CS(=O)C2=CC=CC=C2)C=C1,3273983,O=S(Cc1ccc(Br)cc1)c1ccccc1,100375-00-6
BrC1=CC=CC(=C1)S(=O)(=O)C1=CC=CC=C1,3278188,O=S(=O)(c1ccccc1)c1cccc(Br)c1,114660-03-6
CC1=CC(Br)=C(NC(=O)CCl)C(C)=C1,3286419,Cc1cc(C)c(NC(=O)CCl)c(Br)c1,444326-53-8
BrC1=C(CNC(=O)C2=CC=CC=C2)C=CC=C1,3289386,O=C(NCc1ccccc1Br)c1ccccc1,138883-38-2
CC(C)(C)C1=C(OCC(O)=O)C=CC(Br)=C1,3298338,CC(C)(C)c1cc(Br)ccc1OCC(=O)O,0
COC1=CC(=C(NC(C)=O)C=C1Br)N(=O)=O,3338945,COc1cc([N+](=O)[O-])c(NC(C)=O)cc1Br,7357-66-6
CC1=CC=C(C=C1)S(=O)(=O)NC1=C(Br)C=C(Cl)C=C1,3385200,Cc1ccc(S(=O)(=O)Nc2ccc(Cl)cc2Br)cc1,112970-51-1
COCOC1=CC(CO)=C(Br)C(OCOC)=C1,3552041,COCOc1cc(CO)c(Br)c(OCOC)c1,79834-15-4
BrC1=CC=CC=C1C1=NCCC1,4178740,Brc1ccccc1C1=NCCC1,129540-26-7
COC1=C(CBr)C(CBr)=C(Br)C=C1,4181819,COc1ccc(Br)c(CBr)c1CBr,52964-30-4
ClCCC1=C(Br)C=CC=C1,4379494,ClCCc1ccccc1Br,75534-18-8
NNC(=O)C1=CC(Br)=CC=C1N,4394534,NNC(=O)c1cc(Br)ccc1N,84646-91-3
NC1=C(C=CC=C1Br)C(F)(F)F,4405554,Nc1c(Br)cccc1C(F)(F)F,58458-13-2
COC1=CC(NC(C)=O)=C(Br)C=C1,4410640,COc1ccc(Br)c(NC(C)=O)c1,123027-99-6
COC(=O)C1=C(OCC#C)C=CC(Br)=C1,4412516,C#CCOc1ccc(Br)cc1C(=O)OC,685126-90-3
NN1C(=S)NN=C1C1=CC=C(Br)C=C1,4434880,Nn1c(-c2ccc(Br)cc2)n[nH]c1=S,85106-58-7
COC1=C(C)C(Br)=C(OC)C(OC)=C1OC,4439538,COc1c(C)c(Br)c(OC)c(OC)c1OC,73875-27-1
COC(=O)\C=C/C1=C(Br)C=CC=C1,4669107,COC(=O)/C=C\c1ccccc1Br,0
ClCC1=NC(=NO1)C1=CC=C(Br)C=C1,4865620,ClCc1nc(-c2ccc(Br)cc2)no1,110704-42-2
CCC1=C(Br)C=C(C=C1)C(=O)OC,4981346,CCc1ccc(C(=O)OC)cc1Br,113642-05-0
COC(COC1=C(C=O)C=C(Br)C=C1)OC,5015462,COC(COc1ccc(Br)cc1C=O)OC,23145-26-8
BrC1=CC=CC(\C=C\C(=O)N=N#N)=C1,5519609,[N-]=[N+]=NC(=O)/C=C/c1cccc(Br)c1,0
BrC1=CC(=CC=C1)C1=CN2C=CC=CC2=C1,5521873,Brc1cccc(-c2cc3ccccn3c2)c1,80488-98-8
BrC1=CC=C(C=C1)C(=O)C1=C2NCCC2=CC=C1,5951963,O=C(c1ccc(Br)cc1)c1cccc2c1NCC2,91714-41-9
FC1=CC=C(C=C1)C(=O)\C=C\C1=CC=C(Br)C=C1,6398018,O=C(/C=C/c1ccc(Br)cc1)c1ccc(F)cc1,0
BrC1=CC=C(C=C1)C1=NC=CC(=N1)C1=CC=CC=C1,6598721,Brc1ccc(-c2nccc(-c3ccccc3)n2)cc1,0
COC1=CC2=C(C=CC(O)=C2Br)C=C1,6645289,COc1ccc2ccc(O)c(Br)c2c1,156766-18-6
FC1=CC=CC(=C1)C1=CC=C(Br)C=C1,7005347,Fc1cccc(-c2ccc(Br)cc2)c1,0
COC1=C(Br)C=CC(=C1)C(C)(C)C,7089401,COc1cc(C(C)(C)C)ccc1Br,78347-90-7
C[C@H](N)C1=CC=CC=C1Br,7525558,C[C@H](N)c1ccccc1Br,140632-12-8
FC(F)(F)C1=CC=CC(OC2=CC=CC(Br)=C2)=C1,7709391,FC(F)(F)c1cccc(Oc2cccc(Br)c2)c1,126476-58-2
OC1=C(Br)C=CC(=C1)C#N,7757321,N#Cc1ccc(Br)c(O)c1,0
NC1=C(Br)C=C(CCO)C=C1,7804852,Nc1ccc(CCO)cc1Br,169883-33-4
CC1=CC(Cl)=C(Cl)C=C1Br,7915555,Cc1cc(Cl)c(Cl)cc1Br,0
CC1=CC(Br)=CC=C1N1CCNCC1,7921496,Cc1cc(Br)ccc1N1CCNCC1,0
COC1=CC=C(COC2=CC=C(Br)C=C2)C=C1,7925689,COc1ccc(COc2ccc(Br)cc2)cc1,0
NC(=O)C1=C(I)C=CC(Br)=C1F,7990526,NC(=O)c1c(I)ccc(Br)c1F,217816-60-9
BrCC1=CC=C(C=C1)C(=O)C1=CC=C(Br)C=C1,7991546,O=C(c1ccc(Br)cc1)c1ccc(CBr)cc1,207113-20-0
COC(=O)C(=O)CC(=O)C1=CC=CC(Br)=C1,8142490,COC(=O)C(=O)CC(=O)c1cccc(Br)c1,93618-22-5
CC(C=O)C1=CC=CC=C1Br,8198059,CC(C=O)c1ccccc1Br,212626-88-5
BrC1=C(NC2=NC=CC=C2)C=CC=C1,8480107,Brc1ccccc1Nc1ccccn1,239137-40-7
OC(CC#C)C1=CC=CC(Br)=C1,8615300,C#CCC(O)c1cccc(Br)c1,0
CCC(=C)C1=CC=CC=C1Br,8679100,C=C(CC)c1ccccc1Br,326879-16-7
FC(F)(F)C(=O)\C=C\C1=CC=C(Br)C=C1,8834921,O=C(/C=C/c1ccc(Br)cc1)C(F)(F)F,366014-14-4
CC(CO)C1=CC(Br)=CC=C1N(=O)=O,8903231,CC(CO)c1cc(Br)ccc1[N+](=O)[O-],335201-57-5
CN(C)\C=C\C1=C(C=C(Br)C=C1N(=O)=O)N(=O)=O,8912330,CN(C)/C=C/c1c([N+](=O)[O-])cc(Br)cc1[N+](=O)[O-],350800-78-1
FC(F)(F)C1=CC(Br)=CC(I)=C1,9193019,FC(F)(F)c1cc(Br)cc(I)c1,481075-59-6
CC(C)N(CC#CC(=O)NC1=CC2=C(C=C1)N=CC(C#N)=C2NC1=CC(Br)=CC=C1)C(C)C,9298034,CC(C)N(CC#CC(=O)Nc1ccc2ncc(C#N)c(Nc3cccc(Br)c3)c2c1)C(C)C,0
COC1=CC=C(C=C1)C(=O)C1=CC=C(Br)C=C1F,9398667,COc1ccc(C(=O)c2ccc(Br)cc2F)cc1,192443-10-0
ClC1=CC=CC(\C=C\C(=O)C2=CC=C(Br)C=C2)=C1,9487519,O=C(/C=C/c1cccc(Cl)c1)c1ccc(Br)cc1,936948-94-6
COCOC1=C(OC)C=CC(Br)=C1,9551090,COCOc1cc(Br)ccc1OC,623550-16-3
COC1=CC=C(CCC(=O)C2=CC=C(Br)C=C2)C=C1,9558393,COc1ccc(CCC(=O)c2ccc(Br)cc2)cc1,0
COCOC1=CC=C(OC)C=C1Br,9758676,COCOc1ccc(OC)cc1Br,195314-47-7
CC1=CC(=CC(C)=C1Br)C1=CC=CC=C1,9761320,Cc1cc(-c2ccccc2)cc(C)c1Br,756873-19-5
CC(C)(C)OC(=O)C1=CC(Br)=CC(I)=C1,9764499,CC(C)(C)OC(=O)c1cc(Br)cc(I)c1,690260-92-5
BrC1=CC=C(CCC#C)C=C1,9845148,C#CCCc1ccc(Br)cc1,765906-85-2
BrC1=C(\C=C2/N=C(OC2=O)C2=CC=CC=C2)C=CC=C1,9855681,O=C1OC(c2ccccc2)=N/C1=C\c1ccccc1Br,0
O[C@H](C1=CC=CC=C1)C1=CC=CC(Br)=C1,10065662,O[C@H](c1ccccc1)c1cccc(Br)c1,0
OC1=C(Br)C=C(OC(F)(F)F)C=C1,10066274,Oc1ccc(OC(F)(F)F)cc1Br,200956-13-4
FC1=CC=C(Br)C=C1C1=C(F)C=CC=C1C#N,10078599,N#Cc1cccc(F)c1-c1cc(Br)ccc1F,425379-21-1
COCOC1=C(OC)C=C(Br)C=C1C=O,10156362,COCOc1c(C=O)cc(Br)cc1OC,866535-71-9
CN(C)\C=C\C(=O)C1=C(O)C=CC(Br)=C1,10158970,CN(C)/C=C/C(=O)c1cc(Br)ccc1O,0
OC(=O)C1(CCOCC1)C1=CC(Br)=CC=C1,10162266,O=C(O)C1(c2cccc(Br)c2)CCOCC1,179420-77-0
FC1=CC(C#N)=C(C=C1)C1=CC(Br)=CC=C1F,10260264,N#Cc1cc(F)ccc1-c1cc(Br)ccc1F,425378-83-2
CON=C(C)C1=CC=CC(Br)=C1,10335072,CON=C(C)c1cccc(Br)c1,0
ClC(=O)C1=CC(Br)=CC(I)=C1,10336184,O=C(Cl)c1cc(Br)cc(I)c1,810681-06-2
CC(C)(C)[Si](C)(C)OCC1=C(F)C=C(Br)C=C1F,10351238,CC(C)(C)[Si](C)(C)OCc1c(F)cc(Br)cc1F,870075-54-0
COC1=CC=C(Br)C(=C1)C(=O)NN,10429398,COc1ccc(Br)c(C(=O)NN)c1,112584-40-4
BrC1=CC=C(C=C1)C1=NNC=C1C=O,10533184,O=Cc1c[nH]nc1-c1ccc(Br)cc1,350997-68-1
FC1=CC=C(Br)C(CC=O)=C1,10655508,O=CCc1cc(F)ccc1Br,905710-81-8
CCNS(=O)(=O)C1=CC=CC=C1Br,10656863,CCNS(=O)(=O)c1ccccc1Br,169189-80-4
CCOC(=O)C(CC1=CC=C(Br)C=C1)C#N,10663730,CCOC(=O)C(C#N)Cc1ccc(Br)cc1,0
COCCCOC1=CC=C(Br)C=C1,11065602,COCCCOc1ccc(Br)cc1,279262-34-9
BrC1=CC=C(C2=CC=CC3=C2C=CC=C3)C2=C1C=CC=C2,11219592,Brc1ccc(-c2cccc3ccccc23)c2ccccc12,0
COC(=O)C1=CC=C(C(Br)Br)C(Br)=C1,11219936,COC(=O)c1ccc(C(Br)Br)c(Br)c1,1001200-40-3
BrC1=CC=C(OCCCN2CCCCC2)C=C1,11276147,Brc1ccc(OCCCN2CCCCC2)cc1,415936-57-1
COC(=O)C1=C(OC)C=C(Br)C=C1CBr,11706107,COC(=O)c1c(CBr)cc(Br)cc1OC,0
NC1CCN(CC2=CC=C(Br)C=C2)CC1,11732700,NC1CCN(Cc2ccc(Br)cc2)CC1,92539-13-4
CSC1=C(C)C=CC(Br)=C1,13246641,CSc1cc(Br)ccc1C,142994-01-2
FC1=CC(C=O)=CC(F)=C1Br,13463899,O=Cc1cc(F)c(Br)c(F)c1,0
NC1=C(Br)C(F)=C(C=O)C=C1F,13502719,Nc1c(F)cc(C=O)c(F)c1Br,112279-63-7
OC1=C(C=C(C=C1Br)C(F)(F)F)N(=O)=O,13834578,O=[N+]([O-])c1cc(C(F)(F)F)cc(Br)c1O,206759-48-0
ClC1=CC=C2N=C(NC3=CC=C(Br)C=C3)SC2=C1,13908306,Clc1ccc2nc(Nc3ccc(Br)cc3)sc2c1,0
OCC1=CC(OC(F)(F)F)=C(Br)C=C1,14124966,OCc1ccc(Br)c(OC(F)(F)F)c1,1011531-67-1
CCOC(=O)C1=CC(N)=CC(Br)=C1,14255039,CCOC(=O)c1cc(N)cc(Br)c1,690260-95-8
BrC1=CC=C(NCCN2CCOCC2)C(=C1)N(=O)=O,14279355,O=[N+]([O-])c1cc(Br)ccc1NCCN1CCOCC1,710348-66-6
CC1=C(Br)C(O)=CC=C1N(=O)=O,14311455,Cc1c([N+](=O)[O-])ccc(O)c1Br,123874-20-4
CC(C)(C)OC(=O)COC1=CC=C(Br)C=C1C#N,14334649,CC(C)(C)OC(=O)COc1ccc(Br)cc1C#N,609804-46-8
ON=CC1=CC=C(Br)C2=CC=CC=C12,14431530,ON=Cc1ccc(Br)c2ccccc12,664364-16-3
COC(=O)CC1=CC(Br)=C(OCC2=CC=CC=C2)C(C=O)=C1,14488176,COC(=O)Cc1cc(Br)c(OCc2ccccc2)c(C=O)c1,583031-89-4
COC(=O)C(C)(C)OC1=CC=C(Br)C=C1,14491588,COC(=O)C(C)(C)Oc1ccc(Br)cc1,229980-47-6
CC1=C(F)C(C(O)=O)=C(Br)C=C1,14492409,Cc1ccc(Br)c(C(=O)O)c1F,743466-98-0
CCOC(=O)C1=C(Br)C=C(F)C=C1,14531164,CCOC(=O)c1ccc(F)cc1Br,651341-68-3
BrC1=CC=C(C#N)C(CC=O)=C1,14549936,N#Cc1ccc(Br)cc1CC=O,886593-61-9
CC(C)C1=CC=C(I)C(Br)=C1,14565305,CC(C)c1ccc(I)c(Br)c1,1000578-18-6
NC1=NC(=CN1)C1=CC=CC(Br)=C1,14585752,Nc1nc(-c2cccc(Br)c2)c[nH]1,900514-80-9
OCCC#CC1=CC(Br)=CC=C1,15465756,OCCC#Cc1cccc(Br)c1,452341-55-8
OC(=O)CCC1=C(F)C=CC(Br)=C1,15496586,O=C(O)CCc1cc(Br)ccc1F,881189-58-8
OC1=C(C=C(F)C(Br)=C1)N(=O)=O,15507244,O=[N+]([O-])c1cc(F)c(Br)cc1O,944805-22-5
FC(F)(F)OC1=CC=C(OC2=CC=C(Br)C=C2)C=C1,15590702,FC(F)(F)Oc1ccc(Oc2ccc(Br)cc2)cc1,873203-36-2
CC1=CC(OCC2=CC=CC=C2)=C(Br)C=C1C(O)=O,15598451,Cc1cc(OCc2ccccc2)c(Br)cc1C(=O)O,957774-01-5
FC1=CC(Br)=C(C=C1Cl)N(=O)=O,15606611,O=[N+]([O-])c1cc(Cl)c(F)cc1Br,960000-93-5
CNC(=O)C1=CC2=CC=C(Br)C=C2C=C1,15688110,CNC(=O)c1ccc2cc(Br)ccc2c1,426219-35-4
BrC1=C(OCC2CC2)C(C=O)=CC=C1,18315591,O=Cc1cccc(Br)c1OCC1CC1,1009091-92-2
NC1=C(C=CC(Br)=C1)N1C=CN=C1,18485270,Nc1cc(Br)ccc1-n1ccnc1,870841-64-8
CCC1=C(Br)C=CC(=C1)C(=O)OC,18503907,CCc1cc(C(=O)OC)ccc1Br,1008769-90-1
CCOP(=O)(CC1=CC=C(C=C1Br)C(=O)OC)OCC,18597184,CCOP(=O)(Cc1ccc(C(=O)OC)cc1Br)OCC,161311-12-2
BrC1=CC=C(C=C1)C(=[N]#N)C(=O)OCC1=CC=CC=C1,18872890,[N-]=[N+]=C(C(=O)OCc1ccccc1)c1ccc(Br)cc1,1011458-32-4
OC(=O)C1=C(Br)C=CC=C1I,18907918,O=C(O)c1c(Br)cccc1I,1022128-96-6
BrC1=CC=C(SC2=CC=C(C=C2)C#N)C=C1,19023396,N#Cc1ccc(Sc2ccc(Br)cc2)cc1,79995-40-7
BrC1=CC=CC=C1C#CC1=CSC=C1,19175066,Brc1ccccc1C#Cc1ccsc1,1137270-39-3
NCC1=CC(Br)=C(Cl)C=C1,19346705,NCc1ccc(Cl)c(Br)c1,849367-49-3
BrC1=CC(CN2C(=O)C3=C(C=CC=C3)C2=O)=CC(=C1)C#N,19346732,N#Cc1cc(Br)cc(CN2C(=O)c3ccccc3C2=O)c1,1177558-49-4
ClC1=CC=C(Br)C(=C1)C1OCCO1,19605272,Clc1ccc(Br)c(C2OCCO2)c1,1187647-98-8
COC1=CC(C2OCCCO2)=C(Br)C=C1,19639456,COc1ccc(Br)c(C2OCCCO2)c1,1186304-21-1
FC(F)C1=CC(Br)=C(F)C=C1,19685788,Fc1ccc(C(F)F)cc1Br,886509-99-5
CC(C)(C)[Si](C)(C)OCC1=CC(Br)=CC(Cl)=C1Cl,19807139,CC(C)(C)[Si](C)(C)OCc1cc(Br)cc(Cl)c1Cl,1229245-67-3
COC\C=C\C1=C(C)C(Br)=CC(CNC2CC2)=C1,19807169,COC/C=C/c1cc(CNC2CC2)cc(Br)c1C,1229244-80-7
COC\C=C\C1=CC(=CC(Br)=C1C)C(=O)NC1CC1,19807182,COC/C=C/c1cc(C(=O)NC2CC2)cc(Br)c1C,1229245-22-0
CCOCCCC1=C(C)C(Br)=CC(CNC2CC2)=C1,19807203,CCOCCCc1cc(CNC2CC2)cc(Br)c1C,1194488-78-2
COCC#CC1=CC(=CC(Br)=C1C)C(=O)NC1CC1,19923256,COCC#Cc1cc(C(=O)NC2CC2)cc(Br)c1C,1229245-18-4
CC1=CC(F)=C(C=C1Br)C(=O)NC1CC1,20008808,Cc1cc(F)c(C(=O)NC2CC2)cc1Br,515135-64-5
CCOC(=O)\C=C\C1=CC=C(Br)C=C1F,20032875,CCOC(=O)/C=C/c1ccc(Br)cc1F,581778-88-3
CC(C)(O)CSC1=CC=C(Br)C=C1,20077828,CC(C)(O)CSc1ccc(Br)cc1,0
NC1=C(\C=C\C(=O)C2=CC=C(Br)C=C2)C=CC=C1,20350015,Nc1ccccc1/C=C/C(=O)c1ccc(Br)cc1,1432624-48-0
COC1=CC(Br)=C(CC(Cl)=O)C=C1,20351548,COc1ccc(CC(=O)Cl)c(Br)c1,1232402-65-1
CC(C)(C)[Si](C)(C)OCCOC1=CC(N)=C(Br)C=C1Cl,20351604,CC(C)(C)[Si](C)(C)OCCOc1cc(N)c(Br)cc1Cl,1232505-79-1
COC(=O)C1=CC(Br)=C2C=CC=CC2=C1N,20459978,COC(=O)c1cc(Br)c2ccccc2c1N,0
COC(=O)C1(CCCC1)C1=CC=C(Br)C=C1,20475408,COC(=O)C1(c2ccc(Br)cc2)CCCC1,1236357-64-4
COC1=C(N)C(N)=CC=C1Br,20536082,COc1c(Br)ccc(N)c1N,1162696-92-5
NC1=CC=C(Br)C=C1C=C(Br)Br,20549507,Nc1ccc(Br)cc1C=C(Br)Br,1233517-04-8
COC1=CC(Br)=C(N)C(N)=C1,20605866,COc1cc(N)c(N)c(Br)c1,98546-54-4
BrC1=CC=C(CNC=O)C=C1,20651500,O=CNCc1ccc(Br)cc1,933451-81-1
C[C@@](CO)(NC(=O)CCl)C1=C(F)C=CC(Br)=C1,21196753,C[C@@](CO)(NC(=O)CCl)c1cc(Br)ccc1F,1266784-38-6
COC1=CC(Br)=CC=C1CCO,21354728,COc1cc(Br)ccc1CCO,1289626-24-9
CC(C)C1=C(O)C(C=O)=CC(Br)=C1,21363953,CC(C)c1cc(Br)cc(C=O)c1O,1262033-72-6
CC(C)(C)OC(=O)N1C(C)(COS1(=O)=O)C1=C(F)C=CC(Br)=C1,21609798,CC(C)(C)OC(=O)N1C(C)(c2cc(Br)ccc2F)COS1(=O)=O,1313525-81-3
CCCCCCC1=CC(CCCCCC)=CC(Br)=C1,21632807,CCCCCCc1cc(Br)cc(CCCCCC)c1,1238156-36-9
CCOC(=O)\C=C\CCC1=CC=C(Br)C=C1,21660784,CCOC(=O)/C=C/CCc1ccc(Br)cc1,0
ClC1=CC(Br)=C(C=O)C=C1Cl,21700142,O=Cc1cc(Cl)c(Cl)cc1Br,1259188-29-8
OC1(CCC(=O)CC1)C(=O)C1=CC(Br)=CC=C1F,21798416,O=C1CCC(O)(C(=O)c2cc(Br)ccc2F)CC1,1245516-26-0
CCNC(=O)C1=CC(OC)=C(OC)C=C1Br,21832214,CCNC(=O)c1cc(OC)c(OC)cc1Br,1228311-59-8
CC(=O)OCC1=C(C=CC=C1Br)N1CCC2=C(SC3=C2CC(C)(C)C3)C1=O,22080497,CC(=O)OCc1c(Br)cccc1N1CCc2c(sc3c2CC(C)(C)C3)C1=O,1346672-71-6
CC(=O)OCC1=C(C=C(F)C=C1Br)N1CCC2=C(SC3=C2CCCC3)C1=O,22080505,CC(=O)OCc1c(Br)cc(F)cc1N1CCc2c(sc3c2CCCC3)C1=O,1346673-09-3
CCN(CC)C(=O)C1=C(OC2=CC=CN=C2F)C=CC(Br)=C1,22271887,CCN(CC)C(=O)c1cc(Br)ccc1Oc1cccnc1F,1215868-71-5
CCN(CC)C(=O)C1=C(OC2=CC=CN(=O)=C2F)C=CC(Br)=C1,22271888,CCN(CC)C(=O)c1cc(Br)ccc1Oc1ccc[n+]([O-])c1F,1215868-72-6
CCN(CC)C(=O)C1=C(OC2=CC=C(Cl)N=C2F)C=CC(Br)=C1,22271890,CCN(CC)C(=O)c1cc(Br)ccc1Oc1ccc(Cl)nc1F,1215868-73-7
CCOP(=O)(OCC)C#CC1=CC=C(Br)C=C1,22288827,CCOP(=O)(C#Cc1ccc(Br)cc1)OCC,1345719-55-2
COC(=O)C1=C(F)C=CC(C)=C1Br,22290796,COC(=O)c1c(F)ccc(C)c1Br,1359857-62-7
CCOC1=CC=CC(C2OCCO2)=C1Br,22381931,CCOc1cccc(C2OCCO2)c1Br,1364685-20-0
COC(=O)C1=C(F)C=C(Br)C=C1OC,22815072,COC(=O)c1c(F)cc(Br)cc1OC,0
OCCNCC(O)C1=CC(Cl)=C(Br)C=C1,22890942,OCCNCC(O)c1ccc(Br)c(Cl)c1,1400997-58-1
CC(C)(C)OC(=O)N1CCOC(C1)C1=CC(Cl)=C(Br)C=C1,22890985,CC(C)(C)OC(=O)N1CCOC(c2ccc(Br)c(Cl)c2)C1,1400997-60-5
COC1=CC=C(NC2=C(N)C=CC(Br)=C2)C=C1,23300235,COc1ccc(Nc2cc(Br)ccc2N)cc1,1416336-77-0
CC1=C(Cl)C=C(C=C1Br)N(=O)=O,23742099,Cc1c(Cl)cc([N+](=O)[O-])cc1Br,0
FC1=CC(Br)=C(F)C(F)=C1C=O,23926422,O=Cc1c(F)cc(Br)c(F)c1F,537033-56-0
FC(F)(F)C1=C(Br)C(I)=CC=C1,24041186,FC(F)(F)c1cccc(I)c1Br,1049731-01-2
COC(=O)CC12CCC(CC1)(CO2)C1=CC=C(Br)C=C1,24041310,COC(=O)CC12CCC(c3ccc(Br)cc3)(CC1)CO2,1477524-08-5
CC(C)(C)OC(=O)N1CCC(CC1)C(=O)CC1=CC(Br)=CC=C1,24125938,CC(C)(C)OC(=O)N1CCC(C(=O)Cc2cccc(Br)c2)CC1,0
COC1=C(OCC2CN(C)CCO2)C=C2N=CN=C(NC3=CC(C)=C(Br)C=C3)C2=C1,24347982,COc1cc2c(Nc3ccc(Br)c(C)c3)ncnc2cc1OCC1CN(C)CCO1,0
CC(=O)C1=CC=CC=C1C#CC1=CC=C(Br)C=C1,24684137,CC(=O)c1ccccc1C#Cc1ccc(Br)cc1,0
CC(=O)C1=CC(Br)=CC=C1I,26652239,CC(=O)c1cc(Br)ccc1I,1261648-81-0
COC(=O)C1=C(NC(=O)COC2=CC=CC=C2)C=CC(Br)=C1,26726894,COC(=O)c1cc(Br)ccc1NC(=O)COc1ccccc1,452349-89-2
CN(C)C(=O)C1CCN(CC1)C1=CC=C(Br)C=C1,26756075,CN(C)C(=O)C1CCN(c2ccc(Br)cc2)CC1,1415794-14-7
COC(=O)C(O)C1=C(Br)C(O)=CC=C1C,26799738,COC(=O)C(O)c1c(C)ccc(O)c1Br,1596367-38-2
OB(O)C1=C(Br)C=C(C=C1)C(F)(F)F,26866745,OB(O)c1ccc(C(F)(F)F)cc1Br,959997-88-7
COCC1=C(Br)C=CC(Cl)=C1,26913728,COCc1cc(Cl)ccc1Br,1208318-88-0
COC(OC)C1=C(Br)C=C(F)C=C1,27008214,COC(OC)c1ccc(F)cc1Br,1239518-71-8
CC(C)(C)OC(=O)N1CC(C1)NC1=C(N)C=CC(Br)=C1,27013066,CC(C)(C)OC(=O)N1CC(Nc2cc(Br)ccc2N)C1,1471262-49-3
NC1=NN=C(S1)C1=C(Cl)C=C(Br)C=C1,27014601,Nc1nnc(-c2ccc(Br)cc2Cl)s1,1157723-14-2
OCC1=C(F)C=C(Br)C(F)=C1,27077544,OCc1cc(F)c(Br)cc1F,486460-26-8
ClC1=CC(OC2=CC=CC=C2)=CC(Br)=C1,27084523,Clc1cc(Br)cc(Oc2ccccc2)c1,1620783-10-9
CN1N=C(C)C(C=O)=C1OC1=CC=C(Br)C=C1,27107977,Cc1nn(C)c(Oc2ccc(Br)cc2)c1C=O,109925-14-6
CC(C)(C)OC(=O)C[C@](C)(N[S@](=O)C(C)(C)C)C1=CC(Br)=CC=C1F,27140536,CC(C)(C)OC(=O)C[C@](C)(N[S@](=O)C(C)(C)C)c1cc(Br)ccc1F,1624605-54-4
N[C@@H](CC1=CC=C(Br)C=C1F)C#N,27398203,N#C[C@@H](N)Cc1ccc(Br)cc1F,0
COCCOC1=C(Br)C=CC(C(O)=O)=C1C,27483535,COCCOc1c(Br)ccc(C(=O)O)c1C,0
COC(=O)C1=C(C=CC(Br)=C1)N1CCO[C@H](CO)C1,27587426,COC(=O)c1cc(Br)ccc1N1CCO[C@H](CO)C1,0
CC(C)(C)OC(=O)N1CCC(CC1)NC1=C(Br)C=C(C=C1)S(C)(=O)=O,27744291,CC(C)(C)OC(=O)N1CCC(Nc2ccc(S(C)(=O)=O)cc2Br)CC1,0
CCOC1=CC(N)=C(N)C=C1Br,27859291,CCOc1cc(N)c(N)cc1Br,0
COC(=O)C1=CC(Br)=C(C=C1OC(C)C)C1=CC=C(F)C=C1,27959777,COC(=O)c1cc(Br)c(-c2ccc(F)cc2)cc1OC(C)C,0
FC1=CC=C(Br)C(C#N)=C1F,28073617,N#Cc1c(Br)ccc(F)c1F,0
COC(=O)C1=C(F)C=C(C=O)C(Br)=C1,28088070,COC(=O)c1cc(Br)c(C=O)cc1F,0
CC1=CC(CNC2=CC(Br)=CC=C2N)=C(C)C=C1,28176577,Cc1ccc(C)c(CNc2cc(Br)ccc2N)c1,0
BrC1=CC=C(C=C1)C1=C(C=CN=C1)N(=O)=O,28277363,O=[N+]([O-])c1ccncc1-c1ccc(Br)cc1,0
CNC1=C(C=C(F)C(Br)=C1)N(=O)=O,28288335,CNc1cc(Br)c(F)cc1[N+](=O)[O-],0
CCOC(COC1=CC(Br)=CC=C1F)OCC,28304394,CCOC(COc1cc(Br)ccc1F)OCC,0
CCOC(=O)C1=C(CN2CCO[C@H](CCC(O)=O)C2)NC(=N[C@H]1C1=CC=C(F)C=C1Br)C1=NC=CS1,28309399,CCOC(=O)C1=C(CN2CCO[C@H](CCC(=O)O)C2)NC(c2nccs2)=N[C@H]1c1ccc(F)cc1Br,0
FC(F)(F)S(=O)(=O)C1=CC=CC=C1Br,28676306,O=S(=O)(c1ccccc1Br)C(F)(F)F,0
CC1=NC=CC(C2=C(F)C(F)=C(Br)C=C2)=C1C(O)=O,28814727,Cc1nccc(-c2ccc(Br)c(F)c2F)c1C(=O)O,0
COC(=O)C1=CC=C(C(C)C)C(Br)=C1,28892632,COC(=O)c1ccc(C(C)C)c(Br)c1,0
CC(=O)OCC1=CC(F)=CC=C1Br,29047091,CC(=O)OCc1cc(F)ccc1Br,0
NC1=C(CO)C=C(Cl)C(Br)=C1,29285114,Nc1cc(Br)c(Cl)cc1CO,0
NC1=C(C=O)C=C(Cl)C(Br)=C1,29285115,Nc1cc(Br)c(Cl)cc1C=O,0
CC(C)(C)OC(=O)N[C@H](CNS(=O)(=O)C1=C(C=CC=C1)N(=O)=O)C1=CC(Br)=CC(F)=C1,29329086,CC(C)(C)OC(=O)N[C@H](CNS(=O)(=O)c1ccccc1[N+](=O)[O-])c1cc(F)cc(Br)c1,0
COC1=CC(Cl)=C(Br)C=C1N(=O)=O,29373607,COc1cc(Cl)c(Br)cc1[N+](=O)[O-],0
CC(C)(C)OC(=O)N1CC(C1)S(=O)(=O)C1=CC=C(Br)C=C1,29478766,CC(C)(C)OC(=O)N1CC(S(=O)(=O)c2ccc(Br)cc2)C1,0
BrC1=CC=C(C=C1)C1(COC1)NC(=O)OCC1=CC=CC=C1,29778858,O=C(NC1(c2ccc(Br)cc2)COC1)OCc1ccccc1,0
CC(C)(C)OC(=O)NC[C@H]1CC[C@@H](CC1)C(=O)N[C@@H](CC1=CC=C(Br)C=C1)C(O)=O,29813444,CC(C)(C)OC(=O)NC[C@H]1CC[C@H](C(=O)N[C@@H](Cc2ccc(Br)cc2)C(=O)O)CC1,0
FC1=C(C=C(Br)C=C1)C(=O)CN(CC=C)CC1=CC=CC=C1,29839344,C=CCN(CC(=O)c1cc(Br)ccc1F)Cc1ccccc1,0
ClC1=CC=C2C=CC(Br)=CC2=C1,30276632,Clc1ccc2ccc(Br)cc2c1,0
NC(=S)NC1=C(F)C(F)=C(Br)C=C1,30356708,NC(=S)Nc1ccc(Br)c(F)c1F,0
CN1CCC(CC1)NC1=C(N)C=C(Br)C=C1,30538536,CN1CCC(Nc2ccc(Br)cc2N)CC1,0
NC1=C(O)C=C(Br)C=C1O,30765607,Nc1c(O)cc(Br)cc1O,0
NOCC#CC1=C(Br)C=C(Cl)C=C1,30810929,NOCC#Cc1ccc(Cl)cc1Br,0
ClC1=CC(Br)=C(C=C1)C1=NOCC1,30810930,Clc1ccc(C2=NOCC2)c(Br)c1,0
O\N=C\C(=O)NC1=CC=C(Br)C=C1,31249809,O=C(/C=N/O)Nc1ccc(Br)cc1,0
CC(=O)C1=CC(F)=C(Br)C(F)=C1,31299348,CC(=O)c1cc(F)c(Br)c(F)c1,0
CC1=C(Br)C=C(O)C(C=O)=C1,32061696,Cc1cc(C=O)c(O)cc1Br,0
BrC1=CC=C(OC2=CC=CC(OCC3CC3)=C2)C=C1,32095996,Brc1ccc(Oc2cccc(OCC3CC3)c2)cc1,0
COC(CNCC1=CC(Br)=C(Cl)C=C1)OC,32186689,COC(CNCc1ccc(Cl)c(Br)c1)OC,0
OC1=C(OC2=C(Br)C=C(F)C=C2)C=NC=N1,32195001,Oc1ncncc1Oc1ccc(F)cc1Br,0
COC(=O)C1=C(C)C(Br)=CC(O)=C1,32322638,COC(=O)c1cc(O)cc(Br)c1C,0
CCOC(COC1=CC(C(=O)OC)=C(C)C(Br)=C1)OCC,32322658,CCOC(COc1cc(Br)c(C)c(C(=O)OC)c1)OCC,0
COC(=O)C1=C(C)C(Br)=CC(N)=C1,32322686,COC(=O)c1cc(N)cc(Br)c1C,0
CCOC(=O)C\N=C\C1=C(Br)C=CC=C1,32783217,CCOC(=O)C/N=C/c1ccccc1Br,0
OC(=O)C1=CC(CNC(=O)OCC2C3=CC=CC=C3C3=C2C=CC=C3)=C(Br)C=C1,32834936,O=C(NCc1cc(C(=O)O)ccc1Br)OCC1c2ccccc2-c2ccccc21,0
FC(F)OC1=CC2=CC=CC=C2C=C1Br,33320323,FC(F)Oc1cc2ccccc2cc1Br,0
COC(=O)C1=CC(Br)=C(F)C=C1I,33461314,COC(=O)c1cc(Br)c(F)cc1I,0
COCOC1=C(Br)C=CC=C1C#N,34747288,COCOc1c(Br)cccc1C#N,0
FC1=CC(N2CCOCC2)=C(C=C1Br)N(=O)=O,35381020,O=[N+]([O-])c1cc(Br)c(F)cc1N1CCOCC1,0
COC(=O)C1=C(N)C=C(C(Br)=C1)C(F)(F)F,35714313,COC(=O)c1cc(Br)c(C(F)(F)F)cc1N,0
CNC1=CC(Br)=C(F)C=C1N,35983614,CNc1cc(Br)c(F)cc1N,0
CC(C)(C)OC(=O)N1CC2(C1)CN(C2)C1=CC=C(Br)C=C1,36008094,CC(C)(C)OC(=O)N1CC2(C1)CN(c1ccc(Br)cc1)C2,0
FC1=C(Br)C=C(C=O)C=C1N(=O)=O,36355323,O=Cc1cc(Br)c(F)c([N+](=O)[O-])c1,0
CC1=CC(=C(C)C(Br)=C1Cl)N(=O)=O,36674159,Cc1cc([N+](=O)[O-])c(C)c(Br)c1Cl,0
OC1(CC1)C1=CC(Br)=CC(=C1)C(F)(F)F,36727788,OC1(c2cc(Br)cc(C(F)(F)F)c2)CC1,0
CC(C)(C)OC(=O)N1CCC(CSC2=CC=C(Br)C=C2)CC1,36792073,CC(C)(C)OC(=O)N1CCC(CSc2ccc(Br)cc2)CC1,0
NC1=C(Cl)C(Br)=C(Cl)C=C1C(O)=O,38053209,Nc1c(C(=O)O)cc(Cl)c(Br)c1Cl,0
CCOC(=O)C1=C(OC2=CC=C(O)C=C12)C1=CC=C(Br)C=C1,36526,CCOC(=O)c1c(-c2ccc(Br)cc2)oc2ccc(O)cc12,5010-37-7
BrC1=CC=C(C=C1)N1N=NC2=C(C=CC=C2)C1=O,210226,O=c1c2ccccc2nnn1-c1ccc(Br)cc1,55649-80-4
BrC1=CC=C(CSC2=NC3=C(S2)C=CC=C3)C=C1,215815,Brc1ccc(CSc2nc3ccccc3s2)cc1,332110-13-1
BrC1=CC(=C(C=C1)N1CCOCC1)N(=O)=O,219979,O=[N+]([O-])c1cc(Br)ccc1N1CCOCC1,90841-34-2
NC1=NC(=NN1)C1=CC=C(Br)C=C1,518914,Nc1nc(-c2ccc(Br)cc2)n[nH]1,54464-13-0
CN(N)C1=CC(Br)=CC=C1,637180,CN(N)c1cccc(Br)c1,90084-67-6
NC1=NC(=CN1)C1=CC=C(Br)C=C1,643281,Nc1nc(-c2ccc(Br)cc2)c[nH]1,60472-19-7
CC(C)(C)OC(=O)NNC1=CC=C(Br)C=C1,649391,CC(C)(C)OC(=O)NNc1ccc(Br)cc1,92644-16-1
SC1=NC2=C(C=CC=C2)C(=O)N1C1=CC=C(Br)C=C1,752441,O=c1c2ccccc2nc(S)n1-c1ccc(Br)cc1,1028-39-3
BrC1=CC=C(CN2C(=O)OC(=O)C3=CC=CC=C23)C=C1,1133060,O=c1oc(=O)n(Cc2ccc(Br)cc2)c2ccccc12,57384-85-7
BrC1=CC=CC(COC2CCCCO2)=C1,1372044,Brc1cccc(COC2CCCCO2)c1,17100-67-3
CC(=O)C(N=NC1=CC=C(Br)C=C1)C(C)=O,1820095,CC(=O)C(N=Nc1ccc(Br)cc1)C(C)=O,75304-27-7
BrC1=CC2=CC=C(C=C2C=C1)N(=O)=O,1873428,O=[N+]([O-])c1ccc2cc(Br)ccc2c1,67878-77-7
CC(=O)C1=CC(Br)=CC(C)=C1O,1943836,CC(=O)c1cc(Br)cc(C)c1O,72422-80-1
COC1=CC(Br)=C(OC)C(C)=C1,1948507,COc1cc(C)c(OC)c(Br)c1,13523-12-1
BrC1=CC=CC=C1OCC(=O)C1=CC=CC=C1,1968120,O=C(COc1ccccc1Br)c1ccccc1,42434-88-8
OC1=C(C2=C(C=CC=C2)C=C1)C1=C(O)C=CC2=C1C=CC(Br)=C2,1999609,Oc1ccc2ccccc2c1-c1c(O)ccc2cc(Br)ccc12,172297-39-1
BrC1=CC=CC(=C1)C#CC(=O)C1=CC=CC=C1,2051438,O=C(C#Cc1cccc(Br)c1)c1ccccc1,58084-06-3
CCCCC1=CC=CC=C1Br,2082507,CCCCc1ccccc1Br,13397-98-3
BrC1=CC(=CC(=C1)N(=O)=O)C#N,2096242,N#Cc1cc(Br)cc([N+](=O)[O-])c1,49674-15-9
CC1=CC(C)=C(C(C)=C1)C1=CC=C(Br)C=C1,2097688,Cc1cc(C)c(-c2ccc(Br)cc2)c(C)c1,20434-38-2
CC(=O)C=C(C)NC1=CC=C(Br)C=C1,2099649,CC(=O)C=C(C)Nc1ccc(Br)cc1,62070-33-1
CN(C)N=CC1=CC=C(Br)C=C1,2206387,CN(C)N=Cc1ccc(Br)cc1,32787-75-0
OCC=CC1=CC(Br)=CC=C1,2241707,OCC=Cc1cccc(Br)c1,86610-62-0
ClC1(Cl)CC1C1=CC=C(Br)C=C1,2250247,ClC1(Cl)CC1c1ccc(Br)cc1,38365-55-8
CC(C1=CC=CC=C1)C1=CC=C(Br)C=C1,2259563,CC(c1ccccc1)c1ccc(Br)cc1,56913-50-9
CSC(SC)=CC(=O)C1=CC=CC=C1Br,2261819,CSC(=CC(=O)c1ccccc1Br)SC,71504-00-2
FC1=C(F)C(=C(F)C(F)=C1Br)N(=O)=O,2280908,O=[N+]([O-])c1c(F)c(F)c(Br)c(F)c1F,17823-37-9
NC(C#N)C1=CC=C(Br)C=C1,2362690,N#CC(N)c1ccc(Br)cc1,167024-66-0
BrC1=CC=C(C=C1)N(=O)=CC1=CC=CC=C1,2369976,[O-][N+](=Cc1ccccc1)c1ccc(Br)cc1,68279-09-4
COC1=CC=C(C(=O)C2=CC=CC=C2)C(Br)=C1,2374254,COc1ccc(C(=O)c2ccccc2)c(Br)c1,59142-57-3
OC1=CC=CC(Br)=C1CC=C,2437830,C=CCc1c(O)cccc1Br,41389-15-5
BrC1=CC=C(C=C1)C(Br)(Br)Br,2440986,Brc1ccc(C(Br)(Br)Br)cc1,76092-29-0
OC(=O)CCSC1=CC(Br)=CC=C1,2450435,O=C(O)CCSc1cccc(Br)c1,13735-09-6
CC1=CC(C=C)=CC=C1Br,2514926,C=Cc1ccc(Br)c(C)c1,90560-53-5
CC1=CC(C=C)=C(Br)C=C1,2515266,C=Cc1cc(C)ccc1Br,90560-52-4
BrC1=CC=C(OC=O)C=C1,2516294,O=COc1ccc(Br)cc1,4525-62-6
OCCCCC1=CC=CC=C1Br,2519086,OCCCCc1ccccc1Br,123206-83-7
CC(=C)COC1=CC=C(Br)C=C1,2519220,C=C(C)COc1ccc(Br)cc1,5820-27-9
FC(F)(F)SC1=CC=CC=C1Br,2520623,FC(F)(F)Sc1ccccc1Br,1644-72-0
[H]\C(=N/O)C1=CC(Br)=CC=C1,2612505,O/N=C/c1cccc(Br)c1,52739-46-5
BrC1=C(C=O)C=CC(C=O)=C1,2612986,O=Cc1ccc(C=O)c(Br)c1,90001-43-7
COC(=O)\C=C\C(=O)C1=CC=C(Br)C=C1,2644158,COC(=O)/C=C/C(=O)c1ccc(Br)cc1,32149-27-2
CC(C)(C)C1=C(Br)C=C(N)C=C1,2690791,CC(C)(C)c1ccc(N)cc1Br,103275-21-4
NC1=CC(Br)=C(N)C=C1,2716286,Nc1ccc(N)c(Br)c1,13296-69-0
NC1=CC=C(C=C1)C1=C(Br)C=CC=C1,2718433,Nc1ccc(-c2ccccc2Br)cc1,65975-65-7
ClCCN(CCCl)C1=CC=C(Br)C=C1,2724115,ClCCN(CCCl)c1ccc(Br)cc1,13165-32-7
COC(=O)C1=C(O)C=C2C=CC(Br)=CC2=C1,2729628,COC(=O)c1cc2cc(Br)ccc2cc1O,10155-36-9
CC1(C)CC(=O)C=C(C1)NC1=C(Br)C=CC=C1,2729671,CC1(C)CC(=O)C=C(Nc2ccccc2Br)C1,68890-20-0
BrC1=CC=C(C=C1)C(=O)CNC1=CC=CC=C1,2730867,O=C(CNc1ccccc1)c1ccc(Br)cc1,62558-60-5
COC1=CC=C(NC(=O)C2=CC=C(Br)C=C2)C=C1,2735194,COc1ccc(NC(=O)c2ccc(Br)cc2)cc1,49747-35-5
OC(=O)C1=C(OCC2=CC=CC=C2)C=CC(Br)=C1,2741694,O=C(O)c1cc(Br)ccc1OCc1ccccc1,62176-31-2
CN(C1=CC=C(Br)C=C1)S(=O)(=O)C1=CC=C(C)C=C1,2748750,Cc1ccc(S(=O)(=O)N(C)c2ccc(Br)cc2)cc1,32857-49-1
COC1=CC=C(NS(=O)(=O)C2=CC=C(Br)C=C2)C=C1,2749070,COc1ccc(NS(=O)(=O)c2ccc(Br)cc2)cc1,7454-72-0
[H][C@@](N)(CC1=CC=C(Br)C=C1)C(=O)OC,2807376,COC(=O)[C@H](N)Cc1ccc(Br)cc1,122332-24-5
CC(=O)NC1=CC=C(Br)C=C1C1=CC=CC=C1,2808364,CC(=O)Nc1ccc(Br)cc1-c1ccccc1,7147-52-6
CC[Si](CC)(CC)C1=CC=C(Br)C=C1,2832287,CC[Si](CC)(CC)c1ccc(Br)cc1,18036-95-8
C[Si](C)(C)C1=C(O)C(Br)=CC=C1,2936969,C[Si](C)(C)c1cccc(Br)c1O,58144-49-3
COC1=C(C)C(Br)=C(C)C=C1,2963656,COc1ccc(C)c(Br)c1C,23453-90-9
BrC1=CC(=CC=C1)C1CCCCC1,3089870,Brc1cccc(C2CCCCC2)c1,19920-84-4
COC(=O)CC1=C(C=C(Br)C=C1)C(=O)OC,3095003,COC(=O)Cc1ccc(Br)cc1C(=O)OC,0
COC(=O)C1=CC=C(OC2=CC=C(Br)C=C2)C=C1,3097129,COC(=O)c1ccc(Oc2ccc(Br)cc2)cc1,21120-75-2
COC1=CC=C(\C=C\C(O)=O)C=C1Br,3132096,COc1ccc(/C=C/C(=O)O)cc1Br,1080-07-5
COC1=CC=C(C=C1)C(=O)\C=C\C1=C(O)C=CC(Br)=C1,3142230,COc1ccc(C(=O)/C=C/c2cc(Br)ccc2O)cc1,0
C\C=C\C(=O)C1=CC=C(Br)C=C1,3235115,C/C=C/C(=O)c1ccc(Br)cc1,97060-28-1
COCC(=O)C1=CC=C(Br)C=C1,3244082,COCC(=O)c1ccc(Br)cc1,97728-73-9
COC1=CC(N)=CC(Br)=C1OC,3258505,COc1cc(N)cc(Br)c1OC,53474-08-1
COC(=O)CC1=CC(Cl)=C(Br)C=C1,3258856,COC(=O)Cc1ccc(Br)c(Cl)c1,171425-52-8
CN(C)C(=S)NC1=CC=C(Br)C=C1,3260201,CN(C)C(=S)Nc1ccc(Br)cc1,75105-07-6
COC1=C2C=CC(Br)=C(O)C2=CC=C1,3265332,COc1cccc2c(O)c(Br)ccc12,71186-94-2
COC1=C(Br)C=C(C=C1)C(Br)C(C)Br,3267100,COc1ccc(C(Br)C(C)Br)cc1Br,80167-12-0
FC1=CC=C(C=C1)C(=O)C1=C(Br)C=CC=C1,3268521,O=C(c1ccc(F)cc1)c1ccccc1Br,573-46-6
OC1=C(C=C(Br)C(Cl)=C1)N(=O)=O,3270306,O=[N+]([O-])c1cc(Br)c(Cl)cc1O,65001-78-7
OC(=O)C1=CC=CC(=C1)C1=CC(Br)=CC=C1,3270582,O=C(O)c1cccc(-c2cccc(Br)c2)c1,0
CC(=O)NC1=C(Br)C=C(C=C1)C(C)=O,3272108,CC(=O)Nc1ccc(C(C)=O)cc1Br,101209-08-9
BrC1=CC=CC(=C1)C(=O)OC1=CC=CC=C1,3274412,O=C(Oc1ccccc1)c1cccc(Br)c1,82723-17-9
CC(=O)NC1=CC=CC2=CC=CC(Br)=C12,3276724,CC(=O)Nc1cccc2cccc(Br)c12,121287-61-4
COC1=CC(Br)=C(OC)C(=C1)N(=O)=O,3284919,COc1cc(Br)c(OC)c([N+](=O)[O-])c1,55034-12-3
OC(=O)C1=C(Br)C=CC=C1N(=O)=O,3285369,O=C(O)c1c(Br)cccc1[N+](=O)[O-],38876-67-4
NC1=C(N)C(Br)=CC(=C1)N(=O)=O,3287255,Nc1cc([N+](=O)[O-])cc(Br)c1N,69399-60-6
BrC1=CC=C(CC(=O)NC2=CC=CC=C2)C=C1,3298143,O=C(Cc1ccc(Br)cc1)Nc1ccccc1,85274-93-7
OC(=O)C1=C(SC2=CC=CC=C2)C=C(Br)C=C1,3313985,O=C(O)c1ccc(Br)cc1Sc1ccccc1,861546-48-7
CC(=O)NC1=C(C=C(Br)C(Cl)=C1)N(=O)=O,3331031,CC(=O)Nc1cc(Cl)c(Br)cc1[N+](=O)[O-],716-66-5
COC1=CC(Br)=CC(OC)=C1OCC1=CC=CC=C1,3374296,COc1cc(Br)cc(OC)c1OCc1ccccc1,125106-77-6
BrC1=CC=C(C=C1)C(=O)CC(CN(=O)=O)C1=CC=CC=C1,3380451,O=C(CC(C[N+](=O)[O-])c1ccccc1)c1ccc(Br)cc1,855624-43-0
OC(C#CC1=CC=CC=C1)(C1=CC=CC=C1)C1=CC=C(Br)C=C1,3390087,OC(C#Cc1ccccc1)(c1ccccc1)c1ccc(Br)cc1,0
CC1=C(N)C(=CC=C1Br)N(=O)=O,3530530,Cc1c(Br)ccc([N+](=O)[O-])c1N,0
COCSC1=CC=C(Br)C=C1,3539608,COCSc1ccc(Br)cc1,126714-65-6
NC1=CC=C(Br)C(OCC2=CC=CC=C2)=C1,3611001,Nc1ccc(Br)c(OCc2ccccc2)c1,127943-83-3
COC1=CC(OC)=C(N)C(Br)=C1,3944385,COc1cc(Br)c(N)c(OC)c1,0
COC1=C(OC)C=C(Br)C(O)=C1,4180282,COc1cc(O)c(Br)cc1OC,129103-69-1
COC(=O)C(CC1=CC=C(Br)C=C1)NC(=O)OC(C)(C)C,4263711,COC(=O)C(Cc1ccc(Br)cc1)NC(=O)OC(C)(C)C,132067-41-5
CC1=CC(Br)=C(C)C(O)=C1,4307115,Cc1cc(O)c(C)c(Br)c1,72638-60-9
NC(=O)\C=C\C1=CC=C(Br)C=C1,4307472,NC(=O)/C=C/c1ccc(Br)cc1,130973-06-7
FC1=CC=CC(C(Cl)=O)=C1Br,4308690,O=C(Cl)c1cccc(F)c1Br,1000339-91-2
C[Si](C)(C)C(=O)C1=CC=C(Br)C=C1,4391810,C[Si](C)(C)C(=O)c1ccc(Br)cc1,75748-11-7
COC(=O)COC1=C(Br)C=CC=C1,4412404,COC(=O)COc1ccccc1Br,787575-50-2
CC1=CC=C(C=C1)C(=O)C=CC1=CC=CC(Br)=C1,4417814,Cc1ccc(C(=O)C=Cc2cccc(Br)c2)cc1,196081-97-7
OC(=O)CCC1=CC=C(Br)C=C1F,4745195,O=C(O)CCc1ccc(Br)cc1F,134057-95-7
BrC1=C(CN2C=CC3=C2C=CC=C3)C=CC=C1,4747230,Brc1ccccc1Cn1ccc2ccccc21,135966-93-7
COC1=CC=CC(CBr)=C1Br,4977632,COc1cccc(CBr)c1Br,128828-86-4
COC1=C(Br)C=C(C)C=C1C(C)(C)C,4980679,COc1c(Br)cc(C)cc1C(C)(C)C,117439-55-1
COCCOCCOC1=CC=C(Br)C=C1,5002737,COCCOCCOc1ccc(Br)cc1,112968-89-5
COC1=C(Br)C2=CC=C(C=C2C=C1)C(C)C(O)=O,5278974,COc1ccc2cc(C(C)C(=O)O)ccc2c1Br,27655-95-4
CCOC(=O)CSC1=CC=CC=C1Br,5429655,CCOC(=O)CSc1ccccc1Br,340130-94-1
COC1=C(OC)C(CO)=C(Br)C=C1,5518327,COc1ccc(Br)c(CO)c1OC,107290-27-7
BrC1=CC=C(C=C1)C(=O)\C=C\C1=CC=C2OCOC2=C1,5568958,O=C(/C=C/c1ccc2c(c1)OCO2)c1ccc(Br)cc1,36716-01-5
OC1=CC=C(\C=C\C(=O)C2=CC=C(Br)C=C2)C=C1,5867047,O=C(/C=C/c1ccc(O)cc1)c1ccc(Br)cc1,0
COCOC1=C(Br)C=CC=C1F,5931145,COCOc1c(F)cccc1Br,126412-18-8
CC(=O)C(\Cl)=N\NC1=CC=C(Br)C=C1,5935467,CC(=O)/C(Cl)=N/Nc1ccc(Br)cc1,18247-79-5
BrC1=C2C=CC=CC2=C(C#CC2=CC=CC=C2)C2=C1C=CC=C2,5964286,Brc1c2ccccc2c(C#Cc2ccccc2)c2ccccc12,115198-11-3
CCOC(=O)C(C)OC1=CC=C(Br)C=C1,6292192,CCOC(=O)C(C)Oc1ccc(Br)cc1,958238-92-1
CN(CC1=C(Br)C=CC=C1)C1=CC=CC=C1,6802958,CN(Cc1ccccc1Br)c1ccccc1,172940-57-7
BrC1=CC=C(C=C1)C1=CC=CC=C1C#N,7129041,N#Cc1ccccc1-c1ccc(Br)cc1,168072-17-1
OB(O)C1=CC=CC2=C1C(Br)=CC=C2,7291791,OB(O)c1cccc2cccc(Br)c12,0
CC1=CC=C(C=C1)S(=O)(=O)OCCC1=C(Br)C=CC=C1,7303811,Cc1ccc(S(=O)(=O)OCCc2ccccc2Br)cc1,171734-72-8
FC1=NC2=C(C=C1)N=CN=C2NC1=CC=CC(Br)=C1,7485148,Fc1ccc2ncnc(Nc3cccc(Br)c3)c2n1,171178-22-6
CC1=CC=C(C=C1)S(=O)(=O)NCCC1=C(Br)C=CC=C1,7540219,Cc1ccc(S(=O)(=O)NCCc2ccccc2Br)cc1,543745-58-0
OC1(CC(=NO1)C1=CC=C(Br)C=C1)C(F)(F)F,7587401,OC1(C(F)(F)F)CC(c2ccc(Br)cc2)=NO1,0
CCOC(=O)CC(=O)C1=C(F)C(Br)=C(F)C(F)=C1,7590114,CCOC(=O)CC(=O)c1cc(F)c(F)c(Br)c1F,104222-46-0
COC1=CC2=C(C=C1)N(CC1=CC=C(Br)C=C1)C(C)=C2CC(O)=O,7657798,COc1ccc2c(c1)c(CC(=O)O)c(C)n2Cc1ccc(Br)cc1,176174-97-3
CCCC#CC1=C(Br)C=CC=C1,7700767,CCCC#Cc1ccccc1Br,194092-09-6
BrC1=CC=C(OCC2CCNCC2)C=C1,7761067,Brc1ccc(OCC2CCNCC2)cc1,189618-32-4
ClC(Cl)(Cl)C(=N)OCC1=CC=C(Br)C=C1,7811299,N=C(OCc1ccc(Br)cc1)C(Cl)(Cl)Cl,146285-52-1
COC1=CC=C(C=C1)C1=C(C=C(Br)C=C1)N(=O)=O,7813399,COc1ccc(-c2ccc(Br)cc2[N+](=O)[O-])cc1,56985-72-9
OC(=O)CC1=CC(Br)=CC(F)=C1,7869792,O=C(O)Cc1cc(F)cc(Br)c1,0
BrC1=CC=C(C=C1)C1=NC(=NC=C1)C1=CC=CC=C1,7873772,Brc1ccc(-c2ccnc(-c3ccccc3)n2)cc1,179329-51-2
CCCCCCOC1=C(OCCCCCC)C=C(Br)C=C1,7876199,CCCCCCOc1ccc(Br)cc1OCCCCCC,200959-51-9
OC[C@H](NC(=O)OCC1=CC=CC=C1)C1=CC=C(Br)C=C1,7908473,O=C(N[C@@H](CO)c1ccc(Br)cc1)OCc1ccccc1,0
BrC1=CC=C(\C=N\CC=C)C=C1,7915019,C=CC/N=C/c1ccc(Br)cc1,246509-58-0
BrC1=CC=CC=C1C(=O)C1=NC=CC2=C1NC1=C2C=CC=C1,7932951,O=C(c1ccccc1Br)c1nccc2c1[nH]c1ccccc12,193551-50-7
CC(C)(C)C1=CC(C=O)=C(Br)C(C=O)=C1,8053787,CC(C)(C)c1cc(C=O)c(Br)c(C=O)c1,212752-04-0
N[C@@H](CC(O)=O)C1=CC=CC(Br)=C1,8481814,N[C@@H](CC(=O)O)c1cccc(Br)c1,0
COC(=O)C1=CC(=CC(C(=O)OC)=C1Br)C(C)(C)C,8489824,COC(=O)c1cc(C(C)(C)C)cc(C(=O)OC)c1Br,259197-87-0
CC(N)(CC1=CC=C(Br)C=C1)C(=O)NC1=CC(Cl)=CC(Cl)=C1,8711555,CC(N)(Cc1ccc(Br)cc1)C(=O)Nc1cc(Cl)cc(Cl)c1,302840-67-1
BrC1=CC(=CC=C1)N1C2=CC=CC=C2SC2=C1C=CC=C2,8776088,Brc1cccc(N2c3ccccc3Sc3ccccc32)c1,0
CC1=CC=C(C=C1)S(=O)(=O)NC1=C(Br)C=C(F)C=C1,8845026,Cc1ccc(S(=O)(=O)Nc2ccc(F)cc2Br)cc1,625091-78-3
NN=CC1=CC=CC=C1Br,8899427,NN=Cc1ccccc1Br,0
COC(=O)C1=CC(Br)=CC=C1NC(=O)C1=CC=CC=C1,8988179,COC(=O)c1cc(Br)ccc1NC(=O)c1ccccc1,307539-90-8
Br\C=C\C1=CC=CC=C1Br,9042752,Br/C=C/c1ccccc1Br,430434-57-4
COC1=CC(N)=C(Br)C=C1Cl,9044203,COc1cc(N)c(Br)cc1Cl,0
COC1=CC=C(\C=C\C(=O)C2=C(O)C=CC(Br)=C2)C=C1,9205711,COc1ccc(/C=C/C(=O)c2cc(Br)ccc2O)cc1,173959-43-8
OCC1CC(=NO1)C1=CC=C(Br)C=C1,9258695,OCC1CC(c2ccc(Br)cc2)=NO1,203634-91-7
COC1=C(OC)C=C2C(NCCC2=C1)C1=CC=C(Br)C=C1,9273010,COc1cc2c(cc1OC)C(c1ccc(Br)cc1)NCC2,96315-84-3
CCOCC1=CC(C=O)=CC=C1Br,9323185,CCOCc1cc(C=O)ccc1Br,837408-71-6
OC1=C(OCC2=CC=CC=C2)C=C(Br)C=C1C=O,9627774,O=Cc1cc(Br)cc(OCc2ccccc2)c1O,697302-70-8
CC(C)C[C@@H](CO)N[C@@H](C1=CC=C(Br)C=C1)C(F)(F)F,9711394,CC(C)C[C@@H](CO)N[C@@H](c1ccc(Br)cc1)C(F)(F)F,603142-80-9
COC1=CC(C=CC(=O)C2=CC=C(Br)C=C2)=CC(OC)=C1OC,9712532,COc1cc(C=CC(=O)c2ccc(Br)cc2)cc(OC)c1OC,0
COC(=O)C1=CC(O)=C(Br)C(OC)=C1,9761737,COC(=O)c1cc(O)c(Br)c(OC)c1,876170-40-0
CC1=CC(=CC=C1Br)N1CCCC1=O,9764105,Cc1cc(N2CCCC2=O)ccc1Br,0
CC(=O)NC1=CC(Br)=CC(F)=C1,9846264,CC(=O)Nc1cc(F)cc(Br)c1,807620-95-7
COC(=O)C1=C(OC)C=C(F)C(Br)=C1,9905198,COC(=O)c1cc(Br)c(F)cc1OC,314298-22-1
OC(CC1=CC=C(Br)C=C1)C(O)=O,10064153,O=C(O)C(O)Cc1ccc(Br)cc1,0
OCCC#CC1=CC=C(Br)C=C1,10064430,OCCC#Cc1ccc(Br)cc1,59099-79-5
COC1=CC=C(C=C1)C(=O)CC1=CC=CC=C1Br,10072464,COc1ccc(C(=O)Cc2ccccc2Br)cc1,0
SC1=NN=C(O1)C1=CC=CC=C1Br,10154480,Sc1nnc(-c2ccccc2Br)o1,161013-20-3
CCC1=C(Br)C=C(C=C1)C#N,10246308,CCc1ccc(C#N)cc1Br,104614-57-5
CO\N=C(/C)C1=CC(Br)=CC=C1,10246386,CO/N=C(\C)c1cccc(Br)c1,0
CCCCC(CC)CC1=CC=C(Br)C=C1,10339562,CCCCC(CC)Cc1ccc(Br)cc1,0
CC(C)CC1=CC(Br)=CC=C1,10424024,CC(C)Cc1cccc(Br)c1,139155-55-8
CCOC(=O)C1=CC(Br)=CC(O)=C1,10426921,CCOC(=O)c1cc(O)cc(Br)c1,870673-35-1
BrC1=CC=C(C[N+]#[C-])C=C1,10529207,[C-]#[N+]Cc1ccc(Br)cc1,0
OC1=CC=C(C=C1)C(=C(C1=CC=CC=C1)C1=CC=C(Br)C=C1)C1=CC=C(O)C=C1,10778537,Oc1ccc(C(=C(c2ccccc2)c2ccc(Br)cc2)c2ccc(O)cc2)cc1,0
CN(C)CCC1=CC(Br)=CC=C1,11089378,CN(C)CCc1cccc(Br)c1,774214-05-0
CS(=O)(=O)OCCC1=CC(Br)=CC=C1,11089390,CS(=O)(=O)OCCc1cccc(Br)c1,844902-63-2
CC(C)(C)OC(=O)N1CCC(CC1)OC1=C(Br)C=CC=C1,11139071,CC(C)(C)OC(=O)N1CCC(Oc2ccccc2Br)CC1,444605-55-4
COC1=CC=C(N[C@@H](C)C2=CC=C(Br)C=C2)C=C1,11255042,COc1ccc(N[C@@H](C)c2ccc(Br)cc2)cc1,0
BrC1=CC=C(C=C1)S(=O)(=O)NC1=C2N=CC=CC2=CC=C1,11283515,O=S(=O)(Nc1cccc2cccnc12)c1ccc(Br)cc1,0
CC1=CC=C(C)C(Br)=C1O,11288036,Cc1ccc(C)c(Br)c1O,0
CCOC(=O)C1=CC=C(C=C1Br)N(=O)=O,11298922,CCOC(=O)c1ccc([N+](=O)[O-])cc1Br,128566-93-8
CC(C)(CC(=O)C1=CC=C(Br)C=C1)C(O)=O,12108204,CC(C)(CC(=O)c1ccc(Br)cc1)C(=O)O,791593-72-1
BrC1=CC=C(NC(=O)[C@@H]2CCCN2)C=C1,12948587,O=C(Nc1ccc(Br)cc1)[C@@H]1CCCN1,0
BrC1=CC=C(CCOCC2=CC=CC=C2)C=C1,13495428,Brc1ccc(CCOCc2ccccc2)cc1,170991-34-1
NC1=C(Br)C(F)=C(C=C1F)C#N,13503207,N#Cc1cc(F)c(N)c(Br)c1F,112279-62-6
CC1=CC(OCC2=C(Br)C=CC=C2)=C(C)C=C1,13729963,Cc1ccc(C)c(OCc2ccccc2Br)c1,0
BrC1=CC=C(CC(=O)NCC2=CC=CC=C2)C=C1,13816649,O=C(Cc1ccc(Br)cc1)NCc1ccccc1,335398-50-0
CC(C)(C)OC(=O)NC1=C(Cl)C=C(Br)C=C1,13906431,CC(C)(C)OC(=O)Nc1ccc(Br)cc1Cl,330794-09-7
CC(C)(C)OC(=O)NC1=CC(Br)=CC=C1O,14275073,CC(C)(C)OC(=O)Nc1cc(Br)ccc1O,719310-30-2
COC1=C(O)C=C(Br)C(F)=C1,14306720,COc1cc(F)c(Br)cc1O,1364606-67-6
CC(C)(C)OC(=O)C1=CC(=CC(Br)=C1)N(=O)=O,14312966,CC(C)(C)OC(=O)c1cc(Br)cc([N+](=O)[O-])c1,641570-93-6
COC1=CC2=C(C=C1O)C(NC1=C(F)C=C(Br)C=C1)=NC=N2,14324508,COc1cc2ncnc(Nc3ccc(Br)cc3F)c2cc1O,808762-63-2
OC1=CC(=C(Br)C=C1F)N(=O)=O,14393513,O=[N+]([O-])c1cc(O)c(F)cc1Br,661463-12-3
CC(C)CC1=CC=C(Br)C=C1C#N,14423523,CC(C)Cc1ccc(Br)cc1C#N,856167-67-4
CC1=NC(=NO1)C1=C(F)C=C(Cl)C=C1Br,14426012,Cc1nc(-c2c(F)cc(Cl)cc2Br)no1,858414-23-0
OCCC1=C(C=C(Br)C=C1)N(=O)=O,14429020,O=[N+]([O-])c1cc(Br)ccc1CCO,856839-64-0
COC(=O)C(=C)C1=CC(Br)=CC=C1,14440196,C=C(C(=O)OC)c1cccc(Br)c1,852470-84-9
BrC1=CC=C(O[C@@H]2CCOC2)C=C1,14445556,Brc1ccc(O[C@@H]2CCOC2)cc1,857854-81-0
COC(=O)C1=C(Cl)C=C(N)C(Br)=C1,14476766,COC(=O)c1cc(Br)c(N)cc1Cl,868406-71-7
FC(F)(F)C(=O)NCCC1=CC=CC=C1Br,14504121,O=C(NCCc1ccccc1Br)C(F)(F)F,1057246-44-2
COC(=O)C1=CC=CC(CBr)=C1Br,14521718,COC(=O)c1cccc(CBr)c1Br,750585-90-1
CC(C)(C)OC(=O)NC1=CC=C2C=CC=CC2=C1Br,14545299,CC(C)(C)OC(=O)Nc1ccc2ccccc2c1Br,454713-47-4
CC(C)(C)C(=O)NC1=CC(F)=CC=C1Br,14549399,CC(C)(C)C(=O)Nc1cc(F)ccc1Br,885609-84-7
OC(=O)C(F)(F)C1=CC=CC(Br)=C1,14550832,O=C(O)C(F)(F)c1cccc(Br)c1,885068-76-8
BrC1=CC=C(C=C1)C(=O)NC1CC1,14571567,O=C(NC1CC1)c1ccc(Br)cc1,306745-64-2
BrC1=CC=C(\C=N\C2=CC=CC=C2)C(OCC2=CC=CC=C2)=C1,14614416,Brc1ccc(/C=N/c2ccccc2)c(OCc2ccccc2)c1,914777-35-8
CCOC(=O)C1=CC(N)=C(Br)C=C1,14912450,CCOC(=O)c1ccc(Br)c(N)c1,168473-88-9
COC1=C(C=C(F)C=C1Br)N(=O)=O,14959945,COc1c(Br)cc(F)cc1[N+](=O)[O-],179897-92-8
COCCOC1=C(F)C=C(Br)C=C1,15521332,COCCOc1ccc(Br)cc1F,944279-01-0
CC(C)(C)OC(=O)N1CCC[C@H]1C(=O)NC1=CC=C(Br)C=C1,15524545,CC(C)(C)OC(=O)N1CCC[C@H]1C(=O)Nc1ccc(Br)cc1,945917-91-9
[H][C@]12CCN(C3=CC=C(Br)C=C3)[C@@]1([H])CN(C2)C(=O)OC(C)(C)C,15560144,CC(C)(C)OC(=O)N1C[C@H]2CCN(c3ccc(Br)cc3)[C@H]2C1,948846-77-3
FC1=CC(Br)=CC(C=O)=C1OCC1=CC=CC=C1,15608855,O=Cc1cc(Br)cc(F)c1OCc1ccccc1,1003298-75-6
NC1=CC(=CC(Br)=C1)N1C=CC=N1,15611234,Nc1cc(Br)cc(-n2cccn2)c1,1000289-46-2
FC(F)(F)OC1=C(Br)C=C(CBr)C=C1,15640542,FC(F)(F)Oc1ccc(CBr)cc1Br,1011531-45-5
CC(C)(CC1=CC=C(Br)C=C1)C(O)=O,15676602,CC(C)(Cc1ccc(Br)cc1)C(=O)O,186498-30-6
CS(=O)(=O)C1=C(CBr)C=CC(Br)=C1,15697966,CS(=O)(=O)c1cc(Br)ccc1CBr,254887-18-8
FC(F)(F)C1=CNC(=N1)C1=CC=C(Br)C=C1,15783104,FC(F)(F)c1c[nH]c(-c2ccc(Br)cc2)n1,1010837-60-1
COC1=C(Br)C=CC=C1C(C)(C)C,15814316,COc1c(Br)cccc1C(C)(C)C,1007375-07-6
COC(=O)C(=CC1=CC=C(Br)C=C1)C#N,15849980,COC(=O)C(C#N)=Cc1ccc(Br)cc1,167995-88-2
NC(=NO)C1=C(Br)C=CC=C1,18084732,NC(=NO)c1ccccc1Br,132475-60-6
CC1=C(C=C(I)C(Br)=C1)C(O)=O,18330139,Cc1cc(Br)c(I)cc1C(=O)O,1022983-51-2
ClC1=CC=C(Br)C(CCS(Cl)(=O)=O)=C1,18385587,O=S(=O)(Cl)CCc1cc(Cl)ccc1Br,1033629-82-1
CC(C)(C)OC(=O)NC1=C(Br)C=CC=C1F,18556407,CC(C)(C)OC(=O)Nc1c(F)cccc1Br,1057720-25-8
BrC1=CC=C(OCC2(COC2)NC(=O)OCC2=CC=CC=C2)C=C1,18668476,O=C(NC1(COc2ccc(Br)cc2)COC1)OCc1ccccc1,1083429-99-5
C[C@@H]1CC[C@@H](COC2=NC=C(F)C=C2)CN1C(=O)C1=C(Br)C=CC(C=C)=C1,18769991,C=Cc1ccc(Br)c(C(=O)N2C[C@H](COc3ccc(F)cn3)CC[C@H]2C)c1,1088994-37-9
C[C@@H]1CC[C@@H](COC2=NC=C(F)C=C2)CN1C(=O)C1=C(Br)C=CC(C=O)=C1,18769992,C[C@@H]1CC[C@@H](COc2ccc(F)cn2)CN1C(=O)c1cc(C=O)ccc1Br,1088994-39-1
C[C@@H]1CC[C@@H](COC2=NC=C(F)C=C2)CN1C(=O)C1=C(Br)C=CC(CO)=C1,18770000,C[C@@H]1CC[C@@H](COc2ccc(F)cn2)CN1C(=O)c1cc(CO)ccc1Br,1088994-41-5
C[C@@H]1CC[C@@H](COC2=NC=C(F)C=C2)CN1C(=O)C1=CC(Br)=CC=C1I,18770001,C[C@@H]1CC[C@@H](COc2ccc(F)cn2)CN1C(=O)c1cc(Br)ccc1I,1088994-28-8
C[C@@H]1CC[C@@H](COC2=NC=C(F)C=C2)CN1C(=O)C1=C(Br)C=CC(I)=C1,18770006,C[C@@H]1CC[C@@H](COc2ccc(F)cn2)CN1C(=O)c1cc(I)ccc1Br,1088994-34-6
C[C@@H]1CC[C@@H](COC2=NC=C(F)C=C2)CN1C(=O)C1=CC(Br)=CC=C1C1=NC=CC=N1,18770040,C[C@@H]1CC[C@@H](COc2ccc(F)cn2)CN1C(=O)c1cc(Br)ccc1-c1ncccn1,1088994-30-2
FC1=CC(Br)=CC(F)=C1CN1CCOCC1,18771075,Fc1cc(Br)cc(F)c1CN1CCOCC1,1092563-36-4
OCCOC1=C(C=C(Br)C=C1)C(F)(F)F,18958539,OCCOc1ccc(Br)cc1C(F)(F)F,1104382-36-6
FC(F)OC1=CC=C(C=O)C=C1Br,19180034,O=Cc1ccc(OC(F)F)c(Br)c1,1155878-02-6
CC1=C(OC2=CC(Br)=CC(Cl)=C2)C(=NC=C1)C(O)=O,19198666,Cc1ccnc(C(=O)O)c1Oc1cc(Cl)cc(Br)c1,1034709-24-4
CC1=CC(Br)=C(N)C(=C1)C1=CC=CC=C1,19305352,Cc1cc(Br)c(N)c(-c2ccccc2)c1,1140969-95-4
COC1=CC(OC)=C(Br)C=C1C(C)C,19323199,COc1cc(OC)c(C(C)C)cc1Br,1155371-46-2
BrC1=CC=C(C=C1)C(=O)C=C1C(=O)NC2=C1C=CC=C2,19341428,O=C1Nc2ccccc2C1=CC(=O)c1ccc(Br)cc1,66447-83-4
COCOC1=CC=C(Br)C(C=O)=C1,19495492,COCOc1ccc(Br)c(C=O)c1,1163283-35-9
COC(=O)C1=C(I)C=C(Br)C=C1C,19525090,COC(=O)c1c(C)cc(Br)cc1I,0
CC1=CC(Br)=CC(I)=C1C(O)=O,19525092,Cc1cc(Br)cc(I)c1C(=O)O,0
OCC1=CC(OC2=CC=C(Cl)C=C2)=CC=C1Br,19659434,OCc1cc(Oc2ccc(Cl)cc2)ccc1Br,943920-03-4
COC(=O)C1=CC(Br)=C(OC2CCCCO2)C=C1,19685817,COC(=O)c1ccc(OC2CCCCO2)c(Br)c1,1142224-41-6
COC(=O)C1=CC(Br)=C(C)C(CCCO)=C1,19807122,COC(=O)c1cc(Br)c(C)c(CCCO)c1,1229244-95-4
CN(C)\C=C\C(=O)C1=CC=CC=C1Br,19986962,CN(C)/C=C/C(=O)c1ccccc1Br,1203608-45-0
CS(=O)(=O)NCC1=CC=C(Br)C=C1,20290339,CS(=O)(=O)NCc1ccc(Br)cc1,183128-59-8
COC\C=C\C1=CC=C(Br)C=C1,20437518,COC/C=C/c1ccc(Br)cc1,673856-27-4
BrC1=CC=CC=C1NC(=O)C(=O)C1=CC=CC=C1,20521450,O=C(Nc1ccccc1Br)C(=O)c1ccccc1,1285240-21-2
BrC1=CC=C(C(NCCN2CCOCC2)=C1)N(=O)=O,20536112,O=[N+]([O-])c1ccc(Br)cc1NCCN1CCOCC1,954233-02-4
COCC1=CC(F)=C(Br)C=C1,20606586,COCc1ccc(Br)c(F)c1,162744-47-0
CN(C)S(=O)(=O)C1=CC=C(F)C(Br)=C1,20606609,CN(C)S(=O)(=O)c1ccc(F)c(Br)c1,1240287-91-5
ClC(=O)COC1=CC=C(Br)C=C1Cl,20636596,O=C(Cl)COc1ccc(Br)cc1Cl,110630-87-0
BrC1=CC=CC(NC(=N)C2=CC=CC=C2)=C1,20780487,N=C(Nc1cccc(Br)c1)c1ccccc1,1242182-79-1
CC(C)(C)OC(=O)N1CCC[C@H]1C(=O)OCC(=O)C1=CC=CC(Br)=C1,20784084,CC(C)(C)OC(=O)N1CCC[C@H]1C(=O)OCC(=O)c1cccc(Br)c1,1228554-11-7
CC1=CC=C2OC(=NC2=C1)C1=CC=C(Br)C=C1,21081752,Cc1ccc2oc(-c3ccc(Br)cc3)nc2c1,428844-82-0
C[C@]1(COCC(N)=N1)C1=C(F)C=CC(Br)=C1,21196740,C[C@@]1(c2cc(Br)ccc2F)COCC(N)=N1,1266785-14-1
FC(F)(F)OC1=C(I)C=C(Br)C=C1,21276195,FC(F)(F)Oc1ccc(Br)cc1I,154065-33-5
FC(F)(F)C1=CC=C(Br)C=C1I,21276196,FC(F)(F)c1ccc(Br)cc1I,1256945-00-2
COC1=C(Br)C=CC(N)=C1F,21276601,COc1c(Br)ccc(N)c1F,1272719-19-3
COC1=C(Br)C=C(C(C)=O)C(F)=C1,21304830,COc1cc(F)c(C(C)=O)cc1Br,914221-54-8
COC1=CC=C(C=C1Br)S(F)(F)(F)(F)F,21397001,COc1ccc(S(F)(F)(F)(F)F)cc1Br,1211514-99-6
BrC1=CC=C(C=O)C(I)=C1,21404007,O=Cc1ccc(Br)cc1I,1261470-87-4
BrC1=CC=CC(=C1)[N+]#[C-],21465417,[C-]#[N+]c1cccc(Br)c1,148854-09-5
CN(CCC1=CC=C(Br)C=C1)C(=O)OC(C)(C)C,21484152,CN(CCc1ccc(Br)cc1)C(=O)OC(C)(C)C,1191063-30-5
CC1=NOC(\C=C\C2=CC=C(Br)C=C2)=C1N(=O)=O,21492523,Cc1noc(/C=C/c2ccc(Br)cc2)c1[N+](=O)[O-],86453-96-5
FC(F)(F)C1=CC=NC(NC2=CC(Br)=CC(=C2)C2=CN=CS2)=N1,21580672,FC(F)(F)c1ccnc(Nc2cc(Br)cc(-c3cncs3)c2)n1,1312535-10-6
FC1=CC(OC2CCCCO2)=CC=C1Br,21603143,Fc1cc(OC2CCCCO2)ccc1Br,485832-11-9
COC(=O)C1=CSC(=N1)C1=CC=C(Br)C=C1,21614209,COC(=O)c1csc(-c2ccc(Br)cc2)n1,1208081-39-3
FC(F)(F)OC1=CC=C(C=O)C(Br)=C1,21783799,O=Cc1ccc(OC(F)(F)F)cc1Br,1114808-87-5
CC(=O)C1=CC=C(C=C1Br)C(F)(F)F,21849728,CC(=O)c1ccc(C(F)(F)F)cc1Br,1131605-31-6
COC1=CC(C(O)=O)=C(OC2=CC=C(Br)C=C2)C=C1,21850938,COc1ccc(Oc2ccc(Br)cc2)c(C(=O)O)c1,1215864-17-7
NCC1=C(Br)C=CC(Cl)=C1,21889313,NCc1cc(Cl)ccc1Br,942400-60-4
CC(=O)NC1=CC(Br)=C(F)C=C1C,21967452,CC(=O)Nc1cc(Br)c(F)cc1C,1237518-31-8
CC(=O)OCC1=C(C=CC=C1Br)N1CCC2=C(C=C3CCCCN23)C1=O,22080491,CC(=O)OCc1c(Br)cccc1N1CCc2c(cc3n2CCCC3)C1=O,1346672-97-6
CC(=O)OCC1=C(C=CC=C1Br)N1CCC2=C(SC3=C2CCCC3)C1=O,22080499,CC(=O)OCc1c(Br)cccc1N1CCc2c(sc3c2CCCC3)C1=O,1346672-58-9
ClS(=O)(=O)C1=CC(C#N)=C(Br)C=C1,22147362,N#Cc1cc(S(=O)(=O)Cl)ccc1Br,1261583-46-3
COC1=C(OC)C(OC)=C2C(=O)C=C(OC2=C1)C1=CC=C(Br)C=C1,22275308,COc1cc2oc(-c3ccc(Br)cc3)cc(=O)c2c(OC)c1OC,1355483-74-7
CC(C)C(C)(C#N)C1=CC=C(Br)C=C1,22326667,CC(C)C(C)(C#N)c1ccc(Br)cc1,1360551-87-6
CNC1=C(N)C(Cl)=C(Br)C=C1,22339855,CNc1ccc(Br)c(Cl)c1N,1357159-32-0
CNC1=C(C(Cl)=C(Br)C=C1)N(=O)=O,22339858,CNc1ccc(Br)c(Cl)c1[N+](=O)[O-],1357159-31-9
CC1=C(Br)C=CC(CNC(=O)OC(C)(C)C)=C1,22342556,Cc1cc(CNC(=O)OC(C)(C)C)ccc1Br,1220039-91-7
OC1=C(Br)C(F)=CC=C1F,22513415,Oc1c(F)ccc(F)c1Br,1208077-18-2
OCC1=CC=C(Br)C(F)=C1F,22539355,OCc1ccc(Br)c(F)c1F,162744-55-0
CC(C)(C)OC(=O)C1(CC2=CC(Br)=C(Cl)C=C2)CC1,22645794,CC(C)(C)OC(=O)C1(Cc2ccc(Cl)c(Br)c2)CC1,1380604-85-2
CONC(=O)C1=C(Br)C=CC=C1,22790206,CONC(=O)c1ccccc1Br,1324535-86-5
FC(F)(F)C1=CC=C(Br)C(=C1)C1OCCO1,22793768,FC(F)(F)c1ccc(Br)c(C2OCCO2)c1,1394824-67-9
CS(=O)(=O)C1=NC2=NC(=C(Cl)C=C2N1)C1=CC=C(Br)C=C1,22882988,CS(=O)(=O)c1nc2nc(-c3ccc(Br)cc3)c(Cl)cc2[nH]1,1394373-63-7
ClCC(=O)C1=CC(Cl)=C(Br)C=C1,22890934,O=C(CCl)c1ccc(Br)c(Cl)c1,1261859-54-4
CC(C)(C)OC(=O)N(CCO)CC(O)C1=CC(Cl)=C(Br)C=C1,22891038,CC(C)(C)OC(=O)N(CCO)CC(O)c1ccc(Br)c(Cl)c1,1400997-59-2
CON(C)C(=O)C=CC1=CC=C(Br)C=C1,22893308,CON(C)C(=O)C=Cc1ccc(Br)cc1,652978-38-6
CCOC(=O)C(=[N]#N)C1=C(Br)C=CC=C1,22926632,CCOC(=O)C(=[N+]=[N-])c1ccccc1Br,1398179-24-2
FC1=CC(Br)=C(I)C(F)=C1,23033263,Fc1cc(F)c(I)c(Br)c1,175278-11-2
COC(=O)C1=CC=CC(C(=O)OC)=C1N(C1=CC=CC=C1)C1=CC=C(Br)C=C1,23219499,COC(=O)c1cccc(C(=O)OC)c1N(c1ccccc1)c1ccc(Br)cc1,1333316-05-4
BrC1=CC=C(C=C1)N1CCC(=O)NC1=O,23272502,O=C1CCN(c2ccc(Br)cc2)C(=O)N1,90772-28-4
BrC1=CC=CC=C1S(=O)(=O)C1CC1,23288881,O=S(=O)(c1ccccc1Br)C1CC1,1299474-18-2
CC(=O)C1=CC(Br)=C(CO)C=C1,23440379,CC(=O)c1ccc(CO)c(Br)c1,1418144-62-3
CC1=C(C=C(C=C1Br)N(=O)=O)C(O)=O,23444155,Cc1c(Br)cc([N+](=O)[O-])cc1C(=O)O,1269292-02-5
FC1=CC(=CC(F)=C1)C1=CC=C(Br)C=C1F,23647272,Fc1cc(F)cc(-c2ccc(Br)cc2F)c1,1096100-65-0
COC1=C(F)C(F)=C(C=C1)C(=O)C1=C(Cl)C=CC(Br)=C1,23707168,COc1ccc(C(=O)c2cc(Br)ccc2Cl)c(F)c1F,1358579-75-5
FC1=CC=C(Br)C(=C1)C(=O)CBr,23752793,O=C(CBr)c1cc(F)ccc1Br,1427446-94-3
OC(=O)CCC1=C(Br)C(=CC=C1)C(F)(F)F,24041188,O=C(O)CCc1cccc(C(F)(F)F)c1Br,1261777-58-5
CCOC(=O)CC(=O)C1=C(F)C=CC(Br)=C1,24105977,CCOC(=O)CC(=O)c1cc(Br)ccc1F,0
CC1=C(C=C(Br)C=C1O)C(O)=O,24630128,Cc1c(O)cc(Br)cc1C(=O)O,0
CN(CC1=C(Br)C=CC(N)=C1)C(=O)OC(C)(C)C,26467801,CN(Cc1cc(N)ccc1Br)C(=O)OC(C)(C)C,1037089-62-5
COC(=O)C1(CC(O)C1)C1=CC=C(Br)C=C1,26516279,COC(=O)C1(c2ccc(Br)cc2)CC(O)C1,0
FC(F)(F)[C@@H]1CC[C@@H](CC1)OC1=CC=C2C=CC(Br)=CC2=C1,26567839,FC(F)(F)[C@H]1CC[C@@H](Oc2ccc3ccc(Br)cc3c2)CC1,1544009-68-8
C[C@H]1CC[C@H](CC1)OC1=CC=C2C=CC(Br)=CC2=C1C(F)(F)F,26567844,C[C@H]1CC[C@@H](Oc2ccc3ccc(Br)cc3c2C(F)(F)F)CC1,1544009-02-0
C[Si](C)(C)C#CC1=C(N)C=CC(Br)=C1,26610403,C[Si](C)(C)C#Cc1cc(Br)ccc1N,1538583-21-9
BrC1=CC(I)=C(NCC2=CC=CC=C2)C=C1,26974174,Brc1ccc(NCc2ccccc2)c(I)c1,1616707-08-4
FC1=C(Br)C=CC(=C1)C(=O)NC1=CC(=CC=N1)C(F)(F)F,27015843,O=C(Nc1cc(C(F)(F)F)ccn1)c1ccc(Br)c(F)c1,1419221-61-6
CC(C)(C)OC(=O)N1C2CCC1C=C(C2)C1=CC=C(Br)C=C1,27437586,CC(C)(C)OC(=O)N1C2C=C(c3ccc(Br)cc3)CC1CC2,0
C[C@H](N)C1=CC(F)=C(Br)C=C1,27461362,C[C@H](N)c1ccc(Br)c(F)c1,0
CC1=C(C(C)=NO1)C1=CC(Br)=C(N)C(=C1)S(=O)(=O)NC1CCCC1,27474152,Cc1noc(C)c1-c1cc(Br)c(N)c(S(=O)(=O)NC2CCCC2)c1,0
COC(=O)[C@H](CO)NC(=O)C1=CC(F)=C(Br)C=C1,27501699,COC(=O)[C@H](CO)NC(=O)c1ccc(Br)c(F)c1,0
OC1(CC2=CC=C(Br)C=C2)CC1,27938153,OC1(Cc2ccc(Br)cc2)CC1,0
CC(C)(C)OC(=O)NC1=CC(N)=C(Br)C=C1,27996152,CC(C)(C)OC(=O)Nc1ccc(Br)c(N)c1,0
OC(=O)C1=C(F)C=C(Br)C(O)=C1,28112265,O=C(O)c1cc(O)c(Br)cc1F,0
CC(C)(C)[Si](C)(C)OC1=C(Br)C=CC=C1F,28190404,CC(C)(C)[Si](C)(C)Oc1c(F)cccc1Br,0
CNC(=O)N1N=C(C2=CC=C(Br)C=C2)C2=C(C[C@@H]1C)C=C(OC)C(OC)=C2,28313651,CNC(=O)N1N=C(c2ccc(Br)cc2)c2cc(OC)c(OC)cc2C[C@@H]1C,0
CNC1=CC=C(Br)C(=C1N)C(F)(F)F,28440592,CNc1ccc(Br)c(C(F)(F)F)c1N,0
COC(=O)CC1=C(C=CC(Br)=C1)C(=O)OC,28446635,COC(=O)Cc1cc(Br)ccc1C(=O)OC,0
COCCOC1=CC(Br)=C(C)C=C1,28448922,COCCOc1ccc(C)c(Br)c1,0
OB(O)C1=CC(Cl)=CC=C1Br,28553030,OB(O)c1cc(Cl)ccc1Br,0
COC(=O)C1=C(C=CN=C1C)C1=C(F)C(F)=C(Br)C=C1,28814726,COC(=O)c1c(-c2ccc(Br)c(F)c2F)ccnc1C,0
CNC(=O)C1=C(C=CN=C1C)C1=C(F)C(F)=C(Br)C=C1,28814728,CNC(=O)c1c(-c2ccc(Br)c(F)c2F)ccnc1C,0
CCC1=C(Br)C=CC(OCOCC[Si](C)(C)C)=C1,28882224,CCc1cc(OCOCC[Si](C)(C)C)ccc1Br,0
FC1=C(Br)C=CC(=C1)C#C,28944724,C#Cc1ccc(Br)c(F)c1,0
BrC1=CC=CC(OC(=O)C#CC2=CC=CC=C2)=C1,29155639,O=C(C#Cc1ccccc1)Oc1cccc(Br)c1,0
CCOC(=O)C\N=C\C1=CC(Br)=CC=C1,29165243,CCOC(=O)C/N=C/c1cccc(Br)c1,0
CC1=C(C=CC(Br)=C1Cl)C#N,29195830,Cc1c(C#N)ccc(Br)c1Cl,0
NC1=C(O)C(Br)=CC(=C1)C(F)(F)F,29268572,Nc1cc(C(F)(F)F)cc(Br)c1O,0
BrC1=CC=CC(OC[C@H]2CO2)=C1,29351276,Brc1cccc(OC[C@H]2CO2)c1,0
COC(=O)C1=C(Br)C=C(I)C=C1,29478752,COC(=O)c1ccc(I)cc1Br,0
CN1CCC(CC1)NC1=C(C=C(Br)C=C1)N(=O)=O,30538535,CN1CCC(Nc2ccc(Br)cc2[N+](=O)[O-])CC1,0
BrC1=CC(=C(C=C1)N1CCC(CC1)C1=CC=CC=C1)N(=O)=O,30640979,O=[N+]([O-])c1cc(Br)ccc1N1CCC(c2ccccc2)CC1,0
CC(C)CN(CC(C)C)C1=C(F)C=C(Br)C=C1N(=O)=O,30641372,CC(C)CN(CC(C)C)c1c(F)cc(Br)cc1[N+](=O)[O-],0
ClC1=CC(Br)=C(C=C1)C1=NOC=C1,30810931,Clc1ccc(-c2ccon2)c(Br)c1,0
CCOC1=C(C=O)C=CC(Br)=C1,31488344,CCOc1cc(Br)ccc1C=O,0
CC(C)(C)OC(=O)NCC1=C(O)C=C(Br)C=C1,31669826,CC(C)(C)OC(=O)NCc1ccc(Br)cc1O,0
COC(=O)C1(CC2=C(C=C(Br)C=C2)N(=O)=O)CCN(C1)C(=O)OC(C)(C)C,31722151,COC(=O)C1(Cc2ccc(Br)cc2[N+](=O)[O-])CCN(C(=O)OC(C)(C)C)C1,0
OC1CC2(CCC1(CC2)C1=CC=C(Br)C=C1)NCC1=CC=CC=C1,31858097,OC1CC2(NCc3ccccc3)CCC1(c1ccc(Br)cc1)CC2,0
FC1=CC(Br)=CC(F)=C1S,31921945,Fc1cc(Br)cc(F)c1S,0
BrC1=CC=C(C=C1)C1N=C1C1=CC=CC=C1,32201699,Brc1ccc(C2N=C2c2ccccc2)cc1,0
CC(=O)C1=C(Cl)C=C(OC2=CC=C(Br)C=C2)C=C1,32608138,CC(=O)c1ccc(Oc2ccc(Br)cc2)cc1Cl,0
COC(=O)C1=C(C#N)C(Br)=CC=C1,32651103,COC(=O)c1cccc(Br)c1C#N,0
CN1CCN(CCOC2=C(Cl)C(C)=C(Br)C=C2)CC1,32693121,Cc1c(Br)ccc(OCCN2CCN(C)CC2)c1Cl,0
CCOC(=O)C1=CC(Br)=C(C=C1C1=CC=CS1)C(=O)OCC,32879110,CCOC(=O)c1cc(-c2cccs2)c(C(=O)OCC)cc1Br,0
COC(=O)C1=CC(I)=CC(Br)=C1Cl,33425158,COC(=O)c1cc(I)cc(Br)c1Cl,0
COC(=O)C1=CC(O)=CC(Br)=C1Cl,33425160,COC(=O)c1cc(O)cc(Br)c1Cl,0
CC(C)(C)OC(=O)NCC1(CC1)C1=CC=C(Br)C=C1,33675892,CC(C)(C)OC(=O)NCC1(c2ccc(Br)cc2)CC1,0
NC1=CC(Br)=C(Cl)C(F)=C1C#N,33757859,N#Cc1c(N)cc(Br)c(Cl)c1F,0
NC1=C(Br)C=C(F)C=C1C1CC1,34179263,Nc1c(Br)cc(F)cc1C1CC1,0
CC(C)(C)OC(=O)N1CC[C@H](N)[C@@H]1CC1=CC=CC(Br)=C1F,34332762,CC(C)(C)OC(=O)N1CC[C@H](N)[C@@H]1Cc1cccc(Br)c1F,0
COC(=O)C[C@H](NC(=O)OC(C)(C)C)C1=CC(Br)=CC=C1,35232820,COC(=O)C[C@H](NC(=O)OC(C)(C)C)c1cccc(Br)c1,0
ClC1=C(C2CC2)C(Br)=CC=C1,35391138,Clc1cccc(Br)c1C1CC1,0
BrC1=C(C=CC=C1)C1(CCN(CC2=CC=CC=C2)CC1)C#N,35492995,N#CC1(c2ccccc2Br)CCN(Cc2ccccc2)CC1,0
OC(=O)C1(CCN(CC2=CC=CC=C2)CC1)C1=C(Br)C=CC=C1,35493001,O=C(O)C1(c2ccccc2Br)CCN(Cc2ccccc2)CC1,0
OC1=CC=CC(Br)=C1C(F)(F)F,35886479,Oc1cccc(Br)c1C(F)(F)F,0
CCC1=C(CO)C=C(Br)C=C1,36001591,CCc1ccc(Br)cc1CO,0
BrC1=CC(OC2CC2)=C(C=C1)N(=O)=O,36276545,O=[N+]([O-])c1ccc(Br)cc1OC1CC1,0
OC(=O)C1=CC(F)=C(Br)C(Cl)=C1F,36455615,O=C(O)c1cc(F)c(Br)c(Cl)c1F,0
CC(C)[Si](C#CC1=C2C(Br)=CC=CC2=CC=C1)(C(C)C)C(C)C,36674150,CC(C)[Si](C#Cc1cccc2cccc(Br)c12)(C(C)C)C(C)C,0
COC1=CC(CC(O)=O)=C(F)C=C1Br,37064934,COc1cc(CC(=O)O)c(F)cc1Br,0
CC(C)(C)OC(=O)NCC1CN(C1)S(=O)(=O)C1=CC(Br)=CC=C1,37113847,CC(C)(C)OC(=O)NCC1CN(S(=O)(=O)c2cccc(Br)c2)C1,0
COC(=O)C1=C(Cl)C=CC(Br)=C1CBr,37333574,COC(=O)c1c(Cl)ccc(Br)c1CBr,0
COC(=O)C1=C(Br)C=C(I)C(N)=C1,38075376,COC(=O)c1cc(N)c(I)cc1Br,0
COC1=C(CO)C(F)=CC(Br)=C1,38537199,COc1cc(Br)cc(F)c1CO,0
ClC1=NC(NC2=CC=C(Br)C=C2)=NC(Cl)=N1,20620,Clc1nc(Cl)nc(Nc2ccc(Br)cc2)n1,20376-36-7
BrC1=CC=C(C=C1)N1CCC1=O,134857,O=C1CCN1c1ccc(Br)cc1,7661-25-8
BrC1=CC=C(C=C1)C1=CC(=O)NC1=O,148172,O=C1C=C(c2ccc(Br)cc2)C(=O)N1,21724-96-9
BrC1=CC=C(C=C1)C1=CC(=S)SS1,153894,S=c1cc(-c2ccc(Br)cc2)ss1,14659-11-1
BrC1=CC=C(C=C1)C(=O)CC1=CC=NC=C1,159662,O=C(Cc1ccncc1)c1ccc(Br)cc1,100397-96-4
NC1=C(C=CC(Br)=C1)N1CCOCC1,181523,Nc1cc(Br)ccc1N1CCOCC1,91062-48-5
CC1=NN(C(=C1)C(O)=O)C1=CC=C(Br)C=C1,196263,Cc1cc(C(=O)O)n(-c2ccc(Br)cc2)n1,0
BrC1=CC=C(C=C1)C1=NOC(=N1)C1=CC=CC=C1,206627,Brc1ccc(-c2noc(-c3ccccc3)n2)cc1,65004-19-5
CCOC(=O)C1=C(N)N(N=N1)C1=CC=C(Br)C=C1,248024,CCOC(=O)c1nnn(-c2ccc(Br)cc2)c1N,106748-14-5
OC1(CC(=O)C2=CC=C(Br)C=C2)C(=O)NC2=CC=CC=C12,268440,O=C(CC1(O)C(=O)Nc2ccccc21)c1ccc(Br)cc1,303739-95-9
CC1=NC(=CO1)C1=CC=C(Br)C=C1,514014,Cc1nc(-c2ccc(Br)cc2)co1,22091-49-2
BrC1=CC=C(C=C1)C1=NN(C(=C1)C1=CC=CC=C1)C1=CC=CC=C1,674131,Brc1ccc(-c2cc(-c3ccccc3)n(-c3ccccc3)n2)cc1,16901-34-1
NC1=C(C=NN1C1=CC=CC(Br)=C1)C#N,791251,N#Cc1cnn(-c2cccc(Br)c2)c1N,71856-56-9
BrC1=CC=C(C=C1)C1=NC2=C(NC1=O)C=CC=C2,794106,O=c1[nH]c2ccccc2nc1-c1ccc(Br)cc1,21453-02-1
NNC1=NC2=C(C=CC=C2)C(=O)N1C1=CC=C(Br)C=C1,817678,NNc1nc2ccccc2c(=O)n1-c1ccc(Br)cc1,19062-36-3
NNC1=C(Br)C=C(C=C1)N(=O)=O,957576,NNc1ccc([N+](=O)[O-])cc1Br,72790-96-6
CC1=CC(=NO1)C1=CC=C(Br)C=C1,1568452,Cc1cc(-c2ccc(Br)cc2)no1,21262-87-3
CSC1=C(Br)C=C(C)C=C1,1862482,CSc1ccc(C)cc1Br,89981-02-2
CC1=CC(C)=C(Br)C(C)=C1O,1865243,Cc1cc(C)c(Br)c(C)c1O,57894-26-5
COC1=CC=C(C=C1Br)C(=O)C(C)Br,1873262,COc1ccc(C(=O)C(C)Br)cc1Br,4374-35-0
BrCCCCCCOC1=CC=C(Br)C=C1,1873510,BrCCCCCCOc1ccc(Br)cc1,75612-73-6
BrC1=CC=C(C=C1)S(=O)(=O)C=C,1940336,C=CS(=O)(=O)c1ccc(Br)cc1,22898-07-3
OC(=O)CS(=O)(=O)C1=CC=C(Br)C=C1,1968824,O=C(O)CS(=O)(=O)c1ccc(Br)cc1,3406-73-3
BrC1=C(C=C(C2=CC=CC=C2)C2=CC=CC=C2)C=CC=C1,1972932,Brc1ccccc1C=C(c1ccccc1)c1ccccc1,4707-75-9
FC1=C(Br)C=C(C=C1N(=O)=O)N(=O)=O,1980703,O=[N+]([O-])c1cc(Br)c(F)c([N+](=O)[O-])c1,2367-75-1
BrC1=CC=C(C=C1)C(=O)OC1=CC=C(C=C1)N(=O)=O,1992695,O=C(Oc1ccc([N+](=O)[O-])cc1)c1ccc(Br)cc1,35666-13-8
NC1=CC(Br)=C(C=C1S(N)(=O)=O)S(N)(=O)=O,1999984,Nc1cc(Br)c(S(N)(=O)=O)cc1S(N)(=O)=O,1020-32-2
CC(=O)C1=C(O)C=C(Br)C(O)=C1,2047322,CC(=O)c1cc(O)c(Br)cc1O,52376-19-9
FC1=C(F)C(Br)=C(C(F)=C1F)N(=O)=O,2055423,O=[N+]([O-])c1c(F)c(F)c(F)c(F)c1Br,5580-83-6
CCC(=O)NC1=CC=CC=C1Br,2092682,CCC(=O)Nc1ccccc1Br,60751-73-7
CC1=CC=C(Br)C=C1S(O)(=O)=O,2098730,Cc1ccc(Br)cc1S(=O)(=O)O,56919-17-6
BrC1=CC=C(C=C1)S(=O)(=O)SC1=CC=CC=C1,2124700,O=S(=O)(Sc1ccccc1)c1ccc(Br)cc1,3541-08-0
BrC1=CC=C(C=C1)C(=O)OCC(=O)C1=CC=CC=C1,2131857,O=C(COC(=O)c1ccc(Br)cc1)c1ccccc1,55153-26-9
OC1=CC=C(Br)C=C1C=NNC(=O)C1=CC=CC=C1O,2148078,O=C(NN=Cc1cc(Br)ccc1O)c1ccccc1O,41377-37-1
COC(=O)C1=C(C)C=C(O)C(Br)=C1O,2212538,COC(=O)c1c(C)cc(O)c(Br)c1O,58106-55-1
CC(C)(C)CC(C)(C)C1=CC(Br)=C(O)C=C1,2212841,CC(C)(C)CC(C)(C)c1ccc(O)c(Br)c1,57835-35-5
CC(C)(C)C1=CC(Br)=C(O[Si](C)(C)C)C(=C1)C(C)(C)C,2216160,CC(C)(C)c1cc(Br)c(O[Si](C)(C)C)c(C(C)(C)C)c1,5920-84-3
CCCCCCC1=CC=CC(Br)=C1,2249020,CCCCCCc1cccc(Br)c1,38409-59-5
CC(CC(O)=O)C1=CC=C(Br)C=C1,2256351,CC(CC(=O)O)c1ccc(Br)cc1,53086-46-7
BrCC1=CC(Br)=CC=C1N(=O)=O,2260266,O=[N+]([O-])c1ccc(Br)cc1CBr,35287-42-4
BrC1=CC=C(\C=C2/CCCCC2=O)C=C1,2262481,O=C1CCCC/C1=C\c1ccc(Br)cc1,111729-78-3
BrC1=CC=C(C2=C(C=CC=C12)N(=O)=O)N(=O)=O,2287880,O=[N+]([O-])c1cccc2c(Br)ccc([N+](=O)[O-])c12,4185-60-8
CC1=CC=C(N)C(C)=C1Br,2356603,Cc1ccc(N)c(C)c1Br,66314-77-0
CC(O)CCC1=C(Br)C=CC=C1,2358399,CC(O)CCc1ccccc1Br,67130-96-5
CC1=CC(Br)=CC(C)=C1CO,2358895,Cc1cc(Br)cc(C)c1CO,17100-59-3
CC(C)(C)OOC(=O)C1=CC=C(Br)C=C1,2366335,CC(C)(C)OOC(=O)c1ccc(Br)cc1,2123-95-7
COC1=C(N)C(C(O)=O)=C(Br)C=C1,2371153,COc1ccc(Br)c(C(=O)O)c1N,67303-48-4
BrCC(=O)C1=CC(=C(Br)C=C1)N(=O)=O,2374836,O=C(CBr)c1ccc(Br)c([N+](=O)[O-])c1,22055-48-7
CC(C)C1=C(Br)C=CC(C)=C1,2434406,Cc1ccc(Br)c(C(C)C)c1,37460-74-5
CCC1=CC(Br)=C(CC)C=C1,2436289,CCc1ccc(CC)c(Br)c1,52076-43-4
CC(CO)C1=CC=CC=C1Br,2436927,CC(CO)c1ccccc1Br,34868-16-1
CCC1=CC(=C(Br)C=C1)N(=O)=O,2443679,CCc1ccc(Br)c([N+](=O)[O-])c1,161988-89-2
SC1=CC=C(Br)C2=C1C=CC=C2,2501785,Sc1ccc(Br)c2ccccc12,62648-52-6
BrC(=C)C1=CC=C(Br)C=C1,2515826,C=C(Br)c1ccc(Br)cc1,69151-18-4
CC(=O)OC1=CC=C(C)C=C1Br,2519126,CC(=O)Oc1ccc(C)cc1Br,86614-21-3
COC1=CC=C(CCl)C(Br)=C1,2519947,COc1ccc(CCl)c(Br)c1,66916-97-0
OCC(O)COC1=CC=CC=C1Br,2522868,OCC(O)COc1ccccc1Br,63834-58-2
OC(C1=CC(Br)=CC=C1)(C(F)(F)F)C(F)(F)F,2535400,OC(c1cccc(Br)c1)(C(F)(F)F)C(F)(F)F,2402-71-3
FC1=CC=CC2=CC=C(Br)C=C12,2554667,Fc1cccc2ccc(Br)cc12,319-04-0
ClC1=CC=CC2=CC=C(Br)C=C12,2554668,Clc1cccc2ccc(Br)cc12,90947-99-2
COC1=CC2=C(C=CC=C2Br)C=C1,2555553,COc1ccc2cccc(Br)c2c1,83710-61-6
NC(=S)NN=CC1=CC(Br)=CC=C1,2577939,NC(=S)NN=Cc1cccc(Br)c1,7420-35-1
BrC1=CC=C(C=C1)C(=O)CSC1=CC=CC=C1,2584046,O=C(CSc1ccccc1)c1ccc(Br)cc1,27047-19-4
CCOC(=O)C1=CC(=C(Br)C=C1)N(=O)=O,2585807,CCOC(=O)c1ccc(Br)c([N+](=O)[O-])c1,168473-87-8
CNC(=O)CC1=CC=C(Br)C=C1,2613991,CNC(=O)Cc1ccc(Br)cc1,7713-76-0
OC(=O)C(Br)C1=CC=C(Br)C=C1,2615491,O=C(O)C(Br)c1ccc(Br)cc1,5066-59-1
COC(=O)C1=C2C=CC=CC2=C(Br)C2=CC=CC=C12,2620076,COC(=O)c1c2ccccc2c(Br)c2ccccc12,2086-18-2
ClC(=O)C=CC1=CC=CC(Br)=C1,2638873,O=C(Cl)C=Cc1cccc(Br)c1,61592-69-6
COC(=O)C1=CC=C(CO)C(Br)=C1,2642910,COC(=O)c1ccc(CO)c(Br)c1,90326-62-8
NS(=O)(=O)C1=CC=C(Br)C2=CC=CC=C12,2649690,NS(=O)(=O)c1ccc(Br)c2ccccc12,90766-48-6
COC(=O)C1=CC(Br)=C(OC)C(OC)=C1,2654670,COC(=O)c1cc(Br)c(OC)c(OC)c1,50772-79-7
CCOC(=O)C(=C\C1=CC=C(Br)C=C1)\N=N#N,2658433,CCOC(=O)/C(=C/c1ccc(Br)cc1)N=[N+]=[N-],24536-44-5
BrC1=CC=C(C=C1)S(Br)(=O)=O,2691662,O=S(=O)(Br)c1ccc(Br)cc1,1950-71-6
OC1=CC=C(Br)C(OCC2=CC=CC=C2)=C1,2696185,Oc1ccc(Br)c(OCc2ccccc2)c1,70120-18-2
COC1=CC(Br)=C(CCC(O)=O)C=C1OC,2697843,COc1cc(Br)c(CCC(=O)O)cc1OC,52679-49-9
NC1=CC=C(C=C1)C1=CC(Br)=CC=C1,2718577,Nc1ccc(-c2cccc(Br)c2)cc1,91394-64-8
[H]\C(=N/C1=CC=CC=C1)C1=C(Br)C=CC=C1,2719202,Brc1ccccc1/C=N/c1ccccc1,32347-03-8
CC1(C)CC(=O)C=C(C1)NC1=CC(Br)=CC=C1,2728218,CC1(C)CC(=O)C=C(Nc2cccc(Br)c2)C1,68890-22-2
CCC1=C(NC(C)=O)C=CC(Br)=C1,2804910,CCc1cc(Br)ccc1NC(C)=O,51688-73-4
NCC(O)C1=CC(Br)=CC=C1,2830982,NCC(O)c1cccc(Br)c1,41147-81-3
CC(C)C1=CC=C(NC(C)=O)C(Br)=C1,2833858,CC(=O)Nc1ccc(C(C)C)cc1Br,68748-07-2
ClCCNC(=O)NC1=CC=C(Br)C=C1,2839194,O=C(NCCCl)Nc1ccc(Br)cc1,15145-38-7
BrC1=CC(NC(=O)NC2=CC=CC=C2)=CC=C1,2850075,O=C(Nc1ccccc1)Nc1cccc(Br)c1,2989-97-1
CCOP(=O)(OCC)\C=C\C1=CC=C(Br)C=C1,2853376,CCOP(=O)(/C=C/c1ccc(Br)cc1)OCC,60585-76-4
COC1=C(OCC2=CC=CC=C2)C(Br)=C(C=C1)C(O)=O,2875815,COc1ccc(C(=O)O)c(Br)c1OCc1ccccc1,135586-17-3
OC(=O)C=CC(=O)NC1=CC=C(Br)C=C1,2939968,O=C(O)C=CC(=O)Nc1ccc(Br)cc1,0
CC1=CC=C(C=C1)S(=O)(=O)NC1=CC=C(Br)C=C1C(O)=O,2949522,Cc1ccc(S(=O)(=O)Nc2ccc(Br)cc2C(=O)O)cc1,31100-21-7
CS(=O)CC1=CC=C(Br)C=C1,2963526,CS(=O)Cc1ccc(Br)cc1,15733-11-6
COC(=O)C1=CC=CC(OC)=C1Br,2965887,COC(=O)c1cccc(OC)c1Br,59453-47-3
COC1=CC(=CC(Br)=C1O)C#N,2968874,COc1cc(C#N)cc(Br)c1O,52805-45-5
COC1=C(O)C(=CC(Br)=C1)C(O)=O,2969876,COc1cc(Br)cc(C(=O)O)c1O,35090-76-7
CC(C)C1=C(NC(C)=O)C=CC(Br)=C1,2970785,CC(=O)Nc1ccc(Br)cc1C(C)C,51688-72-3
BrC1=CC=C(C=C1)S(=O)(=O)CCC#N,2975542,N#CCCS(=O)(=O)c1ccc(Br)cc1,14223-23-5
CN(C(=O)C1=CC=CC=C1)C1=CC=C(Br)C=C1,2976036,CN(C(=O)c1ccccc1)c1ccc(Br)cc1,51774-34-6
NC(=N)NC1=CC=C(Br)C=C1,3048324,N=C(N)Nc1ccc(Br)cc1,67453-81-0
CCOC1=CC=C(Br)C2=CC=CC=C12,3082626,CCOc1ccc(Br)c2ccccc12,20900-22-5
BrC1=CC=C(\C=C\C(=O)N=N#N)C=C1,3131912,[N-]=[N+]=NC(=O)/C=C/c1ccc(Br)cc1,0
COC1=CC(Br)=C(\C=C\C(O)=O)C=C1OC,3142451,COc1cc(Br)c(/C=C/C(=O)O)cc1OC,151539-52-5
CCOCC1=CC(Br)=CC=C1,3237588,CCOCc1cccc(Br)c1,95068-01-2
CC1=CC(Br)=C(O)C(I)=C1,3240748,Cc1cc(Br)c(O)c(I)c1,180639-95-6
COC1=C(CC=C)C=C(Br)C=C1,3240775,C=CCc1cc(Br)ccc1OC,114303-65-0
OC(=O)C(=O)NC1=CC=C(Br)C=C1,3257315,O=C(O)C(=O)Nc1ccc(Br)cc1,79354-51-1
CCC(C(O)=O)C1=CC=C(Br)C=C1,3259841,CCC(C(=O)O)c1ccc(Br)cc1,99070-18-5
CC(C)(C)C1=CC(CBr)=C(Br)C(CBr)=C1,3260730,CC(C)(C)c1cc(CBr)c(Br)c(CBr)c1,96929-82-7
BrC1=CC=C2C=CC=C(C2=C1)N(=O)=O,3263526,O=[N+]([O-])c1cccc2ccc(Br)cc12,102153-49-1
NNC1=CC=C(Br)C=C1N(=O)=O,3268259,NNc1ccc(Br)cc1[N+](=O)[O-],59488-34-5
BrC1=CC=CC(SCC2=CC=CC=C2)=C1,3268952,Brc1cccc(SCc2ccccc2)c1,128133-75-5
COC1=CC(=CC(Br)=C1OC)C#N,3273562,COc1cc(C#N)cc(Br)c1OC,781654-31-7
OC(C1CCCCC1)C1=CC=C(Br)C=C1,3274635,OC(c1ccc(Br)cc1)C1CCCCC1,106166-01-2
CC1=C(OCC2=C(Br)C=CC=C2)C=CC=C1,3276535,Cc1ccccc1OCc1ccccc1Br,5422-50-4
COC1=C(O)C(Br)=CC(C=O)=C1N,3287088,COc1c(N)c(C=O)cc(Br)c1O,161617-42-1
COC1=CC(=CC(Br)=C1OC)C(C)=O,3288081,COc1cc(C(C)=O)cc(Br)c1OC,141613-46-9
OC(=O)C1=C(O)C(Br)=CC(=C1)N(=O)=O,3312078,O=C(O)c1cc([N+](=O)[O-])cc(Br)c1O,57688-24-1
CC1=CC=C(C=C1)S(=O)(=O)OC1=C(Br)C=CC=C1,3344110,Cc1ccc(S(=O)(=O)Oc2ccccc2Br)cc1,84672-48-0
BrC1=CC=C(C=C1)[C@@H]1CCC(=O)O1,3650248,O=C1CC[C@@H](c2ccc(Br)cc2)O1,128994-29-6
COCOC1=CC(Br)=C(OCOC)C(C)=C1,4187009,COCOc1cc(C)c(OCOC)c(Br)c1,50848-61-8
COC1=CC=C(Br)C(C(O)=O)=C1N(=O)=O,4189614,COc1ccc(Br)c(C(=O)O)c1[N+](=O)[O-],127971-97-5
BrC1=CC=CC=C1\C=C\C=C,4305919,C=C/C=C/c1ccccc1Br,125643-35-8
FC(F)(F)C(Cl)=NC1=CC=CC=C1Br,4314062,FC(F)(F)C(Cl)=Nc1ccccc1Br,0
BrC1=CC2=C(C=C1)C(C=O)=CC=C2,4383392,O=Cc1cccc2cc(Br)ccc12,86456-56-6
BrC1=CC=C(CCCC=O)C=C1,4384235,O=CCCCc1ccc(Br)cc1,81036-82-0
COC1=C(Br)C(C=O)=C(OC)C2=CC=CC=C12,4447820,COc1c(Br)c(C=O)c(OC)c2ccccc12,86489-96-5
CC1=C(OCC2=CC=CC=C2)C=C(Br)C(OCC2=CC=CC=C2)=C1C,4543777,Cc1c(OCc2ccccc2)cc(Br)c(OCc2ccccc2)c1C,120042-02-6
COC1=CC=CC2=C1C(Br)=CC=C2,4669115,COc1cccc2cccc(Br)c12,83710-60-5
BrC1=CC=CC=C1CCC#C,4798956,C#CCCc1ccccc1Br,136015-72-0
CCCC#CC1=CC=C(Br)C=C1,4859345,CCCC#Cc1ccc(Br)cc1,109027-84-1
NC1=C(Br)C(O)=CC=C1,4966895,Nc1cccc(O)c1Br,100367-36-0
CCOC(=O)C(C)C1=CC(Br)=CC=C1,4991633,CCOC(=O)C(C)c1cccc(Br)c1,103807-54-1
CC1=CC(Br)=C(NC(=O)C(C)(C)C)C=C1,5333520,Cc1ccc(NC(=O)C(C)(C)C)c(Br)c1,87995-50-4
CC1=CC=C(\C=N\C2=CC=C(Br)C=C2)C=C1,5427931,Cc1ccc(/C=N/c2ccc(Br)cc2)cc1,124397-40-6
OCC1=CC(Br)=CC2=C1C=CC=C2,5504806,OCc1cc(Br)cc2ccccc12,79996-92-2
BrC1=CC=C(C=C1)C1=NC=NC=C1,5808129,Brc1ccc(-c2ccncn2)cc1,53975-33-0
CN1CCC(CC1)NC1=CC=C(Br)C=C1,5940073,CN1CCC(Nc2ccc(Br)cc2)CC1,93591-85-6
BrC1=CC=C(NC2CCCCC2)C(=C1)N(=O)=O,5954353,O=[N+]([O-])c1cc(Br)ccc1NC1CCCCC1,87815-76-7
Br\C=C\C1=CC=CC(Br)=C1,6052619,Br/C=C/c1cccc(Br)c1,115665-72-0
NC[C@@H](O)C1=CC=C(Br)C=C1,6175444,NC[C@@H](O)c1ccc(Br)cc1,0
CCCCCCCOC1=CC2=C(C=C1)C=C(Br)C=C2,6200543,CCCCCCCOc1ccc2cc(Br)ccc2c1,155378-37-3
CC(O)C1=C(Br)C=CC=C1C,6322855,Cc1cccc(Br)c1C(C)O,148517-72-0
ClC1=C(Br)C=C(C=C1)C(=O)CBr,6324465,O=C(CBr)c1ccc(Cl)c(Br)c1,87427-58-5
CC(C)N(CC1=CC=C(Br)C=C1)C(C)C,6387327,CC(C)N(Cc1ccc(Br)cc1)C(C)C,98816-61-6
SC1=NN=C(O1)C1=CC=CC(Br)=C1,6395972,Sc1nnc(-c2cccc(Br)c2)o1,0
BrC1=C(C=CC=C1)C1=NNN=N1,6646235,Brc1ccccc1-c1nn[nH]n1,73096-42-1
C[SiH](C)C1=C(Br)C=CC=C1,6717090,C[SiH](C)c1ccccc1Br,75295-59-9
BrC1=C(C=CC=C1)C1=CC=C(C=O)C=C1,6719098,O=Cc1ccc(-c2ccccc2Br)cc1,198205-81-1
CN1C(=O)C(=NC2=CC=C(Br)C=C2)C2=C1C=CC=C2,6810202,CN1C(=O)C(=Nc2ccc(Br)cc2)c2ccccc21,80110-09-4
FC(F)(F)C(F)(F)C(F)(F)C(F)(F)C(F)(F)C(F)(F)C1=CC=C(Br)C=C1,6826510,FC(F)(F)C(F)(F)C(F)(F)C(F)(F)C(F)(F)C(F)(F)c1ccc(Br)cc1,149068-56-4
COC1=C(CC#N)C(Br)=CC=C1,6859102,COc1cccc(Br)c1CC#N,93710-55-5
COC1=CC(CBr)=C(Br)C(CBr)=C1,6921577,COc1cc(CBr)c(Br)c(CBr)c1,153763-95-2
OC1=CC=CC=C1\N=C\C1=CC=C(Br)C=C1,6968584,Oc1ccccc1/N=C/c1ccc(Br)cc1,117649-27-1
CC1=CC(O)=C(C)C(C)=C1Br,7019881,Cc1cc(O)c(C)c(C)c1Br,0
CCOC(=O)C1=C(N)OC2=C(C1C1=CC=C(Br)C=C1)C(=O)OC1=C2C=CC=C1,7051976,CCOC(=O)C1=C(N)Oc2c(c(=O)oc3ccccc23)C1c1ccc(Br)cc1,158833-80-8
ClC1=CC=C(Br)C=C1C1=CC=CC=C1,7090140,Clc1ccc(Br)cc1-c1ccccc1,0
COC1=C(CCN)C=C(Br)C=C1,7289804,COc1ccc(Br)cc1CCN,149488-99-3
COCCOCOC1=C(C=O)C=CC=C1Br,7294055,COCCOCOc1c(Br)cccc1C=O,167165-56-2
O[C@@H](C#N)C1=CC=C(Br)C=C1,7475106,N#C[C@H](O)c1ccc(Br)cc1,150521-30-5
BrC1=CC(NC2=NC=NC3=C2C=C2C=CNC2=C3)=CC=C1,7518681,Brc1cccc(Nc2ncnc3cc4[nH]ccc4cc23)c1,0
CCOC(=O)C1=CC2=C(C=CC(Br)=C2)C(O)=C1,7532753,CCOC(=O)c1cc(O)c2ccc(Br)cc2c1,178876-99-8
CC1=NOC(NS(=O)(=O)C2=C(Br)C=CC=C2)=C1C,7649415,Cc1noc(NS(=O)(=O)c2ccccc2Br)c1C,153623-86-0
BrC1=CC=C(C=C1)C1=CC=C(C=C1)C1OCCO1,7705529,Brc1ccc(-c2ccc(C3OCCO3)cc2)cc1,214745-69-4
CCOC(=O)C(O)C1=CC=CC=C1Br,7809552,CCOC(=O)C(O)c1ccccc1Br,0
COCOC1=CC=C(Br)C(OC)=C1,7919406,COCOc1ccc(Br)c(OC)c1,949892-17-5
ClS(=O)(=O)CCC1=CC=C(Br)C=C1,8054135,O=S(=O)(Cl)CCc1ccc(Br)cc1,711018-68-7
CSC(=S)CC(=O)C1=CC=C(Br)C=C1,8201178,CSC(=S)CC(=O)c1ccc(Br)cc1,82726-05-4
CCCCCCCCCCCCCCCCC1=CC=C(Br)C=C1,8227257,CCCCCCCCCCCCCCCCc1ccc(Br)cc1,219640-39-8
CS(=O)(=O)N(CC=C)C1=CC=C(Br)C=C1,8256394,C=CCN(c1ccc(Br)cc1)S(C)(=O)=O,0
CCCCCCCCCCCCOC1=CC=C(C=C1)C1=CC=C(Br)C=C1,8282832,CCCCCCCCCCCCOc1ccc(-c2ccc(Br)cc2)cc1,138567-33-6
CCCCCCNC1=CC=C(Br)C=C1,8315420,CCCCCCNc1ccc(Br)cc1,0
CCOC(=O)C(=[N]#N)C(O)C1=CC=C(Br)C=C1,8318138,CCOC(=O)C(=[N+]=[N-])C(O)c1ccc(Br)cc1,239094-36-1
FC(F)(F)OC1=CC=C(C=C1)C1=CC=C(Br)C=C1,8554027,FC(F)(F)Oc1ccc(-c2ccc(Br)cc2)cc1,0
COC1=C(C=O)C=C(Br)C=C1C(C)(C)C,8682016,COc1c(C=O)cc(Br)cc1C(C)(C)C,417715-87-8
BrCC1=CC=C(Br)C(=C1)N(=O)=O,8761944,O=[N+]([O-])c1cc(CBr)ccc1Br,326595-66-8
CC(=O)C(=C)C(O)C1=CC=C(Br)C=C1,8833695,C=C(C(C)=O)C(O)c1ccc(Br)cc1,0
COC1=CC=C(Br)C(=C1)C(=O)NCC1=CC=CC=C1,8842278,COc1ccc(Br)c(C(=O)NCc2ccccc2)c1,336129-03-4
BrC1=CC(=CC=C1)C(=O)OCC1=CC=CC=C1,8904664,O=C(OCc1ccccc1)c1cccc(Br)c1,339094-04-1
OC(=O)\C=C\C1=CC(Br)=C(F)C=C1,8977970,O=C(O)/C=C/c1ccc(F)c(Br)c1,370867-85-9
FC(F)(F)C(=O)N1CCC(CC1)C(=O)C1=CC=C(Br)C=C1,8996446,O=C(c1ccc(Br)cc1)C1CCN(C(=O)C(F)(F)F)CC1,203186-01-0
CCCCC[C@H](O)C1=CC=C(Br)C=C1,9123935,CCCCC[C@H](O)c1ccc(Br)cc1,431041-28-0
BrC1=CC=C(C=C1)C1=CC=NC(=C1)C1=CC=CC=N1,9126936,Brc1ccc(-c2ccnc(-c3ccccn3)c2)cc1,225669-83-0
CN(C1=C(C=C(Br)C=C1C)C(=O)NO)S(=O)(=O)C1=CC=C(OCC#C)C=C1,9155801,C#CCOc1ccc(S(=O)(=O)N(C)c2c(C)cc(Br)cc2C(=O)NO)cc1,0
CC1=CC(=CC(C)=C1Br)C(=O)OC(C)(C)C,9195034,Cc1cc(C(=O)OC(C)(C)C)cc(C)c1Br,0
CC(C)(C)OC(=O)NS(=O)(=O)C1=CC=C(Br)C=C1,9262675,CC(C)(C)OC(=O)NS(=O)(=O)c1ccc(Br)cc1,279246-01-4
CCOC(=O)C(CC1=CC=C(F)C=C1Br)C(=O)OCC,9271087,CCOC(=O)C(Cc1ccc(F)cc1Br)C(=O)OCC,174603-54-4
COC1=CC=C(NC(=O)OC(C)(C)C)C(Br)=C1,9392767,COc1ccc(NC(=O)OC(C)(C)C)c(Br)c1,522613-61-2
CC(=O)NC1=C(Br)C=C(C=C1)S(Cl)(=O)=O,9392942,CC(=O)Nc1ccc(S(=O)(=O)Cl)cc1Br,88963-75-1
BrC1=CC=C(C=C1)N1C2=C(C=C(I)C=C2)C2=C1C=CC(I)=C2,9422889,Brc1ccc(-n2c3ccc(I)cc3c3cc(I)ccc32)cc1,601454-29-9
OC\C=C\C(=O)C1=CC=C(Br)C=C1,9479034,O=C(/C=C/CO)c1ccc(Br)cc1,557085-43-5
ClC1=C(C=O)N(CC2=CC=C(Br)C=C2)C(=N1)C1=CC=CC=C1,9497392,O=Cc1c(Cl)nc(-c2ccccc2)n1Cc1ccc(Br)cc1,210824-76-3
FC(F)(F)C(=O)N1CCC(CC2=CC=C(Br)C=C2)CC1,9713081,O=C(N1CCC(Cc2ccc(Br)cc2)CC1)C(F)(F)F,331765-80-1
CC1=CC(I)=C(N)C(Br)=C1,9759094,Cc1cc(Br)c(N)c(I)c1,289038-12-6
BrC1=CC=C(C=C1)C1CC(=O)CC(=O)C1,9765281,O=C1CC(=O)CC(c2ccc(Br)cc2)C1,0
BrC1=CC(=CC=C1)C(=O)CCC1=CC=CC=C1,9908724,O=C(CCc1ccccc1)c1cccc(Br)c1,866821-66-1
BrC1=CC=C(CNCC(CC=C)(C2=CC=CC=C2)C2=CC=CC=C2)C=C1,9933809,C=CCC(CNCc1ccc(Br)cc1)(c1ccccc1)c1ccccc1,846576-86-1
FC1=CC=CC(I)=C1Br,9995159,Fc1cccc(I)c1Br,851368-08-6
CC1=CC=C(C=C1)S(=O)(=O)C(NC=O)C1=CC(Br)=CC=C1,10006923,Cc1ccc(S(=O)(=O)C(NC=O)c2cccc(Br)c2)cc1,655254-60-7
CC(C)(C)[Si](C)(C)OC1=C(C=O)C=CC(Br)=C1,10068892,CC(C)(C)[Si](C)(C)Oc1cc(Br)ccc1C=O,861928-21-4
OC1=C(Br)C(I)=CC=C1,10152699,Oc1cccc(I)c1Br,863870-88-6
CN(C1=CC=CC=C1)C1=CC=C(Br)C=C1,10154342,CN(c1ccccc1)c1ccc(Br)cc1,0
COC1=CC=C2C(Br)=C(C=O)C=CC2=C1,10250318,COc1ccc2c(Br)c(C=O)ccc2c1,720696-51-5
CC(C)(C)C1=CC=C(C=C1)C(=O)NNC(=O)C1=CC=C(Br)C=C1,10271361,CC(C)(C)c1ccc(C(=O)NNC(=O)c2ccc(Br)cc2)cc1,329763-77-1
ClC1=CC2=C(C=C1)C=CC1=C2C=C(Br)C=C1,10344657,Clc1ccc2ccc3ccc(Br)cc3c2c1,892550-44-6
OC(=O)C1=CC=C(Br)C=C1N=N#N,10427612,[N-]=[N+]=Nc1cc(Br)ccc1C(=O)O,852620-79-2
CCC1=CC(O)=CC(CC)=C1Br,10428810,CCc1cc(O)cc(CC)c1Br,906623-15-2
CN1C=CC=C1C1=CC=C(Br)C=C1,10530474,Cn1cccc1-c1ccc(Br)cc1,253668-84-7
ClCC1=CC(=CC(Br)=C1)N(=O)=O,10531796,O=[N+]([O-])c1cc(Br)cc(CCl)c1,318261-49-3
OCC1=C(C=C(Br)C=C1)C(F)(F)F,11019905,OCc1ccc(Br)cc1C(F)(F)F,0
BrC1=CC=C(OC2CCOCC2)C=C1,11048394,Brc1ccc(OC2CCOCC2)cc1,215453-84-2
CN1N=NC(=N1)C1=C(Br)C=C(Cl)C=C1F,11103472,Cn1nnc(-c2c(F)cc(Cl)cc2Br)n1,916736-69-1
CC(C)(C)[S@@](=O)\N=C\C1=CC=CC=C1Br,11168731,CC(C)(C)[S@@](=O)/N=C/c1ccccc1Br,911199-00-3
BrC1=CC=CC=C1\C=C1\C(=O)NC2=CC=CC=C12,11232031,O=C1Nc2ccccc2/C1=C\c1ccccc1Br,0
CC(CN)C1=CC=CC(Br)=C1,11251838,CC(CN)c1cccc(Br)c1,0
CC1=CC(C)=C(Br)C(C=O)=C1,11265871,Cc1cc(C)c(Br)c(C=O)c1,1000990-16-8
CC1=CC(C(=O)C2=CC(Br)=CC=C2)=C(O)C=C1Cl,11325351,Cc1cc(C(=O)c2cccc(Br)c2)c(O)cc1Cl,0
COC1=C(OC2=CC=C(C=C2)N(=O)=O)C(Br)=C(C=O)C=C1,11949352,COc1ccc(C=O)c(Br)c1Oc1ccc([N+](=O)[O-])cc1,685873-72-7
OC(=O)CC1=CC(Br)=CC=C1I,11953292,O=C(O)Cc1cc(Br)ccc1I,0
BrC1=CC(=CC=C1)S(=O)(=O)NC1CCCCC1,12338394,O=S(=O)(NC1CCCCC1)c1cccc(Br)c1,0
FC1=CC(SCC2=CC=CC=C2)=CC(Br)=C1,13244118,Fc1cc(Br)cc(SCc2ccccc2)c1,0
ClC1=C(OC2=CC=CC=C2)C=CC(Br)=C1,13280030,Clc1cc(Br)ccc1Oc1ccccc1,0
CS(=O)(=O)OCC1=C(Cl)C=C(Br)C=C1,13428622,CS(=O)(=O)OCc1ccc(Br)cc1Cl,219762-46-6
COC1=CC(N)=C(F)C=C1Br,13501633,COc1cc(N)c(F)cc1Br,0
COC1=C(Br)C=C(C=C1)C1OCC(C)(C)CO1,13575964,COc1ccc(C2OCC(C)(C)CO2)cc1Br,0
BrC1=CC=C(C=C1)C(=O)\C=C\C1=CC=CS1,13675881,O=C(/C=C/c1cccs1)c1ccc(Br)cc1,0
COC(=O)NC1=C(I)C=C(Br)C(C)=C1,13906762,COC(=O)Nc1cc(C)c(Br)cc1I,0
CC1=CC=C(CBr)C=C1Br,14158366,Cc1ccc(CBr)cc1Br,259231-26-0
CC(C)N(C(C)C)C(=O)C1=CC2=CC=C(Br)C=C2C=C1,14193864,CC(C)N(C(=O)c1ccc2cc(Br)ccc2c1)C(C)C,426219-46-7
OC1=CC=C(Br)C=C1C1CCCC1,14292924,Oc1ccc(Br)cc1C1CCCC1,55910-44-6
COC1=CC2=C(C=C1OC(C)=O)C(NC1=C(F)C=C(Br)C=C1)=NC=N2,14324574,COc1cc2ncnc(Nc3ccc(Br)cc3F)c2cc1OC(C)=O,808762-62-1
OCC1=C(Br)C=CC(F)=C1F,14332290,OCc1c(Br)ccc(F)c1F,651326-72-6
BrC1=CC=C(C#N)C(SC2=CC=CC=C2)=C1,14346963,N#Cc1ccc(Br)cc1Sc1ccccc1,825649-89-6
NC(=O)C1=C(F)C=C(Br)C=C1F,14355313,NC(=O)c1c(F)cc(Br)cc1F,840481-49-4
CCC1=CC(Br)=CC=C1C=O,14522186,CCc1cc(Br)ccc1C=O,1114808-89-7
CCC1=CC(Br)=CC=C1CC#N,14522217,CCc1cc(Br)ccc1CC#N,877131-20-9
COC1=C(Br)C=C(C)C(Cl)=C1,14751623,COc1cc(Cl)c(C)cc1Br,83803-57-0
OC1=CC=C2C=C(C(=O)OC2=C1)C1=CC=C(Br)C=C1,15029774,O=c1oc2cc(O)ccc2cc1-c1ccc(Br)cc1,331821-29-5
SC1=CC(Cl)=CC=C1Br,15240648,Sc1cc(Cl)ccc1Br,54404-02-3
FC1=CC=C(Br)C(OC2CCNCC2)=C1,15421826,Fc1ccc(Br)c(OC2CCNCC2)c1,916971-27-2
COC1=CC=C(COC2=CC(Br)=C(C=C2)N(=O)=O)C=C1,15473608,COc1ccc(COc2ccc([N+](=O)[O-])c(Br)c2)cc1,929095-68-1
COC(=O)C1=CC=C(C(C)=C1)C1=CC(Br)=C(OC)C=C1,15480352,COC(=O)c1ccc(-c2ccc(OC)c(Br)c2)c(C)c1,934236-95-0
COC1=CC=C(Br)C(=C1)C1=CC(C)=CN=C1F,15483352,COc1ccc(Br)c(-c2cc(C)cnc2F)c1,934542-98-0
COC1=C(C(=C(Br)C=C1N(=O)=O)C1=CC(C)=CN=C1F)N(=O)=O,15483386,COc1c([N+](=O)[O-])cc(Br)c(-c2cc(C)cnc2F)c1[N+](=O)[O-],934542-99-1
CC(CC1=C(Br)C=CC=C1)C(O)=O,15490945,CC(Cc1ccccc1Br)C(=O)O,66191-99-9
CC(C)OC1=CC(F)=C(Br)C=C1,15499615,CC(C)Oc1ccc(Br)c(F)c1,1036724-61-4
CC(=O)C1=CC(=CC(Br)=C1)C(C)(C)C,15503839,CC(=O)c1cc(Br)cc(C(C)(C)C)c1,1124138-68-6
NC1=C(OCC2=CC=CC=C2)C=C(Br)C=C1F,15507508,Nc1c(F)cc(Br)cc1OCc1ccccc1,941608-28-2
CNC1=C(N)C=C(Br)C(=C1)C(F)(F)F,15626561,CNc1cc(C(F)(F)F)c(Br)cc1N,1007374-32-4
COC(=O)C1=CC(C)=C(Br)C(C)=C1,15779747,COC(=O)c1cc(C)c(Br)c(C)c1,432022-88-3
CC1=CC(CO[Si](C)(C)C(C)(C)C)=CC=C1Br,15795626,Cc1cc(CO[Si](C)(C)C(C)(C)C)ccc1Br,160505-40-8
COC1=C(F)C=C(F)C=C1Br,15816936,COc1c(F)cc(F)cc1Br,202865-59-6
BrC1=CC(=CC=C1)N=C(C1=CC=CC=C1)C1=CC=CC=C1,15824305,Brc1cccc(N=C(c2ccccc2)c2ccccc2)c1,1020180-02-2
COC1=C(OC2CC2)C=C(Br)C=C1,18298178,COc1ccc(Br)cc1OC1CC1,944333-99-7
COC1=C(C=O)C=C(F)C=C1Br,18315575,COc1c(Br)cc(F)cc1C=O,1009093-60-0
BrC1=CC=CC(=C1)C1=NNC=N1,18319084,Brc1cccc(-c2nc[nH]n2)c1,342617-08-7
CCOC(=O)CC(CN(=O)=O)C1=CC=C(Br)C=C1,18319114,CCOC(=O)CC(C[N+](=O)[O-])c1ccc(Br)cc1,29655-72-9
CCC1=C(C=C(Br)C=C1)B(O)O,18378074,CCc1ccc(Br)cc1B(O)O,1033760-95-0
FC1=C(Br)C=C(CC2=NNC(=O)C3=C2CCCC3)C=C1,18390267,O=c1[nH]nc(Cc2ccc(F)c(Br)c2)c2c1CCCC2,1036392-90-1
CC1=CC(Br)=CC(=C1)C1OCCO1,18580528,Cc1cc(Br)cc(C2OCCO2)c1,1023289-64-6
CC1=CC=C(O[Si](C)(C)C(C)(C)C)C=C1Br,18759796,Cc1ccc(O[Si](C)(C)C(C)(C)C)cc1Br,164513-48-8
COC(=O)CC(=O)C1=C(Br)C=CC=C1,18848498,COC(=O)CC(=O)c1ccccc1Br,294881-08-6
NC1=C(C=O)C=C(Cl)C=C1Br,18934663,Nc1c(Br)cc(Cl)cc1C=O,166527-09-9
BrC1=CC=C(C=C1)[C@H]1CNCCO1,18997276,Brc1ccc([C@H]2CNCCO2)cc1,920798-90-9
ClC1=CC=C(OC2=C(Br)C=CC=C2)C=C1,19183636,Clc1ccc(Oc2ccccc2Br)cc1,947188-01-4
CC1=CC(=C(Br)C=C1N)N(=O)=O,19194294,Cc1cc([N+](=O)[O-])c(Br)cc1N,1142382-25-9
CC(C)(C)NC1=C(C=CC(Br)=C1)N(=O)=O,19217329,CC(C)(C)Nc1cc(Br)ccc1[N+](=O)[O-],1163707-73-0
CC1=CC(=NN1)C1=CC=C(Br)C=C1,19406579,Cc1cc(-c2ccc(Br)cc2)n[nH]1,948293-34-3
ClC(=O)C=CC1=CC=CC=C1Br,19744556,O=C(Cl)C=Cc1ccccc1Br,119411-68-6
BrC1=CC=C(C=C1)C1=NN2C=CC=CC2=N1,19795726,Brc1ccc(-c2nc3ccccn3n2)cc1,1192469-26-3
COC(=O)C1=CC(Br)=C(C)C(CO)=C1,19807078,COC(=O)c1cc(Br)c(C)c(CO)c1,1229244-85-2
COC(=O)C1=CC(Br)=C(C)C(CI)=C1,19807092,COC(=O)c1cc(Br)c(C)c(CI)c1,1229244-84-1
CCOCCCC1=CC(C=O)=CC(Br)=C1C,19807105,CCOCCCc1cc(C=O)cc(Br)c1C,1229244-96-5
COC(=O)C1=CC(Br)=C(C)C(CCCI)=C1,19807138,COC(=O)c1cc(Br)c(C)c(CCCI)c1,1229244-98-7
CCOCCCC1=CC(=CC(Br)=C1C)C(=O)OCC,19807167,CCOCCCc1cc(C(=O)OCC)cc(Br)c1C,1229244-97-6
COC(=O)C1=CC(Br)=C(C)C(CC2=CC=CC(F)=C2)=C1,19807170,COC(=O)c1cc(Br)c(C)c(Cc2cccc(F)c2)c1,1229244-83-0
OC(=O)C(CCCCl)C1=CC=C(Br)C=C1,20077039,O=C(O)C(CCCCl)c1ccc(Br)cc1,1215098-77-3
CCN(CC1=CC(=CC=C1Br)C(F)(F)F)C(=O)C1CC1,20097865,CCN(Cc1cc(C(F)(F)F)ccc1Br)C(=O)C1CC1,1219936-25-0
NC1=CC(=C(Br)C(=C1)C(F)(F)F)C(F)(F)F,20102746,Nc1cc(C(F)(F)F)c(Br)c(C(F)(F)F)c1,268733-18-2
BrC1=CC=C(OC[C@@H]2CN3C=CC(=O)N=C3O2)C=C1,20135280,O=c1ccn2c(n1)O[C@H](COc1ccc(Br)cc1)C2,1058156-95-8
CN1CCC(C1)C1=CC=C(Br)C=C1,20241154,CN1CCC(c2ccc(Br)cc2)C1,1088410-99-4
BrCCC1=C(C=O)C=C(Br)C=C1,20393250,O=Cc1cc(Br)ccc1CCBr,1219468-11-7
NC1=C2C=CC=CC2=C(Br)C=C1C(=O)N[C@H]1CCCC[C@@H]1O,20459858,Nc1c(C(=O)N[C@H]2CCCC[C@@H]2O)cc(Br)c2ccccc12,1227924-43-7
BrC1=CC=CC=C1SC1CC1,20694494,Brc1ccccc1SC1CC1,1174229-14-1
FC1=CC=C(Br)C(=C1)C1=NC2=CC=CC=C2N1,20738330,Fc1ccc(Br)c(-c2nc3ccccc3[nH]2)c1,1097793-35-5
ClC1=CC=C2OC(=NC2=C1)C1=CC=C(Br)C=C1,21081751,Clc1ccc2oc(-c3ccc(Br)cc3)nc2c1,122351-86-4
ClC1=CC(Br)=CC=C1C(=O)CBr,21086384,O=C(CBr)c1ccc(Br)cc1Cl,252561-82-3
ClC1=CC=C(Br)C=C1CC1=CC=C2OCCN(CC3=CC=CC=C3)C2=C1,21387003,Clc1ccc(Br)cc1Cc1ccc2c(c1)N(Cc1ccccc1)CCO2,1291093-87-2
FC(F)(F)C(=O)N1CCOC2=CC=C(CC3=CC(Br)=CC=C3Cl)C=C12,21387006,O=C(N1CCOc2ccc(Cc3cc(Br)ccc3Cl)cc21)C(F)(F)F,1291093-85-0
FC1=C(Br)C(=CC(=C1)N(=O)=O)N(=O)=O,21464307,O=[N+]([O-])c1cc(F)c(Br)c([N+](=O)[O-])c1,1309832-48-1
CCOC(=O)C1=C(O)C(O)=C(Br)C=C1,21514260,CCOC(=O)c1ccc(Br)c(O)c1O,1312609-83-8
CCOC(=O)C1=CC(F)=C(F)C=C1Br,21520654,CCOC(=O)c1cc(F)c(F)cc1Br,144267-97-0
CCOC(=O)C=CC1=C(Br)C=CC(Cl)=C1,21533516,CCOC(=O)C=Cc1cc(Cl)ccc1Br,0
OC1=CC=CC=C1C1=C(Br)C=CC=C1,21612422,Oc1ccccc1-c1ccccc1Br,1253792-50-5
BrC1=CC=C(C=C1)N1C(=O)C(=O)C2=CC=CC=C12,21612777,O=C1C(=O)N(c2ccc(Br)cc2)c2ccccc21,1307704-30-8
C[C@@H](O)C1=CC(F)=C(F)C=C1Br,21866324,C[C@@H](O)c1cc(F)c(F)cc1Br,1232403-89-2
CN1CCN(CC1)C1=C(Br)C=C(N)C=C1,22233088,CN1CCN(c2ccc(N)cc2Br)CC1,477846-55-2
CC(C)(C)S(=O)NC1(COC1)C1=CC=C(Br)C=C1N(=O)=O,22271649,CC(C)(C)S(=O)NC1(c2ccc(Br)cc2[N+](=O)[O-])COC1,1357259-32-5
BrC1=CC=CC(C=C2CCC3=C(C=CC=C3)C2=O)=C1,22494433,O=C1C(=Cc2cccc(Br)c2)CCc2ccccc21,244613-09-0
FC1=C(F)C(CBr)=CC=C1Br,22539356,Fc1c(Br)ccc(CBr)c1F,162744-56-1
CC(C)(C)OC(=O)N1CCC[C@H]1C(=O)OCC(=O)C1=CC(COS(C)(=O)=O)=C(Br)C=C1,22608225,CC(C)(C)OC(=O)N1CCC[C@H]1C(=O)OCC(=O)c1ccc(Br)c(COS(C)(=O)=O)c1,1378382-93-4
BrC1=CC=C(CP(Br)(C2=CC=CC=C2)(C2=CC=CC=C2)C2=CC=CC=C2)C=C1,22616346,Brc1ccc(CP(Br)(c2ccccc2)(c2ccccc2)c2ccccc2)cc1,0
CCOC(=O)C(C1CCCC1)C1=CC=C(Br)C=C1,22645785,CCOC(=O)C(c1ccc(Br)cc1)C1CCCC1,310405-37-9
CC1=CC=C(C=C1)S(=O)(=O)N(CC#C)C1=CC=C(Br)C=C1,22712569,C#CCN(c1ccc(Br)cc1)S(=O)(=O)c1ccc(C)cc1,1383926-96-2
OCC1=C(OC(F)F)C=CC=C1Br,22933714,OCc1c(Br)cccc1OC(F)F,1315359-23-9
COC1=C(C=O)C(O)=CC(Br)=C1,22962376,COc1cc(Br)cc(O)c1C=O,1399049-46-7
CSC1=C(N)C=CC(Br)=C1,23029618,CSc1cc(Br)ccc1N,475089-07-7
C[Si](C)(C)CCOC(=O)NCC1=CC=C(Br)C=C1,23123841,C[Si](C)(C)CCOC(=O)NCc1ccc(Br)cc1,1448189-28-3
CCOC1=CC=C(NC2=CC=C(Br)C=C2N)C=C1,23192520,CCOc1ccc(Nc2ccc(Br)cc2N)cc1,1038383-44-6
CC(C)(C)OC(=O)N1CCC(C1)NC1=C(N)C=CC(Br)=C1,23300304,CC(C)(C)OC(=O)N1CCC(Nc2cc(Br)ccc2N)C1,1416337-33-1
CC1(C)OB(OC1(C)C)C1=C(F)C=C(Br)C=C1,23301577,CC1(C)OB(c2ccc(Br)cc2F)OC1(C)C,1326316-85-1
CC(C)(O)CNC1=C(N)C=C(Br)C=C1,23355624,CC(C)(O)CNc1ccc(Br)cc1N,0
FC(F)(F)C1=CN=C(OC2=CC=C(Br)C=C2)C=C1,23572596,FC(F)(F)c1ccc(Oc2ccc(Br)cc2)nc1,137736-63-1
OC(=O)\C=C\C1=CC(Br)=C(OC(F)(F)F)C=C1,23739257,O=C(O)/C=C/c1ccc(OC(F)(F)F)c(Br)c1,1445564-96-4
FC1=C(CC(=O)C2=C(Br)C=CC=C2)C=CC=C1,23801641,O=C(Cc1ccccc1F)c1ccccc1Br,898784-61-7
COC1=CC=C(Br)C(F)=C1C#N,23979031,COc1ccc(Br)c(F)c1C#N,1428478-66-3
FC1=CC(=CC=C1Br)N1CCCC1=O,24600148,O=C1CCCN1c1ccc(Br)c(F)c1,0
BrC1=CC2=C(C=C1)C=C(OC1CC1)C=C2,26628763,Brc1ccc2cc(OC3CC3)ccc2c1,0
COC(=O)CC1=C(I)N2N=C(C=C2N=C1C)C1=CC(Br)=CC=C1,26677335,COC(=O)Cc1c(C)nc2cc(-c3cccc(Br)c3)nn2c1I,1567213-41-5
COC(=O)C(O)C1=C(I)N2N=C(C=C2N=C1C)C1=CC(Br)=CC=C1,26677374,COC(=O)C(O)c1c(C)nc2cc(-c3cccc(Br)c3)nn2c1I,1567213-44-8
COC(=O)C(=O)C1=C(I)N2N=C(C=C2N=C1C)C1=CC(Br)=CC=C1,26677388,COC(=O)C(=O)c1c(C)nc2cc(-c3cccc(Br)c3)nn2c1I,1567213-47-1
COC(=O)[C@@H](O)C1=C(I)N2N=C(C=C2N=C1C)C1=CC(Br)=CC=C1,26677407,COC(=O)[C@@H](O)c1c(C)nc2cc(-c3cccc(Br)c3)nn2c1I,1567213-50-6
CC(C)(C)S(=O)\N=C(\CF)C1=C(F)C=CC(Br)=C1,26727440,CC(C)(C)S(=O)/N=C(/CF)c1cc(Br)ccc1F,0
CC(OC(=O)C1=CC=C(Br)C=C1)C(=O)C1=CC=CC=C1,26932881,CC(OC(=O)c1ccc(Br)cc1)C(=O)c1ccccc1,335390-87-9
OC(COC1=CC(Br)=CC=C1)CN1CCC2=C(C1)C=CC=C2,27013264,OC(COc1cccc(Br)c1)CN1CCc2ccccc2C1,1088176-04-8
CC1=C(C2=CC3=CC(Cl)=CC=C3N2)C(O)=CC(Br)=C1,27074790,Cc1cc(Br)cc(O)c1-c1cc2cc(Cl)ccc2[nH]1,1620450-62-5
CC1=C(N=CC=C1)N([C@@H]1CCCN(C1)C(=O)OC(C)(C)C)C(=O)C1=CC=C(Br)C=C1,27401206,Cc1cccnc1N(C(=O)c1ccc(Br)cc1)[C@@H]1CCCN(C(=O)OC(C)(C)C)C1,0
FC1=C(C=C(Br)C=C1)C1=NOC(CCl)C1,27444976,Fc1ccc(Br)cc1C1=NOC(CCl)C1,0
BrC1=CC=C(C(SCC2=CC=CC=C2)=C1)N(=O)=O,27474148,O=[N+]([O-])c1ccc(Br)cc1SCc1ccccc1,0
CC(C)(C)OC(=O)CNC1=C(C=C(Br)C=C1)N(=O)=O,27777768,CC(C)(C)OC(=O)CNc1ccc(Br)cc1[N+](=O)[O-],0
NCC1=CC=C(Br)C2=CC=CC=C12,27783400,NCc1ccc(Br)c2ccccc12,0
OCC1=C(C=C(F)C=C1Br)N1CCOC2=C(C(F)=CC(=C2)C2CC2)C1=O,27864484,O=C1c2c(F)cc(C3CC3)cc2OCCN1c1cc(F)cc(Br)c1CO,0
OC(=O)C1=C(Br)C(F)=CC=C1I,27952067,O=C(O)c1c(I)ccc(F)c1Br,0
CCOC1=CC(=C(Br)C=C1C(=O)OC)C1=CC=C(F)C=C1,27959752,CCOc1cc(-c2ccc(F)cc2)c(Br)cc1C(=O)OC,0
FC1=CC=C(F)C(C#N)=C1Br,28073614,N#Cc1c(F)ccc(F)c1Br,0
CC(C)(C)OC(=O)NC1CCN(CC1)C1=CC=C(Br)C=C1,28092068,CC(C)(C)OC(=O)NC1CCN(c2ccc(Br)cc2)CC1,0
FC(F)(F)OC1=C(Br)C=CC(CC#N)=C1,28254996,N#CCc1ccc(Br)c(OC(F)(F)F)c1,0
CCOC(COC1=CC(Br)=CC=C1Cl)OCC,28304404,CCOC(COc1cc(Br)ccc1Cl)OCC,0
C[C@@H](CO)NC1=C(C=C(Br)C=C1)N(=O)=O,28319426,C[C@@H](CO)Nc1ccc(Br)cc1[N+](=O)[O-],0
C[C@@H](CO)NC1=C(N)C=C(Br)C=C1,28319537,C[C@@H](CO)Nc1ccc(Br)cc1N,0
CC(CC1=CC(Br)=CC=C1)NC=O,28349838,CC(Cc1cccc(Br)c1)NC=O,0
CON(C)C(=O)CC1=CC(Br)=C(OC)C=C1,28349914,COc1ccc(CC(=O)N(C)OC)cc1Br,0
CCC(N)CC1=CC(Br)=C(OC)C=C1,28349916,CCC(N)Cc1ccc(OC)c(Br)c1,0
CCOC1=CC(CC(O)=O)=C(Br)C=C1,28349923,CCOc1ccc(Br)c(CC(=O)O)c1,0
CNC1=CC=C(Br)C(=C1N(=O)=O)C(F)(F)F,28440591,CNc1ccc(Br)c(C(F)(F)F)c1[N+](=O)[O-],0
CCOC1=C(C=CC(Br)=C1)C(=O)OC,28446435,CCOc1cc(Br)ccc1C(=O)OC,0
NC(=O)C1=C(Br)C=CC=C1N,28491172,NC(=O)c1c(N)cccc1Br,0
FC1(F)CCC(CC1)NC1=C(C=C(Br)C=C1)N(=O)=O,28520402,O=[N+]([O-])c1cc(Br)ccc1NC1CCC(F)(F)CC1,0
NC1=CC(OC(F)F)=C(Br)C=C1,28526027,Nc1ccc(Br)c(OC(F)F)c1,0
CC1=C(Br)C=CC(I)=C1Cl,28591209,Cc1c(Br)ccc(I)c1Cl,0
BrC1=CC=CC(CC2=CC=C(O2)C=O)=C1,28838649,O=Cc1ccc(Cc2cccc(Br)c2)o1,0
FC1=C(Br)C(C=O)=CC=C1Cl,28893846,O=Cc1ccc(Cl)c(F)c1Br,0
COCOC1=CC(CO)=C(Br)C=C1,28966606,COCOc1ccc(Br)c(CO)c1,0
COC(=O)[C@H](CC1=CC=C(Br)C=C1F)NC(=O)OC(C)(C)C,29152058,COC(=O)[C@H](Cc1ccc(Br)cc1F)NC(=O)OC(C)(C)C,0
CC1=C(N)C=CC(F)=C1Br,29303699,Cc1c(N)ccc(F)c1Br,0
CN(C[C@@H](NC(=O)OC(C)(C)C)C1=CC(Br)=CC(F)=C1)S(=O)(=O)C1=C(C=CC=C1)N(=O)=O,29328939,CN(C[C@@H](NC(=O)OC(C)(C)C)c1cc(F)cc(Br)c1)S(=O)(=O)c1ccccc1[N+](=O)[O-],0
[H][C@]12CN[C@]([H])(C1)[C@@H](O2)C1=CC=C(Br)C=C1,29341812,Brc1ccc([C@@H]2O[C@H]3CN[C@@H]2C3)cc1,0
[H][C@@]12CN[C@@]([H])(C1)[C@H](O2)C1=CC=C(Br)C=C1,29341991,Brc1ccc([C@H]2O[C@@H]3CN[C@H]2C3)cc1,0
CC1=CC(CO)=NN1C1=CC(Br)=CC=C1,29502423,Cc1cc(CO)nn1-c1cccc(Br)c1,0
OC(=O)C1CC(O)(C1)C1=CC(Br)=CC=C1,29618598,O=C(O)C1CC(O)(c2cccc(Br)c2)C1,0
COC(=O)C1=CC(CCN)=CC(Br)=C1,29662003,COC(=O)c1cc(Br)cc(CCN)c1,0
FC(F)C1=C(Br)C=C(F)C(=C1)N(=O)=O,29683872,O=[N+]([O-])c1cc(C(F)F)c(Br)cc1F,0
BrC1=CC=CC(=C1)N1C=CC2=CC=CC=C12,29907736,Brc1cccc(-n2ccc3ccccc32)c1,0
COC1=C(C=O)C=C(Cl)C(Br)=C1,30395283,COc1cc(Br)c(Cl)cc1C=O,0
CON(C)C(=O)C1=C(Br)C=C(Cl)C=C1,30410247,CON(C)C(=O)c1ccc(Cl)cc1Br,0
NC1=NNC(=C1)C1=CC=C(Br)C=C1F,30532897,Nc1cc(-c2ccc(Br)cc2F)[nH]n1,0
NC1=C(N)C(I)=CC(Br)=C1,31048020,Nc1cc(Br)cc(I)c1N,0
CCOC(=O)C1CCN(CC1)C1=CC(=CC=C1Br)C(F)(F)F,31091936,CCOC(=O)C1CCN(c2cc(C(F)(F)F)ccc2Br)CC1,0
COC(=O)C1=C(SC2=C(C=O)C=C(Br)C=C2)C(Cl)=CC=C1,31219651,COC(=O)c1cccc(Cl)c1Sc1ccc(Br)cc1C=O,0
COC(=O)C1=C(F)C=C(CBr)C(Br)=C1,31836255,COC(=O)c1cc(Br)c(CBr)cc1F,0
FC(F)OC1=CC(Br)=C(Cl)C=C1I,33320344,FC(F)Oc1cc(Br)c(Cl)cc1I,0
COC(=O)C1=C(Cl)C(Br)=CC(=C1)N(=O)=O,33425156,COC(=O)c1cc([N+](=O)[O-])cc(Br)c1Cl,0
CC1=C(Cl)C(Br)=CC=C1C(O)=O,33636048,Cc1c(C(=O)O)ccc(Br)c1Cl,0
CC1=C(C=CC=C1Br)C1=CC=C(O)C=C1,33804526,Cc1c(Br)cccc1-c1ccc(O)cc1,0
CNC1=C(C=CC(F)=C1Br)N(=O)=O,33893010,CNc1c([N+](=O)[O-])ccc(F)c1Br,0
CNC1=C(N)C(F)=CC(Br)=C1,34115390,CNc1cc(Br)cc(F)c1N,0
FC1=CC=C(C=C1)C1=NN(C=C1C1OCC(=O)N1CCC1=CC2=C(NC(=O)N2)C=C1)C1=CC=C(Br)C=C1,34597936,O=C1COC(c2cn(-c3ccc(Br)cc3)nc2-c2ccc(F)cc2)N1CCc1ccc2[nH]c(=O)[nH]c2c1,0
NC1=CC(=NN1)C1=C(F)C=C(Br)C=C1,34726659,Nc1cc(-c2ccc(Br)cc2F)n[nH]1,0
CC(C)(O)C1=C(Br)C=CC(Cl)=C1,34811184,CC(C)(O)c1cc(Cl)ccc1Br,0
FC1=C(Cl)C=CC(Br)=C1CC=O,35012118,O=CCc1c(Br)ccc(Cl)c1F,0
OCCC1=C(Br)C=CC(Cl)=C1F,35012119,OCCc1c(Br)ccc(Cl)c1F,0
CN1CCC2(CC1)NC(=S)C(=N2)C1=CC=C(Br)C=C1,35078716,CN1CCC2(CC1)N=C(c1ccc(Br)cc1)C(=S)N2,0
CCOC(=O)C[C@H](NC(=O)OC(C)(C)C)C1=CC(Br)=CC=C1,35232890,CCOC(=O)C[C@H](NC(=O)OC(C)(C)C)c1cccc(Br)c1,0
C[C@@H](NC(=O)OC(C)(C)C)C1=C(C)C(F)=C(Br)C=C1,35333969,Cc1c([C@@H](C)NC(=O)OC(C)(C)C)ccc(Br)c1F,0
CC1=C(CN)C=CC(Br)=C1F,35334063,Cc1c(CN)ccc(Br)c1F,0
COCCOC1=CC(F)=C(Br)C=C1N(=O)=O,35380987,COCCOc1cc(F)c(Br)cc1[N+](=O)[O-],0
COCCOC1=CC(F)=C(Br)C=C1N,35380988,COCCOc1cc(F)c(Br)cc1N,0
CC1=C(F)C(Br)=CC(=C1)C(O)=O,35914515,Cc1cc(C(=O)O)cc(Br)c1F,0
OC(=O)C12CC(C1)(C2)C1=CC=C(Br)C=C1,37836407,O=C(O)C12CC(c3ccc(Br)cc3)(C1)C2,0
COC1(CC(C1)(C#N)C1=CC=CC(Br)=C1)OC,38054239,COC1(OC)CC(C#N)(c2cccc(Br)c2)C1,0
COC(=O)CC1=C(OC)C=C(N)C=C1Br,38083560,COC(=O)Cc1c(Br)cc(N)cc1OC,0
COC(=O)CC1=C(OC)C=C(C=C1Br)N(=O)=O,38083638,COC(=O)Cc1c(Br)cc([N+](=O)[O-])cc1OC,0
COC(=O)CC1=C(OC)C=C(I)C=C1Br,38083720,COC(=O)Cc1c(Br)cc(I)cc1OC,0
CP(C)(=O)C1=CC(Br)=CC=C1N,38302747,CP(C)(=O)c1cc(Br)ccc1N,0
COC1=CC(Br)=C(F)C=C1N1C(=O)C=CC2=C1C=C(F)C(SCC1=CC=CC=C1)=C2,39219969,COc1cc(Br)c(F)cc1-n1c(=O)ccc2cc(SCc3ccccc3)c(F)cc21,0
BrC1=CC=C(C=C1)N1C(=O)CSC1=S,174102,O=C1CSC(=S)N1c1ccc(Br)cc1,10574-70-6
BrC1=CC=C(C=C1)C1=CSC(=N1)C1=CC=CC=C1,192727,Brc1ccc(-c2csc(-c3ccccc3)n2)cc1,2362-69-8
COC1=CC(OC)=C2C(=O)C=C(OC2=C1)C1=CC=C(Br)C=C1,305018,COc1cc(OC)c2c(=O)cc(-c3ccc(Br)cc3)oc2c1,0
CC1=CC=C(C=C1)S(=O)(=O)OCC1=CC=C(Br)C=C1,541252,Cc1ccc(S(=O)(=O)OCc2ccc(Br)cc2)cc1,20444-12-6
CN(N=O)C1=C(Br)C=CC=C1,639318,CN(N=O)c1ccccc1Br,17576-86-2
CC1=NC2=CC=CC=C2C(=O)N1C1=C(Br)C=CC=C1,886559,Cc1nc2ccccc2c(=O)n1-c1ccccc1Br,4260-20-2
NNC1=CC(Br)=CC=C1N(=O)=O,957919,NNc1cc(Br)ccc1[N+](=O)[O-],1966-96-7
BrC1=CC=C(C=C1)C(=S)N1CCOCC1,1110375,S=C(c1ccc(Br)cc1)N1CCOCC1,61750-21-8
BrC1=CC(=CC=C1)C1CC(=O)C2=C(O1)C=CC=C2,1316926,O=C1CC(c2cccc(Br)c2)Oc2ccccc21,0
BrCC1(OCCO1)C1=CC=C(Br)C=C1,1345249,BrCC1(c2ccc(Br)cc2)OCCO1,3418-22-2
BrC1=C(CN2CCCC2)C=CC=C1,1367649,Brc1ccccc1CN1CCCC1,91130-46-0
BrC1=CC=C(C=C1)C1CNC1,1424810,Brc1ccc(C2CNC2)cc1,7215-01-2
BrC1=CC=C(OC2=CC=CN=C2)C=C1,1452746,Brc1ccc(Oc2cccnc2)cc1,18085-61-5
BrC1=CC=C(SN2C(=O)C3=C(C=CC=C3)C2=O)C=C1,1478374,O=C1c2ccccc2C(=O)N1Sc1ccc(Br)cc1,14204-32-1
BrC1=CC=CC=C1N1C(=O)C2=C(C=CC=C2)C1=O,1534358,O=C1c2ccccc2C(=O)N1c1ccccc1Br,19357-21-2
BrC1=CC=C(C=CC2=CC=NC=C2)C=C1,1618954,Brc1ccc(C=Cc2ccncc2)cc1,42834-34-4
CC(=O)N(N=O)C1=CC=C(Br)C=C1,1842007,CC(=O)N(N=O)c1ccc(Br)cc1,35920-23-1
ClCOC1=C(Br)C=CC=C1,1940531,ClCOc1ccccc1Br,54257-94-2
CCCC(O)C1=CC=C(Br)C=C1,1943831,CCCC(O)c1ccc(Br)cc1,22135-53-1
OC(=O)C1=CC=C(C#N)C(Br)=C1,1946313,N#Cc1ccc(C(=O)O)cc1Br,58123-69-6
CN(C)C(=S)OC1=CC=C(Br)C=C1,1954537,CN(C)C(=S)Oc1ccc(Br)cc1,16241-06-8
BrC1=C(CSC2=CC=CC=C2)C=CC=C1,1954884,Brc1ccccc1CSc1ccccc1,13006-53-6
COC1=CC(CBr)=C(Br)C(OC)=C1,1958204,COc1cc(CBr)c(Br)c(OC)c1,34132-25-7
OC(=O)CCCOC1=CC=C(Br)C=C1,1960545,O=C(O)CCCOc1ccc(Br)cc1,55580-07-9
FC(F)(F)S(=O)(=O)NC1=CC(Br)=CC=C1,1981184,O=S(=O)(Nc1cccc(Br)c1)C(F)(F)F,23384-08-9
FC(F)(F)S(=O)(=O)NC1=CC=C(Br)C=C1,1981185,O=S(=O)(Nc1ccc(Br)cc1)C(F)(F)F,23384-06-7
COC1=CC=C(C=C1OC)C(=O)C1=CC(OC)=C(OC)C=C1Br,2005361,COc1ccc(C(=O)c2cc(OC)c(OC)cc2Br)cc1OC,2898-56-8
CC1=CC(=CC(Br)=C1O)C(C)(C)C,2044970,Cc1cc(C(C)(C)C)cc(Br)c1O,20834-60-0
CC1=CC(N)=C(C)C(Br)=C1C,2086046,Cc1cc(N)c(C)c(Br)c1C,18087-53-1
CCCCCCCCCC1=CC=C(Br)C=C1,2093404,CCCCCCCCCc1ccc(Br)cc1,51554-94-0
CCCCCCC(O)C1=CC=C(Br)C=C1,2099848,CCCCCCC(O)c1ccc(Br)cc1,71434-33-8
COC(=O)C1=CC(Br)=CC=C1OCC=C,2102994,C=CCOc1ccc(Br)cc1C(=O)OC,35686-75-0
CC1=CC=C(C=C1)C(=O)CC1=CC=C(Br)C=C1,2108998,Cc1ccc(C(=O)Cc2ccc(Br)cc2)cc1,62856-20-6
CC1=CC(C)=C(C(=O)C2=CC=C(Br)C=C2)C(C)=C1,2116984,Cc1cc(C)c(C(=O)c2ccc(Br)cc2)c(C)c1,1146-83-4
OCC1=CC=CC(CO)=C1Br,2253521,OCc1cccc(CO)c1Br,59346-22-4
BrC1=CC=C(C=C1)C(=O)OCC#C,2259283,C#CCOC(=O)c1ccc(Br)cc1,79318-19-7
ClC1=CC=C(C=C1)S(=O)(=O)C1=CC=C(Br)C=C1,2273422,O=S(=O)(c1ccc(Cl)cc1)c1ccc(Br)cc1,65082-45-3
OCC1=C(Br)C(OCC2=CC=CC=C2)=CC(OCC2=CC=CC=C2)=C1,2303606,OCc1cc(OCc2ccccc2)cc(OCc2ccccc2)c1Br,67093-26-9
COC1=CC=C(CC(=O)C2=CC=C(Br)C=C2)C=C1,2332520,COc1ccc(CC(=O)c2ccc(Br)cc2)cc1,30390-78-4
CC(=C)C1=CC(Br)=C(C)C=C1,2352361,C=C(C)c1ccc(C)c(Br)c1,40180-82-3
BrC1=CC=CC(=C1)C(=C)C1=CC=CC=C1,2440817,C=C(c1ccccc1)c1cccc(Br)c1,29265-79-0
CC1=C(CCl)C=C(Br)C(CCl)=C1,2443326,Cc1cc(CCl)c(Br)cc1CCl,56403-26-0
CC1=C(OCC(O)=O)C=CC(Br)=C1,2505242,Cc1cc(Br)ccc1OCC(=O)O,6956-82-7
CC1=CC(CO)=CC(C)=C1Br,2518294,Cc1cc(CO)cc(C)c1Br,27006-02-6
COC1=C(C=C(Br)C=C1C(C)C)C(C)C,2523707,COc1c(C(C)C)cc(Br)cc1C(C)C,14804-41-2
BrC1=CC(COC2=CC=CC=C2)=CC=C1,2524760,Brc1cccc(COc2ccccc2)c1,20600-29-7
CCCCCCCCCCCCCCCCOC1=CC=C(Br)C=C1,2534151,CCCCCCCCCCCCCCCCOc1ccc(Br)cc1,30752-21-7
BrC1=C(OCC2=CC=CC=C2)C=CC(OCC2=CC=CC=C2)=C1,2541849,Brc1cc(OCc2ccccc2)ccc1OCc1ccccc1,2237-21-0
COC(=O)C1=CC(Br)=CC(C)=C1C,2575528,COC(=O)c1cc(Br)cc(C)c1C,5613-28-5
BrC1=C(C=CC=C1)C1CCCCC1=O,2581838,O=C1CCCCC1c1ccccc1Br,31908-20-0
BrC1=CC=C(CC(=O)CC2=CC=CC=C2)C=C1,2581881,O=C(Cc1ccccc1)Cc1ccc(Br)cc1,65636-25-1
OC1=CC=CC=C1C(=O)C1=CC=C(Br)C=C1,2616068,O=C(c1ccc(Br)cc1)c1ccccc1O,2038-92-8
OC(=O)CC1=CC=C(C=C1)C1=CC=C(Br)C=C1,2617000,O=C(O)Cc1ccc(-c2ccc(Br)cc2)cc1,5728-55-2
COC1=C(OC)C=C(CC=O)C(Br)=C1,2617347,COc1cc(Br)c(CC=O)cc1OC,90841-59-1
OC(=O)C1=CC=CC=C1CCC1=CC=C(Br)C=C1,2619767,O=C(O)c1ccccc1CCc1ccc(Br)cc1,3973-52-2
OC1=C(Br)C=CC(OCC2=CC=CC=C2)=C1,2696177,Oc1cc(OCc2ccccc2)ccc1Br,70120-19-3
CC(C)(C)NC1=CC=CC=C1Br,2716384,CC(C)(C)Nc1ccccc1Br,40686-71-3
CC(=O)NC1=CC(Cl)=CC=C1Br,2721015,CC(=O)Nc1cc(Cl)ccc1Br,827-66-7
OC(=O)C1=C(OCC=C)C=CC(Br)=C1,2723103,C=CCOc1ccc(Br)cc1C(=O)O,62176-23-2
COC(=O)C1=CC(Br)=C(O)C(O)=C1,2729003,COC(=O)c1cc(O)c(O)c(Br)c1,65841-10-3
CC1=C(Br)C=C(C(O)=C1C(O)=O)C(C)(C)C,2730411,Cc1c(Br)cc(C(C)(C)C)c(O)c1C(=O)O,59889-29-1
CC(=O)NC1=CC(C)=C(Br)C=C1N(=O)=O,2733974,CC(=O)Nc1cc(C)c(Br)cc1[N+](=O)[O-],716-65-4
CC(=O)NC1=C(C=C(Br)C=C1)C(F)(F)F,2735836,CC(=O)Nc1ccc(Br)cc1C(F)(F)F,29124-62-7
BrC1=C(NC(=O)C2=CC=C(C=C2)N(=O)=O)C=CC=C1,2749484,O=C(Nc1ccccc1Br)c1ccc([N+](=O)[O-])cc1,99514-85-9
CCN(CC)C1=C(Br)C=CC=C1,2803775,CCN(CC)c1ccccc1Br,90944-48-2
COC(=O)C1=C(C(Br)=CC=C1N)N(=O)=O,2810956,COC(=O)c1c(N)ccc(Br)c1[N+](=O)[O-],90050-54-7
ClCCNC1=CC=C(Br)C=C1,2829753,ClCCNc1ccc(Br)cc1,39179-93-6
CCN(CC)C1=CC=C(\N=N\C2=C(C=C(C=C2Br)N(=O)=O)N(=O)=O)C(NC(C)=O)=C1,2923223,CCN(CC)c1ccc(/N=N/c2c(Br)cc([N+](=O)[O-])cc2[N+](=O)[O-])c(NC(C)=O)c1,52697-38-8
C[Si](Cl)(Cl)C1=CC=C(Br)C=C1,2936542,C[Si](Cl)(Cl)c1ccc(Br)cc1,18141-19-0
ClC1=CC(Br)=CC2=CC=CC=C12,2963163,Clc1cc(Br)cc2ccccc12,325956-47-6
OC(=O)C(=O)CC1=CC=C(Br)C=C1,2965915,O=C(O)C(=O)Cc1ccc(Br)cc1,38712-59-3
NNC(=O)C1=CC=C(C=C1)S(=O)(=O)C1=CC=C(Br)C=C1,2991278,NNC(=O)c1ccc(S(=O)(=O)c2ccc(Br)cc2)cc1,20721-09-9
CCC(=O)OC1=CC=C(Br)C=C1,3047836,CCC(=O)Oc1ccc(Br)cc1,23600-77-3
CC(C)(C)C1=CC(=C(Br)C=C1)C(C)(C)C,3048705,CC(C)(C)c1ccc(Br)c(C(C)(C)C)c1,80438-66-0
COC1=CC(=CC(Br)=C1OC)N(=O)=O,3056499,COc1cc([N+](=O)[O-])cc(Br)c1OC,7461-55-4
C\C=C/C1=CC=C(Br)C=C1,3088100,C/C=C\c1ccc(Br)cc1,0
ClCC(=O)C1=C(Br)C=CC=C1,3088776,O=C(CCl)c1ccccc1Br,4209-01-2
CCCCCCCCC1=CC=C(C=C1)C1=CC=C(Br)C=C1,3092404,CCCCCCCCc1ccc(-c2ccc(Br)cc2)cc1,63619-61-4
CC1=CC=C(NS(=O)(=O)C2=CC=C(Br)C=C2)C=C1,3097442,Cc1ccc(NS(=O)(=O)c2ccc(Br)cc2)cc1,7454-58-2
CCOC1=C(C=C(Br)C=C1)N(=O)=O,3131510,CCOc1ccc(Br)cc1[N+](=O)[O-],383869-51-0
CC1=CC(Br)=C(C)C=C1I,3236062,Cc1cc(I)c(C)cc1Br,699119-05-6
BrC1=C(SC#N)C=CC=C1,3240641,N#CSc1ccccc1Br,55757-32-9
CC(=O)C1=C(N)C(Br)=CC=C1,3240870,CC(=O)c1cccc(Br)c1N,808760-02-3
CN(C)C1=C(Br)C=C(C=C1)C#N,3243547,CN(C)c1ccc(C#N)cc1Br,348640-88-0
OCC1=CC=CC(Br)=C1CO,3246407,OCc1cccc(Br)c1CO,0
ClC1=C(C=CC=C1)C1=CC=C(Br)C=C1,3248156,Clc1ccccc1-c1ccc(Br)cc1,39802-88-5
CC1=CC(Br)=C(C=C1)N=N#N,3249222,Cc1ccc(N=[N+]=[N-])c(Br)c1,0
CCOC1=C(Br)C=C(C=C1)C(O)=O,3250150,CCOc1ccc(C(=O)O)cc1Br,24507-29-7
OC1=C(I)C2=CC=C(Br)C=C2C=C1,3250290,Oc1ccc2cc(Br)ccc2c1I,102153-45-7
COC1=C(C=C(Br)C=C1)C(N)=O,3250623,COc1ccc(Br)cc1C(N)=O,303111-31-1
CCOC1=C(Br)C=C(C=O)C=C1,3254027,CCOc1ccc(C=O)cc1Br,108373-05-3
NC1=CC=C(Br)C2=CC=CC(N)=C12,3264409,Nc1cccc2c(Br)ccc(N)c12,128094-16-6
COC1=C(OC)C(Br)=C(CCl)C=C1,3266855,COc1ccc(CCl)c(Br)c1OC,7477-50-1
CCOC(=O)NC1=C(Br)C=CC=C1,3267452,CCOC(=O)Nc1ccccc1Br,104919-70-2
CC1=C(C)C(=C(C)C(C)=C1Br)N(=O)=O,3272831,Cc1c(C)c([N+](=O)[O-])c(C)c(C)c1Br,52415-10-8
COC1=CC(OC)=C(C=C1Br)C(Cl)=O,3274952,COc1cc(OC)c(C(=O)Cl)cc1Br,96901-91-6
BrC1=CC=C(NC(=N)NC#N)C=C1,3278526,N#CNC(=N)Nc1ccc(Br)cc1,41283-68-5
CC(=O)NC1=C(F)C=C(F)C(Br)=C1,3279506,CC(=O)Nc1cc(Br)c(F)cc1F,398-93-6
CCOC(=O)C1=CC=C(Br)C2=CC=CC=C12,3280102,CCOC(=O)c1ccc(Br)c2ccccc12,51934-43-1
COC1=CC(C)=C(Br)C=C1S(Cl)(=O)=O,3291122,COc1cc(C)c(Br)cc1S(=O)(=O)Cl,808134-00-1
BrC1=CC=C(COC2=C(C=O)C=CC=C2)C=C1,3295131,O=Cc1ccccc1OCc1ccc(Br)cc1,101046-14-4
COC1=C(C=C(Br)C2=CC=CC=C12)C(O)=O,3295264,COc1c(C(=O)O)cc(Br)c2ccccc12,149649-53-6
NS(=O)(=O)C1=C(C=CC(Br)=C1)C(O)=O,3304406,NS(=O)(=O)c1cc(Br)ccc1C(=O)O,0
COC1=CC=C(C=C1)S(=O)(=O)C1=CC=C(Br)C=C1,3305340,COc1ccc(S(=O)(=O)c2ccc(Br)cc2)cc1,331956-19-5
COC1=CC(C(O)=O)=C(Br)C=C1C(O)=O,3316673,COc1cc(C(=O)O)c(Br)cc1C(=O)O,154546-92-6
ClC1=C(C=C(Br)C=C1N(=O)=O)N(=O)=O,3337879,O=[N+]([O-])c1cc(Br)cc([N+](=O)[O-])c1Cl,51796-82-8
ClC1=CC=C(NC(=O)NC2=CC=C(Br)C=C2)C=C1,3347161,O=C(Nc1ccc(Cl)cc1)Nc1ccc(Br)cc1,13142-10-4
CCS(=O)C1=CC=C(Br)C=C1,3539372,CCS(=O)c1ccc(Br)cc1,30506-29-7
CC(C)(C)N(=O)=CC1=CC=C(Br)C=C1,3540947,CC(C)(C)[N+]([O-])=Cc1ccc(Br)cc1,127896-05-3
OCCC1=C(Br)C=CC=C1N(=O)=O,3544307,O=[N+]([O-])c1cccc(Br)c1CCO,118665-02-4
[H][C@](CC1=CC=C(OC(=O)OCC2=CC=CC=C2Br)C=C1)(NC(=O)OC(C)(C)C)C(O)=O,3598851,CC(C)(C)OC(=O)N[C@H](Cc1ccc(OC(=O)OCc2ccccc2Br)cc1)C(=O)O,81189-61-9
BrC1=CC=C(C=C1)[C@H]1CCC(=O)O1,3650249,O=C1CC[C@H](c2ccc(Br)cc2)O1,126135-43-1
COCC1=CC(C)=C(Br)C(C)=C1,4386711,COCc1cc(C)c(Br)c(C)c1,74973-55-0
ClC1=CC=C(OCCBr)C(Br)=C1,4403272,Clc1ccc(OCCBr)c(Br)c1,76429-65-7
OC(=O)C1=CC(Br)=CC=C1N=N#N,4420180,[N-]=[N+]=Nc1ccc(Br)cc1C(=O)O,112253-72-2
CC1=CC=C(C=C1)S(=O)(=O)OC1=C(C)C=CC(C)=C1Br,4491170,Cc1ccc(S(=O)(=O)Oc2c(C)ccc(C)c2Br)cc1,123674-30-6
CCOC(=O)CCC1=C(Br)C=CC=C1,4802546,CCOC(=O)CCc1ccccc1Br,135613-33-1
FC(=O)C1=CC(Br)=CC=C1,4858991,O=C(F)c1cccc(Br)c1,77976-06-8
CC(C)C1=C(Br)C=C(F)C=C1,4968502,CC(C)c1ccc(F)cc1Br,112611-88-8
CC1=C(CC#N)C=CC=C1Br,4974475,Cc1c(Br)cccc1CC#N,76574-42-0
BrC1=CC(OCC2=CC=CC=C2)=C(C=O)C=C1,5337207,O=Cc1ccc(Br)cc1OCc1ccccc1,142602-43-5
COC(=O)C1=CC(OC)=C(OCC2=CC=CC=C2)C=C1Br,5344060,COC(=O)c1cc(OC)c(OCc2ccccc2)cc1Br,139963-13-6
OC1=CC2=C(C=C1)C(=O)\C(O2)=C\C1=CC=C(Br)C=C1,5438103,O=C1/C(=C/c2ccc(Br)cc2)Oc2cc(O)ccc21,139276-15-6
COC1=CC=C(C(C)O)C(Br)=C1,5505190,COc1ccc(C(C)O)c(Br)c1,89691-60-1
BrC1=CC=CC(=C1)C1(CCCC1)C#N,5810823,N#CC1(c2cccc(Br)c2)CCCC1,143328-18-1
CC(=O)N1CCC(CC1)C(=O)C1=CC=C(Br)C=C1F,5966146,CC(=O)N1CCC(C(=O)c2ccc(Br)cc2F)CC1,98295-50-2
BrC1=CC=C(C=C1)\N=N\N1CCCC1,6138583,Brc1ccc(/N=N/N2CCCC2)cc1,250160-26-0
CC(=O)OC1=CC(C)=C(Br)C(C)=C1,6393563,CC(=O)Oc1cc(C)c(Br)c(C)c1,127766-76-1
CCCCCC1=CC=C(C=C1)C1=CC=C(Br)C=C1F,6507291,CCCCCc1ccc(-c2ccc(Br)cc2F)cc1,96515-25-2
COC(=O)C1=CC(Cl)=C(O)C(Br)=C1,6507658,COC(=O)c1cc(Cl)c(O)c(Br)c1,107356-01-4
CC(=O)\C=C(\C)NC1=CC=C(Br)C=C1,6582500,CC(=O)/C=C(/C)Nc1ccc(Br)cc1,70704-62-0
CCC1=CC(Br)=C(OCC2=CC=CC=C2)C=C1OCCCCl,6657503,CCc1cc(Br)c(OCc2ccccc2)cc1OCCCCl,152609-60-4
CC1=CC=C(C=C1)S(=O)(=O)NN=CC1=C(O)C=CC(Br)=C1,6735880,Cc1ccc(S(=O)(=O)NN=Cc2cc(Br)ccc2O)cc1,0
CCOP(=O)(CC(=O)C1=CC(Br)=CC=C1)OCC,6809619,CCOP(=O)(CC(=O)c1cccc(Br)c1)OCC,0
COC1=CC=C(CNC2=CC=CC=C2Br)C=C1,6924033,COc1ccc(CNc2ccccc2Br)cc1,156643-23-1
OCCCCCCOC1=CC=C(Br)C=C1,7023025,OCCCCCCOc1ccc(Br)cc1,133080-87-2
COC(=O)C1=CC2=C(C=CC(Br)=C2)C=C1,7129103,COC(=O)c1ccc2ccc(Br)cc2c1,5159-63-7
COC(=O)C(\NC(C)=O)=C\C1=C(Br)C=CC=C1,7134104,COC(=O)/C(=C/c1ccccc1Br)NC(C)=O,863487-03-0
CS(=O)(=O)OCC1CN(C(=O)C1)C1=CC=C(Br)C=C1,7137687,CS(=O)(=O)OCC1CC(=O)N(c2ccc(Br)cc2)C1,1027950-13-5
BrC1=CC=CC=C1N(CC=C)CC=C,7200606,C=CCN(CC=C)c1ccccc1Br,159766-59-3
COC1=CC(Br)=C(C=C1OC)C(C)(C)O,7292675,COc1cc(Br)c(C(C)(C)O)cc1OC,0
BrC1=CC=CC=C1CN1C=C(C=O)C2=CC=CC=C12,7298153,O=Cc1cn(Cc2ccccc2Br)c2ccccc12,171734-73-9
CCC(=O)CC1=CC=C(Br)C=C1,7350775,CCC(=O)Cc1ccc(Br)cc1,0
CC1=CC=CC(=C1)C1=CC=C(Br)C=C1,7368595,Cc1cccc(-c2ccc(Br)cc2)c1,0
COC1=CC=C(CO)C(Br)=C1,7369120,COc1ccc(CO)c(Br)c1,163190-79-2
COC1=CC(C(O)=O)=C(Br)C(C)=C1,7370415,COc1cc(C)c(Br)c(C(=O)O)c1,174417-54-0
FC(F)(F)S(=O)(=O)C#CC1=CC=C(Br)C=C1,7376652,O=S(=O)(C#Cc1ccc(Br)cc1)C(F)(F)F,169692-22-2
OC1=CC2=NC=NC(NC3=CC(Br)=CC=C3)=C2C=C1O,7382255,Oc1cc2ncnc(Nc3cccc(Br)c3)c2cc1O,169205-86-1
BrC1=CC=CC(=C1)C1=NC2=CC=CC=C2C1=O,7426447,O=C1C(c2cccc(Br)c2)=Nc2ccccc21,0
CC(C)(C)[Si](C)(C)OC1=C(C=C(Br)C=C1)C12CC3CC(CC(C3)C1)C2,7438270,CC(C)(C)[Si](C)(C)Oc1ccc(Br)cc1C12CC3CC(CC(C3)C1)C2,104224-85-3
CCOP(=O)(OCC)C(F)(F)C1=CC=C(Br)C=C1,7484160,CCOP(=O)(OCC)C(F)(F)c1ccc(Br)cc1,177284-56-9
FC1=NC2=NC=NC(NC3=CC=CC(Br)=C3)=C2C=C1,7485558,Fc1ccc2c(Nc3cccc(Br)c3)ncnc2n1,171178-29-3
BrC1=CC=C(CN2C=C(C=O)C3=CC=CC=C23)C=C1,7534441,O=Cc1cn(Cc2ccc(Br)cc2)c2ccccc12,174367-70-5
COC(=O)C1=CC=CC=C1CCC(=O)C1=CC(Br)=CC=C1,7539067,COC(=O)c1ccccc1CCC(=O)c1cccc(Br)c1,165896-48-0
BrC1=CC=C(CNC2=NC=CC=C2)C=C1,7583409,Brc1ccc(CNc2ccccn2)cc1,0
BrC1=CC=CC2=C1C(=CC=C2)C1=CC=CC2=C1C=CC=C2,7641012,Brc1cccc2cccc(-c3cccc4ccccc34)c12,189824-08-6
COC1=CC=C(C=C1)N(N)CC1=CC=C(Br)C=C1,7643849,COc1ccc(N(N)Cc2ccc(Br)cc2)cc1,176045-80-0
ClC(=O)CCC1=CC=CC(Br)=C1,7758338,O=C(Cl)CCc1cccc(Br)c1,335159-82-5
COCOC1=CC(CO)=CC(OCOC)=C1Br,7764604,COCOc1cc(CO)cc(OCOC)c1Br,903520-37-6
CCOC(=O)C\N=C\C1=CC=C(Br)C=C1,7920464,CCOC(=O)C/N=C/c1ccc(Br)cc1,0
BrC1=CC=C(\C=C\C(=O)C2=CC3=C(OCO3)C=C2)C=C1,7929274,O=C(/C=C/c1ccc(Br)cc1)c1ccc2c(c1)OCO2,947675-12-9
BrC1=CC(=CC(=C1)C#C)C#C,8050030,C#Cc1cc(Br)cc(C#C)c1,144001-08-1
N[C@H](CO)C1=CC=C(Br)C=C1,8139019,N[C@H](CO)c1ccc(Br)cc1,354153-65-4
C[Si](C)(C)CCSC1=CC=C(Br)C=C1,8256887,C[Si](C)(C)CCSc1ccc(Br)cc1,221292-39-3
COC1=CC(C)=C(Br)C=C1Cl,8309569,COc1cc(C)c(Br)cc1Cl,179897-95-1
CC(C)(C)C1=CC=C(C(O)=O)C(Br)=C1,8314217,CC(C)(C)c1ccc(C(=O)O)c(Br)c1,6332-96-3
BrC1=CC=C(\C=C\C2=CC3=C(C=CC=C3)C=C2)C=C1,8321233,Brc1ccc(/C=C/c2ccc3ccccc3c2)cc1,53034-14-3
FC(F)(F)C(=O)NC1=CC=CC(Br)=C1,8546639,O=C(Nc1cccc(Br)c1)C(F)(F)F,0
OC(CCC=C)C1=CC=C(Br)C=C1,8762906,C=CCCC(O)c1ccc(Br)cc1,346446-95-5
BrC1=CC=C(C=C1)C1=NN=C(O1)C1=CC=CC2=CC=CC=C12,8778663,Brc1ccc(-c2nnc(-c3cccc4ccccc34)o2)cc1,68047-37-0
CCOC(=O)C1=C(NC2=CC=CC(Br)=C2)C2=C(C=C(OC)C(OC)=C2)N=C1,8795994,CCOC(=O)c1cnc2cc(OC)c(OC)cc2c1Nc1cccc(Br)c1,214470-41-4
BrC1=CC=CC=C1C(=O)C1=CN=C2C=CC=CC2=C1,8840746,O=C(c1cnc2ccccc2c1)c1ccccc1Br,350698-78-1
CC(C)(C)[Si](C)(C)OC1=CC(C=O)=C(Br)C=C1,8907247,CC(C)(C)[Si](C)(C)Oc1ccc(Br)c(C=O)c1,351418-50-3
CSC1=C(C=C(S1)C(N)=N)C1=CSC(NC2=CC=CC=C2Br)=N1,8932548,CSc1sc(C(=N)N)cc1-c1csc(Nc2ccccc2Br)n1,0
BrC1=CC=C(C=C1)C1(OCCO1)C1CCNCC1,8987412,Brc1ccc(C2(C3CCNCC3)OCCO2)cc1,203186-02-1
NC1=CC=C(C=C1)C(=O)\C=C\C1=CC=C(Br)C=C1,9056396,Nc1ccc(C(=O)/C=C/c2ccc(Br)cc2)cc1,948840-96-8
CCCCC#CCOC1=CC=C(C=C1)S(=O)(=O)N(C)C1=C(C=C(Br)C=C1C)C(=O)NO,9162931,CCCCC#CCOc1ccc(S(=O)(=O)N(C)c2c(C)cc(Br)cc2C(=O)NO)cc1,0
COC(=O)C1=CC2=C(Br)C=CC=C2C=C1,9258162,COC(=O)c1ccc2cccc(Br)c2c1,168901-54-0
OC(C1=CCCC1=O)C1=CC=C(Br)C=C1,9260681,O=C1CCC=C1C(O)c1ccc(Br)cc1,503457-67-8
OCC1=CC(CC2=CC=CC=C2)=CC(Br)=C1,9327129,OCc1cc(Br)cc(Cc2ccccc2)c1,317334-60-4
CC(C)OC1=C(Br)C=CC(=C1)N(=O)=O,9388407,CC(C)Oc1cc([N+](=O)[O-])ccc1Br,423165-35-9
CC1=CC=C(C=C1)S(=O)(=O)NC1=C(C=CC=C1)C(=O)C1=CC=C(Br)C=C1,9421776,Cc1ccc(S(=O)(=O)Nc2ccccc2C(=O)c2ccc(Br)cc2)cc1,370851-82-4
BrC1=CC=C(CNC2CC2)C=C1,9478214,Brc1ccc(CNC2CC2)cc1,0
COC(=O)C1=C(O)C(Br)=CC=C1O,9481828,COC(=O)c1c(O)ccc(Br)c1O,436864-67-4
FC1=C(Br)C=C(C=C1)C1C2=C(CCS2(=O)=O)NC2=C1C(=O)CCC2,9728839,O=C1CCCC2=C1C(c1ccc(F)c(Br)c1)C1=C(CCS1(=O)=O)N2,227609-25-8
CC(C)(C)NC(=O)C1=CC=CC=C1Br,9759628,CC(C)(C)NC(=O)c1ccccc1Br,0
ClC(CC1=CC=C(Br)C=C1)C=O,9844775,O=CC(Cl)Cc1ccc(Br)cc1,807667-30-7
OC(=O)CC=CC1=CC=C(Br)C=C1,9901976,O=C(O)CC=Cc1ccc(Br)cc1,0
CC(C)(C)OC(=O)N=S(C)(=O)C1=CC=C(Br)C=C1,9908502,CC(C)(C)OC(=O)N=S(C)(=O)c1ccc(Br)cc1,0
BrC1=CC=C(C=C1)C1=CNC=C1,9995411,Brc1ccc(-c2cc[nH]c2)cc1,0
OC(=O)C(\NC(=O)C1=CC=CC=C1)=C\C1=CC=C(OC2=CC=CC=C2Br)C=C1,10027714,O=C(O)/C(=C/c1ccc(Oc2ccccc2Br)cc1)NC(=O)c1ccccc1,639517-90-1
OC1=CC=C(C=C1)C1=CC=C2C(C=CC(O)=C2Br)=C1,10085016,Oc1ccc(-c2ccc3c(Br)c(O)ccc3c2)cc1,550997-76-7
OC1=C(O)C(C=O)=CC(Br)=C1,10153679,O=Cc1cc(Br)cc(O)c1O,52924-55-7
CC(C)(C)[Si](OC1=CC(Br)=CC=C1)(C1=CC=CC=C1)C1=CC=CC=C1,10269657,CC(C)(C)[Si](Oc1cccc(Br)c1)(c1ccccc1)c1ccccc1,133772-45-9
CN(CC=C)C1=CC=CC(Br)=C1,10335355,C=CCN(C)c1cccc(Br)c1,373623-22-4
BrC1=C(OCC2=CC=CC=C2)C(C=O)=CC=C1,10430304,O=Cc1cccc(Br)c1OCc1ccccc1,120980-85-0
FC1=CC(OCC2=CC=CC=C2)=C(Br)C=C1,10430570,Fc1ccc(Br)c(OCc2ccccc2)c1,202857-88-3
COC1=C(CCl)C=CC(Br)=C1,10530482,COc1cc(Br)ccc1CCl,0
CC(=O)NCC1=CC=CC=C1Br,10530951,CC(=O)NCc1ccccc1Br,0
COC(=O)C1=CC=CC=C1C1=CC=CC=C1Br,10539926,COC(=O)c1ccccc1-c1ccccc1Br,1000071-27-1
OCC1=CC(=CC=C1Br)C#N,10656654,N#Cc1ccc(Br)c(CO)c1,905710-66-9
CC(=O)C1=CC(F)=C(Br)C=C1N,11080737,CC(=O)c1cc(F)c(Br)cc1N,937816-89-2
FC(F)(F)S(=O)(=O)OC1=C(C=C(Br)C=C1)N(=O)=O,11108092,O=[N+]([O-])c1cc(Br)ccc1OS(=O)(=O)C(F)(F)F,0
CC1=CC(B(O)O)=C(C)C=C1Br,11215015,Cc1cc(B(O)O)c(C)cc1Br,0
FC(F)C(F)(F)OC1=CC(F)=CC(Br)=C1,11254718,Fc1cc(Br)cc(OC(F)(F)C(F)F)c1,0
COC1=CC=C(C=C1)\N=C(/C)C1=CC=C(Br)C=C1,11255051,COc1ccc(/N=C(\C)c2ccc(Br)cc2)cc1,0
NC1=C(C=C(Br)C=C1OCC1=CC=CC=C1)N(=O)=O,11325151,Nc1c(OCc2ccccc2)cc(Br)cc1[N+](=O)[O-],713530-47-3
CN1C(N)=NC(C1=O)(C1=CC=C(OC(F)F)C=C1)C1=CC(Br)=CC=C1,12837012,CN1C(=O)C(c2ccc(OC(F)F)cc2)(c2cccc(Br)c2)N=C1N,872041-92-4
FC(F)(F)C1=CC(Br)=CC(=C1)N1CCNCC1,13200667,FC(F)(F)c1cc(Br)cc(N2CCNCC2)c1,444727-12-2
FC1=CC(=CC(F)=C1F)C1=CC=C(Br)C=C1,13257135,Fc1cc(-c2ccc(Br)cc2)cc(F)c1F,0
BrC1=CC=C(CCNC=O)C=C1,13490228,O=CNCCc1ccc(Br)cc1,0
NC1=C(OC2=C(Br)C=C(Cl)C=C2)C=CC=C1,13834002,Nc1ccccc1Oc1ccc(Cl)cc1Br,0
FC(F)(F)C1=CC(Br)=CC(OCC2=CC=CC=C2)=C1,13862083,FC(F)(F)c1cc(Br)cc(OCc2ccccc2)c1,0
OCC1=C(F)C(Br)=CC=C1F,13905195,OCc1c(F)ccc(Br)c1F,438050-05-6
COC(=O)C1=C(Cl)C(Br)=CC=C1Cl,14124790,COC(=O)c1c(Cl)ccc(Br)c1Cl,232277-30-4
COC(=O)C1=C(CC(C)C)C=C(Br)C=C1,14212378,COC(=O)c1ccc(Br)cc1CC(C)C,643094-18-2
CCOC(=O)C(=O)C1=C(C)C=C(Br)C=C1,14212489,CCOC(=O)C(=O)c1ccc(Br)cc1C,383363-34-6
COCOC1=C(Br)C(F)=CC=C1,14291847,COCOc1cccc(F)c1Br,324769-11-1
NC1=CC(Br)=C(OC2=CC=C(F)C=C2)C=C1,14345855,Nc1ccc(Oc2ccc(F)cc2)c(Br)c1,83660-64-4
OC(=O)C1=CC(Br)=CC(O)=C1Cl,14447225,O=C(O)c1cc(Br)cc(O)c1Cl,697762-68-8
BrC1=CC=C(C=C1)C(=O)N1CCSCC1,14474912,O=C(c1ccc(Br)cc1)N1CCSCC1,1042786-34-4
CSC1=CC=CC(Br)=C1Cl,14491211,CSc1cccc(Br)c1Cl,871352-88-4
FC1=CC(Br)=CC(F)=C1CC(Cl)=O,14492863,O=C(Cl)Cc1c(F)cc(Br)cc1F,872089-12-8
CCOC(=O)CC1=C(F)C(OC2=CC(Br)=CC(Cl)=C2)=C(N)C=C1,14504280,CCOC(=O)Cc1ccc(N)c(Oc2cc(Cl)cc(Br)c2)c1F,874974-97-7
CCOC(=O)COC1=CC=C(Br)C=C1OC,14511536,CCOC(=O)COc1ccc(Br)cc1OC,648439-23-0
COC(OC)C1=CC=C(Br)C=C1F,14516598,COC(OC)c1ccc(Br)cc1F,439814-87-6
O[C@H]1CCN(C1)C1=CC=C(Br)C=C1,14524908,O[C@H]1CCN(c2ccc(Br)cc2)C1,878013-22-0
CC(C)(C)OC(=O)NCC(=O)C1=CC=CC(Br)=C1,14529898,CC(C)(C)OC(=O)NCC(=O)c1cccc(Br)c1,339185-69-2
COC(=O)C1=CC(=CC(Br)=C1)C#N,14639520,COC(=O)c1cc(Br)cc(C#N)c1,453566-15-9
NC(=O)C1=C(F)C=CC(Br)=C1,14751633,NC(=O)c1cc(Br)ccc1F,214210-17-0
CNCCC1=CC(Br)=CC=C1,14779284,CNCCc1cccc(Br)c1,785032-26-0
BrC1=CC(=CC=C1)C(=O)CN1C=CN=C1,15028067,O=C(Cn1ccnc1)c1cccc(Br)c1,80170-04-3
BrC1=CC=CC=C1C#CC1CCCCC1,15252849,Brc1ccccc1C#CC1CCCCC1,0
CC(C)OC(=O)CC1=CC=C(Br)C=C1,15300098,CC(C)OC(=O)Cc1ccc(Br)cc1,89819-73-8
CC(C)OC1=CC(=CC(Br)=C1)N(=O)=O,15420825,CC(C)Oc1cc(Br)cc([N+](=O)[O-])c1,915156-10-4
NC1=C(CC#N)C=C(Br)C=C1,15421915,N#CCc1cc(Br)ccc1N,882855-95-0
BrC1=CC(=CC=C1)C1=C2C=CC3=CC=CC4=CC=C(C=C1)C2=C34,15429970,Brc1cccc(-c2ccc3ccc4cccc5ccc2c3c45)c1,918654-99-6
CCC1=CC(Br)=CC(CC)=C1I,15509209,CCc1cc(Br)cc(CC)c1I,942475-12-9
CC1=C(Br)C=C(NC(=O)C2(CC2)C2=CC3=C(OCO3)C=C2)C=C1,15600619,Cc1ccc(NC(=O)C2(c3ccc4c(c3)OCO4)CC2)cc1Br,945244-49-5
FC1=C(C=CC(Br)=C1)C(=O)CSC#N,15617961,N#CSCC(=O)c1ccc(Br)cc1F,1007583-29-0
CNC1=C(C=C(Br)C(=C1)C(F)(F)F)N(=O)=O,15626560,CNc1cc(C(F)(F)F)c(Br)cc1[N+](=O)[O-],1007374-31-3
COC[C@H](C)COCC1=CC=C(Br)C=C1,15629984,COC[C@H](C)COCc1ccc(Br)cc1,1006865-32-2
CCOC(=O)\C=C\C1=CC(F)=CC=C1Br,15766084,CCOC(=O)/C=C/c1cc(F)ccc1Br,1019852-40-4
BrC1=CC=C(C=C1)[C@H](CC=O)CN(=O)=O,15771484,O=CC[C@H](C[N+](=O)[O-])c1ccc(Br)cc1,1001058-65-6
OC(=O)CC1=C(Br)C=C(F)C(F)=C1,18299884,O=C(O)Cc1cc(F)c(F)cc1Br,883502-07-6
COC(C(=O)OC)C1=CC=CC(Br)=C1,18364832,COC(=O)C(OC)c1cccc(Br)c1,1033956-26-1
FC1=CC(OC2=CC(Br)=CC(Cl)=C2)=C(Cl)C=C1,18401242,Fc1ccc(Cl)c(Oc2cc(Cl)cc(Br)c2)c1,1034474-29-7
ClC1=CC(OC2=C(Cl)C=CC=C2N(=O)=O)=CC(Br)=C1,18401243,O=[N+]([O-])c1cccc(Cl)c1Oc1cc(Cl)cc(Br)c1,1034474-41-3
FC1=C(C=O)C(OC2=CC(Cl)=CC(Br)=C2)=C(Cl)C=C1,18401246,O=Cc1c(F)ccc(Cl)c1Oc1cc(Cl)cc(Br)c1,1034474-30-0
NC1=C(N)C(OC2=CC(Cl)=CC(Br)=C2)=C(Cl)C=C1,18401248,Nc1ccc(Cl)c(Oc2cc(Cl)cc(Br)c2)c1N,1034474-43-5
COCCOC1=C(Br)C=CC(=C1)N(=O)=O,18447546,COCCOc1cc([N+](=O)[O-])ccc1Br,1041853-13-7
COC(=O)C1=C(Br)C(F)=CC(=C1)N(=O)=O,18665895,COC(=O)c1cc([N+](=O)[O-])cc(F)c1Br,881415-30-1
OCC1(COC2=CC=C(Br)C=C2)COC1,18668465,OCC1(COc2ccc(Br)cc2)COC1,1083430-01-6
COC1=CC(C(O)C2=CC=C(Cl)C=C2)=C(Br)C=C1,19004644,COc1ccc(Br)c(C(O)c2ccc(Cl)cc2)c1,1173238-24-8
CC(C)(C)C1=CC(Br)=CC(O)=C1,19079002,CC(C)(C)c1cc(O)cc(Br)c1,1047661-26-6
BrC1=CC=C(C=C1)C1=NC2=C(C=CC=C2)N2C3=C(C=C12)C=CC=C3,19123272,Brc1ccc(-c2nc3ccccc3n3c2cc2ccccc23)cc1,1134136-40-5
CC(=O)C1=CC(Cl)=C(Br)C=C1O,19182584,CC(=O)c1cc(Cl)c(Br)cc1O,1154415-17-4
OC(=O)[C@@H](CC1=CC=C(Br)C=C1)NC(=O)OCC1C2=C(C=CC=C2)C2=C1C=CC=C2,19311697,O=C(N[C@H](Cc1ccc(Br)cc1)C(=O)O)OCC1c2ccccc2-c2ccccc21,198545-76-5
CC1(C)N(CC2=C(Br)C=CC=C2)C(=O)N(C1=O)C1=CC(=C(C=C1)C#N)C(F)(F)F,19396043,CC1(C)C(=O)N(c2ccc(C#N)c(C(F)(F)F)c2)C(=O)N1Cc1ccccc1Br,1006898-69-6
COC(=O)C(=CC1=C(Br)C=CC=C1)C(=O)OC,19400062,COC(=O)C(=Cc1ccccc1Br)C(=O)OC,1160998-28-6
BrC1=CC(C=O)=C(C=C1N(=O)=O)N(=O)=O,19439748,O=Cc1cc(Br)c([N+](=O)[O-])cc1[N+](=O)[O-],1079039-19-2
COP(=O)(CC(=O)C1=CC=C(Br)C=C1)OC,19476860,COP(=O)(CC(=O)c1ccc(Br)cc1)OC,57057-08-6
CC(C)(C)OC(=O)NCCS(=O)(=O)C1=CC=C(Br)C=C1,19906335,CC(C)(C)OC(=O)NCCS(=O)(=O)c1ccc(Br)cc1,908272-04-8
OC[C@H](O)COC1=CC=C(Br)C=C1,19930742,OC[C@H](O)COc1ccc(Br)cc1,1056027-43-0
BrC1=CC=C(C=C1)C(=O)N(CC1=CC=CC=C1)CC1=CC=CC=C1,19970780,O=C(c1ccc(Br)cc1)N(Cc1ccccc1)Cc1ccccc1,346664-08-2
CCOC(=O)C1=CSC(=N1)C1=CC=C(Br)C=C1,20082164,CCOC(=O)c1csc(-c2ccc(Br)cc2)n1,885278-75-1
BrC1=CC2=C(C=C1)C=CC(C=C)=C2,20097497,C=Cc1ccc2ccc(Br)cc2c1,1219691-16-3
COC(=O)C1=C(Br)C=C(C)C(F)=C1,20209762,COC(=O)c1cc(F)c(C)cc1Br,1204304-98-2
CC(C)(C)OC(=O)N1CCC2(CCN(C2=O)C2=CC=C(Br)C=C2)CC1,20404658,CC(C)(C)OC(=O)N1CCC2(CC1)CCN(c1ccc(Br)cc1)C2=O,1228603-49-3
BrC1=C(C=CC=C1)C#CC1CC1,20443610,Brc1ccccc1C#CC1CC1,1224882-90-9
NC1=CC=C(Br)C=C1NCCN1CCOCC1,20536110,Nc1ccc(Br)cc1NCCN1CCOCC1,1162697-05-3
OC1=C(Br)C=C(Cl)C(=C1)C(F)(F)F,20646305,Oc1cc(C(F)(F)F)c(Cl)cc1Br,1203898-21-8
COC1=CC2=C(CN(C[C@]3(NC(=O)N(COCC[Si](C)(C)C)C3=O)C3=CC=C(Br)C=C3)C2=O)C=C1,20678785,COc1ccc2c(c1)C(=O)N(C[C@@]1(c3ccc(Br)cc3)NC(=O)N(COCC[Si](C)(C)C)C1=O)C2,916451-11-1
FC1=CC=C(Br)C(CCC=C)=C1,20870578,C=CCCc1cc(F)ccc1Br,1256476-38-6
CCOC(=O)C(=O)C=CC1=CC=CC=C1Br,21143774,CCOC(=O)C(=O)C=Cc1ccccc1Br,0
CCOC(=O)C1=C(OC)C(Br)=CC=C1CBr,21338743,CCOC(=O)c1c(CBr)ccc(Br)c1OC,1286179-90-5
BrC1=CC=C(I)C=C1CC1=CC=C2OCCNC2=C1,21387000,Brc1ccc(I)cc1Cc1ccc2c(c1)NCCO2,1291094-76-2
BrC1=CC=C(I)C=C1CC1=CC=C2OCCN(CC3=CC=CC=C3)C2=C1,21387004,Brc1ccc(I)cc1Cc1ccc2c(c1)N(Cc1ccccc1)CCO2,1291094-77-3
FC(F)(F)C(=O)N1CCOC2=CC=C(C=C12)C(=O)C1=CC(Br)=CC=C1Cl,21387009,O=C(c1ccc2c(c1)N(C(=O)C(F)(F)F)CCO2)c1cc(Br)ccc1Cl,1291093-84-9
OC(C1=CC2=C(OC3(CC3)CN2CC2=CC=CC=C2)C=C1)C1=C(Cl)C=CC(Br)=C1,21387014,OC(c1ccc2c(c1)N(Cc1ccccc1)CC1(CC1)O2)c1cc(Br)ccc1Cl,1291094-48-8
CCOC(COC1=C(C)C=CC(Br)=C1)OCC,21402528,CCOC(COc1cc(Br)ccc1C)OCC,0
BrC1=CC=CC=C1C#CC1=CC=CC=C1C=O,21504844,O=Cc1ccccc1C#Cc1ccccc1Br,1301742-86-8
ClC1=CC(CC=O)=C(Br)C=C1,21533506,O=CCc1cc(Cl)ccc1Br,265107-67-3
FC(F)(F)C(=O)N1CCOC2=C1C=C(CC1=CC(I)=CC=C1Br)C=C2,21570665,O=C(N1CCOc2ccc(Cc3cc(I)ccc3Br)cc21)C(F)(F)F,1291094-75-1
OC1=CC(Br)=C(C=O)C(O)=C1,21756380,O=Cc1c(O)cc(O)cc1Br,1265359-67-8
NC1=CC=C(Br)C(F)=C1C#N,21772592,N#Cc1c(N)ccc(Br)c1F,845866-92-4
NC1=C(C=CC=C1)C(=O)C=CC1=CC=C(Br)C=C1,21790714,Nc1ccccc1C(=O)C=Cc1ccc(Br)cc1,195073-95-1
C[C@@H](O)C1=C(Br)C=CC(F)=C1,21849736,C[C@@H](O)c1cc(F)ccc1Br,1232403-39-2
COCOC1=C(C=C(Cl)N=C1F)C(O)C1=C(F)C=CC(Br)=C1,21850962,COCOc1c(C(O)c2cc(Br)ccc2F)cc(Cl)nc1F,1335218-42-2
BrC1=CC=C(C=C1)C#CP(=O)(C1=CC=CC=C1)C1=CC=CC=C1,21878578,O=P(C#Cc1ccc(Br)cc1)(c1ccccc1)c1ccccc1,1351165-66-6
CC1=CC(N)=C(O)C=C1Br,21882875,Cc1cc(N)c(O)cc1Br,1268153-80-5
BrC1=CC(C2=NC3=CC=CC=C3S2)=C(OCC2=CC=CC=C2)C=C1,21947724,Brc1ccc(OCc2ccccc2)c(-c2nc3ccccc3s2)c1,1351664-90-8
CCN(CC)C(=O)SC1=CC(Br)=C(OC)C=C1C(=O)C1=CC=CC=C1,21993446,CCN(CC)C(=O)Sc1cc(Br)c(OC)cc1C(=O)c1ccccc1,1345983-66-5
CC1=CC=C(Br)C=C1CC(Cl)=O,22083234,Cc1ccc(Br)cc1CC(=O)Cl,1031387-31-1
CC(N)(C#N)C1=CC(Br)=C(F)C=C1F,22098457,CC(N)(C#N)c1cc(Br)c(F)cc1F,1352126-42-1
FC(F)(F)OC1=C(C=CC(Br)=C1)N=C=S,22196427,FC(F)(F)Oc1cc(Br)ccc1N=C=S,238742-91-1
NC1=CC(=C(F)C=C1Br)C(F)(F)F,22218616,Nc1cc(C(F)(F)F)c(F)cc1Br,193090-60-7
BrC1=C(OC2=C(C=O)C=CC=C2)C=CC=C1,22240679,O=Cc1ccccc1Oc1ccccc1Br,1020959-71-0
NC1(CCC1)C1=CC(Br)=CC=C1,22290168,NC1(c2cccc(Br)c2)CCC1,1098349-39-3
CC1=CNC(=N1)C1=CC=C(Br)C=C1,22419401,Cc1c[nH]c(-c2ccc(Br)cc2)n1,1187927-85-0
BrC1=CC=C(OC2COC2)C=C1,22514466,Brc1ccc(OC2COC2)cc1,1369534-96-2
CN(CC1=CC(Br)=CC=C1)C(=O)CNC(=O)OC(C)(C)C,22672815,CN(Cc1cccc(Br)c1)C(=O)CNC(=O)OC(C)(C)C,1279027-03-0
NC1=CC(Br)=CC(=C1)S(F)(F)(F)(F)F,22773446,Nc1cc(Br)cc(S(F)(F)(F)(F)F)c1,1240257-95-7
CC(CC1=CC=C(Br)C=C1)NC(=O)OC(C)(C)C,22780425,CC(Cc1ccc(Br)cc1)NC(=O)OC(C)(C)C,0
FS(F)(F)(F)(F)C1=CC(Br)=CC(=C1)N(=O)=O,22887718,O=[N+]([O-])c1cc(Br)cc(S(F)(F)(F)(F)F)c1,871507-63-0
COC(=O)C1=CC(Br)=CC(N(C)C2CCN(CC2)C(=O)OC(C)(C)C)=C1C,23054267,COC(=O)c1cc(Br)cc(N(C)C2CCN(C(=O)OC(C)(C)C)CC2)c1C,1403257-58-8
CN(C1CCNCC1)C1=CC(Br)=CC(C(=O)NCC2=C(C)C=C(C)NC2=O)=C1C,23055712,Cc1cc(C)c(CNC(=O)c2cc(Br)cc(N(C)C3CCNCC3)c2C)c(=O)[nH]1,1403590-51-1
CCOC(OCC)C1=CC=C(F)C(Br)=C1,23306376,CCOC(OCC)c1ccc(F)c(Br)c1,81658-88-0
CCOC(=O)CC(=O)N(C(C)C)C1=C(C=CC(Br)=C1)C(O)=O,23409050,CCOC(=O)CC(=O)N(c1cc(Br)ccc1C(=O)O)C(C)C,1428437-16-4
COC(=O)C1(COC1)C1=CC=C(Br)C=C1,23432407,COC(=O)C1(c2ccc(Br)cc2)COC1,1423702-65-1
CC1=C(F)C=C(C=C1Br)C1=CC=CC(F)=C1,23482923,Cc1c(F)cc(-c2cccc(F)c2)cc1Br,1427407-65-5
N[C@@H](CCC=C)C1=C(Br)C=CC(=C1)C(F)(F)F,23494209,C=CCC[C@H](N)c1cc(C(F)(F)F)ccc1Br,1432055-09-8
CCOC(=O)C(C#N)C(C1=CC=C(Br)C=C1)C1=C(C)C=CC=C1,23495464,CCOC(=O)C(C#N)C(c1ccc(Br)cc1)c1ccccc1C,1354808-42-6
FC(F)(F)C(=[N]#N)C1=CC=C(Br)C=C1,23527299,[N-]=[N+]=C(c1ccc(Br)cc1)C(F)(F)F,1446231-87-3
COC(=O)C1=C(Br)C=C(F)C(C)=C1,23545771,COC(=O)c1cc(C)c(F)cc1Br,1437780-13-6
CCN1C(=O)C(=CC2=C1N=C(SC)N=C2)C1=C(Cl)C=C(Br)C=C1,23567547,CCn1c(=O)c(-c2ccc(Br)cc2Cl)cc2cnc(SC)nc21,1286738-66-6
CCOC(=O)C1=C(N(N=C1)C1CCOCC1)C1=C(Cl)C=C(Br)C=C1,23594491,CCOC(=O)c1cnn(C2CCOCC2)c1-c1ccc(Br)cc1Cl,1449700-22-4
CCOC(=O)C1=C(N(N=C1)[C@H]1CCOC1)C1=C(C=C(Br)C=C1)N(=O)=O,23594507,CCOC(=O)c1cnn([C@H]2CCOC2)c1-c1ccc(Br)cc1[N+](=O)[O-],1429510-35-9
CCOC(=O)C1=C(N(N=C1)[C@H]1CCOC1)C1=C(F)C=C(Br)C(F)=C1,23594515,CCOC(=O)c1cnn([C@H]2CCOC2)c1-c1cc(F)c(Br)cc1F,1429510-43-9
COC1=CC=C(Br)C(C)=C1C#N,23603180,COc1ccc(Br)c(C)c1C#N,1374574-57-8
COC(=O)C1=CC(Br)=CC(=C1)S(F)(F)(F)(F)F,23742159,COC(=O)c1cc(Br)cc(S(F)(F)(F)(F)F)c1,1211541-62-6
FC1=CC(C(=O)CC2=C(F)C=CC=C2)=C(Br)C=C1,23801650,O=C(Cc1ccccc1F)c1cc(F)ccc1Br,1179628-37-5
FC1=CC(C(=O)C#CC2=CC=CC=C2)=C(Br)C=C1,23892284,O=C(C#Cc1ccccc1)c1cc(F)ccc1Br,0
CC1=CC(CCCO)=CC(C)=C1Br,23918702,Cc1cc(CCCO)cc(C)c1Br,1458654-28-8
CC1=CC(CCCOS(C)(=O)=O)=CC(C)=C1Br,23918710,Cc1cc(CCCOS(C)(=O)=O)cc(C)c1Br,1458654-38-0
CC1=CC(=CC(C)=C1Br)B1OC(C)(C)C(C)(C)O1,23918819,Cc1cc(B2OC(C)(C)C(C)(C)O2)cc(C)c1Br,1073338-97-2
FC(F)(F)C1=CC(N2CCOCC2)=C(Br)C=C1,23941128,FC(F)(F)c1ccc(Br)c(N2CCOCC2)c1,1454667-17-4
BrC1=CC(=C(C=C1)N1C=CC=C1)N(=O)=O,23965385,O=[N+]([O-])c1cc(Br)ccc1-n1cccc1,1169610-77-8
C[C@@H](NC(=O)OC(C)(C)C)C1=CC=CC(Br)=C1C,24008617,Cc1c(Br)cccc1[C@@H](C)NC(=O)OC(C)(C)C,1466528-35-7
COC1=C(OCC2CN(C)CCO2)C=C2N=CN=C(NC3=CC=C(Br)C=C3F)C2=C1,24347883,COc1cc2c(Nc3ccc(Br)cc3F)ncnc2cc1OCC1CN(C)CCO1,0
NC1=C(I)C=C(Br)C(Cl)=C1,24572780,Nc1cc(Cl)c(Br)cc1I,0
COC(=O)C1=C(C)C(O)=CC(Br)=C1,24630130,COC(=O)c1cc(Br)cc(O)c1C,0
C[C@]1(CS(=O)(=O)CC(N)=N1)C1=C(F)C=CC(Br)=C1,24643776,C[C@@]1(c2cc(Br)ccc2F)CS(=O)(=O)CC(N)=N1,0
C[C@]1(CSCC(N)=N1)C1=C(F)C=CC(Br)=C1,24643819,C[C@@]1(c2cc(Br)ccc2F)CSCC(N)=N1,0
NC1=C(F)C(F)=C(Br)C=C1I,26708811,Nc1c(I)cc(Br)c(F)c1F,1589004-82-9
CCS(=O)(=O)C1=CC=C(Br)C(OC)=C1,26910402,CCS(=O)(=O)c1ccc(Br)c(OC)c1,1614246-34-2
CCS(=O)(=O)C1=CC(OC)=C(C=C1)C1=C(F)C=CC(Br)=C1,26910414,CCS(=O)(=O)c1ccc(-c2cc(Br)ccc2F)c(OC)c1,1614246-52-4
CCS(=O)(=O)C1=CC(OC)=C(C=C1)C1=C(OC)C=CC(Br)=C1,26910422,CCS(=O)(=O)c1ccc(-c2cc(Br)ccc2OC)c(OC)c1,1614246-67-1
CS(=O)(=O)CC(=O)C1=CC=C(Br)C=C1,26930095,CS(=O)(=O)CC(=O)c1ccc(Br)cc1,500576-33-0
CC(C)(C)OC(=O)NC1=CC(Br)=CC=C1C(O)=O,27135462,CC(C)(C)OC(=O)Nc1cc(Br)ccc1C(=O)O,1183031-46-0
NC1=CC=C(Br)C=C1N1C=CC=C1,27417248,Nc1ccc(Br)cc1-n1cccc1,0
CC(C)(C)OC(=O)CC(C(O)=O)C1=CC(Br)=CC=C1,27446934,CC(C)(C)OC(=O)CC(C(=O)O)c1cccc(Br)c1,0
CCOC1=C(C=O)C=C(Br)C(=C1F)C1=C(F)C=C(F)C=C1,27544328,CCOc1c(C=O)cc(Br)c(-c2ccc(F)cc2F)c1F,0
CC(C)OC1=C(C=O)C=C(Br)C(=C1F)C1=C(F)C=C(F)C=C1,27544340,CC(C)Oc1c(C=O)cc(Br)c(-c2ccc(F)cc2F)c1F,0
CCOC1=CC(Br)=CC(F)=C1C=O,27579182,CCOc1cc(Br)cc(F)c1C=O,0
CC1=CC2=NC(=CN2C=C1)C1=CC(Br)=CC=C1,27611171,Cc1ccn2cc(-c3cccc(Br)c3)nc2c1,0
NC1=CC=C(F)C(Br)=C1C(O)=O,27781234,Nc1ccc(F)c(Br)c1C(=O)O,0
CC(C)(C)OC(=O)C1=CC=C(Br)C2=CC=CC=C12,27783574,CC(C)(C)OC(=O)c1ccc(Br)c2ccccc12,0
BrCC(=O)NC1=CC(Br)=CC=C1,27860579,O=C(CBr)Nc1cccc(Br)c1,0
CC1=C(NC(=O)CC2=CC=CC=N2)C=CC=C1Br,27916362,Cc1c(Br)cccc1NC(=O)Cc1ccccn1,0
CC(C)CN(CC(C)C)C1=C(Cl)C=C(Br)C=C1N(=O)=O,28002259,CC(C)CN(CC(C)C)c1c(Cl)cc(Br)cc1[N+](=O)[O-],0
FC1=CC(Br)=C(I)C=C1F,28231070,Fc1cc(Br)c(I)cc1F,0
C[C@]1(COS(=O)(=O)N1C(=O)OCC1=CC=CC=C1)C1=C(F)C=CC(Br)=C1,28303024,C[C@@]1(c2cc(Br)ccc2F)COS(=O)(=O)N1C(=O)OCc1ccccc1,0
CCC(=O)CC1=CC(Br)=C(OC)C=C1,28349915,CCC(=O)Cc1ccc(OC)c(Br)c1,0
CCOC1=CC(CC(=O)N(C)OC)=C(Br)C=C1,28349924,CCOc1ccc(Br)c(CC(=O)N(C)OC)c1,0
CCOC1=CC(CC(N)CC)=C(Br)C=C1,28349926,CCOc1ccc(Br)c(CC(N)CC)c1,0
CCOC1=CC(CC(CC)NC=O)=C(Br)C=C1,28349927,CCOc1ccc(Br)c(CC(CC)NC=O)c1,0
FC1=C(C=CC(Br)=C1C(Cl)=O)C(F)(F)F,28583895,O=C(Cl)c1c(Br)ccc(C(F)(F)F)c1F,0
CC1=C(C=CC(Br)=C1Cl)C1=C(I)SC2=NC=NC(Cl)=C12,28591482,Cc1c(-c2c(I)sc3ncnc(Cl)c23)ccc(Br)c1Cl,0
CC1=C(C=CC(Br)=C1Cl)C1=C(SC2=NC=NC(Cl)=C12)C1=C(F)C(F)=CC=C1,28591483,Cc1c(-c2c(-c3cccc(F)c3F)sc3ncnc(Cl)c23)ccc(Br)c1Cl,0
ClCCC1=C(C=CC(Br)=C1)C(Cl)=O,28634107,O=C(Cl)c1ccc(Br)cc1CCCl,0
CC1=C(C=CC=C1COC1=CC(O)=C(C=O)C=C1Br)C1=CC=CC=C1,28686963,Cc1c(COc2cc(O)c(C=O)cc2Br)cccc1-c1ccccc1,0
CC(O)C1=C(Br)C=CC(=C1)C(F)(F)F,28888115,CC(O)c1cc(C(F)(F)F)ccc1Br,0
CC(O)C1=CC=C(C)C=C1Br,28939022,Cc1ccc(C(C)O)c(Br)c1,0
CC1=C(NC(=O)C(F)(F)F)C=C(Cl)C(Br)=C1,28950601,Cc1cc(Br)c(Cl)cc1NC(=O)C(F)(F)F,0
OC1=CC=C(C=C1)C(=C(C1=CC=CC=C1)C1=CC=C(Br)C=C1)C1=CC=CC=C1,29169548,Oc1ccc(C(=C(c2ccccc2)c2ccc(Br)cc2)c2ccccc2)cc1,0
CCSC1=C(C=CC(Br)=C1)C(O)=O,29270511,CCSc1cc(Br)ccc1C(=O)O,0
NC1=CC=C(Br)C=C1NCC(F)(F)F,29467278,Nc1ccc(Br)cc1NCC(F)(F)F,0
CC(C)(C)OC(=O)N1CC[C@@H](C1)OC1=C(Br)C=C(C=C1)C(O)=O,29477497,CC(C)(C)OC(=O)N1CC[C@H](Oc2ccc(C(=O)O)cc2Br)C1,0
C[C@@H](NC(=O)OC(C)(C)C)C1=C(Br)C=CC(Cl)=C1,29501648,C[C@@H](NC(=O)OC(C)(C)C)c1cc(Cl)ccc1Br,0
NC1=C(NC(=O)C2=CC=CN=C2Cl)C=C(Br)C=C1,29594049,Nc1ccc(Br)cc1NC(=O)c1cccnc1Cl,0
CC1=C(C=C(Br)C=C1)C(=O)C1=CC2=C(OCCO2)C=C1,29746491,Cc1ccc(Br)cc1C(=O)c1ccc2c(c1)OCCO2,0
OC1=CC(Cl)=CC(O)=C1Br,29768430,Oc1cc(Cl)cc(O)c1Br,0
CNC1=C(OCC2=CC=CC=C2)C=C(Br)C=C1N(=O)=O,29922455,CNc1c(OCc2ccccc2)cc(Br)cc1[N+](=O)[O-],0
BrC1=C(C=CC=C1)C1=NNN=C1,30017166,Brc1ccccc1-c1cn[nH]n1,0
CC(C)NC(=O)COC1=CC(Br)=CC=C1,30611049,CC(C)NC(=O)COc1cccc(Br)c1,0
BrC1=CC=C(OCCCC=C)C=C1,30718408,C=CCCCOc1ccc(Br)cc1,0
FC(F)(F)OCCNC1=C(C=CC(Br)=C1)N(=O)=O,30909895,O=[N+]([O-])c1ccc(Br)cc1NCCOC(F)(F)F,0
NC1=C(NCCOC(F)(F)F)C=C(Br)C=C1,30909896,Nc1ccc(Br)cc1NCCOC(F)(F)F,0
OB(O)C=CC1=CC=C(Br)C=C1,31011142,OB(O)C=Cc1ccc(Br)cc1,0
CC1=C(CO)C(=NO1)C1=CC=C(Br)C=C1,31257615,Cc1onc(-c2ccc(Br)cc2)c1CO,0
FC(F)(F)C1=CC=CC(NC2=C(Br)C=CC=C2)=C1,31394769,FC(F)(F)c1cccc(Nc2ccccc2Br)c1,0
COC1=CC(C=O)=CC=C1OCC1=CC=C(Br)C=C1,31506210,COc1cc(C=O)ccc1OCc1ccc(Br)cc1,0
CC(C)(C)OC(=O)NC1CC2(C1)CC(C2)OC1=C(C=CC(Br)=C1)C(N)=O,31611186,CC(C)(C)OC(=O)NC1CC2(C1)CC(Oc1cc(Br)ccc1C(N)=O)C2,0
CN1CCN(CC1)C1=C(N)C=C(Br)C(F)=C1,31798841,CN1CCN(c2cc(F)c(Br)cc2N)CC1,0
COC(=O)C1=C(CBr)C(Br)=C(F)C=C1,32161182,COC(=O)c1ccc(F)c(Br)c1CBr,0
CCOC(=O)C(\Cl)=N/NC1=CC=C(Br)C=C1,32164599,CCOC(=O)/C(Cl)=N\Nc1ccc(Br)cc1,0
OC(=O)C1=C(O)C(Br)=CC(F)=C1F,32392342,O=C(O)c1c(O)c(Br)cc(F)c1F,0
FS(=O)(=O)C=CC1=CC=C(Br)C=C1,32433673,O=S(=O)(F)C=Cc1ccc(Br)cc1,0
NC1=C(OC2CC2)C=C(Br)C=C1,32610724,Nc1ccc(Br)cc1OC1CC1,0
FC1=CC(Br)=C(C=CC#N)C=C1,32641179,N#CC=Cc1ccc(F)cc1Br,0
NC1=C(C=C(Br)C(=C1)C(O)=O)C(F)(F)F,32719012,Nc1cc(C(=O)O)c(Br)cc1C(F)(F)F,0
BrC1=CC=C(C2=CC=CN=C2)C2=CC=CC=C12,32736088,Brc1ccc(-c2cccnc2)c2ccccc12,0
OC(=O)C1=C(O)C=C(Br)C(F)=C1,32754820,O=C(O)c1cc(F)c(Br)cc1O,0
NCCCNS(=O)(=O)C1=CC=C(Br)C=C1,33476442,NCCCNS(=O)(=O)c1ccc(Br)cc1,0
FC1=CC(F)=C(OCC2=CC=CC=C2)C=C1Br,33630335,Fc1cc(F)c(OCc2ccccc2)cc1Br,0
COC1=C(Br)C=CC(OC(F)(F)F)=C1F,34060031,COc1c(Br)ccc(OC(F)(F)F)c1F,0
CC(C)(C)OC(=O)N1[C@H](COC1(C)C)C1=CC(Br)=C(Cl)C=C1,34479350,CC(C)(C)OC(=O)N1[C@@H](c2ccc(Cl)c(Br)c2)COC1(C)C,0
COC(=O)C1=CC(Br)=C(CBr)C(=C1)C(F)F,34587657,COC(=O)c1cc(Br)c(CBr)c(C(F)F)c1,0
CNC(=O)C1=CC(OC)=CC(Br)=C1,34724601,CNC(=O)c1cc(Br)cc(OC)c1,0
CN1C=NN=C1C1=CC=C(Br)C=C1,34886196,Cn1cnnc1-c1ccc(Br)cc1,0
OCC(F)C1=CC(Cl)=CC=C1Br,35012163,OCC(F)c1cc(Cl)ccc1Br,0
COC(=O)C1=C(C)C(Br)=CC(I)=C1,35035575,COC(=O)c1cc(I)cc(Br)c1C,0
CN(CCNCC1=CC(Br)=CC=C1)C(=O)OC(C)(C)C,35281982,CN(CCNCc1cccc(Br)c1)C(=O)OC(C)(C)C,0
CC(C)(C)OC(=O)N1CCC2(CC2C2=CC=C(Br)C=C2)CC1,35914497,CC(C)(C)OC(=O)N1CCC2(CC1)CC2c1ccc(Br)cc1,0
COC(=O)[C@@H](N)CC1=CC=C(Br)C2=CC=CC=C12,36083068,COC(=O)[C@@H](N)Cc1ccc(Br)c2ccccc12,0
CC(C)(C)OC(=O)C1=C(Cl)C=C(Br)C=C1Cl,36424041,CC(C)(C)OC(=O)c1c(Cl)cc(Br)cc1Cl,0
COC(=O)C1=C(CBr)C=C(Br)C=C1I,36764878,COC(=O)c1c(I)cc(Br)cc1CBr,0
CC1=C(COCC=C)C=C(Br)C=C1,36893982,C=CCOCc1cc(Br)ccc1C,0
COC(CNCC1=C(Br)C=C(C)C=C1)OC,37017302,COC(CNCc1ccc(C)cc1Br)OC,0
COC1=C(C)C(F)=CC=C1Br,37821526,COc1c(Br)ccc(F)c1C,0
FC1=CC=C(C(Br)=C1C(F)(F)F)N(=O)=O,37864998,O=[N+]([O-])c1ccc(F)c(C(F)(F)F)c1Br,0
FC1=CC=C(Br)C(CC#N)=C1F,37905169,N#CCc1c(Br)ccc(F)c1F,0
BrC1=CC=C(C=C1)C(=O)C1=CC=CO1,136596,O=C(c1ccc(Br)cc1)c1ccco1,13365-64-5
COC1=CC=C2NC(=CC2=C1)C1=CC=C(Br)C=C1,182164,COc1ccc2[nH]c(-c3ccc(Br)cc3)cc2c1,100865-02-9
BrC1=CC=C(C=C1)C1=NN(C=C1)C1=CC=CC=C1,192540,Brc1ccc(-c2ccn(-c3ccccc3)n2)cc1,33064-18-5
BrC1=CC=CC(=C1)C1=NC(=NO1)C1=CC=CC=C1,205977,Brc1cccc(-c2nc(-c3ccccc3)no2)c1,106269-44-7
BrC1=CC=C(C=C1)C(N1CCNCC1)C1=CC=CC=C1,243026,Brc1ccc(C(c2ccccc2)N2CCNCC2)cc1,68240-62-0
BrC1=CC=C(C=C1)C1=NNC(=C1)C1=CC=CC=C1,652010,Brc1ccc(-c2cc(-c3ccccc3)[nH]n2)cc1,50603-96-8
BrC1=CC=C(CC2=NC3=C(N2)C=CC=C3)C=C1,652183,Brc1ccc(Cc2nc3ccccc3[nH]2)cc1,100622-41-1
CCOC(=O)C(=NNC1=CC=C(Br)C=C1)C(=O)OCC,678040,CCOC(=O)C(=NNc1ccc(Br)cc1)C(=O)OCC,13631-76-0
BrC1=CC=C(NC2=NC=NC3=CC=C(C=C23)N(=O)=O)C=C1,685520,O=[N+]([O-])c1ccc2ncnc(Nc3ccc(Br)cc3)c2c1,51687-16-2
NC1=NON=C1C1=CC=C(Br)C=C1,781185,Nc1nonc1-c1ccc(Br)cc1,49615-71-6
ClP(Cl)C1=CC=CC=C1Br,907622,ClP(Cl)c1ccccc1Br,5274-51-1
CN1C=CC(=N1)C1=CC=C(Br)C=C1,909899,Cn1ccc(-c2ccc(Br)cc2)n1,73387-51-6
CC1=CC=C(C=C1)N=NC1=CC=C(Br)C=C1,910872,Cc1ccc(N=Nc2ccc(Br)cc2)cc1,92022-25-8
NC1=NOC(=C1)C1=CC=C(Br)C=C1,977240,Nc1cc(-c2ccc(Br)cc2)on1,6525-98-0
BrC1=CC(=CC=C1)C1=CC(=NO1)C1=CC=CC=C1,985617,Brc1cccc(-c2cc(-c3ccccc3)no2)c1,25856-14-8
BrC1=CC=C(C=C1)C1=NN=CN=N1,1104992,Brc1ccc(-c2nncnn2)cc1,56107-99-4
CC1=NN=C(N=N1)C1=CC=C(Br)C=C1,1106049,Cc1nnc(-c2ccc(Br)cc2)nn1,56108-00-0
BrC1=CC=C(\C=C2/SC(=S)NC2=O)C=C1,1213385,O=C1NC(=S)S/C1=C\c1ccc(Br)cc1,34560-01-5
BrC1=CC=C(C=C1)C1C=CC=CC=C1,1864980,Brc1ccc(C2C=CC=CC=C2)cc1,54615-31-5
CCC(=O)C1=CC(Br)=C(OC)C=C1,1869319,CCC(=O)c1ccc(OC)c(Br)c1,4374-36-1
CC1=CC(Br)=C(O)C(CO)=C1,1945410,Cc1cc(Br)c(O)c(CO)c1,43135-49-5
CCOC1=CC=C(C=C1)C1=CC=C(Br)C=C1,1949822,CCOc1ccc(-c2ccc(Br)cc2)cc1,58743-80-9
CN(C)C(=O)CCC1=CC=C(Br)C=C1,1955992,CN(C)C(=O)CCc1ccc(Br)cc1,868066-64-2
OC(CC1=CC=CC=C1)C1=CC=C(Br)C=C1,1961944,OC(Cc1ccccc1)c1ccc(Br)cc1,20498-64-0
COC1=CC=C(CC2=CC(OC)=C(OC)C=C2Br)C=C1OC,2003507,COc1ccc(Cc2cc(OC)c(OC)cc2Br)cc1OC,2898-57-9
FC1=C(F)C(F)=C(OC2=C(F)C(F)=C(Br)C(F)=C2F)C(F)=C1F,2025372,Fc1c(F)c(F)c(Oc2c(F)c(F)c(Br)c(F)c2F)c(F)c1F,14055-44-8
BrC1=CC=CC=C1\C=C/C#N,2041844,N#C/C=C\c1ccccc1Br,51220-03-2
CC(C(C)=O)C1=CC=C(Br)C=C1,2046131,CC(=O)C(C)c1ccc(Br)cc1,21906-01-4
BrCC1=C(Br)C2=C(C=CC=C2)C2=C1C=CC=C2,2052579,BrCc1c(Br)c2ccccc2c2ccccc12,52979-70-1
FC1=CC(S)=C(Br)C=C1,2081080,Fc1ccc(Br)c(S)c1,55389-14-5
CC(C)(C)C1=CC(Br)=C(F)C=C1,2082763,CC(C)(C)c1ccc(F)c(Br)c1,34252-94-3
BrC1=CC=C(C=C2CCCCC2=O)C=C1,2100534,O=C1CCCCC1=Cc1ccc(Br)cc1,0
COC1=CC=C(CC2=CC(Br)=CC=C2)C=C1,2102657,COc1ccc(Cc2cccc(Br)c2)cc1,53039-49-9
COC1=C(OC)C(Br)=C(CC#N)C=C1,2108402,COc1ccc(CC#N)c(Br)c1OC,72912-39-1
CC1=CC=C(C=C1)C(=O)C1=C(N)C=CC(Br)=C1,2114272,Cc1ccc(C(=O)c2cc(Br)ccc2N)cc1,5621-60-3
NC1=C(C=CC=C1)C(=O)NC1=C(Br)C=CC=C1,2122288,Nc1ccccc1C(=O)Nc1ccccc1Br,34489-85-5
BrC1=C(CC2CC3=C(C=CC=C3)C2=O)C=CC=C1,2126015,O=C1c2ccccc2CC1Cc1ccccc1Br,55223-24-0
ClC1=C(NC2=CC=C(Br)C=C2)C(=O)C2=C(C=CC=C2)C1=O,2144014,O=C1C(Cl)=C(Nc2ccc(Br)cc2)C(=O)c2ccccc21,62101-45-5
COC(=O)C1=CC(Br)=CC(Cl)=C1O,2210608,COC(=O)c1cc(Br)cc(Cl)c1O,4068-72-8
COP(=O)(OC)C(=O)C1=CC=C(Br)C=C1,2214809,COP(=O)(OC)C(=O)c1ccc(Br)cc1,33493-31-1
FCCC1=CC=C(Br)C=C1,2243692,FCCc1ccc(Br)cc1,55153-09-8
BrC1=CC=C(SCC(=O)C2=CC=CC=C2)C=C1,2273908,O=C(CSc1ccc(Br)cc1)c1ccccc1,7312-06-3
CC1=CC(F)=C(C)C=C1Br,2354742,Cc1cc(Br)c(C)cc1F,51760-04-4
OCC1=CC2=CC=CC=C2C=C1Br,2358575,OCc1cc2ccccc2cc1Br,38399-19-8
COC1=C(OC)C=C(C(=O)C2=CC=CC=C2)C(Br)=C1,2383198,COc1cc(Br)c(C(=O)c2ccccc2)cc1OC,59142-61-9
COC(=O)C1=CC(Br)=CC(C)=C1O,2414635,COC(=O)c1cc(Br)cc(C)c1O,40912-71-8
CC(C)(C)NCC(O)C1=CC(F)=C(N)C(Br)=C1,2417474,CC(C)(C)NCC(O)c1cc(F)c(N)c(Br)c1,56707-31-4
CN=CC1=CC=CC(Br)=C1,2430306,CN=Cc1cccc(Br)c1,35003-56-6
OCC1=C(Br)C=CC(=C1)C1=CC=CC=C1,2445682,OCc1cc(-c2ccccc2)ccc1Br,22156-72-5
BrC1=C(C=CC=C1)C1=C(C=CC=C1)C#N,2450227,N#Cc1ccccc1-c1ccccc1Br,54245-41-9
OC(=O)COC1=C(Br)C2=C(C=CC=C2)C=C1,2456664,O=C(O)COc1ccc2ccccc2c1Br,41791-59-7
CC1=CC(=CC(Br)=C1C)N(=O)=O,2504166,Cc1cc([N+](=O)[O-])cc(Br)c1C,22162-22-7
CCOC(=O)CC1=CC=C(Br)C2=C1C=CC=C2,2506330,CCOC(=O)Cc1ccc(Br)c2ccccc12,34841-59-3
CC(C)(C)C1=CC=C(Br)C=C1O,2518399,CC(C)(C)c1ccc(Br)cc1O,30715-50-5
CC1=CC=C(OCC=C)C(Br)=C1,2520002,C=CCOc1ccc(C)cc1Br,2120-18-5
CN(C)C(=O)OC1=CC=C(Br)C=C1,2523072,CN(C)C(=O)Oc1ccc(Br)cc1,7308-55-6
CC(=O)OC1=C(Br)C2=C(C=CC=C2)C=C1,2526022,CC(=O)Oc1ccc2ccccc2c1Br,91238-72-1
OC1=C(C2=CC=CC=C2)C(C2=CC=CC=C2)=C(Br)C(C2=CC=CC=C2)=C1C1=CC=CC=C1,2570132,Oc1c(-c2ccccc2)c(-c2ccccc2)c(Br)c(-c2ccccc2)c1-c1ccccc1,1974-42-1
CC1=CC(Br)=C(CC(O)=O)C=C1,2575392,Cc1ccc(CC(=O)O)c(Br)c1,31881-86-4
NNC(=O)CC1=CC=C(Br)C=C1,2576233,NNC(=O)Cc1ccc(Br)cc1,57676-50-3
COC1=CC=C(Br)C(C(O)=O)=C1C,2579414,COc1ccc(Br)c(C(=O)O)c1C,55289-17-3
OC(=O)C1=C(C(O)=C(Br)C=C1)N(=O)=O,2585889,O=C(O)c1ccc(Br)c(O)c1[N+](=O)[O-],37524-08-6
CC(=O)C1=CC=C(C=C1)C1=C(Br)C=CC=C1,2615247,CC(=O)c1ccc(-c2ccccc2Br)cc1,3808-91-1
OC(=O)C1=CC=C(C=C1)C1=CC=CC=C1Br,2616071,O=C(O)c1ccc(-c2ccccc2Br)cc1,3808-94-4
OC(C(=O)C1=CC=CC=C1)C1=CC=C(Br)C=C1,2618710,O=C(c1ccccc1)C(O)c1ccc(Br)cc1,53458-14-3
OC1=CC(CC#N)=C(Br)C=C1,2641244,N#CCc1cc(O)ccc1Br,51506-70-8
OC(=O)C1=C(O)C=CC=C1Br,2641480,O=C(O)c1c(O)cccc1Br,38876-70-9
COC1=C(CC#N)C=C(Br)C=C1,2641990,COc1ccc(Br)cc1CC#N,7062-40-0
COC(=O)C1=C(OC)C2=CC=CC=C2C(Br)=C1,2653120,COC(=O)c1cc(Br)c2ccccc2c1OC,5813-38-7
BrC1=CC=C(C=C1)C(=O)CC(C#N)C1=CC=CC=C1,2657481,N#CC(CC(=O)c1ccc(Br)cc1)c1ccccc1,133131-51-8
CCOC(=O)C(CC(=O)C1=CC=C(Br)C=C1)C(C)=O,2660695,CCOC(=O)C(CC(=O)c1ccc(Br)cc1)C(C)=O,2108-57-8
OC(=O)C1=C(Br)C=C(O)C=C1,2691434,O=C(O)c1ccc(O)cc1Br,28547-28-6
CC1=CC=C(C=C1)S(=O)(=O)OC1=C(Br)C2=CC=CC=C2C=C1,2703739,Cc1ccc(S(=O)(=O)Oc2ccc3ccccc3c2Br)cc1,42768-98-9
CC(C)N(C)C1=CC=C(Br)C=C1,2717967,CC(C)N(C)c1ccc(Br)cc1,61684-98-8
NC1=CC(Br)=CC=C1OC1=CC=CC=C1,2726072,Nc1cc(Br)ccc1Oc1ccccc1,56966-45-1
BrC1=C(CCNCC2=CC=CC=C2)C=CC=C1,2727776,Brc1ccccc1CCNCc1ccccc1,65185-57-1
CC(=O)NC1=CC(=C(Br)C=C1)N(=O)=O,2730082,CC(=O)Nc1ccc(Br)c([N+](=O)[O-])c1,99233-19-9
BrC1=CC=C(C=C1)C(=O)NC1=CC=C(C=C1)N(=O)=O,2749218,O=C(Nc1ccc([N+](=O)[O-])cc1)c1ccc(Br)cc1,62507-50-0
CC(Cl)C(=O)NC1=CC=C(Br)C=C1,2804735,CC(Cl)C(=O)Nc1ccc(Br)cc1,21262-08-8
ClCCC(=O)NC1=CC=C(Br)C=C1,2804746,O=C(CCCl)Nc1ccc(Br)cc1,19205-70-0
NC1=C(Br)C2=C(C=CC=C2)C2=C1C=CC=C2,2806052,Nc1c(Br)c2ccccc2c2ccccc12,132493-79-9
COC1=CC=C(CCN)C(Br)=C1OC,2806296,COc1ccc(CCN)c(Br)c1OC,72912-40-4
OC1=CC=C(Br)C=C1NC(=O)CCl,2806760,O=C(CCl)Nc1cc(Br)ccc1O,24036-48-4
COC(=O)\C=C\C1=C(N)C=CC(Br)=C1,2838361,COC(=O)/C=C/c1cc(Br)ccc1N,71205-21-5
COP(=O)(CC1=CC=C(Br)C=C1)OC,2838420,COP(=O)(Cc1ccc(Br)cc1)OC,17211-08-4
COC(=O)CCNC1=CC=C(Br)C=C1,2843076,COC(=O)CCNc1ccc(Br)cc1,90869-05-9
NC1=CC=C(C=C1)S(=O)(=O)NC1=CC=C(Br)C=C1,2944673,Nc1ccc(S(=O)(=O)Nc2ccc(Br)cc2)cc1,19837-76-4
CC1=C(C=C(Cl)C(Br)=C1)N(=O)=O,2967775,Cc1cc(Br)c(Cl)cc1[N+](=O)[O-],0
OC(=O)C1=CN=NN1C1=CC=C(Br)C=C1,2977222,O=C(O)c1cnnn1-c1ccc(Br)cc1,20177-59-7
CCOC(=O)COC1=C(CCl)C=C(Br)C=C1,2982952,CCOC(=O)COc1ccc(Br)cc1CCl,13923-56-3
COC1=CC=C(O)C(Br)=C1OC,3050030,COc1ccc(O)c(Br)c1OC,16276-35-0
OC(=O)CC1=C(Br)C=CC=C1N(=O)=O,3093723,O=C(O)Cc1c(Br)cccc1[N+](=O)[O-],37777-74-5
CS(=O)(=O)OCC(=O)C1=CC=C(Br)C=C1,3094348,CS(=O)(=O)OCC(=O)c1ccc(Br)cc1,19826-89-2
CN(C)C1=CC(Br)=C(N)C=C1,3127177,CN(C)c1ccc(N)c(Br)c1,107100-00-5
OC1=CC=CC=C1C(=O)\C=C\C1=C(Br)C=CC=C1,3135681,O=C(/C=C/c1ccccc1Br)c1ccccc1O,0
FCC1=CC(Br)=CC=C1,3234822,FCc1cccc(Br)c1,456-43-9
CC1=CC(Br)=C(C=C1)C(C)(C)C,3237392,Cc1ccc(C(C)(C)C)c(Br)c1,129167-74-4
CC1=CC(Br)=C(N)C=C1Cl,3237787,Cc1cc(Br)c(N)cc1Cl,102170-52-5
CC(C)(C)OCC1=C(Br)C=CC=C1,3239572,CC(C)(C)OCc1ccccc1Br,137395-70-1
BrC1=C(NC#N)C=CC=C1,3240514,N#CNc1ccccc1Br,343269-59-0
CCOC1=CC(Br)=C(N)C=C1,3241688,CCOc1ccc(N)c(Br)c1,57279-72-8
COC1=C(Br)C=C(C=C1)C(N)=O,3242966,COc1ccc(C(N)=O)cc1Br,0
OC(=O)C(=C)CC1=CC=C(Br)C=C1,3243162,C=C(Cc1ccc(Br)cc1)C(=O)O,860256-21-9
COC1=CC(CCl)=C(Br)C=C1,3245819,COc1ccc(Br)c(CCl)c1,66192-25-4
NC1=C(Cl)C=C(Br)C=C1I,3246131,Nc1c(Cl)cc(Br)cc1I,56141-11-8
OC1=C(Cl)C=C(Br)C=C1I,3246156,Oc1c(Cl)cc(Br)cc1I,858855-18-2
OC(=O)C1=C(I)C(Br)=CC=C1,3247393,O=C(O)c1cccc(Br)c1I,503821-94-1
BrC1=CC(I)=C(I)C(I)=C1,3248505,Brc1cc(I)c(I)c(I)c1,0
CC(=O)NC1=C(Br)C=C(C)C=C1C,3256681,CC(=O)Nc1c(C)cc(C)cc1Br,215170-73-3
CC1=CC=CC(=C1)C(=O)C1=C(Br)C=CC=C1,3256959,Cc1cccc(C(=O)c2ccccc2Br)c1,294878-58-3
CC(=O)C1=C(OCC=C)C=CC(Br)=C1,3258842,C=CCOc1ccc(Br)cc1C(C)=O,444809-89-6
COC1=CC(Br)=C(C=C1O)C(O)=O,3269202,COc1cc(Br)c(C(=O)O)cc1O,121936-68-3
CNCCC1=C(Br)C=C(OC)C(OC)=C1,3286967,CNCCc1cc(OC)c(OC)cc1Br,162330-95-2
CCCCNS(=O)(=O)C1=CC=C(Br)C=C1,3306483,CCCCNS(=O)(=O)c1ccc(Br)cc1,1984-28-7
OC(=O)CC(C1=CC=CC=C1)C1=CC=C(Br)C=C1,3306641,O=C(O)CC(c1ccccc1)c1ccc(Br)cc1,80272-20-4
COC1=CC(Br)=C(C=NO)C=C1OC,3312566,COc1cc(Br)c(C=NO)cc1OC,198204-67-0
OC(=O)C1=C(O)C(=CC(Br)=C1)N(=O)=O,3313671,O=C(O)c1cc(Br)cc([N+](=O)[O-])c1O,10169-50-3
BrC1=CC(=C(OC2=CC=CC=C2)C=C1)N(=O)=O,3329484,O=[N+]([O-])c1cc(Br)ccc1Oc1ccccc1,56966-61-1
BrC1=CC=C(CN(CC2=CC=CC=C2)CC2=CC=CC=C2)C=C1,3338884,Brc1ccc(CN(Cc2ccccc2)Cc2ccccc2)cc1,121286-04-2
CC(=O)NC1=C(C2=CC=C(Br)C=C2C=C1)N(=O)=O,3347798,CC(=O)Nc1ccc2cc(Br)ccc2c1[N+](=O)[O-],855930-17-5
SC1=C(C=C(Br)C=C1)N(=O)=O,3530474,O=[N+]([O-])c1cc(Br)ccc1S,76209-02-4
CC1=CC(=C(O)C=C1Br)N(=O)=O,3530538,Cc1cc([N+](=O)[O-])c(O)cc1Br,0
BrC1=CC=C(C=C1)C1=NN(N=N1)C1=CC=CC=C1,3551969,Brc1ccc(-c2nnn(-c3ccccc3)n2)cc1,99504-75-3
BrC1=CC(=CC=C1)C(=O)CCC=C,3604851,C=CCCC(=O)c1cccc(Br)c1,125997-00-4
CCCCCCCCCCCOC1=CC=C(Br)C=C1,3609958,CCCCCCCCCCCOc1ccc(Br)cc1,105100-91-2
NC(=O)C1=CC(Cl)=CC=C1Br,4178807,NC(=O)c1cc(Cl)ccc1Br,131002-02-3
NC(=O)C1=CC=C(Cl)C=C1Br,4178810,NC(=O)c1ccc(Cl)cc1Br,131002-01-2
COC1=CC(C)=CC(Br)=C1C,4307740,COc1cc(C)cc(Br)c1C,72623-20-2
NC(=S)C(=C\C1=CC=C(Br)C=C1)\C#N,4311498,N#C/C(=C\c1ccc(Br)cc1)C(N)=S,68029-54-9
BrCCCC1=CC=CC(Br)=C1,4380171,BrCCCc1cccc(Br)c1,109757-61-1
CC1=C(C)C=C(C=C1)C1=CC=CC=C1Br,4391601,Cc1ccc(-c2ccccc2Br)cc1C,89346-62-3
CC(O)(CC#C)C1=CC=C(Br)C=C1,4397921,C#CCC(C)(O)c1ccc(Br)cc1,85014-12-6
BrC1=CC=C(C=C1)C1=CC(=O)OC1,4403580,O=C1C=C(c2ccc(Br)cc2)CO1,87979-60-0
COC(=O)COC1=CC(C)=C(Br)C(C)=C1,4446239,COC(=O)COc1cc(C)c(Br)c(C)c1,86745-93-9
CN(C)C=NC(=O)C1=CC=C(Br)C=C1,4667016,CN(C)C=NC(=O)c1ccc(Br)cc1,73823-15-1
FS(=O)(=O)OC1=CC=C(Br)C=C1,4744146,O=S(=O)(F)Oc1ccc(Br)cc1,133042-63-4
CCOC(=O)C1=C(OC)C=CC(Br)=C1CBr,4746575,CCOC(=O)c1c(OC)ccc(Br)c1CBr,133379-05-2
CCCCCCCCOC1=C(F)C=C(Br)C=C1,4783897,CCCCCCCCOc1ccc(Br)cc1F,119259-26-6
CC(=O)OC1=CC=C(Br)C=C1C=O,4800902,CC(=O)Oc1ccc(Br)cc1C=O,138116-09-3
CC1=CC=CC(C)=C1C1=CC(=CC(Br)=C1)C1=C(C)C=CC=C1C,4813926,Cc1cccc(C)c1-c1cc(Br)cc(-c2c(C)cccc2C)c1,135989-99-0
COC1=CC=C(C=C1)C(=O)OC1=CC=C(Br)C=C1,4869750,COc1ccc(C(=O)Oc2ccc(Br)cc2)cc1,5421-44-3
CNCC1=CC(OC)=C(OC)C=C1Br,4905843,CNCc1cc(OC)c(OC)cc1Br,72785-34-3
CC(C)(C)\N=C\C1=CC=CC=C1Br,4975546,CC(C)(C)/N=C/c1ccccc1Br,95547-11-8
ClC1=CC=CC(Br)=C1CC#N,4981073,N#CCc1c(Cl)cccc1Br,76574-39-5
BrC1=CC=C(C=C1)N1CCSCC1,4995652,Brc1ccc(N2CCSCC2)cc1,90254-20-9
COC(=O)C1=CC(Br)=C(C=C1)C(C)=O,5000665,COC(=O)c1ccc(C(C)=O)c(Br)c1,113642-06-1
OC(=O)C(\O)=C\C(=O)C1=CC=C(Br)C=C1,5002051,O=C(O)/C(O)=C/C(=O)c1ccc(Br)cc1,103344-72-5
BrC1=CC=CC=C1NC(=O)CC1=CC=CC=C1,5018268,O=C(Cc1ccccc1)Nc1ccccc1Br,13140-72-2
CCOC(=O)C1=CC=C(C(Br)=C1)N(=O)=O,5028071,CCOC(=O)c1ccc([N+](=O)[O-])c(Br)c1,86400-57-9
COC1=CC(Br)=C(CCNC(C)=O)C=C1OC,5054250,COc1cc(Br)c(CCNC(C)=O)cc1OC,74064-26-9
COC1=CC(Br)=CC(C)=C1OC,5254487,COc1cc(Br)cc(C)c1OC,58005-60-0
CC(=O)C1=CC(Br)=C(C=C1)C#N,5503095,CC(=O)c1ccc(C#N)c(Br)c1,93273-63-3
FC1=CC(=CC=C1Br)C1=CC=CC=C1,5507674,Fc1cc(-c2ccccc2)ccc1Br,150805-77-9
COC(=O)C1=C(OC)C=C(Br)C=C1OC,5527520,COC(=O)c1c(OC)cc(Br)cc1OC,81574-70-1
NC(=S)NNC(=O)C1=CC=C(Br)C=C1,5532985,NC(=S)NNC(=O)c1ccc(Br)cc1,39631-30-6
NNC(=O)NC1=CC=CC(Br)=C1,5736564,NNC(=O)Nc1cccc(Br)c1,73469-89-3
COC1=CC(Br)=CC(O)=C1OC,5736775,COc1cc(Br)cc(O)c1OC,93828-11-6
BrC1=CC=CC(=C1)C1CC(=O)CC(=O)C1,5811702,O=C1CC(=O)CC(c2cccc(Br)c2)C1,144128-71-2
COC1=CC(Br)=C(OC)C(C(C)C)=C1OC,5813311,COc1cc(Br)c(OC)c(C(C)C)c1OC,144707-40-4
BrC1=CC=CC=C1NC(=O)C=C,5862276,C=CC(=O)Nc1ccccc1Br,102804-43-3
COC1=CC=CC(Br)=C1CC(O)=O,5938124,COc1cccc(Br)c1CC(=O)O,93710-57-7
CN1N=C(C=C1N)C1=CC=C(Br)C=C1,6057657,Cn1nc(-c2ccc(Br)cc2)cc1N,126417-84-3
BrC1=C(CC2CCCC2=O)C=CC=C1,6138440,O=C1CCCC1Cc1ccccc1Br,132452-24-5
COC1=C2C(NC=C2C2=CC=C(Br)C=C2)=C(C=O)C(OC)=C1,6152407,COc1cc(OC)c2c(-c3ccc(Br)cc3)c[nH]c2c1C=O,151320-83-1
NC1=NC(=CC(=N1)C1=CC=CC=C1)C1=CC=C(Br)C=C1,6212910,Nc1nc(-c2ccccc2)cc(-c2ccc(Br)cc2)n1,0
NC1=C(I)C(Br)=CC=C1,6322571,Nc1cccc(Br)c1I,0
COC1=C(Cl)C=C(Br)C=C1C,6323801,COc1c(C)cc(Br)cc1Cl,91506-05-7
NC(=O)C(=C\C1=CC=C(Br)C=C1)\C#N,6505032,N#C/C(=C\c1ccc(Br)cc1)C(N)=O,0
ON=CC1=C(Br)C=CC=C1F,6696403,ON=Cc1c(F)cccc1Br,0
BrC1=C(CN2C(=O)C3=C(C=CC=C3)C2=O)C=CC=C1,6973916,O=C1c2ccccc2C(=O)N1Cc1ccccc1Br,183735-79-7
BrC1=CC=C(C=C1)C1=NC(=CC=C1)C1=CC=CC=C1,7205910,Brc1ccc(-c2cccc(-c3ccccc3)n2)cc1,0
CC(C)(OC1=CC=C(Br)C=C1)C#C,7289426,C#CC(C)(C)Oc1ccc(Br)cc1,120281-58-5
COC1=CC(CCl)=C(Br)C(OC)=C1,7346436,COc1cc(CCl)c(Br)c(OC)c1,105705-31-5
CC1(CCCCC1)C1=C(O)C=CC(Br)=C1,7426798,CC1(c2cc(Br)ccc2O)CCCCC1,111008-55-0
BrC1=C(C=CC=C1)C1=NN=NN1C(C1=CC=CC=C1)(C1=CC=CC=C1)C1=CC=CC=C1,7443998,Brc1ccccc1-c1nnnn1C(c1ccccc1)(c1ccccc1)c1ccccc1,143945-72-6
COC1=CC=C(Br)C(CBr)=C1OC,7476809,COc1ccc(Br)c(CBr)c1OC,175844-54-9
OC(=O)C1=C(Br)C=CC=C1C(F)(F)F,7478754,O=C(O)c1c(Br)cccc1C(F)(F)F,177420-64-3
COC1=CC(Br)=C(C=C1)C(C)=C,7757598,C=C(C)c1ccc(OC)cc1Br,0
FC(F)(F)C1=CC(=C(Br)C(I)=C1)C(F)(F)F,7814888,FC(F)(F)c1cc(I)c(Br)c(C(F)(F)F)c1,197015-71-7
COC1=CC(O)=C(OC)C(Br)=C1,7989686,COc1cc(O)c(OC)c(Br)c1,202735-34-0
BrC1=CC=C(OCCOC2CCCCO2)C=C1,8145114,Brc1ccc(OCCOC2CCCCO2)cc1,81183-58-6
OC(=O)C1=C(O)C(F)=CC(Br)=C1,8315091,O=C(O)c1cc(Br)cc(F)c1O,251300-29-5
CN(C)C(=O)C1=C(SC2=CC=C(Br)C=C2N(=O)=O)C=CC=C1,8330914,CN(C)C(=O)c1ccccc1Sc1ccc(Br)cc1[N+](=O)[O-],305351-97-7
CC(C)(C)SCC1=CC=CC=C1Br,8479153,CC(C)(C)SCc1ccccc1Br,259136-26-0
OC(=O)C1=CC(CBr)=CC=C1Br,8481682,O=C(O)c1cc(CBr)ccc1Br,0
BrC1=CC=CC(=C1)N1CCC(=O)CC1,8483698,O=C1CCN(c2cccc(Br)c2)CC1,1016769-81-5
OC(=O)CC1=CC(Br)=CC=C1OCC1=CC=CC=C1,8490046,O=C(O)Cc1cc(Br)ccc1OCc1ccccc1,149428-97-7
BrC1=CC=C(\C=C\C2=CC=CS2)C=C1,8543958,Brc1ccc(/C=C/c2cccs2)cc1,59417-78-6
BrC1=C(C=O)C=C(C=C1)C1=NC=CO1,8680210,O=Cc1cc(-c2ncco2)ccc1Br,176961-43-6
CC(C)(C)C(=O)OC1=CC=CC(Br)=C1,8680265,CC(C)(C)C(=O)Oc1cccc(Br)c1,0
CC(C)(C(N)=O)C1=C(Br)C=CC=C1,8680793,CC(C)(C(N)=O)c1ccccc1Br,173026-22-7
CN(C)CC1=CC(I)=CC(CN(C)C)=C1Br,8690115,CN(C)Cc1cc(I)cc(CN(C)C)c1Br,312304-54-4
O[C@@H](CN=N#N)C1=CC=C(Br)C=C1,8762359,[N-]=[N+]=NC[C@H](O)c1ccc(Br)cc1,0
CC(C)(C)[Si](C)(C)OC1=CC(O[Si](C)(C)C(C)(C)C)=CC(Br)=C1,8851698,CC(C)(C)[Si](C)(C)Oc1cc(Br)cc(O[Si](C)(C)C(C)(C)C)c1,181225-39-8
CON(C)C(=O)C1=C(Br)C=CC(OC)=C1,8902939,COc1ccc(Br)c(C(=O)N(C)OC)c1,374803-67-5
COCOC1=CC=C(OC)C(OC)=C1Br,8904276,COCOc1ccc(OC)c(OC)c1Br,363139-93-9
BrC1=C(C=CC=C1)C1=CC2=C(C=CC=C2)C(=O)O1,8911007,O=c1oc(-c2ccccc2Br)cc2ccccc12,351902-94-8
CSC1=C(C=C(S1)C(N)=N)C1=CSC(NC2=CC=C(C)C=C2Br)=N1,8937015,CSc1sc(C(=N)N)cc1-c1csc(Nc2ccc(C)cc2Br)n1,0
BrC1=CC=C(C=C1)C1=CC(=NC(=C1)C1=NC(=CC=C1)C#N)C1=CC=CC(=N1)C#N,8939952,N#Cc1cccc(-c2cc(-c3ccc(Br)cc3)cc(-c3cccc(C#N)n3)n2)n1,358978-77-5
BrC1=CC(=CC=C1)C(=O)CC1=CC=NC=C1,8978036,O=C(Cc1ccncc1)c1cccc(Br)c1,208182-75-6
COC1=CC=CC(\C=C\C(=O)C2=C(Br)C=CC=C2)=C1,8984001,COc1cccc(/C=C/C(=O)c2ccccc2Br)c1,426835-33-8
FC(F)(F)C(=O)N1CCC(CC1)C1(OCCO1)C1=CC=C(Br)C=C1,9003212,O=C(N1CCC(C2(c3ccc(Br)cc3)OCCO2)CC1)C(F)(F)F,203187-77-3
COC(=O)[C@H](CC1=CC=C(Br)C=C1)NC(=O)C1=C(Cl)C=CC=C1Cl,9146600,COC(=O)[C@H](Cc1ccc(Br)cc1)NC(=O)c1c(Cl)cccc1Cl,232277-15-5
CC(C)OC1=CC=C(C=O)C=C1Br,9189840,CC(C)Oc1ccc(C=O)cc1Br,191602-84-3
CCOC(=O)\C=C\CC1=CC=CC=C1Br,9193100,CCOC(=O)/C=C/Cc1ccccc1Br,452055-99-1
COC1=CC=C(Br)C(OCC2=CC=CC=C2)=C1,9193921,COc1ccc(Br)c(OCc2ccccc2)c1,150356-67-5
OC1CCN(C1)C1=CC=C(Br)C=C1,9257302,OC1CCN(c2ccc(Br)cc2)C1,536742-64-0
CC(C)(C)[Si](C)(C)OC1=CC=CC(=C1)C(O)C1=CC=CC(Br)=C1,9340162,CC(C)(C)[Si](C)(C)Oc1cccc(C(O)c2cccc(Br)c2)c1,155767-23-0
CC(C)CC(C(O)=O)C1=CC=CC(Br)=C1,9391858,CC(C)CC(C(=O)O)c1cccc(Br)c1,362530-16-3
OC1=CC=CC(=C1)C1=CC(O)=CC=C1Br,9485180,Oc1cccc(-c2cc(O)ccc2Br)c1,500761-23-9
CCOC(=O)COC1=C(C=C(Br)C=C1)C#N,9557083,CCOC(=O)COc1ccc(Br)cc1C#N,328009-03-6
CCCCCCOC1=CC=C(Br)C=C1C=O,9625243,CCCCCCOc1ccc(Br)cc1C=O,610322-33-3
COCOC1=C(Br)C=C(CO)C=C1,9697320,COCOc1ccc(CO)cc1Br,162269-91-2
CCOC1=CC=C(Br)C=C1B(O)O,9699280,CCOc1ccc(Br)cc1B(O)O,0
COC1=CC(N)=C(O)C(Br)=C1,9758900,COc1cc(N)c(O)c(Br)c1,206872-01-7
CC(C)(C(=O)C(O)=O)C1=CC(Br)=CC=C1,9847113,CC(C)(C(=O)C(=O)O)c1cccc(Br)c1,676627-42-2
CC1=CC(Br)=C(NCC2=CC=CC=C2)C=C1,9908600,Cc1ccc(NCc2ccccc2)c(Br)c1,809231-03-6
BrC1=CC=C(C=C1)C1=CN=C(C=C1)C1=CC=CC=N1,9910807,Brc1ccc(-c2ccc(-c3ccccn3)nc2)cc1,173960-45-7
FC1=CC=C(\C=C\C(=O)C2=C(Br)C=CC=C2)C=C1,9912146,O=C(/C=C/c1ccc(F)cc1)c1ccccc1Br,0
CC1=CC(NC(=O)OC(C)(C)C)=CC(C)=C1Br,9913600,Cc1cc(NC(=O)OC(C)(C)C)cc(C)c1Br,361436-27-3
OC(C1=CC=C(Br)C=C1)C1=CC=CC=N1,9997148,OC(c1ccc(Br)cc1)c1ccccn1,0
OB(O)C1=CC=C(Br)C=C1N(=O)=O,9999719,O=[N+]([O-])c1cc(Br)ccc1B(O)O,0
OCCCC#CC1=CC=C(Br)C=C1,10066219,OCCCC#Cc1ccc(Br)cc1,857349-11-2
CCOC(=O)C1=C(N)N(N=C1)C1=CC=C(Br)C=C1,10077582,CCOC(=O)c1cnn(-c2ccc(Br)cc2)c1N,0
COC1=CC=C(C=C1)C1=CC=C2C(Br)=C(OC)C=CC2=C1,10082016,COc1ccc(-c2ccc3c(Br)c(OC)ccc3c2)cc1,550998-02-2
ClC(N=C=O)C1=CC(Br)=CC=C1,10245902,O=C=NC(Cl)c1cccc(Br)c1,881993-37-9
COC1=C(Br)C=C(N)C(I)=C1,10247867,COc1cc(I)c(N)cc1Br,0
CCOC(=O)\C=C/C1=CC=CC=C1Br,10248146,CCOC(=O)/C=C\c1ccccc1Br,99134-35-7
ClC1=NC=CC=C1C(=O)NC1=C(Br)C=CC=C1,10254968,O=C(Nc1ccccc1Br)c1cccnc1Cl,0
CC(OC(=O)C1=CC=CC=C1)C(=O)C1=CC=C(Br)C=C1,10256554,CC(OC(=O)c1ccccc1)C(=O)c1ccc(Br)cc1,0
CC(C)(C)OC(=O)N[C@@H](CC1=CC=CC=C1Br)C(O)=O,10266947,CC(C)(C)OC(=O)N[C@@H](Cc1ccccc1Br)C(=O)O,0
BrC1=C(CNC(=O)OCC2C3=CC=CC=C3C3=CC=CC=C23)C=CC=C1,10282892,O=C(NCc1ccccc1Br)OCC1c2ccccc2-c2ccccc21,475160-93-1
COC(=O)CNC(=O)C1=CC=C(Br)C=C1,10340888,COC(=O)CNC(=O)c1ccc(Br)cc1,138119-50-3
CC(=O)C1=CC=C(C=C1)C#CC1=CC=CC=C1Br,10347168,CC(=O)c1ccc(C#Cc2ccccc2Br)cc1,0
CC(C)C(=C)C1=C(Br)C=CC=C1,10425222,C=C(c1ccccc1Br)C(C)C,0
CC1=CC(=C(O)C(Br)=C1)[Si](C)(C)C,10431295,Cc1cc(Br)c(O)c([Si](C)(C)C)c1,154345-34-3
OC(C#CC(F)(F)F)C1=CC=C(Br)C=C1,10434404,OC(C#CC(F)(F)F)c1ccc(Br)cc1,0
BrC1=CC=C(C=C1)[C@H]1O[C@@H]1C=O,10530396,O=C[C@H]1O[C@@H]1c1ccc(Br)cc1,1020746-20-6
BrC1=CC=CC=C1NC(=O)CC1=CNC2=CC=CC=C12,10557761,O=C(Cc1c[nH]c2ccccc12)Nc1ccccc1Br,914929-95-6
CCOC(=O)C1=C(C)N(C)C(=O)NC1C1=CC=C(Br)C=C1,10560844,CCOC(=O)C1=C(C)N(C)C(=O)NC1c1ccc(Br)cc1,0
BrC1=CC=CC(=C1)C1=NCCN1,10656715,Brc1cccc(C2=NCCN2)c1,0
CC(C)OC1=C(Br)C2=CC=CC=C2C=C1,10659284,CC(C)Oc1ccc2ccccc2c1Br,0
COC1=C(Br)C=CC(C(O)=O)=C1F,10660001,COc1c(Br)ccc(C(=O)O)c1F,194804-92-7
CCC1=CC(Br)=C(CC)C=C1N(=O)=O,10660098,CCc1cc([N+](=O)[O-])c(CC)cc1Br,0
CC(C)(C)OC(=O)C1=CC(CBr)=C(Br)C=C1,10662882,CC(C)(C)OC(=O)c1ccc(Br)c(CBr)c1,503859-17-4
COCCOCOC1=CC=C(CN)C=C1Br,10668863,COCCOCOc1ccc(CN)cc1Br,706820-76-0
COC1=CC(NCC2=CC=C(Br)C=C2)=CC(OC)=C1OC,10680527,COc1cc(NCc2ccc(Br)cc2)cc(OC)c1OC,138280-89-4
COC(=O)C1=C(Br)C(=CC=C1)C(O)=O,11065198,COC(=O)c1cccc(C(=O)O)c1Br,0
OC1=CC=C(C=C1C=O)\N=N\C1=CC=C(Br)C=C1,11192966,O=Cc1cc(/N=N/c2ccc(Br)cc2)ccc1O,0
BrC1=CC=C(C=C1)S(=O)(=O)CCCN1CCCC1,11247568,O=S(=O)(CCCN1CCCC1)c1ccc(Br)cc1,867333-33-3
O[C@H](C=C)C1=CC=C(Br)C=C1,11296458,C=C[C@@H](O)c1ccc(Br)cc1,0
CC(C)(C)OC(=O)COC1=CC=C(Br)C=C1,11406640,CC(C)(C)OC(=O)COc1ccc(Br)cc1,0
CC(C)(C)COC1=CC=C(Br)C=C1C#N,11434908,CC(C)(C)COc1ccc(Br)cc1C#N,0
CCNC(=O)C1=CC=C(Br)C=C1F,11505729,CCNC(=O)c1ccc(Br)cc1F,0
BrC1=CC=C(N2CCCCC2)C2=C1C=CC=C2,11694482,Brc1ccc(N2CCCCC2)c2ccccc12,0
OC[C@H](CC1=CC=CC=C1)NS(=O)(=O)C1=CC=C(Br)C=C1,11851035,O=S(=O)(N[C@H](CO)Cc1ccccc1)c1ccc(Br)cc1,635288-68-5
BrC1=CC=C(NC(=O)CCCCN2CCOCC2)C=C1,12681459,O=C(CCCCN1CCOCC1)Nc1ccc(Br)cc1,874449-07-7
COC(=O)C(N)CC1=CC=CC(Br)=C1,13218825,COC(=O)C(N)Cc1cccc(Br)c1,0
OC(=O)C1=C(OC2=CC=C(Br)C=C2)C=CC=C1,13351082,O=C(O)c1ccccc1Oc1ccc(Br)cc1,0
OCCC1=C(O)C=CC(Br)=C1,13742718,OCCc1cc(Br)ccc1O,198277-06-4
COC1=CC(N)=C(Cl)C=C1Br,13859576,COc1cc(N)c(Cl)cc1Br,0
FC1=C(C=CC(Br)=C1)C(=O)OCC1=CC=CC=C1,14087406,O=C(OCc1ccccc1)c1ccc(Br)cc1F,437764-46-0
COC1=C(C=CC=C1)C1=CC(Br)=CC=C1,14124447,COc1ccccc1-c1cccc(Br)c1,337535-26-9
BrC1=CC=C(CCCN2CCOCC2)C=C1,14188806,Brc1ccc(CCCN2CCOCC2)cc1,607744-36-5
NC(=O)C(=N\NC1=C(Br)C=CC=C1)\C#N,14223371,N#C/C(=N\Nc1ccccc1Br)C(N)=O,1463053-78-2
CC(C)(CC(=O)C(F)(F)F)C1=CC(Br)=CC=C1,14282150,CC(C)(CC(=O)C(F)(F)F)c1cccc(Br)c1,727376-03-6
OC(C1=CSC=C1)C1=CC=C(Br)C=C1,14283587,OC(c1ccc(Br)cc1)c1ccsc1,944696-30-4
COC1=CC(OC)=C(Br)C(F)=C1,14306724,COc1cc(F)c(Br)c(OC)c1,206860-47-1
COC(OC)C1=CC(O)=CC=C1Br,14328377,COC(OC)c1cc(O)ccc1Br,0
NC1=CC(NC(=O)C2=CC=CC=C2Br)=CC=C1,14383447,Nc1cccc(NC(=O)c2ccccc2Br)c1,331445-38-6
CC(=O)CCC1=CC=C(Br)C=C1F,14398794,CC(=O)CCc1ccc(Br)cc1F,839676-58-3
CCCCCCCCOC1=CC=CC(Br)=C1,14422582,CCCCCCCCOc1cccc(Br)c1,851436-85-6
FC(F)COC1=C(Br)C=C(Cl)C=C1Cl,14450032,FC(F)COc1c(Cl)cc(Cl)cc1Br,864642-82-0
CCOC(=O)CC1=C(F)C(OC2=CC(Br)=CC(Cl)=C2)=C(C=C1)N(=O)=O,14504281,CCOC(=O)Cc1ccc([N+](=O)[O-])c(Oc2cc(Cl)cc(Br)c2)c1F,874974-96-6
CCC1=CC(Br)=CC=C1CN1C(=O)C2=C(C=CC=C2)C1=O,14522400,CCc1cc(Br)ccc1CN1C(=O)c2ccccc2C1=O,877131-77-6
BrC1=CC=CC(=C1)C1=CN=CN=C1,14546458,Brc1cccc(-c2cncnc2)c1,847260-47-3
OC(=O)C1CCN(CC1)C1=CC(Br)=CC=C1,14546591,O=C(O)C1CCN(c2cccc(Br)c2)CC1,1059536-36-5
CS(=O)(=O)NC1=C(F)C=C(Br)C=C1F,14549774,CS(=O)(=O)Nc1c(F)cc(Br)cc1F,886842-80-4
COC(=O)C(F)(F)C1=CC=C(Br)C=C1,14571019,COC(=O)C(F)(F)c1ccc(Br)cc1,1022155-94-7
BrC1=CC=CC(=C1)N1C=NC=N1,14629600,Brc1cccc(-n2cncn2)c1,375857-96-8
CC(C)(C)OC(=O)NC1=CC(Br)=CC(I)=C1,15024695,CC(C)(C)OC(=O)Nc1cc(Br)cc(I)c1,915413-42-2
COC1=C(Cl)C(Br)=CC(Cl)=C1,15477667,COc1cc(Cl)cc(Br)c1Cl,174913-17-8
COC1=CC(Cl)=C(Br)C=C1O,15564727,COc1cc(Cl)c(Br)cc1O,86735-02-6
FC1=CC(=C(Br)C=C1Cl)N(=O)=O,15606612,O=[N+]([O-])c1cc(F)c(Cl)cc1Br,960000-99-1
CNC1=C(NC(=O)COC)C=C(Br)C(=C1)C(F)(F)F,15626568,CNc1cc(C(F)(F)F)c(Br)cc1NC(=O)COC,1007374-33-5
CC(O)C1=C(C=CC(Br)=C1)N(=O)=O,15648832,CC(O)c1cc(Br)ccc1[N+](=O)[O-],1020575-89-6
COC1=CC(CBr)=CC(Br)=C1OC,15836374,COc1cc(CBr)cc(Br)c1OC,1026729-08-7
ClC(=O)C1(CC1)C1=CC=C(Br)C=C1,18293703,O=C(Cl)C1(c2ccc(Br)cc2)CC1,0
CC(=O)NC1=CC=C(Br)C=C1OC(F)(F)F,18395568,CC(=O)Nc1ccc(Br)cc1OC(F)(F)F,175278-18-9
COC(=O)C1=CC(N)=CC(C)=C1Br,18417974,COC(=O)c1cc(N)cc(C)c1Br,0
OC(=O)C(=O)C=CC1=CC=C(Br)C=C1,18427380,O=C(O)C(=O)C=Cc1ccc(Br)cc1,139005-22-4
C[C@@H]1CC[C@@H](COC2=NC=C(F)C=C2)CN1C(=O)C1=C(Br)C=CC(COC(C)=O)=C1,18770034,CC(=O)OCc1ccc(Br)c(C(=O)N2C[C@H](COc3ccc(F)cn3)CC[C@H]2C)c1,1088994-43-7
COC(=O)C1=C(OC(F)(F)F)C=CC(Br)=C1,18788607,COC(=O)c1cc(Br)ccc1OC(F)(F)F,773874-13-8
COC(OC)C1=C(Br)C=CC(F)=C1,18909876,COC(OC)c1cc(F)ccc1Br,933585-18-3
BrC1=CC=C(C=C1)C(=O)NC(C1=CC=CC=C1)C1=CC=CC=C1,18911815,O=C(NC(c1ccccc1)c1ccccc1)c1ccc(Br)cc1,10254-14-5
COC(=O)CC1=CC=C(C)C=C1Br,19011954,COC(=O)Cc1ccc(C)cc1Br,1069114-83-5
CN(C)C=NC1=C(C)C=C(Br)C=C1C,19081059,Cc1cc(Br)cc(C)c1N=CN(C)C,114886-15-6
CN(C)C1=CC=C(Br)C=C1I,19122078,CN(C)c1ccc(Br)cc1I,1094425-38-3
ON=C(CC1=CC(Br)=C(O)C=C1)C(O)=O,19362871,O=C(O)C(Cc1ccc(O)c(Br)c1)=NO,862269-71-4
OCCNCC1=C(O)C(Br)=CC=C1,19390731,OCCNCc1cccc(Br)c1O,1167416-80-9
COC1=CC(=CC(Br)=C1)C(Cl)=O,19411438,COc1cc(Br)cc(C(=O)Cl)c1,1261582-04-0
C[C@](N)(CCO)C1=C(F)C=CC(Br)=C1,19637224,C[C@](N)(CCO)c1cc(Br)ccc1F,1194044-45-5
CSC1=CC(=CC(Br)=C1)C(O)=O,19644986,CSc1cc(Br)cc(C(=O)O)c1,453566-00-2
COC1=CC=C(NS(=O)(=O)C2=CC=CC=C2Br)C=C1,19654203,COc1ccc(NS(=O)(=O)c2ccccc2Br)cc1,1178125-92-2
OC(C1=CNC2=C1C=CC=C2)C1=CC=C(Br)C=C1,19681590,OC(c1ccc(Br)cc1)c1c[nH]c2ccccc12,1190763-76-8
OC1=C(C=CC(Br)=C1)C(=O)CCl,19690231,O=C(CCl)c1ccc(Br)cc1O,1198277-80-3
BrC1=CC(CNC2CC2)=CC(I)=C1,19807075,Brc1cc(I)cc(CNC2CC2)c1,1194488-70-4
OC1=C(C=C(Br)Br)C=C(Br)C=C1,19892399,Oc1ccc(Br)cc1C=C(Br)Br,1191415-07-2
CN(C)CC#CC1=CC=C(Br)C=C1,20002222,CN(C)CC#Cc1ccc(Br)cc1,1089131-39-4
FC1=CC=C(COC2CCCCO2)C(Br)=C1,20291929,Fc1ccc(COC2CCCCO2)c(Br)c1,1222010-84-5
BrC1=CC(OCC2=CC=CC=C2)=CC=C1COC1CCCCO1,20292006,Brc1cc(OCc2ccccc2)ccc1COC1CCCCO1,1222010-85-6
CC(C)(C)OC(=O)N1CCC[C@H]1C1=NC=C(N1)C1=CC=C(C=C1)C1=CC=C(Br)C=C1,20362638,CC(C)(C)OC(=O)N1CCC[C@H]1c1ncc(-c2ccc(-c3ccc(Br)cc3)cc2)[nH]1,1228968-83-9
OCC(=C)C1=CC=C(Br)C=C1,20504977,C=C(CO)c1ccc(Br)cc1,1234908-93-0
COC(=O)NCCC1=C(Br)C=CC=C1,20540551,COC(=O)NCCc1ccccc1Br,1109230-24-1
CN(C)CCNC1=C(C=C(Br)C=C1)N(=O)=O,20563817,CN(C)CCNc1ccc(Br)cc1[N+](=O)[O-],1042502-86-2
NC1=C(C=NN1C1=CC(Br)=CC=C1)C(O)=O,20645612,Nc1c(C(=O)O)cnn1-c1cccc(Br)c1,1005646-42-3
BrC1=C(C=CC=C1)C#CC=O,20685640,O=CC#Cc1ccccc1Br,1241603-24-6
BrC1=CC=C(C=C1)C(=O)OCC#N,20975888,N#CCOC(=O)c1ccc(Br)cc1,1259319-70-4
CC(C)S(=O)(=O)N[C@H]1COC[C@H]1OC1=CC=C(Br)C=C1,21015260,CC(C)S(=O)(=O)N[C@H]1COC[C@H]1Oc1ccc(Br)cc1,1258963-57-3
CC1=C(C2=CC=CC=C2C=C1)C1=C(Br)C=CC=C1,21042476,Cc1ccc2ccccc2c1-c1ccccc1Br,1106670-81-8
CC(C)C1=CC(Br)=C(C=C1)N(=O)=O,21052475,CC(C)c1ccc([N+](=O)[O-])c(Br)c1,1029433-08-6
CC(C)(C)C1=CC(=CC(Br)=C1)C(O)=O,21073737,CC(C)(C)c1cc(Br)cc(C(=O)O)c1,794465-45-5
CCOC(=O)C1=CC(=C(Br)C=C1)C(F)(F)F,21184052,CCOC(=O)c1ccc(Br)c(C(F)(F)F)c1,463355-64-8
CC1=CC(N)=C(F)C(Br)=C1,21197859,Cc1cc(N)c(F)c(Br)c1,1207319-71-8
CC1=C(Br)C=CC(=C1)C(=O)NN,21243504,Cc1cc(C(=O)NN)ccc1Br,148672-43-9
CC(C)(C)OC(=O)C(=O)C1=CC=C(Br)C=C1,21312041,CC(C)(C)OC(=O)C(=O)c1ccc(Br)cc1,1279017-84-3
COC(=O)C1=C(OC)C(Br)=CC=C1CBr,21338740,COC(=O)c1c(CBr)ccc(Br)c1OC,1286179-94-9
CC(C)C1=C(C=O)C=C(Br)C=C1,21386988,CC(C)c1ccc(Br)cc1C=O,1289039-15-1
ClC1=C(CC2=CC3=C(OC4(CC4)CN3CC3=CC=CC=C3)C=C2)C=C(Br)C=C1,21387011,Clc1ccc(Br)cc1Cc1ccc2c(c1)N(Cc1ccccc1)CC1(CC1)O2,1291094-49-9
CC1=C(NC2=CC=C(Br)C=C2F)C(=C2N(CC3=CC=CC=C3)CCN2C1=O)N(=O)=O,21430008,Cc1c(Nc2ccc(Br)cc2F)c([N+](=O)[O-])c2n(c1=O)CCN2Cc1ccccc1,1303510-06-6
CC(=O)ON(C(C)=O)S(=O)(=O)C1=CC=CC=C1Br,21469756,CC(=O)ON(C(C)=O)S(=O)(=O)c1ccccc1Br,1310366-00-7
CC(C)(C)NC1=CC=C(Br)C=C1N,21521462,CC(C)(C)Nc1ccc(Br)cc1N,1152550-37-2
OCCC1=C(Br)C=CC(=C1)C(F)(F)F,21533526,OCCc1cc(C(F)(F)F)ccc1Br,0
CCOC(=O)C1=NN(C(=O)N1)C1=CC=C(Br)C=C1,21533737,CCOC(=O)c1nn(-c2ccc(Br)cc2)c(=O)[nH]1,1000576-69-1
BrC1=CC=CC=C1C(=O)NCC#C,21550010,C#CCNC(=O)c1ccccc1Br,1016705-85-3
CC(C)(C)OC(=O)NCC1=CC(Br)=C(O)C=C1,21604232,CC(C)(C)OC(=O)NCc1ccc(O)c(Br)c1,1313042-26-0
C\C(C=O)=C/C1=C(Br)C=CC=C1,21648215,C/C(C=O)=C\c1ccccc1Br,1311148-31-8
BrC1=CC=C(C=C1)C1=NC=NC2=CC=CC=C12,21738080,Brc1ccc(-c2ncnc3ccccc23)cc1,1332696-79-3
FC1=C(C=C)C(Br)=CC=C1,21760280,C=Cc1c(F)cccc1Br,1313010-16-0
CSCC1=CC=C(Br)C(Cl)=C1,21858955,CSCc1ccc(Br)c(Cl)c1,1338326-92-3
CC1=CC=C(Br)C=C1CO[Si](C)(C)C(C)(C)C,21867562,Cc1ccc(Br)cc1CO[Si](C)(C)C(C)(C)C,1338720-16-3
CCOC(OCC)C(=N)NCC1=CC=CC=C1Br,21889331,CCOC(OCC)C(=N)NCc1ccccc1Br,1338254-36-6
BrC1=CC=C(C=C1)C1=CC(=O)C2=C(N1)C=CC=C2,21891395,O=c1cc(-c2ccc(Br)cc2)[nH]c2ccccc12,914222-57-4
CCN(CC)C(=S)OC1=C(C=C(OC)C(Br)=C1)C(=O)C1=CC=CC=C1,21993447,CCN(CC)C(=S)Oc1cc(Br)c(OC)cc1C(=O)c1ccccc1,1345983-69-8
CC1=C(C=C(F)C(Br)=C1)S(C)(=O)=O,22035595,Cc1cc(Br)c(F)cc1S(C)(=O)=O,1351167-82-2
OC(=O)C(\O)=C\C1=CC=C(Br)C=C1,22177538,O=C(O)/C(O)=C/c1ccc(Br)cc1,207910-92-7
NC1=CC=C(Br)C(O)=C1C(O)=O,22253377,Nc1ccc(Br)c(O)c1C(=O)O,1356112-92-9
FC1=CC(=C(F)C=C1)S(=O)(=O)NC1=C(F)C(Br)=CC=C1,22254019,O=S(=O)(Nc1cccc(Br)c1F)c1cc(F)ccc1F,1357587-45-1
CC(C)OC1=CC(N)=CC(Br)=C1,22260241,CC(C)Oc1cc(N)cc(Br)c1,1251863-44-1
COC1=CN=C(OC2=CC=C(Br)C=C2)C(=C1)C(O)=O,22271884,COc1cnc(Oc2ccc(Br)cc2)c(C(=O)O)c1,1215868-60-2
COC1=C(C=C(OC(F)(F)F)C(Br)=C1)C(O)=O,22279020,COc1cc(Br)c(OC(F)(F)F)cc1C(=O)O,1359024-90-0
CC(C#N)(C1CC1)C1=CC=C(Br)C=C1,22326668,CC(C#N)(c1ccc(Br)cc1)C1CC1,1360551-88-7
CC(N)(C1=NNC=C1)C1=CC(Br)=CC=C1,22389951,CC(N)(c1cccc(Br)c1)c1cc[nH]n1,1369542-98-2
BrC1=CC(=C(NC2CCOCC2)C=C1)N(=O)=O,22437867,O=[N+]([O-])c1cc(Br)ccc1NC1CCOCC1,1153380-15-4
BrC(Br)=CC1=CC(Br)=CC=C1N(=O)=O,22493486,O=[N+]([O-])c1ccc(Br)cc1C=C(Br)Br,0
NC1=C(C=C(Br)C=C1Cl)C#N,22607379,N#Cc1cc(Br)cc(Cl)c1N,914636-86-5
CC(=CCO)C1=CC=C(Br)C=C1,22681785,CC(=CCO)c1ccc(Br)cc1,0
CC1=CC(OCC2(O)CCSCC2)=CC(C)=C1Br,22690239,Cc1cc(OCC2(O)CCSCC2)cc(C)c1Br,1373115-06-0
CC1=C(O[Si](C)(C)C(C)(C)C)C=C(Br)C=C1,22766848,Cc1ccc(Br)cc1O[Si](C)(C)C(C)(C)C,1392196-72-3
NC1=CC=C(Br)C=C1NC1=NC(N)=NC=C1,22779953,Nc1nccc(Nc2cc(Br)ccc2N)n1,1394119-51-7
NC1=CC=C(Br)C=C1NC1=NC(N)=NC=N1,22779955,Nc1ncnc(Nc2cc(Br)ccc2N)n1,1394121-19-7
BrC1=CC=CC=C1C(=C)C#N,22802271,C=C(C#N)c1ccccc1Br,1393491-97-8
CCOC(=O)CC1=CC=C(C=C1)C1=CC=C(Br)C=C1,22817823,CCOC(=O)Cc1ccc(-c2ccc(Br)cc2)cc1,1296273-77-2
FC(F)(F)C1=C(Br)C=CC(=C1)C(Cl)=O,22842674,O=C(Cl)c1ccc(Br)c(C(F)(F)F)c1,914636-26-3
CC(C)(C)C1=CC=C(C=C1)C1=NN=C(O1)C1=CC=CC(Br)=C1,22847872,CC(C)(C)c1ccc(-c2nnc(-c3cccc(Br)c3)o2)cc1,328285-14-9
CC1=CC(C)=C(CNC(=O)C2=C(C)C(NC3CCOCC3)=CC(Br)=C2)C(=O)N1,23055696,Cc1cc(C)c(CNC(=O)c2cc(Br)cc(NC3CCOCC3)c2C)c(=O)[nH]1,1403590-75-9
CN([C@H]1CC[C@H](N)CC1)C1=CC(Br)=CC(C(=O)NCC2=C(C)C=C(C)NC2=O)=C1C,23055727,Cc1cc(C)c(CNC(=O)c2cc(Br)cc(N(C)[C@H]3CC[C@H](N)CC3)c2C)c(=O)[nH]1,1403590-92-0
COC(=O)C[C@@](N[S@@](=O)C(C)(C)C)(C(F)F)C1=CC(Br)=CC=C1F,23064452,COC(=O)C[C@](N[S@@](=O)C(C)(C)C)(c1cc(Br)ccc1F)C(F)F,1414877-21-6
CC1=C(F)C(O)=C(Br)C=C1,23170162,Cc1ccc(Br)c(O)c1F,1310416-52-4
CCOC(=O)C#CC1=CC(Br)=CC=C1,23287686,CCOC(=O)C#Cc1cccc(Br)c1,1289203-51-5
COC1=C(C=C(Br)C=C1C)C(O)=O,23482886,COc1c(C)cc(Br)cc1C(=O)O,159121-84-3
COC(=O)C1=CC(Br)=CC(=C1)C(N)=O,23482906,COC(=O)c1cc(Br)cc(C(N)=O)c1,1427407-54-2
FC(F)(F)C1=CC([C@H](CCC=C)NC(=O)OCC2=CC=CC=C2)=C(Br)C=C1,23494210,C=CCC[C@H](NC(=O)OCc1ccccc1)c1cc(C(F)(F)F)ccc1Br,1432055-10-1
CON(C)C(=O)CC(C1=CC=C(Br)C=C1)C1=CC=CC=C1C,23495466,CON(C)C(=O)CC(c1ccc(Br)cc1)c1ccccc1C,1354808-44-8
CON(C)C(=O)C[C@H](C1=CC=C(Br)C=C1)C1=CC=CC=C1C,23495467,CON(C)C(=O)C[C@H](c1ccc(Br)cc1)c1ccccc1C,1354810-21-1
BrC1=CC=CC(NC(=O)C2=NC=CC=C2)=C1,23504185,O=C(Nc1cccc(Br)c1)c1ccccn1,879767-00-7
CON(C)C(=O)C[C@@H](C1=CC=C(Br)C=C1)C1=CC=CC=C1C,23529698,CON(C)C(=O)C[C@@H](c1ccc(Br)cc1)c1ccccc1C,1354810-20-0
FC(F)(F)C1(CC(=NO1)C1=CC(CBr)=C(Br)C=C1)C1=CC(Cl)=CC(Cl)=C1,23545818,FC(F)(F)C1(c2cc(Cl)cc(Cl)c2)CC(c2ccc(Br)c(CBr)c2)=NO1,1437779-65-1
COC1=CC(OC)=C(CNC(=O)C2=C(N(N=C2)C2CCOCC2)C2=C(Cl)C=C(Br)C=C2)C=C1,23594492,COc1ccc(CNC(=O)c2cnn(C3CCOCC3)c2-c2ccc(Br)cc2Cl)c(OC)c1,1449699-96-0
OC(=CC(=O)C1=CC=C(Br)C=C1)C(F)(F)F,23630438,O=C(C=C(O)C(F)(F)F)c1ccc(Br)cc1,364340-35-2
BrC1=CC(=CC=C1)C(=O)CC=C,23635844,C=CCC(=O)c1cccc(Br)c1,1251033-94-9
NC1=CC=CC=C1C#CC1=CC(Br)=CC=C1,23700320,Nc1ccccc1C#Cc1cccc(Br)c1,1438414-72-2
COC1=CC2=NC=NC(NC3=CC=C(Br)C=C3F)=C2C=C1OCCCCl,23708454,COc1cc2ncnc(Nc3ccc(Br)cc3F)c2cc1OCCCCl,1437310-79-6
CC1=C(C)C=C(C=O)C(Br)=C1,23895292,Cc1cc(Br)c(C=O)cc1C,1450812-17-5
BrC1=CC=C(OCC2COC2)C=C1,23961291,Brc1ccc(OCC2COC2)cc1,1393688-54-4
FC1=CC=C(N=N#N)C(Br)=C1,23994264,[N-]=[N+]=Nc1ccc(F)cc1Br,85862-81-3
BrC1=CC=C(C=C1)C(=O)CN1C=CC=C1C#N,24014907,N#Cc1cccn1CC(=O)c1ccc(Br)cc1,1460286-42-3
CN1C=NC2=C1C=C(C(=O)NOCCOC=C)C(NC1=C(F)C=C(Br)C=C1)=C2F,24115834,C=COCCONC(=O)c1cc2c(ncn2C)c(F)c1Nc1ccc(Br)cc1F,0
BrC1=CC(=CC=C1)C1NCCC2=C1NC1=CC=CC=C21,25078679,Brc1cccc(C2NCCc3c2[nH]c2ccccc32)c1,0
CC(C)(C)OC(=O)N1CCC(=CC1)C1=C(C=C(Br)C=C1)N(=O)=O,26504679,CC(C)(C)OC(=O)N1CC=C(c2ccc(Br)cc2[N+](=O)[O-])CC1,1534378-19-2
CC(C)(C)OC(=O)N1CCC(=CC1)C1=CC=C(Br)C=C1N,26504680,CC(C)(C)OC(=O)N1CC=C(c2ccc(Br)cc2N)CC1,1534378-18-1
OC1=C(C=C)C=CC(Br)=C1,26539587,C=Cc1ccc(Br)cc1O,1510865-23-2
CC(C)(C#N)C1=CC(Br)=CC(C=O)=C1,26564995,CC(C)(C#N)c1cc(Br)cc(C=O)c1,1541198-99-5
CC(C)(C)C1=CC(=CC(Br)=C1)C(N)CC(O)=O,26565065,CC(C)(C)c1cc(Br)cc(C(N)CC(=O)O)c1,1541197-65-2
CC(C)(C)C1=CC(Br)=CC(=C1)[C@@H](N)CC(O)=O,26565131,CC(C)(C)c1cc(Br)cc([C@@H](N)CC(=O)O)c1,1541197-69-6
FC(F)(C=C)C1=CC=C(Br)C=C1,26568298,C=CC(F)(F)c1ccc(Br)cc1,1537171-97-3
CC1=C(C=C(Br)C=C1)C(=O)NN,26573030,Cc1ccc(Br)cc1C(=O)NN,1194769-56-6
CCOC(=O)C1=C(CN2CCO[C@H](C)[C@H]2C(O)=O)NC(=N[C@H]1C1=CC=C(F)C=C1Br)C1=NC=CS1,26679224,CCOC(=O)C1=C(CN2CCO[C@H](C)[C@H]2C(=O)O)NC(c2nccs2)=N[C@H]1c1ccc(F)cc1Br,1578155-39-1
CC1=CC(Br)=C(C=C1)B(O)O,26866743,Cc1ccc(B(O)O)c(Br)c1,854636-01-4
COC(=O)C1=C(C)N(C(=S)NC1C1=C(Br)C=C(C=C1)C#N)C1=CC(=CC=C1)C(F)(F)F,26909040,COC(=O)C1=C(C)N(c2cccc(C(F)(F)F)c2)C(=S)NC1c1ccc(C#N)cc1Br,1613621-56-9
COC(=O)C1=C(C)N(C(NN)=NC1C1=C(Br)C=C(C=C1)C#N)C1=CC(=CC=C1)C(F)(F)F,26909041,COC(=O)C1=C(C)N(c2cccc(C(F)(F)F)c2)C(NN)=NC1c1ccc(C#N)cc1Br,1613621-57-0
CC(C)OC(=O)CCC(C=O)C1=CC=C(Br)C=C1,26967763,CC(C)OC(=O)CCC(C=O)c1ccc(Br)cc1,1476776-40-5
CCNC(=O)NNC(=O)CCCC1=CC(Br)=CC=C1,27061544,CCNC(=O)NNC(=O)CCCc1cccc(Br)c1,1616372-70-3
CC(C)(C)OC(=O)NCCCOC1=C(C=C(Br)C=C1)N(=O)=O,27499315,CC(C)(C)OC(=O)NCCCOc1ccc(Br)cc1[N+](=O)[O-],0
COC1=CC=CC(C=C)=C1Br,27687193,C=Cc1cccc(OC)c1Br,0
CCCCC(CC)COC1=CC(Br)=CC=C1,27748326,CCCCC(CC)COc1cccc(Br)c1,0
N[C@H](CO)C1=CC(Br)=CC=C1,27776721,N[C@H](CO)c1cccc(Br)c1,0
COC(=O)[C@@H]1CCCC[C@H]1C(=O)CC1=CC=C(Br)C=C1,27959600,COC(=O)[C@@H]1CCCC[C@H]1C(=O)Cc1ccc(Br)cc1,0
CC(=C)COC1=C(Cl)C=C(Br)C=C1,28009751,C=C(C)COc1ccc(Br)cc1Cl,0
BrCC=CC1=CC=CC=C1Br,28178279,BrCC=Cc1ccccc1Br,0
CCOC(=O)C1=C(CN2CC(F)(F)C[C@@H]2CCC(O)=O)NC(=N[C@H]1C1=C(Br)C=C(F)C=C1)C1=NC=CS1,28253169,CCOC(=O)C1=C(CN2CC(F)(F)C[C@@H]2CCC(=O)O)NC(c2nccs2)=N[C@H]1c1ccc(F)cc1Br,0
CCOC(=O)C1=C(CN2CCO[C@@H](CCC(O)=O)C2)NC(=N[C@H]1C1=CC=C(F)C=C1Br)C1=NC=CS1,28309400,CCOC(=O)C1=C(CN2CCO[C@@H](CCC(=O)O)C2)NC(c2nccs2)=N[C@H]1c1ccc(F)cc1Br,0
CCOC(=O)C1=C(CN2CCOC[C@@H]2CCC(O)=O)NC(=N[C@H]1C1=CC=C(F)C=C1Br)C1=NC=CS1,28309401,CCOC(=O)C1=C(CN2CCOC[C@@H]2CCC(=O)O)NC(c2nccs2)=N[C@H]1c1ccc(F)cc1Br,0
FC1=CC(Br)=C(F)C=C1CCl,28349015,Fc1cc(CCl)c(F)cc1Br,0
OC(=O)CC1(CC(O)=O)CC(=NO1)C1=C(Br)C=CC(OCC2=CC=CC=C2)=C1,28513879,O=C(O)CC1(CC(=O)O)CC(c2cc(OCc3ccccc3)ccc2Br)=NO1,0
OC(=O)[C@H]1CC[C@@H](CC1)C(=O)N1CC[C@](C1)(C1=CC=C(C=C1)C(F)(C(F)(F)F)C(F)(F)F)S(=O)(=O)C1=CC=C(Br)C=C1,28582818,O=C(O)[C@H]1CC[C@H](C(=O)N2CC[C@](c3ccc(C(F)(C(F)(F)F)C(F)(F)F)cc3)(S(=O)(=O)c3ccc(Br)cc3)C2)CC1,0
OC(=O)C1=CC(Br)=CC=C1OCC1CC1,28590386,O=C(O)c1cc(Br)ccc1OCC1CC1,0
NC(=N)C1=C(Cl)C=C(Br)C=C1Cl,28665134,N=C(N)c1c(Cl)cc(Br)cc1Cl,0
NC1=NC=C(N=C1)C1=CC=C(Br)C=C1F,28676194,Nc1cnc(-c2ccc(Br)cc2F)cn1,0
CC1=C(SCC(F)(F)F)C=C(Br)C=C1,28915918,Cc1ccc(Br)cc1SCC(F)(F)F,0
COC1=CC=C(Br)C(C(O)=O)=C1Cl,28930403,COc1ccc(Br)c(C(=O)O)c1Cl,0
COC1=CC=C(Br)C(NC(=O)OC(C)(C)C)=C1Cl,28930404,COc1ccc(Br)c(NC(=O)OC(C)(C)C)c1Cl,0
NC1=C(C=C)C=C(Br)C=C1,28970252,C=Cc1cc(Br)ccc1N,0
FC(F)(F)C1=CC=CC(=C1)N1C(=O)NC(C2=C(Br)C=C(C=C2)C#N)C2=C1CCCC2=O,29090336,N#Cc1ccc(C2NC(=O)N(c3cccc(C(F)(F)F)c3)C3=C2C(=O)CCC3)c(Br)c1,0
CCS(=O)(=O)C1=C(C=CC(Br)=C1)C(=O)OC,29270513,CCS(=O)(=O)c1cc(Br)ccc1C(=O)OC,0
COC(=O)C1=C(N)C(I)=C(Br)C(F)=C1,29303632,COC(=O)c1cc(F)c(Br)c(I)c1N,0
O[C@@H]1C[C@@H](N(C1)C(=O)C1=CC=CC=C1)C(=O)C1=CC=C(Br)C=C1,29341807,O=C(c1ccc(Br)cc1)[C@H]1C[C@@H](O)CN1C(=O)c1ccccc1,0
O[C@H]1C[C@H](N(C1)C(=O)C1=CC=CC=C1)C(=O)C1=CC=C(Br)C=C1,29341988,O=C(c1ccc(Br)cc1)[C@@H]1C[C@H](O)CN1C(=O)c1ccccc1,0
CC(C)(C)OC(=O)NC1=C(F)C=C(Br)C(=C1)C(F)(F)F,29457710,CC(C)(C)OC(=O)Nc1cc(C(F)(F)F)c(Br)cc1F,0
BrC1=CC=C(C=C1)N1C(=O)C2=C(C=CC=C2)C2=C1C=CC=C2,29458682,O=c1c2ccccc2c2ccccc2n1-c1ccc(Br)cc1,0
COC(OC)C1=CC=CC(F)=C1Br,29488279,COC(OC)c1cccc(F)c1Br,0
COC(=O)C(CNC=O)C1=CC(Br)=CC=C1,29514935,COC(=O)C(CNC=O)c1cccc(Br)c1,0
ClC1=NC=CC=C1C(=O)NC1=C(C=CC(Br)=C1)N(=O)=O,29594041,O=C(Nc1cc(Br)ccc1[N+](=O)[O-])c1cccnc1Cl,0
NC1=C(NCC2=CC=CN=C2Cl)C=C(Br)C=C1,29594071,Nc1ccc(Br)cc1NCc1cccnc1Cl,0
FC1=CC(Br)=C(C=O)C=C1N(=O)=O,29683871,O=Cc1cc([N+](=O)[O-])c(F)cc1Br,0
CC(C)(C)OC(=O)C1=C(F)C(CCO)=C(Br)C=C1,29781944,CC(C)(C)OC(=O)c1ccc(Br)c(CCO)c1F,0
COC1=C(NC2CC2)C(=CC(Br)=C1)N(=O)=O,29922418,COc1cc(Br)cc([N+](=O)[O-])c1NC1CC1,0
COC1=C(NC2CC2)C(N)=CC(Br)=C1,29922419,COc1cc(Br)cc(N)c1NC1CC1,0
OC1=C2C=CC3=CC=C(Br)C4=C3C2=C(C=C1)C=C4,30014899,Oc1ccc2ccc3c(Br)ccc4ccc1c2c43,0
NC1=C(Br)C(F)=C(Cl)C=C1,30410124,Nc1ccc(Cl)c(F)c1Br,0
CC1=CC=CC(Br)=C1CO,30447650,Cc1cccc(Br)c1CO,0
OCC1=CC(Br)=C(OC(F)F)C=C1,30571998,OCc1ccc(OC(F)F)c(Br)c1,0
COC1=CC(Br)=CC(F)=C1C(C)O,30936986,COc1cc(Br)cc(F)c1C(C)O,0
COC1=CC(Br)=CC(F)=C1C(C)=O,30936987,COc1cc(Br)cc(F)c1C(C)=O,0
BrC1=CC=C(NC(=O)N2CCS(=O)(=O)CC2)C=C1,30979598,O=C(Nc1ccc(Br)cc1)N1CCS(=O)(=O)CC1,0
BrC1=CC=CC(NC(=O)N2CCS(=O)(=O)CC2)=C1,30979668,O=C(Nc1cccc(Br)c1)N1CCS(=O)(=O)CC1,0
OCC1=C(NC(=O)CCl)C=CC=C1Br,31694424,O=C(CCl)Nc1cccc(Br)c1CO,0
COC(=O)C(C)(Br)C1=CC=C(Br)C=C1,31973178,COC(=O)C(C)(Br)c1ccc(Br)cc1,0
CC1(NCCNC1=O)C1=CC=C(Br)C=C1,31973179,CC1(c2ccc(Br)cc2)NCCNC1=O,0
COC(=O)C1=CC=C(C)C(Br)=C1I,32080168,COC(=O)c1ccc(C)c(Br)c1I,0
COC(=O)C1=CC=C(CBr)C(Br)=C1I,32080169,COC(=O)c1ccc(CBr)c(Br)c1I,0
COC(CNCC1=C(Br)C=C(Cl)C=C1)OC,32186643,COC(CNCc1ccc(Cl)cc1Br)OC,0
COC1=C(C=C(F)C(Br)=C1)N1C(=O)C=CC2=C1CCN(C2)S(=O)(=O)NC1=CC=CN=N1,32262134,COc1cc(Br)c(F)cc1-n1c2c(ccc1=O)CN(S(=O)(=O)Nc1cccnn1)CC2,0
CC1=C(CCN)C=CC(Br)=C1,33327647,Cc1cc(Br)ccc1CCN,0
FC(F)(F)CNC1=CC(Br)=CC=C1N(=O)=O,33353666,O=[N+]([O-])c1ccc(Br)cc1NCC(F)(F)F,0
OC(=O)CC1=C(Cl)C=CC=C1Br,33502363,O=C(O)Cc1c(Cl)cccc1Br,0
CCOC1=C(C=C(F)C(Br)=C1)C(=O)OC,33789124,CCOc1cc(Br)c(F)cc1C(=O)OC,0
COC(=O)C1=C(F)C(Cl)=CC=C1Br,34059446,COC(=O)c1c(Br)ccc(Cl)c1F,0
CNS(=O)(=O)C1=CC(Br)=C(NC(C)=O)C=C1,34286428,CNS(=O)(=O)c1ccc(NC(C)=O)c(Br)c1,0
COCOC1=CC(=CC=C1Br)C(=O)OC,34395228,COCOc1cc(C(=O)OC)ccc1Br,0
OC1=C(C=C(Cl)C=C1Br)C(=O)CBr,34561356,O=C(CBr)c1cc(Cl)cc(Br)c1O,0
FC1=CC=C(OC2=C(Br)C=C(C=C2)N(=O)=O)C=C1,34867563,O=[N+]([O-])c1ccc(Oc2ccc(F)cc2)c(Br)c1,0
NC1=C(F)C(Br)=C(F)C=C1I,34969753,Nc1c(I)cc(F)c(Br)c1F,0
C[C@H](CCCO)CNC1=CC(Br)=CC=C1N(=O)=O,35233979,C[C@H](CCCO)CNc1cc(Br)ccc1[N+](=O)[O-],0
OC1=C(Cl)C=C(Br)C=C1S(Cl)(=O)=O,35349695,O=S(=O)(Cl)c1cc(Br)cc(Cl)c1O,0
CC1=C(N)C(Br)=C(F)C=C1,35550938,Cc1ccc(F)c(Br)c1N,0
CC(C)(C)OC(=O)N1CCC(CC1)C1=C(F)C=C(Br)C=C1,35562872,CC(C)(C)OC(=O)N1CCC(c2ccc(Br)cc2F)CC1,0
COCCCN(C)C(=O)C1=CC=C(Br)C=C1,35657352,COCCCN(C)C(=O)c1ccc(Br)cc1,0
NC1=C(Br)C=C(F)C=C1C(F)F,35716006,Nc1c(Br)cc(F)cc1C(F)F,0
CC(C)(C)OC(=O)NC1=CC(=C(Br)C=C1)C(C)(C)O,36160924,CC(C)(C)OC(=O)Nc1ccc(Br)c(C(C)(C)O)c1,0
CC(=O)C1=C(C=CC(Br)=C1)N1C=CC=N1,36255937,CC(=O)c1cc(Br)ccc1-n1cccn1,0
CC1=C(C=C(C=C1Br)C(F)F)C#N,36492700,Cc1c(Br)cc(C(F)F)cc1C#N,0
CC(=O)C1=CC(Br)=C(OC2=C(F)C=C(F)C=C2)C=C1,36806168,CC(=O)c1ccc(Oc2ccc(F)cc2F)c(Br)c1,0
CC1=CC=C(CC#N)C=C1Br,36839199,Cc1ccc(CC#N)cc1Br,0
COC1=C(Br)C=C(F)C(C)=C1,36870083,COc1cc(C)c(F)cc1Br,0
COC(=O)C1=C(F)C=CC(Br)=C1C,36899024,COC(=O)c1c(F)ccc(Br)c1C,0
CC1=C(I)C=C(Br)C=C1N(=O)=O,37113724,Cc1c(I)cc(Br)cc1[N+](=O)[O-],0
BrCC1=C(I)C=C(Br)C=C1N(=O)=O,37113738,O=[N+]([O-])c1cc(Br)cc(I)c1CBr,0
CC(=O)C1=C(Br)C=C(F)C(F)=C1,37250112,CC(=O)c1cc(F)c(F)cc1Br,0
CC(C)OC1=CC(=C(C=O)C=C1Br)N(=O)=O,37332386,CC(C)Oc1cc([N+](=O)[O-])c(C=O)cc1Br,0
CC(=O)C1=CC(Br)=CC(Cl)=C1C,37333710,CC(=O)c1cc(Br)cc(Cl)c1C,0
CNC1=CC(F)=CC(Br)=C1,37860324,CNc1cc(F)cc(Br)c1,0
BrC1=CC=C(CC2CO2)C=C1,115302,Brc1ccc(CC2CO2)cc1,62826-21-5
BrC1=CC=C(C=C1)\N=C\C1=CC=CO1,133840,Brc1ccc(/N=C/c2ccco2)cc1,13533-23-8
CC1=NN(C=C1)C1=CC=C(Br)C=C1,135243,Cc1ccn(-c2ccc(Br)cc2)n1,98946-73-7
CC1=CC(=O)N(N1)C1=CC=C(Br)C=C1,161544,Cc1cc(=O)n(-c2ccc(Br)cc2)[nH]1,35496-21-0
COC1=CC(Br)=C(CC2NCCC3=CC4=C(OCO4)C=C23)C=C1OC,349488,COc1cc(Br)c(CC2NCCc3cc4c(cc32)OCO4)cc1OC,25888-41-9
BrC1=CC=C(CN2N=NC3=C2C=CC=C3)C=C1,526028,Brc1ccc(Cn2nnc3ccccc32)cc1,73798-62-6
ClC1=CC(C2=NC3=CC=CC=C3N2)=C(Br)C=C1,530163,Clc1ccc(Br)c(-c2nc3ccccc3[nH]2)c1,14225-85-5
BrC1=CC=C(C=C1)C1=NNN=C1,608544,Brc1ccc(-c2cn[nH]n2)cc1,59066-79-4
NNC1=C(F)C(F)=C(Br)C(F)=C1F,747801,NNc1c(F)c(F)c(Br)c(F)c1F,2797-79-7
BrC1=CC=C(NN=C(C(=O)C2=CC=CC=C2)C(=O)C2=CC=CC=C2)C=C1,758684,O=C(C(=NNc1ccc(Br)cc1)C(=O)c1ccccc1)c1ccccc1,24743-61-1
BrC1=CC=C(C=C1)N1C=C(C=O)C(=N1)C1=CC=CC=C1,885835,O=Cc1cn(-c2ccc(Br)cc2)nc1-c1ccccc1,36640-49-0
OC(=O)C1=CC=CC=C1NC(=O)C1=CC=C(Br)C=C1,1125795,O=C(Nc1ccccc1C(=O)O)c1ccc(Br)cc1,100874-12-2
BrC1=CC=C(C=C1)C(=O)CSC1=NC2=CC=CC=C2S1,1219279,O=C(CSc1nc2ccccc2s1)c1ccc(Br)cc1,23384-65-8
BrC1=CC=CC=C1C#CC1=NC=CC=C1,1310135,Brc1ccccc1C#Cc1ccccn1,0
CCOC(=O)C1=C(C)OC(=C1)C1=CC=C(Br)C=C1,1380808,CCOC(=O)c1cc(-c2ccc(Br)cc2)oc1C,111787-85-0
NC1=C(C=CC=C1)C(=O)NC1=CC=CC(Br)=C1,1463414,Nc1ccccc1C(=O)Nc1cccc(Br)c1,22312-63-6
BrC1=CC=C(\C=C2/SC3=CC=CC=C3C2=O)C=C1,1644012,O=C1/C(=C/c2ccc(Br)cc2)Sc2ccccc21,101000-97-9
BrC1=C(C=CC=C1)\N=N\C1=CC=CC=C1,1841840,Brc1ccccc1/N=N/c1ccccc1,4103-29-1
BrC1=CC=C(SCC#N)C=C1,1868098,N#CCSc1ccc(Br)cc1,0
OCCC(O)C1=CC(Br)=CC=C1,1869580,OCCC(O)c1cccc(Br)c1,51699-46-8
ClC(Cl)(Cl)C(=O)C1=CC=C(Br)C=C1,1873374,O=C(c1ccc(Br)cc1)C(Cl)(Cl)Cl,41262-33-3
CC1=CC(C(O)=O)=C(Br)C(C)=C1,1943839,Cc1cc(C)c(Br)c(C(=O)O)c1,7697-33-8
COC1=C(Br)C=C(C)C=C1N(=O)=O,1958591,COc1c(Br)cc(C)cc1[N+](=O)[O-],30435-75-7
BrC1=CC=C(OC2=CC(C=O)=CC=C2)C=C1,1958758,O=Cc1cccc(Oc2ccc(Br)cc2)c1,65295-62-7
FC(F)(F)C1=CC=C(Br)C2=C1C=CC=C2,1965795,FC(F)(F)c1ccc(Br)c2ccccc12,37827-77-3
COC1=C(OC)C(Br)=CC(C=CN(=O)=O)=C1,1986470,COc1cc(C=C[N+](=O)[O-])cc(Br)c1OC,54291-90-6
CC(=O)OC1=C(C)C(Br)=C(OC(C)=O)C2=C1C=CC=C2,2001222,CC(=O)Oc1c(C)c(Br)c(OC(C)=O)c2ccccc12,37794-07-3
CC(C)(C)N(O)C1=CC=C(Br)C=C1,2046572,CC(C)(C)N(O)c1ccc(Br)cc1,40686-35-9
CC(=O)NC(=O)C1=CC=C(Br)C=C1,2047115,CC(=O)NC(=O)c1ccc(Br)cc1,39549-67-2
OC(=O)C1=C(F)C(F)=C(F)C(F)=C1Br,2054399,O=C(O)c1c(F)c(F)c(F)c(F)c1Br,16583-04-3
CON=CC1=CC=C(Br)C=C1,2080572,CON=Cc1ccc(Br)cc1,33581-31-6
CCC1=CC(Br)=CC(=C1)C(O)=O,2083980,CCc1cc(Br)cc(C(=O)O)c1,342045-08-3
CC(=O)CSC1=CC=CC(Br)=C1,2092087,CC(=O)CSc1cccc(Br)c1,19075-34-4
CC(C)C(C(O)=O)C1=CC=C(Br)C=C1,2096385,CC(C)C(C(=O)O)c1ccc(Br)cc1,51632-30-5
CC1=CC(Br)=C(C=C1)S(Cl)(=O)=O,2098663,Cc1ccc(S(=O)(=O)Cl)c(Br)c1,89794-06-9
OC1=C(Br)C=C(C=C1)C1CCCCC1,2099481,Oc1ccc(C2CCCCC2)cc1Br,15460-06-7
CC1=CC(Br)=C(OCC(O)=O)C=C1,2108554,Cc1ccc(OCC(=O)O)c(Br)c1,25181-66-2
NC1=C(OCC2=C(Br)C=CC=C2)C=CC=C1,2110424,Nc1ccccc1OCc1ccccc1Br,3434-04-6
COP(=O)(OC)C(=[N]#N)C1=CC=C(Br)C=C1,2133730,COP(=O)(OC)C(=[N+]=[N-])c1ccc(Br)cc1,41920-24-5
OC(=O)CCC(=O)C1=CC=C(Br)C(=C1)N(=O)=O,2143314,O=C(O)CCC(=O)c1ccc(Br)c([N+](=O)[O-])c1,70324-97-9
FC1=CC=CC=C1C(=O)C1=C(NC(=O)CBr)C=CC(Br)=C1,2157320,O=C(CBr)Nc1ccc(Br)cc1C(=O)c1ccccc1F,1647-74-1
OC1=CC(Br)=C(C=C1)N=O,2206839,O=Nc1ccc(O)cc1Br,634603-83-1
BrC1=CC=C(C=C1)C#CC#C,2246366,C#CC#Cc1ccc(Br)cc1,60214-13-3
CC1=CC=C(C=C1)C(O)C1=CC=C(Br)C=C1,2267609,Cc1ccc(C(O)c2ccc(Br)cc2)cc1,29334-17-6
COC1=CC=C(C=C1)C(O)C1=CC=C(Br)C=C1,2276032,COc1ccc(C(O)c2ccc(Br)cc2)cc1,838-21-1
CC(C)(C)C1=CC(=C(C(Br)=C1)N(=O)=O)C(C)(C)C,2280515,CC(C)(C)c1cc(Br)c([N+](=O)[O-])c(C(C)(C)C)c1,80438-69-3
CC(C)(C)C(=O)\C=C\C1=CC=C(Br)C=C1,2328545,CC(C)(C)C(=O)/C=C/c1ccc(Br)cc1,56578-54-2
BrC1=C(C(=CC=C1)N(=O)=O)N(=O)=O,2331609,O=[N+]([O-])c1cccc(Br)c1[N+](=O)[O-],19613-76-4
OC1=C(C=C(C=O)C=C1Br)N(=O)=O,2331730,O=Cc1cc(Br)c(O)c([N+](=O)[O-])c1,98555-49-8
BrC1=C(C=C(C=C)C=C1)N(=O)=O,2362041,C=Cc1ccc(Br)c([N+](=O)[O-])c1,38383-33-4
CC1=C(CC2=CC=C(Br)C=C2)C=CC=C1,2364524,Cc1ccccc1Cc1ccc(Br)cc1,17100-49-1
BrC(C1=CC=CC=C1)C1=C(Br)C=CC=C1,2368616,Brc1ccccc1C(Br)c1ccccc1,29787-98-2
OC(C(=O)C1=CC=C(Br)C=C1)C1=CC=CC=C1,2375145,O=C(c1ccc(Br)cc1)C(O)c1ccccc1,33449-74-0
ClCCC1=CC=C(Br)C=C1,2433849,ClCCc1ccc(Br)cc1,23386-17-6
CC(C)CC1=CC=C(Br)C(C)=C1,2435700,Cc1cc(CC(C)C)ccc1Br,73206-52-7
CC1=CC(CBr)=CC(C)=C1Br,2438561,Cc1cc(CBr)cc(C)c1Br,35510-00-0
COC1=CC(=C(Br)C=C1)C(C)(C)C,2441467,COc1ccc(Br)c(C(C)(C)C)c1,14035-02-0
CCCNC(=O)C1=CC=CC(Br)=C1,2443592,CCCNC(=O)c1cccc(Br)c1,35306-74-2
CC(=O)C1=C(O)C(I)=CC(Br)=C1,2444274,CC(=O)c1cc(Br)cc(I)c1O,28467-11-0
OC1=C(Br)C(Cl)=C(Cl)C(Cl)=C1,2448022,Oc1cc(Cl)c(Cl)c(Cl)c1Br,57653-84-6
BrC1=CC=C(C=C1)C(=O)C1=CC(=CC=C1)N(=O)=O,2461015,O=C(c1ccc(Br)cc1)c1cccc([N+](=O)[O-])c1,62100-13-4
CC1=C(C(C)=C(Br)C(=C1C)N(=O)=O)N(=O)=O,2508024,Cc1c(C)c([N+](=O)[O-])c(Br)c(C)c1[N+](=O)[O-],5877-60-1
CC(=O)COC1=CC=CC=C1Br,2519275,CC(=O)COc1ccccc1Br,40100-63-8
COC1=C(OC(C)=O)C=CC(Br)=C1,2524515,COc1cc(Br)ccc1OC(C)=O,54145-18-5
BrC1=C2C=CC=CC2=C(C2=CC=CC=C12)C1=C2C=CC=CC2=CC2=C1C=CC=C2,2543554,Brc1c2ccccc2c(-c2c3ccccc3cc3ccccc23)c2ccccc12,122447-72-7
COC1=CC(S)=C(Br)C=C1,2554403,COc1ccc(Br)c(S)c1,13993-51-6
CCC(=O)C1=C(O)C(Br)=CC(C)=C1,2575226,CCC(=O)c1cc(C)cc(Br)c1O,2892-30-0
C\C(=C/C1=CC=C(Br)C=C1)C(O)=O,2575398,C/C(=C\c1ccc(Br)cc1)C(=O)O,0
CC1=CC(C)=C(Br)C(C)=C1C(O)=O,2577546,Cc1cc(C)c(C(=O)O)c(C)c1Br,5333-13-1
COC(=O)C1=CC=CC2=C1C=C(Br)C=C2,2578663,COC(=O)c1cccc2ccc(Br)cc12,93353-67-4
OC(=O)C1=CC(C(O)=O)=C(C=C1Br)C(O)=O,2588713,O=C(O)c1cc(C(=O)O)c(C(=O)O)cc1Br,13124-84-0
OC(=O)C1=CC2=C(C=CC=C2)C(Br)=C1,2614882,O=C(O)c1cc(Br)c2ccccc2c1,1013-80-5
COC1=CC2=C(C=C1)C=CC(OC)=C2Br,2615650,COc1ccc2ccc(OC)c(Br)c2c1,4614-11-3
COC1=CC2=C(C=C1)C(Br)=C(OC)C=C2,2615652,COc1ccc2c(Br)c(OC)ccc2c1,25315-10-0
CC(=O)C1=C(O)C=CC2=C1C=CC(Br)=C2,2616642,CC(=O)c1c(O)ccc2cc(Br)ccc12,33828-91-0
COC1=CC=C(C=CC(=O)C2=CC(Br)=CC=C2O)C=C1,2621092,COc1ccc(C=CC(=O)c2cc(Br)ccc2O)cc1,1776-04-1
COC1=CC(OC)=C(C(O)=O)C(Br)=C1,2647407,COc1cc(Br)c(C(=O)O)c(OC)c1,62827-49-0
COC1=C(OC)C=C(C(=O)NN)C(Br)=C1,2647897,COc1cc(Br)c(C(=O)NN)cc1OC,17667-28-6
ClS(=O)(=O)C1=CC=CC2=C(Br)C=CC=C12,2648992,O=S(=O)(Cl)c1cccc2c(Br)cccc12,50638-04-5
CC(=O)NC1=C(Br)C=C(C)C(C)=C1,2692899,CC(=O)Nc1cc(C)c(C)cc1Br,22364-28-9
CC(C)(N)CC1=CC=C(Br)C=C1,2716128,CC(C)(N)Cc1ccc(Br)cc1,23063-68-5
CCOS(=O)C1=CC=C(Br)C=C1,2718903,CCOS(=O)c1ccc(Br)cc1,6517-41-5
CCC1=CC(Br)=C(NC(C)=O)C=C1,2719146,CCc1ccc(NC(C)=O)c(Br)c1,90868-93-2
NC1=C(Br)C(=CC=C1)N(=O)=O,2720038,Nc1cccc([N+](=O)[O-])c1Br,35757-20-1
NC1=C(N)C2=C(C=CC=C2)C(Br)=C1,2720887,Nc1cc(Br)c2ccccc2c1N,676267-68-8
CN(C)C1=C(C=C(Br)C=C1)N(=O)=O,2726238,CN(C)c1ccc(Br)cc1[N+](=O)[O-],829-02-7
NC1=CC=C(Br)C=C1C(=O)C1=CC=CC(Cl)=C1,2733681,Nc1ccc(Br)cc1C(=O)c1cccc(Cl)c1,65247-25-8
ClC1=CC=C(NC(=O)C2=CC=CC=C2)C(Br)=C1,2734404,O=C(Nc1ccc(Cl)cc1Br)c1ccccc1,956-29-6
OC(=O)C1=CC=CC=C1NC1=C(Br)C=CC=C1,2734715,O=C(O)c1ccccc1Nc1ccccc1Br,4357-60-2
CC(=O)NC1=CC(Br)=CC=C1C(O)=O,2807231,CC(=O)Nc1cc(Br)ccc1C(=O)O,101861-53-4
CN(C)C1(CCC(=O)CC1)C1=CC=C(Br)C=C1,2808307,CN(C)C1(c2ccc(Br)cc2)CCC(=O)CC1,65619-52-5
CCOC(=O)C(NC1=CC=C(Br)C=C1)C(=O)OCC,2815761,CCOC(=O)C(Nc1ccc(Br)cc1)C(=O)OCC,5500-48-1
[H]\C(=C(\O)C(=O)OC)C(=O)C1=CC=C(Br)C=C1,2840785,COC(=O)/C(O)=C/C(=O)c1ccc(Br)cc1,39847-97-7
CCOC(=O)C(=O)NC1=C(Br)C=CC=C1,2846747,CCOC(=O)C(=O)Nc1ccccc1Br,69066-32-6
BrC1=CC=C(CNS(=O)(=O)C2=CC=CC=C2)C=C1,2943634,O=S(=O)(NCc1ccc(Br)cc1)c1ccccc1,10504-95-7
OC(=O)C1=CC(C(O)=O)=C(Br)C(=C1)C(O)=O,2943686,O=C(O)c1cc(C(=O)O)c(Br)c(C(=O)O)c1,13520-03-1
BrC1=CC=CC=C1C(=O)N=C=O,2965150,O=C=NC(=O)c1ccccc1Br,62632-15-9
OC(=O)\C=C\C=C\C1=CC=C(Br)C=C1,2965460,O=C(O)/C=C/C=C/c1ccc(Br)cc1,15542-35-5
COC1=CC=C(CC#N)C(Br)=C1,2966646,COc1ccc(CC#N)c(Br)c1,66916-98-1
CCC(=O)C1=C(Br)C=C(OC)C=C1,3089483,CCC(=O)c1ccc(OC)cc1Br,24876-04-8
OC(=O)CNC(=O)C1=CC=CC=C1Br,3093175,O=C(O)CNC(=O)c1ccccc1Br,81568-83-4
NC1=CC(=CC=C1Br)S(O)(=O)=O,3130807,Nc1cc(S(=O)(=O)O)ccc1Br,861355-76-2
COC1=CC(O)=C(C(=O)\C=C\C2=CC=CC(Br)=C2)C(OC)=C1,3158433,COc1cc(O)c(C(=O)/C=C/c2cccc(Br)c2)c(OC)c1,1197288-75-7
O\N=C(/C1=CC=CC=C1)C1=CC=C(Br)C=C1,3201486,O/N=C(\c1ccccc1)c1ccc(Br)cc1,118667-16-6
CC1=C(Br)C=CC(=C1)C(C)(C)C,3236160,Cc1cc(C(C)(C)C)ccc1Br,0
CCC1=C(CC)C=C(Br)C=C1,3237412,CCc1ccc(Br)cc1CC,0
COC1=CC(Br)=CC(I)=C1,3238163,COc1cc(Br)cc(I)c1,915412-18-9
CCCSC1=CC=C(Br)C=C1,3238247,CCCSc1ccc(Br)cc1,76542-19-3
CC1=CC(C)=C(C)C(Br)=C1N,3241060,Cc1cc(C)c(N)c(Br)c1C,102236-50-0
BrC1=C(C=CC2=CC=CC=C12)C#N,3243715,N#Cc1ccc2ccccc2c1Br,20176-08-3
OC1=C(C=C(Br)C=C1)C(=O)CCl,3243974,O=C(CCl)c1cc(Br)ccc1O,100959-21-5
CC1=CC(C(O)=O)=C(C)C=C1Br,3244479,Cc1cc(C(=O)O)c(C)cc1Br,276677-03-3
COC1=C(N)C=C(Br)C(C)=C1,3245887,COc1cc(C)c(Br)cc1N,808133-98-4
OC1=C(Br)C=C(I)C=C1I,3246959,Oc1c(Br)cc(I)cc1I,89466-01-3
OC(=O)C1=CC(C#N)=C(Br)C=C1,3250916,N#Cc1cc(C(=O)O)ccc1Br,887757-25-7
CC1=CC(Cl)=C(C=C1Br)C(O)=O,3251191,Cc1cc(Cl)c(C(=O)O)cc1Br,0
ClC(=O)C1=CC2=CC=CC(Br)=C2C=C1,3253462,O=C(Cl)c1ccc2c(Br)cccc2c1,0
CN(C(Cl)=O)C1=CC=C(Br)C=C1,3257408,CN(C(=O)Cl)c1ccc(Br)cc1,0
CC(=O)NC1=C(C)C=C(C)C(Br)=C1,3258036,CC(=O)Nc1cc(Br)c(C)cc1C,0
OC1=CC=C(CC2=CC=C(Br)C=C2)C=C1,3263688,Oc1ccc(Cc2ccc(Br)cc2)cc1,855358-62-2
COC1=C(OC)C(C(C)C)=C(Br)C=C1,3263916,COc1ccc(Br)c(C(C)C)c1OC,77256-01-0
CC1=C(C=CC=C1)C(=O)C1=C(Br)C=CC=C1,3264643,Cc1ccccc1C(=O)c1ccccc1Br,0
CC(C)C1=CC(N)=C(C=C1Br)C(O)=O,3264822,CC(C)c1cc(N)c(C(=O)O)cc1Br,0
CC1=C(Br)C=C(C=C1)C(=O)C1=CC=CC=C1,3264966,Cc1ccc(C(=O)c2ccccc2)cc1Br,321879-67-8
OC1=C(Br)C=C(F)C=C1N(=O)=O,3269272,O=[N+]([O-])c1cc(F)cc(Br)c1O,320-75-2
COC(=O)C1=CC=C(OC)C(OC)=C1Br,3274963,COC(=O)c1ccc(OC)c(OC)c1Br,132185-19-4
COC1=CC=C(C(Br)=C1O)N(=O)=O,3279882,COc1ccc([N+](=O)[O-])c(Br)c1O,854733-39-4
COC1=CC=C(Br)C2=C(OC)C=CC=C12,3285852,COc1ccc(Br)c2c(OC)cccc12,125366-89-4
ClS(=O)(=O)C1=C(C=CC(Br)=C1)C#N,3291409,N#Cc1ccc(Br)cc1S(=O)(=O)Cl,0
BrC1=CC=C(C(=O)C2=CC=CC=C2)C2=CC=CC=C12,3293276,O=C(c1ccccc1)c1ccc(Br)c2ccccc12,651360-27-9
CCCCCCCCCCCC(=O)C1=CC=C(Br)C=C1,3295895,CCCCCCCCCCCC(=O)c1ccc(Br)cc1,231606-35-2
BrC1=CC=C(COC2=CC=CC(C=O)=C2)C=C1,3296795,O=Cc1cccc(OCc2ccc(Br)cc2)c1,0
BrC1=C(C=C(C=C1)C(=O)C1=CC=CC=C1)N(=O)=O,3325745,O=C(c1ccccc1)c1ccc(Br)c([N+](=O)[O-])c1,56107-03-0
CC(C)(O)CNS(=O)(=O)C1=CC=C(Br)C=C1,3332858,CC(C)(O)CNS(=O)(=O)c1ccc(Br)cc1,500730-57-4
BrC1=CC=C(C=C1)C(=O)NC(=S)NC1=CC=CC=C1,3354146,O=C(NC(=S)Nc1ccccc1)c1ccc(Br)cc1,59849-19-3
CCOC1=CC=C(NC2=C(C=C(Br)C=C2)N(=O)=O)C=C1,3388196,CCOc1ccc(Nc2ccc(Br)cc2[N+](=O)[O-])cc1,0
COC1=C(C)C2=CC=C(Br)C=C2C=C1,3530363,COc1ccc2cc(Br)ccc2c1C,247174-14-7
BrC1=C(COC(=O)ON2C(=O)CCC2=O)C=CC=C1,3623239,O=C(OCc1ccccc1Br)ON1C(=O)CCC1=O,128611-93-8
[O-]C1=C[N+](=NO1)C1=CC(Br)=CC=C1,3674320,[O-]c1c[n+](-c2cccc(Br)c2)no1,60816-43-5
[O-]C1=CC=C(Br)C=C1[N+]#N,3953246,N#[N+]c1cc(Br)ccc1[O-],0
CCOC(C)OC1=CC(Br)=CC=C1,4179415,CCOC(C)Oc1cccc(Br)c1,127972-99-0
OCC1=C(Br)C(=CC=C1)N(=O)=O,4180487,O=[N+]([O-])c1cccc(CO)c1Br,90407-20-8
CC1=CC(Br)=CC(C)=C1CO[Si](C)(C)C(C)(C)C,4184911,Cc1cc(Br)cc(C)c1CO[Si](C)(C)C(C)(C)C,127666-66-4
OC1=C(Br)C=C(CC#N)C=C1,4308513,N#CCc1ccc(O)c(Br)c1,73348-21-7
CC(C)(C=O)C1=CC=CC(Br)=C1,4379363,CC(C)(C=O)c1cccc(Br)c1,90433-17-3
CC(Cl)C(=O)C1=CC=C(Br)C=C1,4388055,CC(Cl)C(=O)c1ccc(Br)cc1,87010-95-5
ClC(=CC#N)C1=CC=C(Br)C=C1,4391247,N#CC=C(Cl)c1ccc(Br)cc1,78583-87-6
CC(C)(C(O)=O)C1=CC=CC=C1Br,4401115,CC(C)(C(=O)O)c1ccccc1Br,113948-00-8
ClC1=CC=C(C=C1)C(=O)C=CC1=CC=CC(Br)=C1,4427923,O=C(C=Cc1cccc(Br)c1)c1ccc(Cl)cc1,77153-27-6
COC(=O)C1=C(N)C=C(S1)C1=CC=C(Br)C=C1,4463224,COC(=O)c1sc(-c2ccc(Br)cc2)cc1N,91076-95-8
BrC1=CC=C(\C=C\CC2=CC=CC=C2)C=C1,4667084,Brc1ccc(/C=C/Cc2ccccc2)cc1,86668-30-6
CC1=C(N=C(N)S1)C1=CC=C(Br)C=C1,4791346,Cc1sc(N)nc1-c1ccc(Br)cc1,65705-44-4
OC(=O)C1=CC(Br)=CC(C=O)=C1O,4803435,O=Cc1cc(Br)cc(C(=O)O)c1O,134948-41-7
BrC1=CC=C(C=C1)C(=O)N=C=O,4860574,O=C=NC(=O)c1ccc(Br)cc1,74703-18-7
COC1=C(OC(C)C)C=CC(Br)=C1,4861446,COc1cc(Br)ccc1OC(C)C,138505-27-8
COC1=CC(Br)=C(C=O)C(OC)=C1OC,4868144,COc1cc(Br)c(C=O)c(OC)c1OC,139214-80-5
BrC1=C(C=CC(=C1)C1=CC=CC=C1)C#N,4985075,N#Cc1ccc(-c2ccccc2)cc1Br,109880-84-4
COC(=O)C1=C(C=CC(Br)=C1)N(=O)=O,5011348,COC(=O)c1cc(Br)ccc1[N+](=O)[O-],0
CC(=O)C1=CC(OCC2=CC=CC=C2)=CC=C1Br,5024503,CC(=O)c1cc(OCc2ccccc2)ccc1Br,105805-16-1
OCCOCCOCCOC1=CC=C(Br)C=C1,5026985,OCCOCCOCCOc1ccc(Br)cc1,333382-86-8
BrC1=CC(=C(C=C1)N1CCCC2=C1C=CC=C2)N(=O)=O,5092104,O=[N+]([O-])c1cc(Br)ccc1N1CCCc2ccccc21,112631-29-5
C[C@@H](OC1=CC=C(Br)C=C1)C(O)=O,5260271,C[C@@H](Oc1ccc(Br)cc1)C(=O)O,46232-97-7
CCOC(=O)C(\Cl)=N\NC1=CC=C(Br)C=C1,5269748,CCOC(=O)/C(Cl)=N/Nc1ccc(Br)cc1,27143-10-8
BrC1=CC=C(C=C1)C#CC1=CC=NC=C1,5333578,Brc1ccc(C#Cc2ccncc2)cc1,138517-20-1
CC1=CC(Br)=C(NC(=O)C(F)(F)F)C=C1,5337768,Cc1ccc(NC(=O)C(F)(F)F)c(Br)c1,139058-21-2
FC(F)(F)C1=CC(Br)=C(C=C1)C(Cl)=O,5530194,O=C(Cl)c1ccc(C(F)(F)F)cc1Br,85663-09-8
COC1=C(OC)C(Br)=C(CC(O)=O)C=C1,5541051,COc1ccc(CC(=O)O)c(Br)c1OC,63856-83-7
CCC\C=C\C1=CC=CC=C1Br,5790448,CCC/C=C/c1ccccc1Br,16692-57-2
NC1=CC=C(Br)C(=C1N)N(=O)=O,5865978,Nc1ccc(Br)c([N+](=O)[O-])c1N,147021-89-4
BrC1=CC=C(C(CC#N)=C1)N(=O)=O,5866043,N#CCc1cc(Br)ccc1[N+](=O)[O-],125914-22-9
BrC1=C(CC2CCCCCC2=O)C=CC=C1,6140008,O=C1CCCCCC1Cc1ccccc1Br,132452-19-8
CC(=O)C1=C(Br)C=CC=C1C,6322884,CC(=O)c1c(C)cccc1Br,148517-71-9
COC(=O)C(=O)C(Cl)C1=CC=C(Br)C=C1,6329369,COC(=O)C(=O)C(Cl)c1ccc(Br)cc1,146736-29-0
COC1=CC=C(OCC2=CC=CC=C2)C(Br)=C1,6330953,COc1ccc(OCc2ccccc2)c(Br)c1,151039-11-1
BrC1=CC(C=C=C)=CC=C1,6382193,C=C=Cc1cccc(Br)c1,91028-08-9
BrC1=CC=C(OC=C=C)C=C1,6499612,C=C=COc1ccc(Br)cc1,66397-24-8
CCOC(=O)C1=CC(Br)=C(Cl)C=C1,6503179,CCOC(=O)c1ccc(Cl)c(Br)c1,76008-75-8
COC1=C(Br)C(CO)=CC=C1,6593675,COc1cccc(CO)c1Br,199436-55-0
BrC1=CC=C(C=C1)C1=CC(CC#N)=NN1,6648982,N#CCc1cc(-c2ccc(Br)cc2)[nH]n1,153391-40-3
CC(C)(C)C1=CC(=CC(=C1)C1=CC(=CC(Br)=C1)C1=CC(=CC(=C1)C(C)(C)C)C(C)(C)C)C(C)(C)C,6747769,CC(C)(C)c1cc(-c2cc(Br)cc(-c3cc(C(C)(C)C)cc(C(C)(C)C)c3)c2)cc(C(C)(C)C)c1,120046-02-8
[H][C@](N)(CC1=CC(Br)=C(O)C=C1)C(=O)OC,6863566,COC(=O)[C@@H](N)Cc1ccc(O)c(Br)c1,0
COP(=O)(OC)C(NC1=CC=C(Br)C=C1)C1=CC=CC=C1,6868932,COP(=O)(OC)C(Nc1ccc(Br)cc1)c1ccccc1,0
CC(C)NC1=CC=CC=C1Br,6918540,CC(C)Nc1ccccc1Br,0
BrC(Br)C1=CC=CC(C(Br)Br)=C1Br,6922718,Brc1c(C(Br)Br)cccc1C(Br)Br,135590-51-1
FC(F)(F)C1=C(C=CC(Br)=C1)N=C=S,6923715,FC(F)(F)c1cc(Br)ccc1N=C=S,0
NC1=CC2=C(OC(=N2)C2=CC=C(Br)C=C2)C=C1,6924904,Nc1ccc2oc(-c3ccc(Br)cc3)nc2c1,54995-56-1
CN(C)C\C=C\C1=CC=C(Br)C=C1,7019207,CN(C)C/C=C/c1ccc(Br)cc1,0
CCCCCCSC1=CC=C(Br)C=C1,7020948,CCCCCCSc1ccc(Br)cc1,76542-21-7
ClC1=C(Br)C=CC=C1C1=CC=CC=C1,7090087,Clc1c(Br)cccc1-c1ccccc1,0
BrCC1=CC=C2C(Br)=CC=CC2=C1,7199800,BrCc1ccc2c(Br)cccc2c1,128104-54-1
NC(=CC#N)C1=CC=C(Br)C=C1,7350984,N#CC=C(N)c1ccc(Br)cc1,0
CCOC(=O)\C=C(/C)C1=CC=CC(Br)=C1,7370711,CCOC(=O)/C=C(\C)c1cccc(Br)c1,883892-28-2
NC1=CC2=NC=NC(NC3=CC(Br)=CC=C3)=C2C=C1N(=O)=O,7386524,Nc1cc2ncnc(Nc3cccc(Br)c3)c2cc1[N+](=O)[O-],169205-92-9
FC(F)(F)C(F)(F)C(F)(F)C(F)(F)C(F)(F)C(F)(F)CCC1=CC=C(Br)C=C1,7726122,FC(F)(F)C(F)(F)C(F)(F)C(F)(F)C(F)(F)C(F)(F)CCc1ccc(Br)cc1,195324-87-9
BrC1=CC=CC(=C1)C1=CC=CO1,7804455,Brc1cccc(-c2ccco2)c1,85553-51-1
CC1=CC=C(C)N1C1=CC=CC=C1Br,7807252,Cc1ccc(C)n1-c1ccccc1Br,132253-56-6
CCOC(=O)C(CO)C1=CC=C(Br)C=C1,7856833,CCOC(=O)C(CO)c1ccc(Br)cc1,797756-92-4
CC#CC(=O)C1=CC=CC=C1Br,7868800,CC#CC(=O)c1ccccc1Br,207275-14-7
ClC1=CC(=NO1)C1=CC=C(Br)C=C1,7871310,Clc1cc(-c2ccc(Br)cc2)no1,0
CC(C)(C)OC(=O)N1CCC(CC1)(NC1=CC=CC=C1Br)C#N,7885004,CC(C)(C)OC(=O)N1CCC(C#N)(Nc2ccccc2Br)CC1,205813-91-8
COC(=O)C#CC1=CC=CC(Br)=C1,7919622,COC(=O)C#Cc1cccc(Br)c1,0
CC(=O)COC1=CC(Br)=CC=C1,7988748,CC(=O)COc1cccc(Br)c1,0
OC1=CC=C(Br)C=C1C=NNC(=O)C1=CC=NC=C1,8208784,O=C(NN=Cc1cc(Br)ccc1O)c1ccncc1,0
CC(C)(N)C1=C(Br)C=CC=C1,8478516,CC(C)(N)c1ccccc1Br,173026-23-8
OC(=O)C1=C(Br)C=CC(OCC2=CC=CC=C2)=C1,8487513,O=C(O)c1cc(OCc2ccccc2)ccc1Br,0
CC(C)(C)[Si](C)(C)OC(C1CCCCC1)C1=CC=C(Br)C=C1,8565162,CC(C)(C)[Si](C)(C)OC(c1ccc(Br)cc1)C1CCCCC1,263257-25-6
NN=CC1=CC(Br)=CC=C1,8614122,NN=Cc1cccc(Br)c1,306773-37-5
OC(=O)C(CC=C)C1=CC=C(Br)C=C1,8617899,C=CCC(C(=O)O)c1ccc(Br)cc1,188943-73-9
CC(C)(C)OC(=O)\C=C\C1=CC(Br)=CC=C1,8618294,CC(C)(C)OC(=O)/C=C/c1cccc(Br)c1,309757-76-4
NC1=CC(=NO1)C1=CC=C(Br)C=C1,8763324,Nc1cc(-c2ccc(Br)cc2)no1,119162-53-7
CCOC(=O)[C@](C)(N)CC1=CC=C(Br)C=C1,8768327,CCOC(=O)[C@](C)(N)Cc1ccc(Br)cc1,213202-55-2
CCOC(=O)C1=CC2=CC=C(Br)C=C2C(O)=C1,8772257,CCOC(=O)c1cc(O)c2cc(Br)ccc2c1,540779-29-1
COC1=CC=CC2=C1C1=CC=C3NC(C)(C)C=C(C)C3=C1C(O2)C1=CC(Br)=CC(C)=C1,8945487,COc1cccc2c1-c1ccc3c(c1C(c1cc(C)cc(Br)c1)O2)C(C)=CC(C)(C)N3,239066-82-1
ClC(=O)C1=CC(Br)=CC2=C1C=CC=C2,8978644,O=C(Cl)c1cc(Br)cc2ccccc12,0
CO\N=C(\C1CCN(CC1)C1(C)CCN(CC1)C(=O)C1=C(C)C=CC=C1C)C1=CC=C(Br)C=C1,9020330,CO/N=C(\c1ccc(Br)cc1)C1CCN(C2(C)CCN(C(=O)c3c(C)cccc3C)CC2)CC1,0
CCCC1=CC(OC)=CC=C1Br,9043815,CCCc1cc(OC)ccc1Br,0
COC(=O)C1=CC(Br)=CC(=C1)C(C)=O,9045931,COC(=O)c1cc(Br)cc(C(C)=O)c1,444992-78-3
CC(C)[Si](OC1=C(Br)C=CC=C1)(C(C)C)C(C)C,9049305,CC(C)[Si](Oc1ccccc1Br)(C(C)C)C(C)C,378787-34-9
CC(C)(C)OC(=O)C(C)(C)OC1=CC=CC(Br)=C1,9050250,CC(C)(C)OC(=O)C(C)(C)Oc1cccc(Br)c1,393186-07-7
C[C@@H](C(O)=O)C1=CC=C(Br)C=C1,9120822,C[C@@H](C(=O)O)c1ccc(Br)cc1,156142-98-2
COC(=O)CCCCC1=CC=C(Br)C=C1,9195406,COC(=O)CCCCc1ccc(Br)cc1,490035-81-9
COCOC1=CC=C(C=C1Br)N(=O)=O,9257135,COCOc1ccc([N+](=O)[O-])cc1Br,373380-62-2
OCCC1=C(Br)C2=CC=CC=C2C=C1,9259947,OCCc1ccc2ccccc2c1Br,115351-61-6
CC(=C)CC1=CC=CC=C1Br,9387388,C=C(C)Cc1ccccc1Br,514821-14-8
COC(OC)C1=C(O)C=CC(Br)=C1,9388110,COC(OC)c1cc(Br)ccc1O,501085-54-7
CC1=CC=C(\C=C\C(=O)C2=CC=CC(Br)=C2)C=C1,9485598,Cc1ccc(/C=C/C(=O)c2cccc(Br)c2)cc1,851581-65-2
CN=CC1=CC=CC=C1Br,9550065,CN=Cc1ccccc1Br,95547-10-7
NC1(CC1)C1=CC=CC=C1Br,9551000,NC1(c2ccccc2Br)CC1,604799-96-4
CCOC(=O)C1=CC(C)=NN1C1=CC(Br)=CC=C1,9558993,CCOC(=O)c1cc(C)nn1-c1cccc(Br)c1,209958-55-4
COC=CC1=CC=C(Br)C=C1,9616702,COC=Cc1ccc(Br)cc1,59436-09-8
CC1=C(Br)C=C(C=C)C=C1,9616906,C=Cc1ccc(C)c(Br)c1,167960-11-4
C[Si](C)(C)C1=C(Br)C=CC=C1F,9619675,C[Si](C)(C)c1c(F)cccc1Br,632324-41-5
BrC1=CC=C(NC(=O)CCC=C)C=C1,9620782,C=CCCC(=O)Nc1ccc(Br)cc1,632326-59-1
COC(=O)C1=C(CC[C@H](O)C2=CC(Br)=CC=C2)C=CC=C1,9638524,COC(=O)c1ccccc1CC[C@H](O)c1cccc(Br)c1,0
OP(O)(=O)C(F)(F)C1=C(Br)C=C(CC(C(=O)C2=CC=CC=C2)C2=CC=CC=C2)C=C1,9661062,O=C(c1ccccc1)C(Cc1ccc(C(F)(F)P(=O)(O)O)c(Br)c1)c1ccccc1,345953-08-4
CC1=CC=C(Br)C=C1B(O)O,9697015,Cc1ccc(Br)cc1B(O)O,774608-13-8
COC1=CC(CO)=C(OC)C(Br)=C1,9697418,COc1cc(Br)c(OC)c(CO)c1,196302-51-9
OC1=CC=C(C=C1)C(=O)\C=C\C1=CC(Br)=CC=C1,9770452,O=C(/C=C/c1cccc(Br)c1)c1ccc(O)cc1,0
BrC1=CC=C(C=C1)C(CC(=O)C1=CC=CC=C1)CN(=O)=O,9773337,O=C(CC(C[N+](=O)[O-])c1ccc(Br)cc1)c1ccccc1,219607-51-9
OCCCOC1=CC2=CC=C(Br)C=C2C=C1,9850176,OCCCOc1ccc2cc(Br)ccc2c1,0
CC1=C(CCl)N=C(O1)C1=CC=CC(Br)=C1,9907555,Cc1oc(-c2cccc(Br)c2)nc1CCl,328918-94-1
CC(CC1=CC=C(Br)C=C1)C=O,9995347,CC(C=O)Cc1ccc(Br)cc1,246529-83-9
C[C@H](O)\C=C\C1=CC=C(Br)C=C1,9996321,C[C@H](O)/C=C/c1ccc(Br)cc1,690257-96-6
CC(C)(C)OC(=O)N1CCN(CC1)C1=CC=C(Br)C=C1C=O,10015506,CC(C)(C)OC(=O)N1CCN(c2ccc(Br)cc2C=O)CC1,628326-05-6
CC(C)(C)OC(=O)N1CCN(CC1)C1=CC=C(Br)C2=C1C=CC=C2,10021071,CC(C)(C)OC(=O)N1CCN(c2ccc(Br)c3ccccc23)CC1,0
BrC1=CC=CC(COCC=C)=C1,10062475,C=CCOCc1cccc(Br)c1,854616-68-5
COC(=O)C(F)(F)C1=CC(Br)=CC=C1,10065267,COC(=O)C(F)(F)c1cccc(Br)c1,860771-96-6
OC1=CC2=C(C=C1)C=C(Br)C=C2C#N,10068801,N#Cc1cc(Br)cc2ccc(O)cc12,550998-30-6
CCOP(=O)(OCC)C(N)C1=CC(Br)=CC=C1,10074446,CCOP(=O)(OCC)C(N)c1cccc(Br)c1,0
BrC1=CC2=C(C=C1)C=C(C=C2)N1CCCC1,10075075,Brc1ccc2cc(N3CCCC3)ccc2c1,136924-72-6
FC(F)(F)C1=CC(Br)=CC=C1OCC1=CC=CC=C1,10078912,FC(F)(F)c1cc(Br)ccc1OCc1ccccc1,169247-46-5
COC1=CC=C(C=C1)C1=CC(Cl)=C2C(Cl)=C(O)C(Br)=CC2=C1,10096744,COc1ccc(-c2cc(Cl)c3c(Cl)c(O)c(Br)cc3c2)cc1,550998-46-4
CC1=CC=C(C=C1)S(=O)(=O)N=CC1=CC(Br)=CC=C1O,10170288,Cc1ccc(S(=O)(=O)N=Cc2cc(Br)ccc2O)cc1,0
COC1=CC=CC=C1C(=O)NC1=C(Br)C=CC=C1,10254744,COc1ccccc1C(=O)Nc1ccccc1Br,352331-96-5
CC(C)(C)OC(=O)N1CCN(CC1)C1=CC=C(Br)C=C1N,10271745,CC(C)(C)OC(=O)N1CCN(c2ccc(Br)cc2N)CC1,474329-58-3
BrC1=CC=CC=C1CCOCC1=CC=CC=C1,10342172,Brc1ccccc1CCOCc1ccccc1,0
BrC1=CC=C(C=O)C=C1C=O,10423794,O=Cc1ccc(Br)c(C=O)c1,479258-37-2
BrC1=CC=C(C=C1)C1CCC(=O)C1,10428242,O=C1CCC(c2ccc(Br)cc2)C1,909248-46-0
COC1=CC=C(C=C1)C1=NN=C(O1)C1=CC=C(Br)C=C1,10442742,COc1ccc(-c2nnc(-c3ccc(Br)cc3)o2)cc1,0
NC(=O)C1=CC=C(N)C(Br)=C1,10532936,NC(=O)c1ccc(N)c(Br)c1,0
COC1=CC(C(=O)NC2=CC=CC=C2)=C(Br)C=C1,10542121,COc1ccc(Br)c(C(=O)Nc2ccccc2)c1,924660-44-6
BrC1=CC=C(C=C1)C(=O)C1=NC=CC2=C1NC1=C2C=CC=C1,10566632,O=C(c1ccc(Br)cc1)c1nccc2c1[nH]c1ccccc12,906067-45-6
C[C@H](O)CC1=CC=C(Br)C=C1,10655796,C[C@H](O)Cc1ccc(Br)cc1,918441-54-0
CC(C)(CC1=CC(Br)=CC=C1)C(O)=O,10658073,CC(C)(Cc1cccc(Br)c1)C(=O)O,926625-06-1
NC(=O)C1=NC=CN=C1NC(=O)C1=CC(Br)=CC=C1F,10687036,NC(=O)c1nccnc1NC(=O)c1cc(Br)ccc1F,914289-32-0
CC1=C2N=C(NC2=CC(=C1)N1C=CN=C1)C1=C(NCC(O)C2=CC(Br)=CC=C2)C=CNC1=O,10730796,Cc1cc(-n2ccnc2)cc2[nH]c(-c3c(NCC(O)c4cccc(Br)c4)cc[nH]c3=O)nc12,0
COC(=O)C1=C(C)C(Br)=CC=C1N,11040798,COC(=O)c1c(N)ccc(Br)c1C,573692-58-7
NC1=C(F)C=C(F)C(Br)=C1F,11124132,Nc1c(F)cc(F)c(Br)c1F,762297-95-0
BrC1=CC(=CC=C1)[C@@H]1CO1,11125297,Brc1cccc([C@@H]2CO2)c1,691894-14-1
COCC(=O)NC1=CC=CC(Br)=C1,11178780,COCC(=O)Nc1cccc(Br)c1,430463-83-5
COC1=CC=CC(=C1)C(=O)C1=CC=CC=C1Br,11265854,COc1cccc(C(=O)c2ccccc2Br)c1,890098-06-3
COC1=CC=CC(=C1)C(O)C1=CC=CC=C1Br,11265856,COc1cccc(C(O)c2ccccc2Br)c1,634152-97-9
BrC1=CC(=C(OCC=C)C=C1)N(=O)=O,11267828,C=CCOc1ccc(Br)cc1[N+](=O)[O-],0
CCCCCCCCOC1=CC(Br)=CC(OCCCCCCCC)=C1OCCCCCCCC,11294316,CCCCCCCCOc1cc(Br)cc(OCCCCCCCC)c1OCCCCCCCC,0
OC(=O)C=CC1=CC=C(Br)C=C1F,11412671,O=C(O)C=Cc1ccc(Br)cc1F,0
NC(=O)C1(CC1)C1=CC=C(Br)C=C1,11425089,NC(=O)C1(c2ccc(Br)cc2)CC1,847361-67-5
CC(C)(C)OC(=O)C1=C(Cl)C=CC(Br)=C1,11429926,CC(C)(C)OC(=O)c1cc(Br)ccc1Cl,0
CCC1=C(Br)C=CC(=C1)C(O)=O,11431122,CCc1cc(C(=O)O)ccc1Br,0
CC(C)(C)OC(=O)N1CCC(CC1)=CC1=CC=C(Br)C=C1,11531320,CC(C)(C)OC(=O)N1CCC(=Cc2ccc(Br)cc2)CC1,0
CC(C)(C)OC(=O)N1CCN([C@H](C1)C1=CC=C(Br)C=C1)C(=O)OC(C)(C)C,12063312,CC(C)(C)OC(=O)N1CCN(C(=O)OC(C)(C)C)[C@@H](c2ccc(Br)cc2)C1,769944-85-6
OC(=O)[C@H](CC1=CC=C(F)C(Br)=C1)NC(=O)C1=CC(Cl)=C(Cl)C=C1NS(=O)(=O)C1=CC=CC2=NSN=C12,12543158,O=C(N[C@@H](Cc1ccc(F)c(Br)c1)C(=O)O)c1cc(Cl)c(Cl)cc1NS(=O)(=O)c1cccc2nsnc12,0
CC(C)NC(=O)C1=CC(Br)=CC(C)=C1N,12631840,Cc1cc(Br)cc(C(=O)NC(C)C)c1N,0
CS(=O)(=O)C1=C(C=CC(Br)=C1)C(Cl)=O,13246782,CS(=O)(=O)c1cc(Br)ccc1C(=O)Cl,0
FC(F)(F)C1=C(C=CC(Br)=C1)C(Cl)=O,13476402,O=C(Cl)c1ccc(Br)cc1C(F)(F)F,104356-17-4
CC(C)(C)OC(=O)NC(C1=CC=CC=C1)C1=CC=C(Br)C=C1,13909114,CC(C)(C)OC(=O)NC(c1ccccc1)c1ccc(Br)cc1,0
FC1=C(OC(F)(F)F)C=CC(Br)=C1C=O,14086856,O=Cc1c(Br)ccc(OC(F)(F)F)c1F,524674-70-2
COC(=O)C1=CC(Br)=C(N)C(OC)=C1,14285707,COC(=O)c1cc(Br)c(N)c(OC)c1,762292-57-9
CC1=CC=C(C=C1)S(=O)(=O)NC1=CC=C(C=C1Br)C(F)(F)F,14418974,Cc1ccc(S(=O)(=O)Nc2ccc(C(F)(F)F)cc2Br)cc1,851045-73-3
CC(C)(C)OC(=O)NC(CC(O)=O)C1=CC=C(Br)C=C1,14424695,CC(C)(C)OC(=O)NC(CC(=O)O)c1ccc(Br)cc1,282524-86-1
NC1=C(CCO)C=CC(Br)=C1,14428999,Nc1cc(Br)ccc1CCO,856839-67-3
OC(=O)C1=CC=CC=C1CCC1=CC=CC(Br)=C1,14483226,O=C(O)c1ccccc1CCc1cccc(Br)c1,198707-81-2
FC1=C(Br)C=CC=C1S(Cl)(=O)=O,14491219,O=S(=O)(Cl)c1cccc(Br)c1F,1214372-19-6
CC1=CC(S)=CC(C)=C1Br,14492166,Cc1cc(S)cc(C)c1Br,872254-84-7
CC(=O)N[C@@H](CC1=CC(Br)=C(F)C=C1)C(O)=O,14524147,CC(=O)N[C@@H](Cc1ccc(F)c(Br)c1)C(=O)O,880348-28-7
CC(C)(C)OC(=O)NC1=CC(Br)=C(F)C=C1,14538947,CC(C)(C)OC(=O)Nc1ccc(F)c(Br)c1,836619-77-3
C\C(=C/C(O)=O)C1=CC=CC(Br)=C1,14541298,C/C(=C\C(=O)O)c1cccc(Br)c1,883892-30-6
CC1=CC=C(N)C(Br)=C1C,14565303,Cc1ccc(N)c(Br)c1C,0
COC(=O)C1=CC(=CC(Br)=C1)S(C)(=O)=O,14957814,COC(=O)c1cc(Br)cc(S(C)(=O)=O)c1,154117-77-8
COCCCOC1=CC(=CC=C1Br)C(=O)OC,15017900,COCCCOc1cc(C(=O)OC)ccc1Br,895240-78-5
OC(CN1C=CN=C1)C1=CC=CC(Br)=C1,15028068,OC(Cn1ccnc1)c1cccc(Br)c1,912962-95-9
COC(OC)C1=C(Br)C=CC(=C1)N(=O)=O,15342721,COC(OC)c1cc([N+](=O)[O-])ccc1Br,115972-68-4
OCCCC#CC1=CC(Br)=CC=C1,15465771,OCCCC#Cc1cccc(Br)c1,931430-41-0
OCC(CO)(CO)C1=CC=C(Br)C=C1,15481924,OCC(CO)(CO)c1ccc(Br)cc1,936494-74-5
CCCSC1=CC=CC(Br)=C1,15497152,CCCSc1cccc(Br)c1,883443-16-1
CCOC1=CC(Br)=CC=C1I,15509192,CCOc1cc(Br)ccc1I,943742-29-8
OC1=C(F)C=C(Br)C=C1Cl,15608794,Oc1c(F)cc(Br)cc1Cl,161045-79-0
BrC1=CC=C(NS(=O)(=O)C2=CC=CC=C2N(=O)=O)C=C1,15773428,O=[N+]([O-])c1ccccc1S(=O)(=O)Nc1ccc(Br)cc1,159048-82-5
CN1C(=O)C=C(NC2=CC=C(Br)C=C2)C1=O,15793889,CN1C(=O)C=C(Nc2ccc(Br)cc2)C1=O,920941-28-2
BrC1=CC=C(C=C1)C1=CC=C(N=C1)C1=CC=NC=C1,18004454,Brc1ccc(-c2ccc(-c3ccncc3)nc2)cc1,859211-25-9
CC1=CC2=C(C=C1)N=C(S2)C1=CC=C(Br)C=C1,18307230,Cc1ccc2nc(-c3ccc(Br)cc3)sc2c1,77201-76-4
COC1=C(CNO)C=C(F)C=C1Br,18315596,COc1c(Br)cc(F)cc1CNO,1009093-61-1
COC1=CC(Br)=CC(OC)=C1N(=O)=O,18356462,COc1cc(Br)cc(OC)c1[N+](=O)[O-],815632-47-4
CC(=O)NC1=CC(Br)=CC=C1OC(F)(F)F,18395567,CC(=O)Nc1cc(Br)ccc1OC(F)(F)F,392726-69-1
CC(C)(C)OC(=O)N1CCC(CC1)(C#N)C1=CC(Br)=CC=C1,18398944,CC(C)(C)OC(=O)N1CCC(C#N)(c2cccc(Br)c2)CC1,849928-28-5
ClC1=CC(Br)=CC(OC2=C(Cl)C=CC3=C2N=NN3)=C1,18401247,Clc1cc(Br)cc(Oc2c(Cl)ccc3[nH]nnc23)c1,1034474-44-6
CC(C)(C)OC(=O)N1CCC(CC1)C(O)C1=CC=C(Br)C=C1,18549447,CC(C)(C)OC(=O)N1CCC(C(O)c2ccc(Br)cc2)CC1,847614-80-6
BrC1=CC=CC=C1C#CC1=CC=C(C=C1)C#N,18610674,N#Cc1ccc(C#Cc2ccccc2Br)cc1,1021176-20-4
NNC(=O)C1=CC(F)=C(Br)C=C1,18778432,NNC(=O)c1ccc(Br)c(F)c1,1093064-27-7
O[C@@H](C=C)C1=CC=C(Br)C=C1,18898568,C=C[C@H](O)c1ccc(Br)cc1,1073277-36-7
ClC1=NC=NC(NS(=O)(=O)NCC2=CC=CC=C2)=C1C1=CC=C(Br)C=C1,18989182,O=S(=O)(NCc1ccccc1)Nc1ncnc(Cl)c1-c1ccc(Br)cc1,441797-42-8
BrC1=C(C=CC=C1)C#CC1=CC=CS1,19031912,Brc1ccccc1C#Cc1cccs1,1034024-52-6
CC(C)(C)NC1=C(C=C(Br)C=C1)N(=O)=O,19075570,CC(C)(C)Nc1ccc(Br)cc1[N+](=O)[O-],1135351-95-9
CC1(C)OCC(O1)C1=CC=C(Br)C=C1,19150481,CC1(C)OCC(c2ccc(Br)cc2)O1,959471-24-0
NNC1=CC=C(Br)C=C1C(O)=O,19204462,NNc1ccc(Br)cc1C(=O)O,177192-82-4
OB(O)C1=CC=C(F)C=C1Br,19225912,OB(O)c1ccc(F)cc1Br,0
CC1=C(C=CC(Br)=C1)N1CCCN2C1=NC1=C2C(C=O)=CC=C1Cl,19229150,Cc1cc(Br)ccc1N1CCCn2c1nc1c(Cl)ccc(C=O)c12,1173981-06-0
CC1=C(C=CC(Br)=C1)N1CCCN2C1=NC1=C2C(CO)=CC=C1Cl,19229191,Cc1cc(Br)ccc1N1CCCn2c1nc1c(Cl)ccc(CO)c12,1173981-05-9
CCC(C)(C#N)C1=CC(Br)=CC=C1,19325907,CCC(C)(C#N)c1cccc(Br)c1,1160502-14-6
CCC(C)(CN)C1=CC(Br)=CC=C1,19325913,CCC(C)(CN)c1cccc(Br)c1,1160502-47-5
CC1=CC(Br)=CC(C)=C1B(O)O,19327198,Cc1cc(Br)cc(C)c1B(O)O,1160561-24-9
CC1=CC=C(C=C1)S(=O)(=O)NC(=O)C1=CC=CC(Br)=C1,19370730,Cc1ccc(S(=O)(=O)NC(=O)c2cccc(Br)c2)cc1,630050-32-7
CC1=C(CN)C=C(Br)C=C1,19424874,Cc1ccc(Br)cc1CN,887582-71-0
FC1=CC=CC(Br)=C1CCl,19552650,Fc1cccc(Br)c1CCl,1182357-16-9
CC(=O)C1=C(O)C(Cl)=C(Br)C=C1,19594628,CC(=O)c1ccc(Br)c(Cl)c1O,1111084-94-6
BrC1=CC=C(C=C1)C(=O)NC1=CC=CC=C1I,19636425,O=C(Nc1ccccc1I)c1ccc(Br)cc1,346689-26-7
COC1=CC=C(C=C1OC)C1=CC=CC=C1Br,19722616,COc1ccc(-c2ccccc2Br)cc1OC,1196967-38-0
CC(F)(F)OC1=CC=C(Br)C=C1,19774871,CC(F)(F)Oc1ccc(Br)cc1,950195-88-7
COC(=O)C1=C(SC)C=CC(Br)=C1,19807062,COC(=O)c1cc(Br)ccc1SC,929000-14-6
BrC1=CC=C(CNC(=O)C2=NC=CC=C2)C=C1,19899731,O=C(NCc1ccc(Br)cc1)c1ccccn1,1200444-64-9
NC1=CC(I)=CC=C1Br,19962209,Nc1cc(I)ccc1Br,111721-74-5
OC1=CC=C2C=CC=CC2=C1C1=C2C=CC=CC2=CC(Br)=C1O,19972523,Oc1ccc2ccccc2c1-c1c(O)c(Br)cc2ccccc12,909553-05-5
COC1=CC2=C(C=C1OC)C1=CC(OC)=C(OC)C=C1C(Br)=C2CBr,19990007,COc1cc2c(Br)c(CBr)c3cc(OC)c(OC)cc3c2cc1OC,1215841-59-0
CC(C)(C)OC(=O)C1=C(Br)C(C=O)=C(F)C=C1,20062286,CC(C)(C)OC(=O)c1ccc(F)c(C=O)c1Br,1203662-35-4
COC1=CC2=CC=C(Br)C=C2C=C1C=O,20097499,COc1cc2ccc(Br)cc2cc1C=O,1219689-98-1
COC1=CC2=C(C=C(Br)C=C2)C=C1CO,20097503,COc1cc2ccc(Br)cc2cc1CO,1219689-97-0
C[Si](C)(C)C#CC1=C(N)C=C(F)C(Br)=C1,20097616,C[Si](C)(C)C#Cc1cc(Br)c(F)cc1N,1219741-80-6
COC(=O)C(C)C(=O)C1=CC=C(Br)C=C1,20157244,COC(=O)C(C)C(=O)c1ccc(Br)cc1,86109-33-3
ClC1=CC(OC2=C(C=CC=N2)C(=O)N2CCN(C3CC3)C3=C2C=CC=C3)=C(Cl)C=C1Br,20175295,O=C(c1cccnc1Oc1cc(Cl)c(Br)cc1Cl)N1CCN(C2CC2)c2ccccc21,1224639-71-7
COCCOC1=C(Br)C=CC(C=C2CCN(CC2)C(=O)OC(C)(C)C)=C1,20179817,COCCOc1cc(C=C2CCN(C(=O)OC(C)(C)C)CC2)ccc1Br,1176327-18-6
N[C@@H](CC=C)C1=C(Br)C=CC=C1,20229863,C=CC[C@H](N)c1ccccc1Br,1225012-70-3
COC1=CC(=CC=C1)N(C)S(=O)(=O)C1=CC=C(Br)C=C1,20250590,COc1cccc(N(C)S(=O)(=O)c2ccc(Br)cc2)c1,1220972-98-4
OC1=C(Br)C2=CC=C(C=C2C=C1)C#N,20447107,N#Cc1ccc2c(Br)c(O)ccc2c1,1192026-57-5
BrC1=C(C=CC=C1)C#CC(=O)C1=CC=CC=C1,20448778,O=C(C#Cc1ccccc1Br)c1ccccc1,1227782-13-9
COC(=O)C1(CCCCC1)C1=CC=C(Br)C=C1,20475409,COC(=O)C1(c2ccc(Br)cc2)CCCCC1,1236357-63-3
COC1=CC=C2C=CC(C=O)=C(Br)C2=C1,20505076,COc1ccc2ccc(C=O)c(Br)c2c1,1243027-39-5
CN(C)CCNC1=C(N)C=C(Br)C=C1,20563816,CN(C)CCNc1ccc(Br)cc1N,0
CC1=CC(Br)=CC(F)=C1C(N)=O,20575942,Cc1cc(Br)cc(F)c1C(N)=O,1242156-51-9
CC(C)(C)[Si](C)(C)OCC1=C(C=CC=C1Br)N1C(O)CC2=C(C=CC(=C2)C2CC2)C1=O,20575998,CC(C)(C)[Si](C)(C)OCc1c(Br)cccc1N1C(=O)c2ccc(C3CC3)cc2CC1O,1198765-15-9
CC(C)(C)[Si](C)(C)OCC1=C(C=CC=C1Br)N1C=CC2=C(C=CC(=C2)C2CC2)C1=O,20625276,CC(C)(C)[Si](C)(C)OCc1c(Br)cccc1-n1ccc2cc(C3CC3)ccc2c1=O,1198765-16-0
CC1=CC=C(C2=NC3=CC=CC=C3N2)C(Br)=C1,20738329,Cc1ccc(-c2nc3ccccc3[nH]2)c(Br)c1,1273558-75-0
CCOC(=O)C=CCOC1=CC=C(Br)C=C1C=O,20801799,CCOC(=O)C=CCOc1ccc(Br)cc1C=O,478064-32-3
FC(F)(F)C1=CC=C(Br)C(C=C)=C1,20913851,C=Cc1cc(C(F)(F)F)ccc1Br,1263772-10-6
CC(C)(C)OC(=O)C1(CC2=CC(Br)=CC=C2)CC1,21073538,CC(C)(C)OC(=O)C1(Cc2cccc(Br)c2)CC1,1192039-88-5
COC(=O)C1=CC(I)=C(Br)C=C1,21125943,COC(=O)c1ccc(Br)c(I)c1,1257231-51-8
CCCCCCOC(=O)C1=CC=C(Br)C=C1,21157883,CCCCCCOC(=O)c1ccc(Br)cc1,138547-96-3
C[C@@](CO)(NC(=O)CCl)C1=CC(Br)=CC=C1,21196742,C[C@@](CO)(NC(=O)CCl)c1cccc(Br)c1,1266784-04-6
NC1=C(Br)C(F)=CC(=C1)N(=O)=O,21464299,Nc1cc([N+](=O)[O-])cc(F)c1Br,1309832-49-2
NC1=CC(F)=C(Br)C(=C1)N(=O)=O,21464305,Nc1cc(F)c(Br)c([N+](=O)[O-])c1,1309833-31-5
C[C@@H](CC#N)NC1=CC=C(Br)C=C1,21480462,C[C@@H](CC#N)Nc1ccc(Br)cc1,1300031-92-8
C[C@@H](CC(N)=O)NC1=CC=C(Br)C=C1,21480463,C[C@@H](CC(N)=O)Nc1ccc(Br)cc1,1300031-93-9
CC1=CC(Br)=C(NC=O)C=C1,21539697,Cc1ccc(NC=O)c(Br)c1,353284-16-9
COC1=CC=C(Br)C(=C1)C1=NC2=CC=CC=C2N1,21548031,COc1ccc(Br)c(-c2nc3ccccc3[nH]2)c1,1097793-33-3
BrC1=CC=CC=C1C1=NC1,21608162,Brc1ccccc1C1=NC1,1310536-26-5
CN1CC(N)=NC(C)(C1=O)C1=C(F)C=CC(Br)=C1,21609791,CN1CC(N)=NC(C)(c2cc(Br)ccc2F)C1=O,1313525-74-4
CN1CC(C)(NC(=S)C1=O)C1=C(F)C=CC(Br)=C1,21609792,CN1CC(C)(c2cc(Br)ccc2F)NC(=S)C1=O,1313525-86-8
COC(=O)C(C)(NC(=O)CCl)C1=C(F)C=CC(Br)=C1,21609793,COC(=O)C(C)(NC(=O)CCl)c1cc(Br)ccc1F,1313525-71-1
CN1CC(=S)NC(C)(C1=O)C1=C(F)C=CC(Br)=C1,21609794,CN1CC(=S)NC(C)(c2cc(Br)ccc2F)C1=O,1313525-73-3
CC(C)(C)OC(=O)NC(CN(=O)=O)(C(F)F)C1=C(F)C=CC(Br)=C1,21609801,CC(C)(C)OC(=O)NC(C[N+](=O)[O-])(c1cc(Br)ccc1F)C(F)F,1313525-93-7
CC(C)(C)OC(=O)N1CC(=O)NC(C1)(C(F)F)C1=C(F)C=CC(Br)=C1,21609803,CC(C)(C)OC(=O)N1CC(=O)NC(c2cc(Br)ccc2F)(C(F)F)C1,1313526-01-0
CC(C)(C)OC(=O)N1CC(=S)NC(C1)(C(F)F)C1=C(F)C=CC(Br)=C1,21609810,CC(C)(C)OC(=O)N1CC(=S)NC(c2cc(Br)ccc2F)(C(F)F)C1,1313526-03-2
CC(C)(C)OC(=O)CNCC(NC(=O)OC(C)(C)C)(C(F)F)C1=C(F)C=CC(Br)=C1,21609818,CC(C)(C)OC(=O)CNCC(NC(=O)OC(C)(C)C)(c1cc(Br)ccc1F)C(F)F,1313525-97-1
COC(=O)C1=CC=C(CNC(=O)OC(C)(C)C)C(Br)=C1,21768442,COC(=O)c1ccc(CNC(=O)OC(C)(C)C)c(Br)c1,1333400-86-4
CC(=O)OC(C=C)C1=CC=C(Br)C=C1,21846321,C=CC(OC(C)=O)c1ccc(Br)cc1,1337953-40-8
OC1=C(C=C(Cl)N=C1F)C(=O)C1=C(F)C=CC(Br)=C1,21850951,O=C(c1cc(Br)ccc1F)c1cc(Cl)nc(F)c1O,1335218-44-4
COCOC1=C(C=C(Cl)N=C1F)C(=O)C1=C(F)C=CC(Br)=C1,21850963,COCOc1c(C(=O)c2cc(Br)ccc2F)cc(Cl)nc1F,1335218-43-3
CCN(CC)C(=O)OC1=CC=C(Br)C=C1,21873907,CCN(CC)C(=O)Oc1ccc(Br)cc1,459408-70-9
CCCCC(CC)COC1=CC=C(C=C1)N(C1=CC=C(Br)C=C1)C1=CC=C(OCC(CC)CCCC)C=C1,21884356,CCCCC(CC)COc1ccc(N(c2ccc(Br)cc2)c2ccc(OCC(CC)CCCC)cc2)cc1,1192035-51-0
BrC1=CC=C(C=C1)C(=O)OCCC=C,21902332,C=CCCOC(=O)c1ccc(Br)cc1,1333159-60-6
OC1=C(C=CC=C1)C#CC1=CC=C(Br)C=C1,21926913,Oc1ccccc1C#Cc1ccc(Br)cc1,1352954-94-9
BrC1=CC=CC=C1C=C=C,21960046,C=C=Cc1ccccc1Br,1338460-51-7
COC(=O)C1=CC(N)=C(N)C=C1Br,22119698,COC(=O)c1cc(N)c(N)cc1Br,1243164-72-8
COC1=CC(N2CCN(C)CC2)=C(Br)C=C1N(=O)=O,22233094,COc1cc(N2CCN(C)CC2)c(Br)cc1[N+](=O)[O-],1352244-78-0
COCN(C1=C(F)C(Br)=CC=C1)S(=O)(=O)C1=C(F)C=CC(F)=C1,22254023,COCN(c1cccc(Br)c1F)S(=O)(=O)c1cc(F)ccc1F,1357587-46-2
CC1=CC(C=O)=C(F)C=C1Br,22342436,Cc1cc(C=O)c(F)cc1Br,0
NC1=C(NC2CCOCC2)C=CC(Br)=C1,22437866,Nc1cc(Br)ccc1NC1CCOCC1,1153229-26-5
CCC(OC1=CC=C(C=C1)C1=NOC(=N1)C(C)C)C1=NC(=CO1)C1=CC(F)=C(Br)C=C1,22500591,CCC(Oc1ccc(-c2noc(C(C)C)n2)cc1)c1nc(-c2ccc(Br)c(F)c2)co1,1263483-60-8
BrC1=CC=CC=C1C(=O)NC1=CC=CC=C1I,22580783,O=C(Nc1ccccc1I)c1ccccc1Br,202132-25-0
BrC1=C(C=C(I)C=C1)C#N,22622785,N#Cc1cc(I)ccc1Br,1252046-13-1
OC(C1=CC=CS1)C1=C(Br)C=CC=C1,22664192,OC(c1cccs1)c1ccccc1Br,63779-07-7
COC1=CC(C(=O)C#C)=C(Br)C(OC)=C1OC,22765528,C#CC(=O)c1cc(OC)c(OC)c(OC)c1Br,1379535-28-0
FC1=C(C2OCCO2)C(Br)=CC=C1,22793759,Fc1cccc(Br)c1C1OCCO1,1394824-55-5
BrC1=CC=C(C=C1)C1=C(NC2=C1C=CC=C2)C1=CC=CC=C1,22829137,Brc1ccc(-c2c(-c3ccccc3)[nH]c3ccccc23)cc1,1403495-30-6
BrCCCOC1=CC2=CC=C(Br)C=C2C=C1,22919618,BrCCCOc1ccc2cc(Br)ccc2c1,1094435-38-7
BrC1=CC=C(OCCCCCCI)C=C1,22970428,Brc1ccc(OCCCCCCI)cc1,1403266-85-2
CN1CCN(CC1)C1=CC=C(NC2=NC=C3N=C(NC4=CC=C(Br)C=C4F)N(C4CCCC4)C3=N2)C=C1,23139863,CN1CCN(c2ccc(Nc3ncc4nc(Nc5ccc(Br)cc5F)n(C5CCCC5)c4n3)cc2)CC1,1350545-12-8
BrC1=CC=C(C=C1)C1=CC=C2NC=CC2=C1,23284641,Brc1ccc(-c2ccc3[nH]ccc3c2)cc1,1179347-61-5
NC1=C(NCCCO)C=C(Br)C=C1,23300220,Nc1ccc(Br)cc1NCCCO,1416337-27-3
CC1=CC(CN)=C(Br)C=C1,23327643,Cc1ccc(Br)c(CN)c1,1261776-69-5
BrC1=CC=C(C=C1)C1=CC2=C3N(C4=CC=CC=C4C3=C1)C1=C2C=CC=C1,23330497,Brc1ccc(-c2cc3c4ccccc4n4c5ccccc5c(c2)c34)cc1,1421701-42-9
CC(C)(C)OC(=O)NC1=C(C#N)C(Br)=C(N)C=C1,23381872,CC(C)(C)OC(=O)Nc1ccc(N)c(Br)c1C#N,1425945-82-9
COC(=O)C1=C(C=C(Br)C=C1)\N=C\N(C)C,23442433,COC(=O)c1ccc(Br)cc1/N=C/N(C)C,1427534-38-0
COC(=O)CC1=C(OC)C=C(Br)C=C1,23463668,COC(=O)Cc1ccc(Br)cc1OC,1261878-59-4
CC(C)(C)OC(=O)N1CCCC(C1)SC1=CC=C(Br)C=C1,23506352,CC(C)(C)OC(=O)N1CCCC(Sc2ccc(Br)cc2)C1,1432755-77-5
CC1=NNC(=C1)C1=C(Br)C=CC=C1,23587312,Cc1cc(-c2ccccc2Br)[nH]n1,1238945-94-2
BrC1=CC=CC(=C1)C(=O)C#C,23623238,C#CC(=O)c1cccc(Br)c1,1439551-46-8
CCOC(=O)C1=NN(C(C)=C1)C1=C(C=C(Br)C=C1)C(O)=O,23766072,CCOC(=O)c1cc(C)n(-c2ccc(Br)cc2C(=O)O)n1,1445778-91-5
CCOC(=O)C1=NN(C(C)=C1)C1=C(C=C(Br)C=C1)C(=O)N1CC2=C(C[C@H]1CO)C=CC=C2,23766073,CCOC(=O)c1cc(C)n(-c2ccc(Br)cc2C(=O)N2Cc3ccccc3C[C@H]2CO)n1,1445778-92-6
CC1=CC(=NN1C1=C(C=C(Br)C=C1)C(=O)N1CC2=C(C[C@H]1CO)C=CC=C2)C(O)=O,23766074,Cc1cc(C(=O)O)nn1-c1ccc(Br)cc1C(=O)N1Cc2ccccc2C[C@H]1CO,1445778-93-7
CC(C)(C)OC(=O)N1CC(F)(C1)C1=CC(Br)=CC=C1,23873662,CC(C)(C)OC(=O)N1CC(F)(c2cccc(Br)c2)C1,1451998-31-4
CNC1=C(Br)C=C(F)C=C1,23962387,CNc1ccc(F)cc1Br,1037138-94-5
CCOC(=O)C1=C(OC)C=C(Br)C=C1C,24005539,CCOC(=O)c1c(C)cc(Br)cc1OC,1472104-38-3
BrC1=CC=C(C=C1)C1=CN2C=CC=C2C(=O)N1,24014908,O=c1[nH]c(-c2ccc(Br)cc2)cn2cccc12,1460285-59-9
NNC(=O)CCCC1=CC=C(Br)C=C1,24039977,NNC(=O)CCCc1ccc(Br)cc1,1454928-45-0
BrC1=CC=C(CCC(=O)OC2=CC=C(C=C2)N(=O)=O)C=C1,24063287,O=C(CCc1ccc(Br)cc1)Oc1ccc([N+](=O)[O-])cc1,0
BrC1=C(C=O)C=C(OCC=C)C=C1,24605712,C=CCOc1ccc(Br)c(C=O)c1,0
NC1=CC(F)=C(Br)C(=C1)C(F)(F)F,26480592,Nc1cc(F)c(Br)c(C(F)(F)F)c1,1533426-04-8
CC1(C)C(N)=N[C@@](CF)(CS1(=O)=O)C1=C(F)C=CC(Br)=C1,26727615,CC1(C)C(N)=N[C@](CF)(c2cc(Br)ccc2F)CS1(=O)=O,0
CS(=O)(=NC(=O)C1=CC(Br)=CC=C1)C1=CC=CC=C1,26734371,CS(=O)(=NC(=O)c1cccc(Br)c1)c1ccccc1,1572535-22-8
CC(C)(C)C1=NN(C(N)=C1)C1=CC=C(Br)C=C1,26752490,CC(C)(C)c1cc(N)n(-c2ccc(Br)cc2)n1,895042-78-1
CCS(=O)(=O)C1=CC(OC)=C(C=C1)C1=C(O)C=CC(Br)=C1,26910438,CCS(=O)(=O)c1ccc(-c2cc(Br)ccc2O)c(OC)c1,1614246-87-5
OC1OCCCC1C1=CC=C(Br)C=C1,26967761,OC1OCCCC1c1ccc(Br)cc1,1476776-61-0
COC(=O)C1=CC=CC(=C1)C1=CC=CC(Br)=C1,27077274,COC(=O)c1cccc(-c2cccc(Br)c2)c1,1049118-72-0
CN(C)CCOC1=C(C=C(F)C(Br)=C1)N(=O)=O,27151126,CN(C)CCOc1cc(Br)c(F)cc1[N+](=O)[O-],1219729-27-7
ClC1=CC=CC(=C1)C1=NN(C=C1C=O)C1=CC=C(Br)C=C1,27381929,O=Cc1cn(-c2ccc(Br)cc2)nc1-c1cccc(Cl)c1,0
ClC1=CC(OCC2CO2)=CC(Br)=C1,27437380,Clc1cc(Br)cc(OCC2CO2)c1,0
OC(C1=CC=C(Br)C=C1)C1=C(F)C=CC=C1,27467433,OC(c1ccc(Br)cc1)c1ccccc1F,0
ClC1=CC(Br)=C(C=C)C=C1,27533704,C=Cc1ccc(Cl)cc1Br,0
CCCOC1=CC(=CC(O)=C1Br)C(=O)OCC,27544688,CCCOc1cc(C(=O)OCC)cc(O)c1Br,0
FC1=C(CNC2=CC(Br)=CC=C2)C=CC(=C1)C#N,27559347,N#Cc1ccc(CNc2cccc(Br)c2)c(F)c1,0
COC(=O)C1=CC=C(CNC2=CC=C(Br)C=C2)C=C1,27559755,COC(=O)c1ccc(CNc2ccc(Br)cc2)cc1,0
CN1C=C(C=N1)C1=CC2=C(C=C1)N(C=N2)C1=CC(Br)=CC(=C1)C1=C(F)C=C(F)C=C1,27742608,Cn1cc(-c2ccc3c(c2)ncn3-c2cc(Br)cc(-c3ccc(F)cc3F)c2)cn1,0
COC1=CC(NC(C)=O)=C(Br)C=C1CO,27810040,COc1cc(NC(C)=O)c(Br)cc1CO,0
COC(=O)[C@@H]1CCCC[C@H]1C1=C(N=C(O1)C1=CC=CC(Cl)=C1)C1=CC=C(Br)C=C1,27959630,COC(=O)[C@@H]1CCCC[C@H]1c1oc(-c2cccc(Cl)c2)nc1-c1ccc(Br)cc1,0
CCOC1=C(C=C(Br)C(OCC2=CC=CC=C2)=C1)C(=O)OC,27959906,CCOc1cc(OCc2ccccc2)c(Br)cc1C(=O)OC,0
CNC(=O)C1CCN(CC1)C1=CC=C(Br)C=C1,27963120,CNC(=O)C1CCN(c2ccc(Br)cc2)CC1,0
COC1=CC=C(C=C1)C(=O)COC(=O)CC1=CC=C(Br)C=C1,27999683,COc1ccc(C(=O)COC(=O)Cc2ccc(Br)cc2)cc1,0
COC1=CC=C(C=C1)C1=C(C(=O)OC1)C1=CC=C(Br)C=C1,27999726,COc1ccc(C2=C(c3ccc(Br)cc3)C(=O)OC2)cc1,0
FC1=CC=C(C=C1)S(=O)(=O)C(=C)C1=CC=C(Br)C(F)=C1,28289214,C=C(c1ccc(Br)c(F)c1)S(=O)(=O)c1ccc(F)cc1,0
FC1=CC=C(C=C1)S(=O)(=O)[C@]1(CCN(CC2=CC=CC=C2)C1)C1=CC(F)=C(Br)C=C1,28289215,O=S(=O)(c1ccc(F)cc1)[C@@]1(c2ccc(Br)c(F)c2)CCN(Cc2ccccc2)C1,0
COC(=O)N1CCC(CC1)C1=CC=C(Br)C=C1,28312978,COC(=O)N1CCC(c2ccc(Br)cc2)CC1,0
FC(F)(F)C1=NN=C(N1)C1=CC=C(Br)C=C1,28333185,FC(F)(F)c1nnc(-c2ccc(Br)cc2)[nH]1,0
BrC1=CC=CC(I)=C1I,28374986,Brc1cccc(I)c1I,0
COC(=O)C1=C(Br)C(F)=CC=C1S(C)(=O)=O,28444672,COC(=O)c1c(S(C)(=O)=O)ccc(F)c1Br,0
COC1=C(Br)C=CC(=C1)N1CCC(C1=O)C1=CC=CC=C1,28447115,COc1cc(N2CCC(c3ccccc3)C2=O)ccc1Br,0
COCCNC1=C(C=C(Br)C=C1)N(=O)=O,28520374,COCCNc1ccc(Br)cc1[N+](=O)[O-],0
CC(C)(C)OC(=O)C1=CC(C=O)=C(Br)C=C1,28706065,CC(C)(C)OC(=O)c1ccc(Br)c(C=O)c1,0
CCOC(=O)C(C)(C[C@H]1CC(=NO1)C1=CC=C(Br)C=C1)S(C)(=O)=O,28821538,CCOC(=O)C(C)(C[C@H]1CC(c2ccc(Br)cc2)=NO1)S(C)(=O)=O,0
CC1=C(Br)C=CC(C(O)=O)=C1NC1CC1,28831971,Cc1c(Br)ccc(C(=O)O)c1NC1CC1,0
ClC1=CC(Br)=C(I)C=C1Cl,28908202,Clc1cc(Br)c(I)cc1Cl,0
CC(C)(C)[Si](C)(C)OC1=C(CBr)C=CC(Br)=C1,28956545,CC(C)(C)[Si](C)(C)Oc1cc(Br)ccc1CBr,0
OCC(O)C1=C(F)C=C(Br)C=C1,29054770,OCC(O)c1ccc(Br)cc1F,0
CC(C)CN(CCCCC(O)=O)C1=C(C=O)C=C(Br)C=C1,29124712,CC(C)CN(CCCCC(=O)O)c1ccc(Br)cc1C=O,0
COC(=O)CCCCN(CC(C)C)C1=C(C=O)C=C(Br)C=C1,29124714,COC(=O)CCCCN(CC(C)C)c1ccc(Br)cc1C=O,0
CC(C)(C)OC(=O)N1CCC(CC1)(NC1=CC=C(Br)C=C1)C#N,29163124,CC(C)(C)OC(=O)N1CCC(C#N)(Nc2ccc(Br)cc2)CC1,0
OCC1=CC=CC(F)=C1Br,29245639,OCc1cccc(F)c1Br,0
NC1(CCOC1)C1=CC=C(Br)C=C1,29261027,NC1(c2ccc(Br)cc2)CCOC1,0
CCOC(=O)C1=C(N(N=C1)C1CCOCC1C)C1=C(C=C(Br)C=C1)N(=O)=O,29268592,CCOC(=O)c1cnn(C2CCOCC2C)c1-c1ccc(Br)cc1[N+](=O)[O-],0
CCOC(=O)C1=C(N(N=C1)C1CCC2(CC1)OCCO2)C1=C(F)C=C(Br)C=C1,29268599,CCOC(=O)c1cnn(C2CCC3(CC2)OCCO3)c1-c1ccc(Br)cc1F,0
OC(=O)C1=C(N(N=C1)C1CCC2(CC1)OCCO2)C1=C(F)C=C(Br)C=C1,29268600,O=C(O)c1cnn(C2CCC3(CC2)OCCO3)c1-c1ccc(Br)cc1F,0
CCS(=O)(=O)C1=C(C=CC(Br)=C1)C(O)=O,29270484,CCS(=O)(=O)c1cc(Br)ccc1C(=O)O,0
CC(C)(C)OC(=O)NC1=N[C@@](C)(C=CS1)C1=C(F)C=CC(Br)=C1,29297338,CC(C)(C)OC(=O)NC1=N[C@](C)(c2cc(Br)ccc2F)C=CS1,0
COC(=O)C1=C(I)C(O)=C(Br)C(F)=C1,29303543,COC(=O)c1cc(F)c(Br)c(O)c1I,0
COC1=CC(N)=C(C=C1Br)C(C)=O,29502732,COc1cc(N)c(C(C)=O)cc1Br,0
CC(=O)N1CCC2=C(C1)C(NC1=C(F)C=C(Br)C=C1)=NN2,29683902,CC(=O)N1CCc2[nH]nc(Nc3ccc(Br)cc3F)c2C1,0
CC(=O)N1CCC2=C(C1)C(NC1=CC=C(Br)C=C1)=NN2,29684743,CC(=O)N1CCc2[nH]nc(Nc3ccc(Br)cc3)c2C1,0
OC1=C(F)C(C#N)=C(Br)C=C1,29814762,N#Cc1c(Br)ccc(O)c1F,0
ClCCNC(=O)NC1=C(Cl)C=C(Br)C=C1,29840217,O=C(NCCCl)Nc1ccc(Br)cc1Cl,0
OC(=O)C1=C(F)C(Br)=CC(I)=C1,29841303,O=C(O)c1cc(I)cc(Br)c1F,0
FC1=CC(Br)=C(C=C1)C(=O)C#CC1=CC=CC=C1,29875121,O=C(C#Cc1ccccc1)c1ccc(F)cc1Br,0
ClC1=CC(=CC(Br)=C1)C1=CC=CN=C1,29973331,Clc1cc(Br)cc(-c2cccnc2)c1,0
CC1=C(Br)C=C(C(=C1)C(O)=O)N(=O)=O,29977663,Cc1cc(C(=O)O)c([N+](=O)[O-])cc1Br,0
COC(=O)CNC(=O)C1=C(C=CC(Br)=C1)N(=O)=O,30335403,COC(=O)CNC(=O)c1cc(Br)ccc1[N+](=O)[O-],0
CC1=CC=C(Br)C(NC(=O)C(F)(F)F)=C1,30580455,Cc1ccc(Br)c(NC(=O)C(F)(F)F)c1,0
OC(=O)C1CC(C1)C1=CC(F)=C(Br)C=C1,30701873,O=C(O)C1CC(c2ccc(Br)c(F)c2)C1,0
CC(C)(C)OC(=O)C1CCN(CC1)C1=CC(=CC=C1Br)C(F)(F)F,31092131,CC(C)(C)OC(=O)C1CCN(c2cc(C(F)(F)F)ccc2Br)CC1,0
CCOC(=O)C1=C(C2CC2)N(N=C1)C1=CC(Br)=CC=C1,31146700,CCOC(=O)c1cnn(-c2cccc(Br)c2)c1C1CC1,0
OCC1=C(SC2=C(C=C(Br)C=C2)C2OCCO2)C(Cl)=CC=C1,31219191,OCc1cccc(Cl)c1Sc1ccc(Br)cc1C1OCCO1,0
COC(=O)C1=C(SC2=C(C=C(Br)C=C2)C2OCCO2)C(Cl)=CC=C1,31219652,COC(=O)c1cccc(Cl)c1Sc1ccc(Br)cc1C1OCCO1,0
NCC1=C(SC2=C(C=C(Br)C=C2)C2OCCO2)C(Cl)=CC=C1,31219655,NCc1cccc(Cl)c1Sc1ccc(Br)cc1C1OCCO1,0
COC(=O)NC1=CC(=C(Br)C=C1)N(=O)=O,31241344,COC(=O)Nc1ccc(Br)c([N+](=O)[O-])c1,0
COC1=C(Br)C=C(CC(=O)C(C)C)C=C1,31625726,COc1ccc(CC(=O)C(C)C)cc1Br,0
COC1=C(Br)C=C(CC(N)C(C)C)C=C1,31625727,COc1ccc(CC(N)C(C)C)cc1Br,0
CC(C)(C)OC(=O)NCC1=CC=C(S1)S(=O)(=O)C1=CC(Br)=CC(=C1)S(C)(=O)=O,31868331,CC(C)(C)OC(=O)NCc1ccc(S(=O)(=O)c2cc(Br)cc(S(C)(=O)=O)c2)s1,0
C[C@H]1CN(C[C@@H](C)N1C)C1=C(N)C=C(Br)C(F)=C1,31926235,C[C@H]1CN(c2cc(F)c(Br)cc2N)C[C@@H](C)N1C,0
CC1=CC(Br)=C(CCO)C=C1,32443015,Cc1ccc(CCO)c(Br)c1,0
COC(=O)NC1=C(Br)C=C(F)C=C1F,32541847,COC(=O)Nc1c(F)cc(F)cc1Br,0
CC(=C)COC1=CC(Br)=CC=C1N(=O)=O,32595270,C=C(C)COc1cc(Br)ccc1[N+](=O)[O-],0
NS(=O)C1=CC(Br)=CC=C1,32604881,NS(=O)c1cccc(Br)c1,0
FC1=C(Br)C=CC(CC=O)=C1,32610503,O=CCc1ccc(Br)c(F)c1,0
CCSC1=CC(Br)=CC=C1I,32875771,CCSc1cc(Br)ccc1I,0
CON(C)C(=O)C1=CC(Br)=C(F)C=C1C,32934044,CON(C)C(=O)c1cc(Br)c(F)cc1C,0
CCOC(=O)C(CCCNC(=O)OC(C)(C)C)C1=CC=C(Br)C=C1,33395832,CCOC(=O)C(CCCNC(=O)OC(C)(C)C)c1ccc(Br)cc1,0
OC(=O)C1=C(F)C(Cl)=CC=C1Br,34059555,O=C(O)c1c(Br)ccc(Cl)c1F,0
COC1=C(C(F)=C(C(O)=O)C(Br)=C1)C(F)(F)F,34059684,COc1cc(Br)c(C(=O)O)c(F)c1C(F)(F)F,0
CC1=CC=C(C=C1Br)C(\Cl)=N\O,34186447,Cc1ccc(/C(Cl)=N/O)cc1Br,0
CC1=CC(=CC=C1Br)C(\Cl)=N\O,34186448,Cc1cc(/C(Cl)=N/O)ccc1Br,0
N[C@@H](CO)CC1=C(F)C=C(Br)C=C1F,34279402,N[C@@H](CO)Cc1c(F)cc(Br)cc1F,0
BrC1=CC=CC(=C1)S(=O)(=O)CC(=O)C1=CC=CC=C1,35266363,O=C(CS(=O)(=O)c1cccc(Br)c1)c1ccccc1,0
NC(=O)C1=CC(Br)=C(C(F)=C1)N(=O)=O,35369699,NC(=O)c1cc(F)c([N+](=O)[O-])c(Br)c1,0
ClC1=CC=CC(Br)=C1C=C,35410454,C=Cc1c(Cl)cccc1Br,0
CNC1=C(C=C(Br)C(OC)=C1)N(=O)=O,35531671,CNc1cc(OC)c(Br)cc1[N+](=O)[O-],0
COC1=C(C(Br)=C(F)C=C1)N(=O)=O,35550951,COc1ccc(F)c(Br)c1[N+](=O)[O-],0
NC1=CC(Br)=C(OC2CCCCC2)C=C1,35704066,Nc1ccc(OC2CCCCC2)c(Br)c1,0
CCC1=C(C=CC(Br)=C1)C1=CC=C(O)C=C1,35752099,CCc1cc(Br)ccc1-c1ccc(O)cc1,0
BrC1=CC=C(OCC=CC2=CC=CC=C2)C(=C1)N(=O)=O,35805265,O=[N+]([O-])c1cc(Br)ccc1OCC=Cc1ccccc1,0
N[C@@H](CO)CC1=C(Br)C=CC=C1,36243311,N[C@@H](CO)Cc1ccccc1Br,0
CCSC1=C(Br)C=CC=C1I,36415906,CCSc1c(Br)cccc1I,0
CC(CC1=CC=C(Br)C=C1)O[Si](C)(C)C(C)(C)C,36434831,CC(Cc1ccc(Br)cc1)O[Si](C)(C)C(C)(C)C,0
COC1=C(C=CC(Br)=C1)C1=NC=C(Cl)N=N1,36581894,COc1cc(Br)ccc1-c1ncc(Cl)nn1,0
CC1=C(Cl)C(Br)=C(C)C(N)=C1,36674123,Cc1cc(N)c(C)c(Br)c1Cl,0
OC1=CC=C(F)C(C=O)=C1Br,36700438,O=Cc1c(F)ccc(O)c1Br,0
CC1=C(C)C2=C(NC(=O)CN=C2C2=CC=C(Br)C=C2)S1,37120140,Cc1sc2c(c1C)C(c1ccc(Br)cc1)=NCC(=O)N2,0
BrC1=CC=C2C=CC=CC2=C1C#N,37333681,N#Cc1c(Br)ccc2ccccc12,0
FC1=CC=C(C(Br)=C1C=O)C(F)(F)F,37466852,O=Cc1c(F)ccc(C(F)(F)F)c1Br,0
COCOC1=CC2=CC=CC(F)=C2C(Br)=C1,37610424,COCOc1cc(Br)c2c(F)cccc2c1,0
CC1=CC(Br)=CC(F)=C1Cl,37648065,Cc1cc(Br)cc(F)c1Cl,0
FC(F)CNC1=CC(F)=CC(Br)=C1,37860734,Fc1cc(Br)cc(NCC(F)F)c1,0
COC(=O)C1=C(C)C(OC)=CC(Br)=C1,38071930,COC(=O)c1cc(Br)cc(OC)c1C,0
BrC1=CC2=C(I)C=CC=C2C=C1,38748732,Brc1ccc2cccc(I)c2c1,0
COC(=O)C1=CC=C(C2=CC=C(Br)C=C2C#N)C(=C1)N(=O)=O,38887391,COC(=O)c1ccc(-c2ccc(Br)cc2C#N)c([N+](=O)[O-])c1,0
CC1=CC=C(C)N1C1=CC(Br)=CC=C1,139038,Cc1ccc(C)n1-c1cccc(Br)c1,127257-87-8
BrC1=C(C=CC=C1)C(=O)N1CCCCC1,171607,O=C(c1ccccc1Br)N1CCCCC1,61153-35-3
BrC1=CC=C(C=C1)N1CC(=O)NC1=O,174714,O=C1CN(c2ccc(Br)cc2)C(=O)N1,32549-34-1
BrC1=C(C=CC=C1)C1CC(=O)C2=CC=CC=C2O1,224023,O=C1CC(c2ccccc2Br)Oc2ccccc21,644973-64-8
BrC1=CC=C(CNCCC2=CNC3=C2C=CC=C3)C=C1,412844,Brc1ccc(CNCCc2c[nH]c3ccccc23)cc1,249742-38-9
NC1=C(C=C(Br)C=C1)C1=CC2=CC=CC=C2N1,479807,Nc1ccc(Br)cc1-c1cc2ccccc2[nH]1,32566-03-3
BrC1=CC=C(C=C1)N1N=CC(C=O)=N1,610276,O=Cc1cnn(-c2ccc(Br)cc2)n1,13322-18-4
NNC1=C(Cl)C=CC(Br)=C1,743383,NNc1cc(Br)ccc1Cl,98141-96-9
CC1=C(C(O)=O)C(=NO1)C1=CC=C(Br)C=C1,790431,Cc1onc(-c2ccc(Br)cc2)c1C(=O)O,91182-58-0
CC(C)(C)OC(=O)N=NC1=CC=C(Br)C=C1,911146,CC(C)(C)OC(=O)N=Nc1ccc(Br)cc1,92846-10-1
BrC1=CC=C(C=C1)C(=O)C(=S)N1CCOCC1,985731,O=C(C(=S)N1CCOCC1)c1ccc(Br)cc1,13621-46-0
BrC1=CC=C(C=C1)C1CC(=O)OC(=O)C1,1245780,O=C1CC(c2ccc(Br)cc2)CC(=O)O1,1137-61-7
BrC1=CC=C(C=C1)C1=CSC=C1,1342595,Brc1ccc(-c2ccsc2)cc1,20608-85-9
BrC1=CC=C(NCC2=CC=CO2)C=C1,1370782,Brc1ccc(NCc2ccco2)cc1,33829-88-8
O\N=C\C1=C(Br)C=CC=C1,1447218,O/N=C/c1ccccc1Br,52707-51-4
BrC1=CC=CC=C1N1CCCC1=O,1531172,O=C1CCCN1c1ccccc1Br,7661-30-5
BrC1=CC=C(C=C1)C#CCN1CCCCC1,1570054,Brc1ccc(C#CCN2CCCCC2)cc1,59673-49-3
OC1=CC(Br)=CC=C1C(=O)C1=CC=CC=C1,1875529,O=C(c1ccccc1)c1ccc(Br)cc1O,6723-04-2
OC(NC(=O)C1=CC=C(Br)C=C1)C(Cl)(Cl)Cl,1913344,O=C(NC(O)C(Cl)(Cl)Cl)c1ccc(Br)cc1,34243-53-3
CNN=CC1=CC=C(Br)C=C1,1934096,CNN=Cc1ccc(Br)cc1,64487-10-1
BrC(Br)C1=CC=CC(Br)=C1,1936808,Brc1cccc(C(Br)Br)c1,62247-78-3
CSCOC1=CC=C(Br)C=C1,1941918,CSCOc1ccc(Br)cc1,63316-81-4
ClC(=O)C1=CC=C(C=C1)C1=CC=C(Br)C=C1,1960100,O=C(Cl)c1ccc(-c2ccc(Br)cc2)cc1,67132-16-5
CC(C)(C)C1=CC2=C(C=C1)C(Br)=C1C=C(C=CC1=C2)C(C)(C)C,1988628,CC(C)(C)c1ccc2c(Br)c3cc(C(C)(C)C)ccc3cc2c1,62337-63-7
ClC1=CC=C(C=C1)S(=O)(=O)CC(=O)C1=CC=C(Br)C=C1,1995483,O=C(CS(=O)(=O)c1ccc(Cl)cc1)c1ccc(Br)cc1,31378-04-8
CCOC(=O)C(SC1=CC=C(Br)C=C1)C(=O)OCC,1996164,CCOC(=O)C(Sc1ccc(Br)cc1)C(=O)OCC,40939-34-2
Br[14C]1=[14CH][14CH]=[14CH][14CH]=[14CH]1,2051217,Br[14c]1[14cH][14cH][14cH][14cH][14cH]1,40681-61-6
BrC(Br)C1=C(Br)C=CC=C1,2080980,Brc1ccccc1C(Br)Br,35849-08-2
CC(C)SC1=CC(Br)=CC=C1,2082921,CC(C)Sc1cccc(Br)c1,70398-87-7
CC(C)(CN)C1=CC=CC=C1Br,2087863,CC(C)(CN)c1ccccc1Br,71095-49-3
CC1=CC(O)=C(Br)C=C1N(=O)=O,2096436,Cc1cc(O)c(Br)cc1[N+](=O)[O-],14401-60-6
CCCCCCCC(=O)C1=CC=C(Br)C=C1,2098100,CCCCCCCC(=O)c1ccc(Br)cc1,7295-48-9
COC1=C(Br)C=C(Cl)C=C1C(O)=O,2102455,COc1c(Br)cc(Cl)cc1C(=O)O,66237-57-8
NC(C1=CC=CC=C1)C1=CC=CC(Br)=C1,2103018,NC(c1ccccc1)c1cccc(Br)c1,55095-16-4
C[Si](C)(C)N(C1=CC(Br)=CC=C1)[Si](C)(C)C,2105299,C[Si](C)(C)N(c1cccc(Br)c1)[Si](C)(C)C,54120-42-2
CN(C)S(=O)(=O)C1=C(Br)C=CC=C1,2106847,CN(C)S(=O)(=O)c1ccccc1Br,65000-13-7
CCOC(=O)CC(C)(O)C1=CC=C(Br)C=C1,2109844,CCOC(=O)CC(C)(O)c1ccc(Br)cc1,21133-99-3
COC(C1=CC=CC=C1)C1=CC=CC=C1Br,2110058,COC(c1ccccc1)c1ccccc1Br,59142-71-1
OC1=CC=CC=C1C(=O)NC1=C(Br)C=CC=C1,2122319,O=C(Nc1ccccc1Br)c1ccccc1O,6149-66-2
BrC1=CC=C(CP(=O)(C2=CC=CC=C2)C2=CC=CC=C2)C=C1,2135092,O=P(Cc1ccc(Br)cc1)(c1ccccc1)c1ccccc1,61424-52-0
ClC1=CC(Cl)=C(Cl)C=C1Br,2249904,Clc1cc(Cl)c(Br)cc1Cl,29682-44-8
CC1=C(C)C(Br)=CC(=C1)C(O)=O,2255222,Cc1cc(C(=O)O)cc(Br)c1C,6237-17-8
CCOC(=O)C1=CC(Br)=C(F)C=C1,2259710,CCOC(=O)c1ccc(F)c(Br)c1,23233-33-2
ClCCS(=O)(=O)C1=CC=C(Br)C=C1,2270062,O=S(=O)(CCCl)c1ccc(Br)cc1,26732-25-2
CC(=O)OC1=CC=C(Br)C(OC(C)=O)=C1,2278086,CC(=O)Oc1ccc(Br)c(OC(C)=O)c1,66417-41-2
CC(=O)C1=C(OC(=O)C2=CC=C(Br)C=C2)C=CC=C1,2281912,CC(=O)c1ccccc1OC(=O)c1ccc(Br)cc1,36695-16-6
COC(=O)C(C(CN(=O)=O)C1=CC=C(Br)C=C1)C(=O)OC,2300785,COC(=O)C(C(=O)OC)C(C[N+](=O)[O-])c1ccc(Br)cc1,41441-38-7
CC(=C)CC1=CC=C(Br)C=C1,2354243,C=C(C)Cc1ccc(Br)cc1,83558-89-8
CC1=CC(C)=C(Br)C2=CC=CC=C12,2361128,Cc1cc(C)c2ccccc2c1Br,27689-71-0
OC(=O)C1=CC(Br)=C(O)C(O)=C1,2368710,O=C(O)c1cc(O)c(O)c(Br)c1,61203-46-1
BrC1=CC=C(OC2=CC=CC=C2N(=O)=O)C=C1,2379606,O=[N+]([O-])c1ccccc1Oc1ccc(Br)cc1,56966-62-2
COC1=C(OC)C=C(C(O)C2=CC=CC=C2)C(Br)=C1,2387411,COc1cc(Br)c(C(O)c2ccccc2)cc1OC,59142-62-0
OC(=O)C1=CC=CC=C1NS(=O)(=O)C1=CC=C(Br)C=C1,2390484,O=C(O)c1ccccc1NS(=O)(=O)c1ccc(Br)cc1,51012-29-4
CC(C)C1=CC(C)=C(Br)C=C1,2433774,Cc1cc(C(C)C)ccc1Br,92243-75-9
CC(C)N(C(C)C)C(=O)C1=CC=CC(Br)=C1,2452009,CC(C)N(C(=O)c1cccc(Br)c1)C(C)C,35309-72-9
ClC1=CC=C(C=C1)C(=O)OC1=CC=C(Br)C=C1,2460001,O=C(Oc1ccc(Br)cc1)c1ccc(Cl)cc1,37038-56-5
CC1=C(C=C(C(Br)=C1N(=O)=O)N(=O)=O)N(=O)=O,2477808,Cc1c([N+](=O)[O-])cc([N+](=O)[O-])c(Br)c1[N+](=O)[O-],5333-09-5
CC1=CC(=C(Cl)C(Br)=C1)N(=O)=O,2503671,Cc1cc(Br)c(Cl)c([N+](=O)[O-])c1,89642-18-2
BrC1=CC=C(C=C)C2=C1C=CC=C2,2517530,C=Cc1ccc(Br)c2ccccc12,74839-80-8
CCC(C)(C)C1=CC=C(O)C(Br)=C1,2519760,CCC(C)(C)c1ccc(O)c(Br)c1,18966-64-8
COC1=CC(C)=C(Br)C(O)=C1,2519959,COc1cc(C)c(Br)c(O)c1,34132-31-5
FC(F)SC1=CC=CC=C1Br,2520203,FC(F)Sc1ccccc1Br,51679-54-0
CN(C)C(=O)OC1=CC=CC(Br)=C1,2522518,CN(C)C(=O)Oc1cccc(Br)c1,7305-05-7
BrC1=CC=CC=C1C1=CC(=CC=C1)N(=O)=O,2560073,O=[N+]([O-])c1cccc(-c2ccccc2Br)c1,79935-73-2
CC1=C(C=CC=C1Br)C(=O)NN,2575266,Cc1c(Br)cccc1C(=O)NN,108485-07-0
FC1=CC(C(=O)C2=CC=CC=C2)=C(Br)C=C1,2580579,O=C(c1ccccc1)c1cc(F)ccc1Br,13294-43-4
COC(=O)CC1=CC=C(Br)C2=CC=CC=C12,2583337,COC(=O)Cc1ccc(Br)c2ccccc12,14311-34-3
OC(=O)CC(CC(O)=O)C1=CC=CC=C1Br,2586923,O=C(O)CC(CC(=O)O)c1ccccc1Br,104115-67-5
OC(=O)CC1=C(Br)C2=CC=CC=C2C=C1,2616644,O=C(O)Cc1ccc2ccccc2c1Br,6270-01-5
OC1=C(OCC2=CC=CC=C2)C=C(C=O)C=C1Br,2621298,O=Cc1cc(Br)c(O)c(OCc2ccccc2)c1,4815-96-7
BrCC1=CC=C(C=C1)C1=CC=C(Br)C=C1,2641032,BrCc1ccc(-c2ccc(Br)cc2)cc1,50670-57-0
BrC1=C(C=CC(C=O)=C1)C#N,2691105,N#Cc1ccc(C=O)cc1Br,89891-70-3
CCCCCCC(C)(C)C1=CC=C(Br)C(O)=C1,2695207,CCCCCCC(C)(C)c1ccc(Br)c(O)c1,70120-14-8
CC1=CC=C(NC(N)=S)C(Br)=C1,2719238,Cc1ccc(NC(N)=S)c(Br)c1,66644-79-9
CC(=O)NC1=CC(Br)=C(Cl)C=C1,2720748,CC(=O)Nc1ccc(Cl)c(Br)c1,22459-83-2
OC(=O)CC1=C(O)C=CC(Br)=C1,2721016,O=C(O)Cc1cc(Br)ccc1O,38692-72-7
CCC1=C(N)C(=CC(Br)=C1)C(O)=O,2721139,CCc1cc(Br)cc(C(=O)O)c1N,34921-61-4
COC1=C(NC(C)=O)C=C(Br)C=C1,2722929,COc1ccc(Br)cc1NC(C)=O,88301-40-0
BrC1=CC=C(CCNC(=O)C2=CC=CC=C2)C=C1,2734672,O=C(NCCc1ccc(Br)cc1)c1ccccc1,3185-50-0
BrC1=C(C=CC=C1)C(=O)NC1=CC=C(C=C1)N(=O)=O,2749932,O=C(Nc1ccc([N+](=O)[O-])cc1)c1ccccc1Br,10278-39-4
COC(=O)C1=C(Br)C=C(OC)C=C1C,2805194,COC(=O)c1c(C)cc(OC)cc1Br,55366-03-5
BrC1=CC=C(NCCC(=O)C2=CC=CC=C2)C=C1,2809750,O=C(CCNc1ccc(Br)cc1)c1ccccc1,57624-47-2
BrC1=CC=C(NC2=C(C=C(C=C2)N(=O)=O)N(=O)=O)C=C1,2883212,O=[N+]([O-])c1ccc(Nc2ccc(Br)cc2)c([N+](=O)[O-])c1,4603-74-1
C[Si](C)(CCl)C1=CC=C(Br)C=C1,2936968,C[Si](C)(CCl)c1ccc(Br)cc1,17902-37-3
OC(=O)CC1=CC=CC=C1SC1=CC=C(Br)C=C1,2943187,O=C(O)Cc1ccccc1Sc1ccc(Br)cc1,13420-80-9
C[Si](C)(C)NC1=C(Br)C=CC=C1,2963292,C[Si](C)(C)Nc1ccccc1Br,61937-72-2
FC1=CC=C2C(Br)=CC=CC2=C1,2963294,Fc1ccc2c(Br)cccc2c1,59079-74-2
NC1=CC=C(Cl)C(Br)=C1C(O)=O,2969363,Nc1ccc(Cl)c(Br)c1C(=O)O,65971-76-8
BrC1=CC=CC2=C1C=C(C=C2)N(=O)=O,2970258,O=[N+]([O-])c1ccc2cccc(Br)c2c1,90948-04-2
BrC1=CC=C(C=C1)C(=C)N1CCOCC1,2970809,C=C(c1ccc(Br)cc1)N1CCOCC1,55779-43-6
NC1=CC=CC=C1OC1=CC=C(Br)C=C1,2970884,Nc1ccccc1Oc1ccc(Br)cc1,56966-46-2
COC(=O)C1=C(OC)C(=CC(Br)=C1)N(=O)=O,3058416,COC(=O)c1cc(Br)cc([N+](=O)[O-])c1OC,67657-90-3
BrC1=CC=C(C=C1)C(=O)NCC(=O)C1=CC=CC=C1,3058926,O=C(CNC(=O)c1ccc(Br)cc1)c1ccccc1,37611-23-7
CNC1=CC=C(Cl)C=C1Br,3082143,CNc1ccc(Cl)cc1Br,54625-55-7
BrC1=CC(=CC=C1)\N=N\C1=CC=CC=C1,3090737,Brc1cccc(/N=N/c2ccccc2)c1,37790-18-4
BrC1=CC=C(NS(=O)(=O)C2=CC=C(C=C2)N(=O)=O)C=C1,3121346,O=[N+]([O-])c1ccc(S(=O)(=O)Nc2ccc(Br)cc2)cc1,16937-01-2
CC(C)CCC1=CC=C(Br)C=C1,3126112,CC(C)CCc1ccc(Br)cc1,103857-71-2
BrC1=CC=C(\C=C\C=C\C2=CC=CC=C2)C=C1,3129460,Brc1ccc(/C=C/C=C/c2ccccc2)cc1,58922-30-8
NC(CSC1=CC=C(Br)C=C1)C(O)=O,3204779,NC(CSc1ccc(Br)cc1)C(=O)O,68724-10-7
CC\C=C\C1=CC=CC(Br)=C1,3233633,CC/C=C/c1cccc(Br)c1,104605-80-3
CCCC(=O)C1=C(Br)C=CC=C1,3236423,CCCC(=O)c1ccccc1Br,132560-56-6
CC1=CC(C#N)=C(C)C=C1Br,3240599,Cc1cc(C#N)c(C)cc1Br,292037-85-5
CCOCC1=C(Br)C=CC=C1,3241683,CCOCc1ccccc1Br,80171-34-2
CCSCC1=C(Br)C=CC=C1,3241684,CCSCc1ccccc1Br,99180-11-7
CCC1=C(Br)C=C(OC)C=C1,3241718,CCc1ccc(OC)cc1Br,852946-96-4
COC1=C(C)C=C(Br)C(=C1)C(C)C,3243930,COc1cc(C(C)C)c(Br)cc1C,177038-62-9
OCCOCC1=CC=C(Br)C=C1,3244216,OCCOCc1ccc(Br)cc1,400837-92-5
CC1=C(O)C=C(Br)C(O)=C1C,3245881,Cc1c(O)cc(Br)c(O)c1C,120042-01-5
NC1=CC(Br)=C(O)C(Cl)=C1,3246153,Nc1cc(Cl)c(O)c(Br)c1,0
CC1=CC(O)=CC(Br)=C1CO,3246499,Cc1cc(O)cc(Br)c1CO,0
BrC1=CC=C(NCC#N)C=C1,3247113,N#CCNc1ccc(Br)cc1,28363-24-8
OC(=O)C1=C(Br)C(I)=CC=C1,3247402,O=C(O)c1cccc(I)c1Br,0
NC(CO)CC1=CC=C(Br)C=C1,3248920,NC(CO)Cc1ccc(Br)cc1,86886-33-1
ClC(=O)C1=C(Br)C=CC=C1Cl,3250758,O=C(Cl)c1c(Cl)cccc1Br,116529-65-8
CCCCCCOC1=C(Br)C=CC=C1,3253867,CCCCCCOc1ccccc1Br,105474-59-7
ClCCC(=O)OC1=CC=C(Br)C=C1,3259544,O=C(CCCl)Oc1ccc(Br)cc1,500693-84-5
CC(C)C(Br)C(=O)C1=CC=C(Br)C=C1,3265402,CC(C)C(Br)C(=O)c1ccc(Br)cc1,847453-58-1
COC1=CC=C2C=C(C=O)C=CC2=C1Br,3280206,COc1ccc2cc(C=O)ccc2c1Br,148248-97-9
CCOC(=O)C1=CC2=CC=CC(Br)=C2C=C1,3280600,CCOC(=O)c1ccc2c(Br)cccc2c1,150256-18-1
COC(=O)CC1=CC2=CC=C(Br)C=C2C=C1,3281201,COC(=O)Cc1ccc2cc(Br)ccc2c1,57421-65-5
COC1=C(CCC(O)=O)C=C(Br)C=C1,3287786,COc1ccc(Br)cc1CCC(=O)O,82547-30-6
CCOC(=O)C(=N/O)\C1=CC=C(Br)C=C1,3288860,CCOC(=O)/C(=N\O)c1ccc(Br)cc1,250602-68-7
BrC1=CC=CC2=C1C1=C3C=CC=CC3=CC=C1C=C2,3295009,Brc1cccc2ccc3ccc4ccccc4c3c12,98146-68-0
COC1=C(C=C(Br)C2=CC=CC=C12)C(Cl)=O,3295640,COc1c(C(=O)Cl)cc(Br)c2ccccc12,152565-77-0
COC(=O)C1=CC(Br)=C(C=C1)N(=O)=O,3297260,COC(=O)c1ccc([N+](=O)[O-])c(Br)c1,126759-30-6
COC1=CC(NC(C)=O)=C(OC)C=C1Br,3300456,COc1cc(NC(C)=O)c(OC)cc1Br,26293-90-3
CN(CC(=O)C1=CC=C(Br)C=C1)C1=CC=CC=C1,3307825,CN(CC(=O)c1ccc(Br)cc1)c1ccccc1,501358-04-9
COC1=CC=C(C=C1)C(=O)\C=C\C1=C(Br)C=CC=C1,3323855,COc1ccc(C(=O)/C=C/c2ccccc2Br)cc1,132725-52-1
CC1=CC=C(NC(=O)NC2=CC=C(Br)C=C2)C=C1,3328569,Cc1ccc(NC(=O)Nc2ccc(Br)cc2)cc1,13142-04-6
CC1=CC=C(NC(=S)NC2=CC=C(Br)C=C2)C=C1,3328570,Cc1ccc(NC(=S)Nc2ccc(Br)cc2)cc1,81286-42-2
BrC1=CC=C(C=C1)C(=O)CC(=O)C#CC1=CC=CC=C1,3338178,O=C(C#Cc1ccccc1)CC(=O)c1ccc(Br)cc1,107451-80-9
ClP(Cl)(=O)NC(=O)NC1=CC=C(Br)C=C1,3344008,O=C(Nc1ccc(Br)cc1)NP(=O)(Cl)Cl,86623-97-4
COC1=CC(C(O)=O)=C(Br)C=C1OCC1=CC=CC=C1,3362932,COc1cc(C(=O)O)c(Br)cc1OCc1ccccc1,214848-02-9
COC1=CC(C(O)=O)=C(C(Br)=C1OC)N(=O)=O,3371076,COc1cc(C(=O)O)c([N+](=O)[O-])c(Br)c1OC,861556-47-0
OC1=C2C=CC=CC2=C(Br)C2=CC=CC=C12,3530768,Oc1c2ccccc2c(Br)c2ccccc12,0
COC1=CC=C(NC(=S)NC2=CC=C(Br)C=C2)C=C1,3533067,COc1ccc(NC(=S)Nc2ccc(Br)cc2)cc1,97272-09-8
CC1=C(Br)C=CC(N)=C1C(O)=O,3542232,Cc1c(Br)ccc(N)c1C(=O)O,124341-06-6
COC(=O)CCC(O)C1=CC=C(Br)C=C1,3611242,COC(=O)CCC(O)c1ccc(Br)cc1,126135-40-8
[H]\C(CNC)=C(\C1=CC=C(Br)C=C1)C1=CC=CN=C1,4138674,CNC/C=C(\c1ccc(Br)cc1)c1cccnc1,60324-58-5
BrC1=CC=C(N\N=C2/CCCCC2=O)C=C1,4251968,O=C1CCCC/C1=N\Nc1ccc(Br)cc1,108606-59-3
BrC1=CC=CC=C1CC1C(=O)CCCC1=O,4253056,O=C1CCCC(=O)C1Cc1ccccc1Br,134079-02-0
C[Si]1(C)CC[Si](C)(C)N1C1=CC=C(Br)C=C1,4313190,C[Si]1(C)CC[Si](C)(C)N1c1ccc(Br)cc1,78605-26-2
CC(=CC(O)=O)C1=CC=C(Br)C=C1,4387801,CC(=CC(=O)O)c1ccc(Br)cc1,90772-57-9
OC(O)C(=O)C1=CC=CC=C1Br,4397451,O=C(c1ccccc1Br)C(O)O,118888-63-4
CS(=O)(=O)OCC1=CC(Br)=CC=C1,4411311,CS(=O)(=O)OCc1cccc(Br)c1,82732-02-3
NN1C(=S)NN=C1C1=CC(Br)=CC=C1,4435644,Nn1c(-c2cccc(Br)c2)n[nH]c1=S,87239-96-1
COC1=CC=C(C=C1)C(=O)C=CC1=CC=CC(Br)=C1,4444681,COc1ccc(C(=O)C=Cc2cccc(Br)c2)cc1,57073-26-4
OC1=C(OCC2=CC=CC=C2)C=CC(C=O)=C1Br,4466654,O=Cc1ccc(OCc2ccccc2)c(O)c1Br,82804-53-3
BrC1=CC=C(C=C1)C1=CC(=C(O1)C1=CC=CC=C1)C1=CC=CC=C1,4696353,Brc1ccc(-c2cc(-c3ccccc3)c(-c3ccccc3)o2)cc1,68630-12-6
COC1=CC=C(C=C1)C1=NC(=NO1)C1=CC=C(Br)C=C1,4699747,COc1ccc(-c2nc(-c3ccc(Br)cc3)no2)cc1,331989-76-5
COC1=CC=C(Br)C(O)=C1OC,4743334,COc1ccc(Br)c(O)c1OC,114605-75-3
COC(=O)C1=C(Br)C=CC=C1N(=O)=O,4804940,COC(=O)c1c(Br)cccc1[N+](=O)[O-],135484-76-3
CC(C)C(C)(C)[Si](C)(C)OCCCC1=CC=CC=C1Br,4805750,CC(C)C(C)(C)[Si](C)(C)OCCCc1ccccc1Br,133027-56-2
CC1=CC=CC(Br)=C1CBr,4965046,Cc1cccc(Br)c1CBr,75366-10-8
CC(C)(O)CCCC1=CC=C(Br)C=C1,4970995,CC(C)(O)CCCc1ccc(Br)cc1,87077-85-8
BrC1=CC=CC=C1\C=N\CC1=CC=CC=C1,4993699,Brc1ccccc1/C=N/Cc1ccccc1,138956-80-6
COC1=CC=C(Br)C(OC)=C1C(Cl)=O,5009190,COc1ccc(Br)c(OC)c1C(=O)Cl,84225-91-2
NC1=CN2C=C(N=C2C=C1)C1=CC=C(Br)C=C1,5025162,Nc1ccc2nc(-c3ccc(Br)cc3)cn2c1,885950-52-7
OC1=C(C=O)C(Br)=CC=C1OCC1=CC=CC=C1,5032506,O=Cc1c(Br)ccc(OCc2ccccc2)c1O,95712-54-2
BrC1=CC=C(C=C1)C(=O)CN1C(=O)CSC1=O,5048112,O=C(CN1C(=O)CSC1=O)c1ccc(Br)cc1,88419-02-7
BrC1=CC=C(NC(=O)COC2=CC=C(C=O)C=C2)C=C1,5059887,O=Cc1ccc(OCC(=O)Nc2ccc(Br)cc2)cc1,88951-64-8
CN(C)C1=NC(=CS1)C1=CC=C(Br)C=C1,5264747,CN(C)c1nc(-c2ccc(Br)cc2)cs1,85656-47-9
COC1=C(OCC2=CC=CC=C2)C=C(Br)C(CO)=C1,5346486,COc1cc(CO)c(Br)cc1OCc1ccccc1,65341-82-4
CNC(=O)CC1=CC=CC=C1Br,5426563,CNC(=O)Cc1ccccc1Br,141438-47-3
COC1=CC(Br)=CC=C1OCCC(O)=O,5542137,COc1cc(Br)ccc1OCCC(=O)O,81258-24-4
CC(CN)C1=CC=C(Br)C=C1,5732668,CC(CN)c1ccc(Br)cc1,256381-13-2
[H]\C(=C1/C(C)=NN(C1=O)C1=CC=CC=C1)C1=CC=C(Br)C=C1,5793566,CC1=NN(c2ccccc2)C(=O)/C1=C\c1ccc(Br)cc1,39143-11-8
COC1=CC(CC(Cl)=O)=C(Br)C=C1,5810708,COc1ccc(Br)c(CC(=O)Cl)c1,203314-50-5
CCOC(=O)C1=CC(=CC(Br)=C1)C(=O)OCC,5815704,CCOC(=O)c1cc(Br)cc(C(=O)OCC)c1,127437-29-0
BrC1=CC=C(C=C1)\N=C\C=C\C1=CC=CC=C1,5864744,Brc1ccc(/N=C/C=C/c2ccccc2)cc1,0
OC(=O)\C=C\C(=O)C1=CC=CC(Br)=C1,5929280,O=C(O)/C=C/C(=O)c1cccc(Br)c1,74939-78-9
CCOC(=O)\C=C(/NC1=CC=C(Br)C=C1)C1=CC=CC=C1,5963424,CCOC(=O)/C=C(\Nc1ccc(Br)cc1)c1ccccc1,66283-07-6
BrC1=CC2=C(C=C1)C=C(OC1CCCCO1)C=C2,6140947,Brc1ccc2cc(OC3CCCCO3)ccc2c1,102938-66-9
OC[C@@H]1O[C@H]1C1=CC=C(Br)C=C1,6197553,OC[C@@H]1O[C@H]1c1ccc(Br)cc1,106948-05-4
COC1=C(CO)C=C(Br)C=C1CO,6198835,COc1c(CO)cc(Br)cc1CO,89479-09-4
COC1=C(OC)C=C(CCNC(=O)OC(C)(C)C)C(Br)=C1,6222826,COc1cc(Br)c(CCNC(=O)OC(C)(C)C)cc1OC,106469-78-7
BrC1=CC=C(SC2=CC=CC=N2)C=C1,6271396,Brc1ccc(Sc2ccccn2)cc1,83782-61-0
CC1=CC(Br)=C(C=C1)N=C=O,6313502,Cc1ccc(N=C=O)c(Br)c1,71189-13-4
ClCC1=CC2=C(C=C1)C=C(Br)C=C2,6322972,ClCc1ccc2cc(Br)ccc2c1,689290-84-4
FC1=CC=C(NC(=O)C2=CC=CC=C2Br)C=C1,6329561,O=C(Nc1ccc(F)cc1)c1ccccc1Br,153386-07-3
OC(=O)CC1=C(C=CC(Br)=C1)N(=O)=O,6399827,O=C(O)Cc1cc(Br)ccc1[N+](=O)[O-],124840-61-5
CC(=O)C1=CC=C(C=C1)C1=CC=C(Br)C=C1F,6507983,CC(=O)c1ccc(-c2ccc(Br)cc2F)cc1,53591-96-1
FC(F)(F)C1=CC(=CC=C1)C1=CC=CC=C1Br,6599080,FC(F)(F)c1cccc(-c2ccccc2Br)c1,154407-18-8
FC(F)(F)S(=O)(=O)OC1=C(Br)C=C(Cl)C=C1,6929730,O=S(=O)(Oc1ccc(Cl)cc1Br)C(F)(F)F,0
COC(=O)C1C(=O)N(CC2=CC=C(Br)C=C2F)C(=O)C2=C1C=CC=C2,6938883,COC(=O)C1C(=O)N(Cc2ccc(Br)cc2F)C(=O)c2ccccc21,129688-70-6
BrC1=CC=C(C=C1)C(=O)\C=C1\C(=O)NC2=C1C=CC=C2,6958071,O=C1Nc2ccccc2/C1=C\C(=O)c1ccc(Br)cc1,0
CC1=CC=C(Br)C(O)=C1C=O,7019927,Cc1ccc(Br)c(O)c1C=O,0
COC(=O)C1=C(C=CC(Br)=C1)N=N#N,7025427,COC(=O)c1cc(Br)ccc1N=[N+]=[N-],0
CC(=O)C1=CC=CC(Br)=C1Cl,7127023,CC(=O)c1cccc(Br)c1Cl,161957-62-6
COC(=O)C1CN(C(=O)C1)C1=CC=C(Br)C=C1,7136167,COC(=O)C1CC(=O)N(c2ccc(Br)cc2)C1,160693-52-7
COC1=C(Br)C=C(C=C1)C(=O)CCl,7201732,COc1ccc(C(=O)CCl)cc1Br,3114-09-8
COC1=CC=CC(OC)=C1C1=CC=C(Br)C=C1,7207494,COc1cccc(OC)c1-c1ccc(Br)cc1,168849-77-2
COC1=C(\C=C\C(=O)C2=CC=C(Br)C=C2)C=CC=C1,7352438,COc1ccccc1/C=C/C(=O)c1ccc(Br)cc1,0
COC1=CC(Br)=C(OC)C=C1I,7370242,COc1cc(I)c(OC)cc1Br,174518-82-2
FC(F)(F)COS(=O)(=O)C1=CC=C(Br)C=C1,7378811,O=S(=O)(OCC(F)(F)F)c1ccc(Br)cc1,0
CC(C)(CO)C1=CC=CC=C1Br,7526766,CC(C)(CO)c1ccccc1Br,177748-64-0
BrC1=CC=CC=C1CCCC#N,7527162,N#CCCCc1ccccc1Br,178809-32-0
CC(C)(C)[Si](C)(C)OC1=CC=C(C=C1)C1=CC=C(Br)C=C1,7533360,CC(C)(C)[Si](C)(C)Oc1ccc(-c2ccc(Br)cc2)cc1,116934-63-5
CCOC(=O)[C@@](C)(N)C1=CC=C(Br)C=C1,7569015,CCOC(=O)[C@@](C)(N)c1ccc(Br)cc1,184427-34-7
NC1=C(Br)C=C(C=C1)C1=NC2=CC=CC=C2S1,7569684,Nc1ccc(-c2nc3ccccc3s2)cc1Br,178804-06-3
CC(C)OC(=O)\C=C\C1=CC=C(Br)C=C1,7635190,CC(C)OC(=O)/C=C/c1ccc(Br)cc1,189886-25-7
CC(C)[Si](OCC1=CC=C(Br)C=C1)(C(C)C)C(C)C,7637158,CC(C)[Si](OCc1ccc(Br)cc1)(C(C)C)C(C)C,181717-64-6
BrC1=CC=C(C=C1)C1=NC=C(C=N1)C1=CC=CC=C1,7640368,Brc1ccc(-c2ncc(-c3ccccc3)cn2)cc1,174720-39-9
CC1=CC(=CC(Br)=C1F)N(=O)=O,7688082,Cc1cc([N+](=O)[O-])cc(Br)c1F,175610-68-1
COC1=CC(C)=CC(C=O)=C1Br,7701372,COc1cc(C)cc(C=O)c1Br,202195-05-9
OCCCOCC1=C(Br)C=CC=C1,7806865,OCCCOCc1ccccc1Br,194342-70-6
BrC1=CC=C(COCC=O)C=C1,7916809,O=CCOCc1ccc(Br)cc1,201341-14-2
O[C@H](C#N)C1=CC=C(Br)C=C1,8111276,N#C[C@@H](O)c1ccc(Br)cc1,0
BrCCOC1=C(Br)C=C(C=C1)N(=O)=O,8202259,O=[N+]([O-])c1ccc(OCCBr)c(Br)c1,177597-23-8
CC1=CC=C(C=C1)[S@](=O)C1=CC=CC=C1Br,8257322,Cc1ccc([S@](=O)c2ccccc2Br)cc1,0
COC1=CC=C2C(SC=C2C2=CC=C(Br)C=C2)=C1,8262646,COc1ccc2c(-c3ccc(Br)cc3)csc2c1,192443-25-7
CC(O)(CC1=CC=C(Br)C=C1)C1=CC=CC=C1,8315755,CC(O)(Cc1ccc(Br)cc1)c1ccccc1,0
CCOC1=C(Br)C(O)=CC(=C1)C(=O)OC,8317658,CCOc1cc(C(=O)OC)cc(O)c1Br,149517-94-2
COC1=CC(=CC(OC)=C1Br)C(=O)OC(C)(C)C,8318450,COc1cc(C(=O)OC(C)(C)C)cc(OC)c1Br,0
CCOC(=O)C1=C(C)N(N=N1)C1=CC=C(Br)C=C1,8413291,CCOC(=O)c1nnn(-c2ccc(Br)cc2)c1C,0
CC(C)[C@@H](NS(=O)(=O)C1=CC=C(Br)C=C1)C(=O)OC(C)(C)C,8561569,CC(C)[C@@H](NS(=O)(=O)c1ccc(Br)cc1)C(=O)OC(C)(C)C,779341-90-1
CCC(=NO)C1=CC=C(Br)C=C1,8615554,CCC(=NO)c1ccc(Br)cc1,153457-05-7
CCOC(=O)C(=C)CC1=CC=C(Br)C=C1,8619239,C=C(Cc1ccc(Br)cc1)C(=O)OCC,207286-80-4
CCOC(=O)CCCOC1=CC=C(Br)C=C1,8619248,CCOC(=O)CCCOc1ccc(Br)cc1,157245-87-9
CC(C)(C)S(=O)N=CC1=CC=C(Br)C=C1,8680409,CC(C)(C)S(=O)N=Cc1ccc(Br)cc1,0
COC1=C(Br)C(CO)=C(OC)C2=C1C=CC=C2,8694010,COc1c(Br)c(CO)c(OC)c2ccccc12,289896-64-6
O[C@@H](CC=C)C1=CC=CC(Br)=C1,8761920,C=CC[C@H](O)c1cccc(Br)c1,329796-99-8
BrCC1=C(Br)C=CC(I)=C1,8761988,BrCc1cc(I)ccc1Br,289617-98-7
CCO\C=C\C(=O)NC1=CC=C(Br)C=C1,8764120,CCO/C=C/C(=O)Nc1ccc(Br)cc1,327058-51-5
COC1=C(OCC2=CC=CC=C2)C=C(Br)C(CBr)=C1,8773070,COc1cc(CBr)c(Br)cc1OCc1ccccc1,222622-96-0
OC(=O)C1=CC(=NC2=CC=C(Cl)C=C12)C1=CC=C(Br)C=C1,8782538,O=C(O)c1cc(-c2ccc(Br)cc2)nc2ccc(Cl)cc12,342017-94-1
COC(=O)CC1=CC(Br)=CC=C1N(=O)=O,8833244,COC(=O)Cc1cc(Br)ccc1[N+](=O)[O-],0
BrC1=CC=CC(=C1)C1=NCCC1,8901055,Brc1cccc(C2=NCCC2)c1,374589-00-1
COC1=C(OC2CCCC2=O)C=C(Br)C=C1,8981530,COc1ccc(Br)cc1OC1CCCC1=O,185244-57-9
CC1=CC(Br)=CC(C)=C1OC1=NC(Cl)=NC(NC2=CC=C(C=C2)C#N)=N1,9007505,Cc1cc(Br)cc(C)c1Oc1nc(Cl)nc(Nc2ccc(C#N)cc2)n1,0
CC1=CC=CC(C)=C1C(=O)N1CCC(C)(CC1)N1CCC(CC1)C(=O)C1=CC=C(Br)C=C1,9018096,Cc1cccc(C)c1C(=O)N1CCC(C)(N2CCC(C(=O)c3ccc(Br)cc3)CC2)CC1,305794-30-3
BrC1=CC=CC=C1[C@@H]1CO1,9119260,Brc1ccccc1[C@@H]1CO1,387878-49-1
NNC1=CC2=CC=C(Br)C=C2C=C1,9121760,NNc1ccc2cc(Br)ccc2c1,0
BrC1=CC=C(C=C1)N1C(=O)CC(=O)NC1=O,9198963,O=C1CC(=O)N(c2ccc(Br)cc2)C(=O)N1,251468-84-5
BrC(Br)C(=O)C1=CC=CC(Br)=C1,9322322,O=C(c1cccc(Br)c1)C(Br)Br,0
CCOCC1=CC(=CC=C1Br)C#N,9324002,CCOCc1cc(C#N)ccc1Br,837408-81-8
COC1=CC(O)=C(OC)C=C1Br,9388071,COc1cc(Br)c(OC)cc1O,557757-32-1
COC(=O)CC(CN(=O)=O)C1=CC=CC=C1Br,9483049,COC(=O)CC(C[N+](=O)[O-])c1ccccc1Br,0
OCC1=NOC(=C1)C1=CC=C(Br)C=C1,9553355,OCc1cc(-c2ccc(Br)cc2)on1,640291-96-9
OC(=O)C1=CC=C(CBr)C=C1Br,9619579,O=C(O)c1ccc(CBr)cc1Br,345953-39-1
OC(=O)C1=C(F)C=C(F)C=C1Br,9620936,O=C(O)c1c(F)cc(F)cc1Br,0
BrC1=C2C=CC=CC2=C(C2=CC=CS2)C2=CC=CC=C12,9708298,Brc1c2ccccc2c(-c2cccs2)c2ccccc12,0
CC(C)(C)OC(=O)\N=C\C1=CC=CC=C1Br,9762913,CC(C)(C)OC(=O)/N=C/c1ccccc1Br,0
BrC=CC1=CC=CC=C1Br,9844539,BrC=Cc1ccccc1Br,0
CC(C)(C)[C@@H](CO)NC(=O)C1=C(Br)C=CC=C1,9852027,CC(C)(C)[C@@H](CO)NC(=O)c1ccccc1Br,402755-63-9
COCC1=C(Br)C=CC(F)=C1,9900729,COCc1cc(F)ccc1Br,842167-67-3
OCC1=CC=C(C=O)C(Br)=C1,9900799,O=Cc1ccc(CO)cc1Br,0
CC(C)C(=O)NCCC1=CC=CC(Br)=C1,9906027,CC(C)C(=O)NCCc1cccc(Br)c1,371222-76-3
BrC1=CC=C(C=C1)C1=CC(=O)OC2=CC=CC=C12,9910776,O=c1cc(-c2ccc(Br)cc2)c2ccccc2o1,0
CCCCCCCCOC1=CC(Br)=C(OCCCCCCCC)C=C1,9947753,CCCCCCCCOc1ccc(OCCCCCCCC)c(Br)c1,194204-71-2
CC(=O)C(CC1=CC=C(Cl)C=C1)C1=CC(Br)=CC=C1,10005091,CC(=O)C(Cc1ccc(Cl)cc1)c1cccc(Br)c1,848310-98-5
COC(=O)C(O)C1=CC(Br)=CC=C1,10063561,COC(=O)C(O)c1cccc(Br)c1,1011722-46-5
COC1=CC2=C(C=C1)C=C(Br)C=C2C#N,10068874,COc1ccc2cc(Br)cc(C#N)c2c1,847505-83-3
CC(=O)CC(=O)C1=CC(Br)=CC=C1O,10069290,CC(=O)CC(=O)c1cc(Br)ccc1O,0
ClCC(=O)NNC(=O)C1=CC=C(Br)C=C1,10071263,O=C(CCl)NNC(=O)c1ccc(Br)cc1,199938-23-3
BrC1=CC=C(C=C1)C1=CC=CC(C=O)=C1,10154254,O=Cc1cccc(-c2ccc(Br)cc2)c1,400748-59-6
ClC1=CC(Br)=C(C=C1)C(=O)C1=CC=CC=C1,10157736,O=C(c1ccccc1)c1ccc(Cl)cc1Br,835-12-1
BrC1=CC=C(C=C1)C(=O)CC1=NC2=C(N1)C=CC=C2,10168492,O=C(Cc1nc2ccccc2[nH]1)c1ccc(Br)cc1,0
CC(C)C[C@H](NC(C1=CC=C(Br)C=C1)C(F)(F)F)C(=O)NCC#N,10188334,CC(C)C[C@H](NC(c1ccc(Br)cc1)C(F)(F)F)C(=O)NCC#N,603139-06-6
BrC1=CC(CNC(=O)C2=NC=CC=C2)=CC=C1,10255393,O=C(NCc1cccc(Br)c1)c1ccccn1,0
COC(=O)[C@@H](NS(=O)(=O)C1=CC=C(Br)C=C1)C(C)C,10256286,COC(=O)[C@@H](NS(=O)(=O)c1ccc(Br)cc1)C(C)C,857078-20-7
CC(C)(C)OC(=O)N1CCN(CC1)C1=CC=C(Br)C=C1N(=O)=O,10275442,CC(C)(C)OC(=O)N1CCN(c2ccc(Br)cc2[N+](=O)[O-])CC1,474329-57-2
CN1CCN(CC2=CC=C(C=C2Br)C(=O)NC2=CC(NC3=NC=CC(=N3)C3=CC=CN=C3)=C(C)C=C2)CC1,10311729,Cc1ccc(NC(=O)c2ccc(CN3CCN(C)CC3)c(Br)c2)cc1Nc1nccc(-c2cccnc2)n1,0
COC1=CC=C(CCN=N#N)C=C1Br,10337514,COc1ccc(CCN=[N+]=[N-])cc1Br,883143-66-6
CC(C)(C)OC(=O)NCCNC1=CC=C(Br)C=C1,10348872,CC(C)(C)OC(=O)NCCNc1ccc(Br)cc1,443998-69-4
COC1=C(C=C(Cl)C=C1)C(=O)C1=CC(Cl)=CC(Br)=C1,10351340,COc1ccc(Cl)cc1C(=O)c1cc(Cl)cc(Br)c1,329944-59-4
BrC1=CC=C(NC(=O)C2CCCCC2)C=C1,10436673,O=C(Nc1ccc(Br)cc1)C1CCCCC1,0
CC(=O)NC1=CC(=C(Br)C=C1N(=O)=O)C(F)(F)F,10448051,CC(=O)Nc1cc(C(F)(F)F)c(Br)cc1[N+](=O)[O-],157554-76-2
CCOC(=O)C1=NN(CC2=C(O)C=CC(Br)=C2)C(C)=C1,10450393,CCOC(=O)c1cc(C)n(Cc2cc(Br)ccc2O)n1,851205-56-6
CCCCCNC1=CC=C(Br)C=C1,10533353,CCCCCNc1ccc(Br)cc1,0
OC(C1CC1)C1=CC(Br)=CC=C1F,10534899,OC(c1cc(Br)ccc1F)C1CC1,0
CC(C)(C)OC(=O)C1=CC(Cl)=CC=C1Br,10536577,CC(C)(C)OC(=O)c1cc(Cl)ccc1Br,916904-25-1
COCCOCCOCCOC1=CC(Br)=CC=C1,10544097,COCCOCCOCCOc1cccc(Br)c1,318261-63-1
COC1=CC=C(CNC(=O)C2=C(Br)C=CC=C2)C=C1,10547681,COc1ccc(CNC(=O)c2ccccc2Br)cc1,0
CCCCC(CC)COC1=C(OCC(CC)CCCC)C=C(Br)C=C1,10581218,CCCCC(CC)COc1ccc(Br)cc1OCC(CC)CCCC,249919-48-0
CC(=O)OC1=C(Br)C=C(F)C=C1,10655937,CC(=O)Oc1ccc(F)cc1Br,480439-44-9
COCOCCC1=CC=CC=C1Br,10657137,COCOCCc1ccccc1Br,845302-47-8
COCOCCC1=CC(F)=CC=C1Br,10660536,COCOCCc1cc(F)ccc1Br,905710-82-9
BrC1=CC=C(CN2C3=C(C=CC=C3)C3=C2C=CC=C3)C=C1,10676817,Brc1ccc(Cn2c3ccccc3c3ccccc32)cc1,1002318-81-1
COC1=CC=C(OC)C(CN(C(C)=O)C2=CC(Br)=CC=C2OC2=CC=CC=C2)=C1,10705075,COc1ccc(OC)c(CN(C(C)=O)c2cc(Br)ccc2Oc2ccccc2)c1,909109-24-6
CC(C)(N)C(=O)N[C@H](CC1=CNC2=C1C=CC=C2)C1=NN=C(CCC2=CNC3=C2C=CC=C3)N1CC1=CC=C(Br)C=C1,11021927,CC(C)(N)C(=O)N[C@H](Cc1c[nH]c2ccccc12)c1nnc(CCc2c[nH]c3ccccc23)n1Cc1ccc(Br)cc1,0
CC(C)(N)C(=O)N[C@H](CC1=CNC2=C1C=CC=C2)C1=NN=C(CCCC2=CNC3=C2C=CC=C3)N1CC1=CC=C(Br)C=C1,11021929,CC(C)(N)C(=O)N[C@H](Cc1c[nH]c2ccccc12)c1nnc(CCCc2c[nH]c3ccccc23)n1Cc1ccc(Br)cc1,0
BrC1=CC=C(C=C1)S(=O)(=O)N1C=CC=C1,11031082,O=S(=O)(c1ccc(Br)cc1)n1cccc1,0
OB(O)C1=C(Br)C=C(F)C(F)=C1,11060796,OB(O)c1cc(F)c(F)cc1Br,0
COCOC1=C(I)C=C(Br)C(OC)=C1,11069527,COCOc1cc(OC)c(Br)cc1I,943341-59-1
NC(=O)\C=C\C1=CC=CC=C1Br,11072241,NC(=O)/C=C/c1ccccc1Br,952340-26-0
C[C@@H](N)C1=C(Br)C=CC=C1,11082339,C[C@@H](N)c1ccccc1Br,0
OC1CCOC(C1)C1=CC=C(Br)C=C1,11082454,OC1CCOC(c2ccc(Br)cc2)C1,0
CC(C)(C)OC(=O)NC1=CC=C(Br)C=C1C(O)=O,11111660,CC(C)(C)OC(=O)Nc1ccc(Br)cc1C(=O)O,306937-20-2
CC(C)(C)C1=C(C=CC(Br)=C1)N1C(=O)C=CC1=O,11114394,CC(C)(C)c1cc(Br)ccc1N1C(=O)C=CC1=O,0
COC(=O)C1=CC(OC2CCCCO2)=C(Br)C=C1,11123919,COC(=O)c1ccc(Br)c(OC2CCCCO2)c1,870779-63-8
FC(F)(F)COC1=C(Br)C=CC=C1,11156924,FC(F)(F)COc1ccccc1Br,218610-57-2
BrC1=CC=C(\C=C\C(=O)C2=CC=C(C=C2)C2=CC=CC=C2)C=C1,11163840,O=C(/C=C/c1ccc(Br)cc1)c1ccc(-c2ccccc2)cc1,343599-59-7
OC\C=C(/I)C1=CC=C(Br)C=C1,11191313,OC/C=C(\I)c1ccc(Br)cc1,452296-51-4
COC(=O)C1=C(S)C=C(Br)C=C1,11192710,COC(=O)c1ccc(Br)cc1S,881900-17-0
BrC1=CC=C(C=C1)C(=O)C1C(C#N)(C#N)C1(C#N)C#N,11203675,N#CC1(C#N)C(C(=O)c2ccc(Br)cc2)C1(C#N)C#N,0
COC1=CC(B(O)O)=C(OC)C=C1Br,11215016,COc1cc(B(O)O)c(OC)cc1Br,0
BrC1=CC(C=O)=CC=C1OCC=C,11258060,C=CCOc1ccc(C=O)cc1Br,724746-23-0
CCCCCC(=O)C1=CC=CC=C1Br,11265238,CCCCCC(=O)c1ccccc1Br,864516-83-6
FC1=C(\C=C\C(Cl)=O)C=CC(Br)=C1,11267099,O=C(Cl)/C=C/c1ccc(Br)cc1F,0
C[Si](C)(C)C#CC1=C(F)C=C(Br)C=C1,11309529,C[Si](C)(C)C#Cc1ccc(Br)cc1F,0
COC1=CC(OC)=C(Br)C=C1N,11428811,COc1cc(OC)c(Br)cc1N,169883-36-7
FC(F)(F)C1=C(Br)C=C(C=C1)C(Cl)=O,11439498,O=C(Cl)c1ccc(C(F)(F)F)c(Br)c1,0
CC1=CC(Br)=CC(C)=C1NC1=NC(Cl)=NC(NC2=CC=C(C=C2)C#N)=N1,11468504,Cc1cc(Br)cc(C)c1Nc1nc(Cl)nc(Nc2ccc(C#N)cc2)n1,0
BrC1=CC=C(CN2CC(=O)NC2=O)C=C1,11521596,O=C1CN(Cc2ccc(Br)cc2)C(=O)N1,0
ClC1=CC(=NC2=C1C=CC=C2)C1=CC=C(Br)C=C1,11534712,Clc1cc(-c2ccc(Br)cc2)nc2ccccc12,103914-54-1
BrC1=CC=C(C=C1)S(=O)(=O)NC1CC1,12993534,O=S(=O)(NC1CC1)c1ccc(Br)cc1,0
NC(=O)C1=CC=CC2=CN(N=C12)C1=CC=C(Br)C=C1,13004070,NC(=O)c1cccc2cn(-c3ccc(Br)cc3)nc12,0
CCOC(=O)C1=C(O)C=CC(Br)=C1C,13260246,CCOC(=O)c1c(O)ccc(Br)c1C,0
CC(C)(O)C#CC1=CC(Br)=CC=C1,13320690,CC(C)(O)C#Cc1cccc(Br)c1,0
CCCCOC1=C(F)C(F)=C(Br)C=C1,13428767,CCCCOc1ccc(Br)c(F)c1F,0
CCOC(=O)NCCC1=CC=CC(Br)=C1,13464577,CCOC(=O)NCCc1cccc(Br)c1,0
C\C(CO)=C/C1=CC=C(Br)C=C1,13475745,C/C(=C\c1ccc(Br)cc1)CO,0
FC1=CC(C=O)=C(F)C(Br)=C1,13501703,O=Cc1cc(F)cc(Br)c1F,112279-64-8
NC1=C(Br)C(F)=C(F)C=C1N(=O)=O,13555402,Nc1c([N+](=O)[O-])cc(F)c(F)c1Br,112062-62-1
COC(=O)CC1=CC(Br)=C(SC)C=C1,13603424,COC(=O)Cc1ccc(SC)c(Br)c1,300355-67-3
CC(C)(C)OC(=O)CC1=C(Br)C=CC=C1,13656937,CC(C)(C)OC(=O)Cc1ccccc1Br,0
COC1=C(O)C(Br)=CC(=C1)C(C)=O,13675290,COc1cc(C(C)=O)cc(Br)c1O,103653-14-1
CCOC(=O)\C=C\CC1=CC(Br)=CC=C1,13729673,CCOC(=O)/C=C/Cc1cccc(Br)c1,960006-02-4
CCOC(=O)C1=C(Br)C=C(C=C1)C(F)(F)F,13769699,CCOC(=O)c1ccc(C(F)(F)F)cc1Br,0
FC1=CC(Br)=C(C=C1)N1CCNCC1,14053995,Fc1ccc(N2CCNCC2)c(Br)c1,186387-02-0
FC1=C(C=CC(Br)=C1)N1CCNC1=O,14080232,O=C1NCCN1c1ccc(Br)cc1F,160132-29-6
BrC1=CC=C(C=C1)N1C2=CC=CC=C2C2=C(C=CC=C2)C2=C1C=CC=C2,14092537,Brc1ccc(N2c3ccccc3-c3ccccc3-c3ccccc32)cc1,218272-57-2
COC(=O)CC1=C(Br)C=CC(Cl)=C1,14158755,COC(=O)Cc1cc(Cl)ccc1Br,455957-76-3
BrC1=CC=C(CCC(=O)N2CCOCC2)C=C1,14188823,O=C(CCc1ccc(Br)cc1)N1CCOCC1,607744-33-2
NC1=CC(Br)=C(OCC2=CC(F)=CC=C2)C=C1,14218182,Nc1ccc(OCc2cccc(F)c2)c(Br)c1,320337-14-2
CC(C)NS(=O)(=O)C1=CC=CC=C1Br,14267311,CC(C)NS(=O)(=O)c1ccccc1Br,951883-94-6
BrC1=CC(C=O)=C(OCC2CO2)C=C1,14267379,O=Cc1cc(Br)ccc1OCC1CO1,0
CCOC(=O)C1=CN(N=C1)C1=CC(Br)=CC=C1,14306066,CCOC(=O)c1cnn(-c2cccc(Br)c2)c1,784142-89-8
COC1=CC(Br)=CC=C1C(N)=O,14341570,COc1cc(Br)ccc1C(N)=O,812667-44-0
BrC1=CC=C(CCC(=O)OCC2=CC=CC=C2)C=C1,14366574,O=C(CCc1ccc(Br)cc1)OCc1ccccc1,845890-31-5
BrC1=C(OCC=C)C(C=O)=CC=C1,14422564,C=CCOc1c(Br)cccc1C=O,1106304-56-6
COC(=O)C1=CC(Br)=CC=C1OCC1=CC=CC=C1,14437330,COC(=O)c1cc(Br)ccc1OCc1ccccc1,860000-78-8
NC1=CC(Br)=C(N)C(=C1)C(F)(F)F,14450219,Nc1cc(Br)c(N)c(C(F)(F)F)c1,108761-81-5
COCC1=C(C=C(Br)C=C1)N(=O)=O,14516126,COCc1ccc(Br)cc1[N+](=O)[O-],874959-52-1
COC(=O)C1=C(OC)C=C(Br)C=C1C,14518081,COC(=O)c1c(C)cc(Br)cc1OC,877149-09-2
BrCCCCC(=O)NC1=CC=C(Br)C=C1,14610200,O=C(CCCCBr)Nc1ccc(Br)cc1,948883-07-6
BrC1=CC=C(OCC#N)C(C=O)=C1,14806641,N#CCOc1ccc(Br)cc1C=O,125418-95-3
C\C(N)=C\C(=O)C1=CC=C(Br)C=C1,15218942,C/C(N)=C/C(=O)c1ccc(Br)cc1,1488363-22-9
OC(=O)C1=CC(F)=C(Br)C(F)=C1F,15387504,O=C(O)c1cc(F)c(Br)c(F)c1F,122033-62-9
CC(C)(C1=NC(C)(C)CO1)C1=CC=C(Br)C=C1,15397983,CC1(C)COC(C(C)(C)c2ccc(Br)cc2)=N1,192775-97-6
CCOC1=C(OCC2=CC=CC(=C2)N(=O)=O)C(Br)=CC(C=O)=C1,15419826,CCOc1cc(C=O)cc(Br)c1OCc1cccc([N+](=O)[O-])c1,384859-47-6
OCC(F)(F)C1=CC(Br)=CC=C1,15420820,OCC(F)(F)c1cccc(Br)c1,915133-40-3
CC1=CC(C(N)=O)=C(N)C(Br)=C1,15440390,Cc1cc(Br)c(N)c(C(N)=O)c1,324528-81-6
FC1=CC(C=C)=CC=C1Br,15467346,C=Cc1ccc(Br)c(F)c1,916814-07-8
BrC1=CC=C(C=C1)C1=NN2C=CC=NC2=C1,15484734,Brc1ccc(-c2cc3ncccn3n2)cc1,916257-79-9
FC1=C(C=CC(Br)=C1)C(=O)CC#N,15506091,N#CCC(=O)c1ccc(Br)cc1F,267880-92-2
CC1=CC(Br)=CC(C)=C1CCO,15509207,Cc1cc(Br)cc(C)c1CCO,943741-22-8
CC(C)(O)C1=C(Cl)C=CC(Br)=C1,15512499,CC(C)(O)c1cc(Br)ccc1Cl,885069-29-4
BrC1=CC(CN2C=NC=N2)=CC=C1,15513698,Brc1cccc(Cn2cncn2)c1,942154-19-0
BrC1=CC=C(C=C1)C1CNC(=O)O1,15517777,O=C1NCC(c2ccc(Br)cc2)O1,943910-35-8
ClC(=CC#N)C1=CC=CC(Br)=C1,15558912,N#CC=C(Cl)c1cccc(Br)c1,948883-31-6
NC(C(N)=O)C1=CC=C(Br)C=C1,15560483,NC(=O)C(N)c1ccc(Br)cc1,950651-22-6
COC(OC)C1=C(F)C=CC=C1Br,15584793,COC(OC)c1c(F)cccc1Br,959687-72-0
OC1=CC(Cl)=C(C=O)C=C1Br,15598436,O=Cc1cc(Br)c(O)cc1Cl,957774-27-5
BrC1=C(SC2=CC=C(C=C2)N(=O)=O)C=CC=C1,15774810,O=[N+]([O-])c1ccc(Sc2ccccc2Br)cc1,91330-82-4
NC(=S)NNC(=O)C1=CC=CC(Br)=C1,15819836,NC(=S)NNC(=O)c1cccc(Br)c1,126651-84-1
NOC1=CC=CC(Br)=C1,15824148,NOc1cccc(Br)c1,937716-47-7
BrC1=C(NC(=O)C=CC2=CC=CC=C2)C=CC=C1,18301639,O=C(C=Cc1ccccc1)Nc1ccccc1Br,71910-51-5
COC1=C(Br)C=CC(F)=C1CNO,18315595,COc1c(Br)ccc(F)c1CNO,1009092-77-6
CCC1=C(C=CC(Br)=C1)B(O)O,18506440,CCc1cc(Br)ccc1B(O)O,1046861-62-4
COC1=CC(CCO[Si](C)(C)C(C)(C)C)=C(Br)C=C1,18608556,COc1ccc(Br)c(CCO[Si](C)(C)C(C)(C)C)c1,1070298-48-4
COC(=O)C1=C(Br)C=CC(NC(C)=O)=C1,18663352,COC(=O)c1cc(NC(C)=O)ccc1Br,521069-39-6
CC(O)C1=CC=C(Cl)C=C1Br,18768924,CC(O)c1ccc(Cl)cc1Br,1086601-87-7
BrC1=CC=C(C=C1)C(C=O)C=O,18849153,O=CC(C=O)c1ccc(Br)cc1,709648-68-0
ON=CC1=CC(Br)=CC=C1F,18922904,ON=Cc1cc(Br)ccc1F,202865-65-4
COC(=O)C1=CC(Br)=C(N)C(F)=C1,18940076,COC(=O)c1cc(F)c(N)c(Br)c1,1123171-91-4
CC1(CCN(C(=O)O1)C1=CC=CC(Br)=C1)C1=CC=CC=C1,18975408,CC1(c2ccccc2)CCN(c2cccc(Br)c2)C(=O)O1,1110642-03-9
CCN(CC)C(=O)C1=C(C)C(Br)=CC=C1,19368657,CCN(CC)C(=O)c1cccc(Br)c1C,1010836-08-4
NC(=O)COC1=C(C=C(Br)C=C1)C#N,19393258,N#Cc1cc(Br)ccc1OCC(N)=O,318259-87-9
CCOP(=O)(OCC)C(=C)C1=CC=C(Br)C=C1,19400010,C=C(c1ccc(Br)cc1)P(=O)(OCC)OCC,1159205-36-3
FC1=CC=C(C=C1Br)C1=NC(Cl)=NC=N1,19409192,Fc1ccc(-c2ncnc(Cl)n2)cc1Br,919085-69-1
FC(F)(F)OC1=CC(=CC(Br)=C1)C(Cl)=O,19450380,O=C(Cl)c1cc(Br)cc(OC(F)(F)F)c1,1092461-36-3
BrC1=C(C[N+]#[C-])C=CC=C1,19519340,[C-]#[N+]Cc1ccccc1Br,602261-83-6
OC(=O)CC1=C(Br)C=CC(O)=C1,19522575,O=C(O)Cc1cc(O)ccc1Br,38692-78-3
CC1(C)OB(OC1(C)C)C=CC1=CC=C(Br)C=C1,19529395,CC1(C)OB(C=Cc2ccc(Br)cc2)OC1(C)C,0
BrC1=CC=C(C=C1)C1=C2C=CC=CC2=C(C=C1)C1=CC=CC=C1,19599402,Brc1ccc(-c2ccc(-c3ccccc3)c3ccccc23)cc1,1170321-08-0
CC1=CC=C(NS(=O)(=O)C2=CC=CC=C2Br)C=C1,19654200,Cc1ccc(NS(=O)(=O)c2ccccc2Br)cc1,1183123-34-3
CCOC(=O)C#CC1=CC=CC=C1Br,19661012,CCOC(=O)C#Cc1ccccc1Br,1226508-51-5
NS(=O)(=O)C1=C(F)C=CC(Br)=C1,19866260,NS(=O)(=O)c1cc(Br)ccc1F,214209-96-8
CC1=CC(CC#N)=C(Br)C=C1,19917194,Cc1ccc(Br)c(CC#N)c1,1085539-03-2
CC(C)(C)OC(=O)C1=C(Br)C=C(F)C=C1,20062283,CC(C)(C)OC(=O)c1ccc(F)cc1Br,951884-50-7
BrC1=CC=CC(CC2C(=O)NC3=CC=CC=C23)=C1,20093920,O=C1Nc2ccccc2C1Cc1cccc(Br)c1,931325-89-2
CC1=C(F)C=C(Br)C(OCC2=CC=CC=C2)=C1C(=O)OC1=CC=CC=C1,20133393,Cc1c(F)cc(Br)c(OCc2ccccc2)c1C(=O)Oc1ccccc1,1207285-04-8
COCCOC1=C(Br)C=CC(CC2CCN(CC2)C(=O)OC(C)(C)C)=C1,20179816,COCCOc1cc(CC2CCN(C(=O)OC(C)(C)C)CC2)ccc1Br,1176327-19-7
COCCOC1=C(Br)C=CC(CC2CCN(CCC3=CC4=C(OCCC4=O)C=C3)CC2)=C1,20179827,COCCOc1cc(CC2CCN(CCc3ccc4c(c3)C(=O)CCO4)CC2)ccc1Br,1176326-76-3
OCCOC1=C(Br)C=CC(CC2CCN(CCC3=CC4=C(OCCC4=O)C=C3)CC2)=C1,20179836,O=C1CCOc2ccc(CCN3CCC(Cc4ccc(Br)c(OCCO)c4)CC3)cc21,1176326-87-6
CC(=O)COC(=O)C1=CC=C(Br)C=C1,20270394,CC(=O)COC(=O)c1ccc(Br)cc1,900937-58-8
COC1=CC=C(C=C1Br)C(=C)C1=CC(OC)=C(OC)C(OC)=C1,20299915,C=C(c1ccc(OC)c(Br)c1)c1cc(OC)c(OC)c(OC)c1,1067880-44-7
BrC1=CC=C(C=C1)C1=C(C#N)C2=CC=CC=C2N1,20410312,N#Cc1c(-c2ccc(Br)cc2)[nH]c2ccccc12,1082467-04-6
CC(C)(OC1CCCCO1)C1=CC=CC=C1Br,20499136,CC(C)(OC1CCCCO1)c1ccccc1Br,1239384-21-4
BrC1=CC=CC(=C1)C(=O)N1N=NC2=CC=CC=C12,20583280,O=C(c1cccc(Br)c1)n1nnc2ccccc21,314767-38-9
BrC1=CC=CC=C1C1=COC2=CC=CC=C12,20597326,Brc1ccccc1-c1coc2ccccc12,1239913-51-9
BrC1=CC(=CC=C1)N1N=CC2=CN=CN=C12,20645599,Brc1cccc(-n2ncc3cncnc32)c1,1235034-96-4
COC(=O)C(NC1=CC=C(Br)C=C1)C1=CC=CC=C1,20700932,COC(=O)C(Nc1ccc(Br)cc1)c1ccccc1,1218081-44-7
COC(=O)C1=CC(Br)=C(F)C(F)=C1,20723295,COC(=O)c1cc(F)c(F)c(Br)c1,1244642-70-3
CC(C)(C)C1=CC=NC(=C1)C1=CC(Br)=CC=C1,20763150,CC(C)(C)c1ccnc(-c2cccc(Br)c2)c1,1246851-72-8
COC(=O)C1=COC(=N1)C1=CC=C(Br)C=C1,20778928,COC(=O)c1coc(-c2ccc(Br)cc2)n1,1239589-17-3
CC(C)(C)OC(=O)N1CCN(CC1)C1=C(Br)C=C(C=C1)C(F)(F)F,20813030,CC(C)(C)OC(=O)N1CCN(c2ccc(C(F)(F)F)cc2Br)CC1,1253936-64-9
OC(=O)CCCC(=C)C1=CC=C(Br)C=C1,20851887,C=C(CCCC(=O)O)c1ccc(Br)cc1,1258204-05-5
CC(C)(C)OC(=O)NC(C=C)(C(F)F)C1=CC(Br)=CC=C1F,21109679,C=CC(NC(=O)OC(C)(C)C)(c1cc(Br)ccc1F)C(F)F,1262858-98-9
BrC1=CC=CC(C=O)=C1OCC#C,21203563,C#CCOc1c(Br)cccc1C=O,1271773-00-2
CC(=O)CC(C1=CC=CC=C1)C1=CC=C(Br)C=C1,21264751,CC(=O)CC(c1ccccc1)c1ccc(Br)cc1,1005497-31-3
CC1=CC(Br)=CC=C1C#C,21308939,C#Cc1ccc(Br)cc1C,1312479-78-9
FC(F)(F)C(=O)CC(=O)C1=C(Br)C=CC=C1,21327655,O=C(CC(=O)C(F)(F)F)c1ccccc1Br,23975-63-5
BrC1=CC=C(OCC2=CC=CC=C2)C(=C1)C(=O)NC1=CC=CN=C1,21337102,O=C(Nc1cccnc1)c1cc(Br)ccc1OCc1ccccc1,1285513-32-7
OC(=O)C1=C(OCC2=CC(F)=C(F)C=C2)C=CC(Br)=C1,21337104,O=C(O)c1cc(Br)ccc1OCc1ccc(F)c(F)c1,1285517-09-0
FC1=CC=C(COC(=O)C2=C(OCC3=CC=C(F)C=C3)C=CC(Br)=C2)C=C1,21337209,O=C(OCc1ccc(F)cc1)c1cc(Br)ccc1OCc1ccc(F)cc1,1285517-05-6
BrC1=C(C=CC=C1)N(CC1=CC=CC=C1)CC1=CC=CC=C1,21363251,Brc1ccccc1N(Cc1ccccc1)Cc1ccccc1,1075193-04-2
N[C@H](CO)\C=C\C1=CC=C(Br)C=C1,21381850,N[C@@H](/C=C/c1ccc(Br)cc1)CO,1302581-70-9
CC(C)(C)OC(=O)N[C@@H](CCC1=CC=C(Br)C=C1)C=O,21381866,CC(C)(C)OC(=O)N[C@H](C=O)CCc1ccc(Br)cc1,1302581-73-2
CC(C)(C)OC(=O)N[C@H](CO)CCC1=CC=C(Br)C=C1,21381873,CC(C)(C)OC(=O)N[C@H](CO)CCc1ccc(Br)cc1,1302581-72-1
CC(C)(C)OC(=O)N[C@H](CO)\C=C\C1=CC=C(Br)C=C1,21381874,CC(C)(C)OC(=O)N[C@@H](/C=C/c1ccc(Br)cc1)CO,1302581-71-0
C[C@H]1OC(C)(C)N([C@H]1CCC1=CC=C(Br)C=C1)C(=O)OC(C)(C)C,21381894,C[C@H]1OC(C)(C)N(C(=O)OC(C)(C)C)[C@H]1CCc1ccc(Br)cc1,1302581-55-0
C[C@@H]1OC(C)(C)N([C@H]1CCC1=CC=C(Br)C=C1)C(=O)OC(C)(C)C,21381895,C[C@@H]1OC(C)(C)N(C(=O)OC(C)(C)C)[C@H]1CCc1ccc(Br)cc1,1302581-75-4
CC(C)(C)OC(=O)N1[C@H](COC1(C)C)\C=C\C1=CC=C(Br)C=C1,21429607,CC(C)(C)OC(=O)N1[C@@H](/C=C/c2ccc(Br)cc2)COC1(C)C,1302581-69-6
BrC1=CC=C(OCC#CC2=CC=CC=C2)C(C=O)=C1,21456868,O=Cc1cc(Br)ccc1OCC#Cc1ccccc1,1286745-81-0
BrC(Br)C(=O)C1=CC=C2C=C(Br)C=CC2=C1,21460278,O=C(c1ccc2cc(Br)ccc2c1)C(Br)Br,1303533-76-7
CCOC(=O)C=CC1=C(Br)C=CC(=C1)C(F)(F)F,21533536,CCOC(=O)C=Cc1cc(C(F)(F)F)ccc1Br,0
BrC1=C(CN2C(=O)C(=O)C3=CC=CC=C23)C=CC=C1,21590750,O=C1C(=O)N(Cc2ccccc2Br)c2ccccc21,689757-55-9
CN1CC(NC(=O)OC(C)(C)C)=NC(C)(C1=O)C1=C(F)C=CC(Br)=C1,21609804,CN1CC(NC(=O)OC(C)(C)C)=NC(C)(c2cc(Br)ccc2F)C1=O,1313525-75-5
CC(C)(C)OC(=O)N1CC(N)=NC(C1)(C(F)F)C1=C(F)C=CC(Br)=C1,21609808,CC(C)(C)OC(=O)N1CC(N)=NC(c2cc(Br)ccc2F)(C(F)F)C1,1313526-05-4
CCOC1=CC=C(CC2=C(Cl)C=C(O)C(Br)=C2)C=C1,21853810,CCOc1ccc(Cc2cc(Br)c(O)cc2Cl)cc1,1338728-11-2
OC1=C(Br)C=C(OC(F)F)C=C1,21928146,Oc1ccc(OC(F)F)cc1Br,88798-12-3
CCCCC(N)(CCCC)CSC1=CC(Br)=C(OC)C=C1C(=O)C1=CC=CC=C1,21993451,CCCCC(N)(CCCC)CSc1cc(Br)c(OC)cc1C(=O)c1ccccc1,1345983-70-1
BrC1=CC=CC=C1C1=CN=NN1,22019202,Brc1ccccc1-c1cnn[nH]1,369363-78-0
CN1N=C(C)C(NS(=O)(=O)C2=C(Cl)C=C(Br)C=C2Cl)=C1C,22089753,Cc1nn(C)c(C)c1NS(=O)(=O)c1c(Cl)cc(Br)cc1Cl,1215009-29-2
CN(C1=C(C)N(C)N=C1C)S(=O)(=O)C1=C(Cl)C=C(Br)C=C1Cl,22089754,Cc1nn(C)c(C)c1N(C)S(=O)(=O)c1c(Cl)cc(Br)cc1Cl,1215009-83-8
CC1=CC2=CC=CC=C2C(Br)=C1O,22156783,Cc1cc2ccccc2c(Br)c1O,1354490-99-5
CCOC(=O)C(OC(C)(C)C)C1=C(C2=CC=C(Cl)C=C2)C2=CC(Br)=CC=C2C=C1C,22156879,CCOC(=O)C(OC(C)(C)C)c1c(C)cc2ccc(Br)cc2c1-c1ccc(Cl)cc1,1354491-73-8
CN1C(=O)N(C)C(=O)C(=CC2=CC(Br)=CC=C2)C1=O,22190555,CN1C(=O)C(=Cc2cccc(Br)c2)C(=O)N(C)C1=O,326887-43-8
NC1=CC(Br)=C(C=C1)N1CCOCC1,22233086,Nc1ccc(N2CCOCC2)c(Br)c1,347324-26-9
COC1=C(N)C=C(Br)C(=C1)N1CCN(C)CC1,22233091,COc1cc(N2CCN(C)CC2)c(Br)cc1N,1352244-24-6
CCC(O)(CC)C1=CC=CC=C1Br,22255982,CCC(O)(CC)c1ccccc1Br,1354364-38-7
CC(C)(C(O)=O)C1=C(C=C(Br)C=C1)N(=O)=O,22271647,CC(C)(C(=O)O)c1ccc(Br)cc1[N+](=O)[O-],1314655-86-1
CCOC(=O)C(C)(C)C1=C(C=C(Br)C=C1)N(=O)=O,22271648,CCOC(=O)C(C)(C)c1ccc(Br)cc1[N+](=O)[O-],1357259-26-7
CC(C1CC1)(C1=NOC(=N1)C1=CNN=C1)C1=CC=C(Br)C=C1,22326715,CC(c1ccc(Br)cc1)(c1noc(-c2cn[nH]c2)n1)C1CC1,1360552-35-7
OC1=CC=C(C=C1)C(=O)C1=C(Cl)C=CC(Br)=C1,22365129,O=C(c1ccc(O)cc1)c1cc(Br)ccc1Cl,1360568-68-8
BrC1=CC=C(OS(=O)(=O)C=C)C=C1,22474872,C=CS(=O)(=O)Oc1ccc(Br)cc1,300852-94-2
COCOC1=C(Br)C=C(C=C1)C(C)(C)C,22568210,COCOc1ccc(C(C)(C)C)cc1Br,914225-37-9
COC(=O)C1=C(Br)C(=CC=C1)C(Br)Br,22586135,COC(=O)c1cccc(C(Br)Br)c1Br,1374020-60-6
FC1=CC(Br)=C(C=C2CC2)C=C1,22713264,Fc1ccc(C=C2CC2)c(Br)c1,0
CC(=O)C1=C(F)C=CC(Br)=C1F,22739881,CC(=O)c1c(F)ccc(Br)c1F,1387634-87-8
BrC1=C(OCC2=CC=CC=C2)C=CC=C1OCC1=CC=CC=C1,22775555,Brc1c(OCc2ccccc2)cccc1OCc1ccccc1,115237-06-4
ClC1=NC=CC(NC2=C(C=CC(Br)=C2)N(=O)=O)=N1,22779959,O=[N+]([O-])c1ccc(Br)cc1Nc1ccnc(Cl)n1,1394119-49-3
CC1=C2C=CC=CC2=CC(=N1)C1=CC=C(Br)C=C1,22797394,Cc1nc(-c2ccc(Br)cc2)cc2ccccc12,1392764-36-1
COC1=CC(Br)=C(C=C1)C#C[Si](C)(C)C,22839974,COc1ccc(C#C[Si](C)(C)C)c(Br)c1,0
NC1=CC(CO)=C(Br)C=C1,23029124,Nc1ccc(Br)c(CO)c1,752969-45-2
COC1=CC(Br)=CC(N)=C1OC,23152274,COc1cc(Br)cc(N)c1OC,1404548-74-8
Br\C(=C/C1=CC=CC=C1Br)N(=O)=O,23167994,O=[N+]([O-])/C(Br)=C/c1ccccc1Br,1424231-67-3
CC(=O)C1=CC(Br)=C(SC(C)(C)C)C=C1,23205007,CC(=O)c1ccc(SC(C)(C)C)c(Br)c1,1341083-44-0
BrC1=CC=C(C=C1)C1=NC2=NC=CN=C2C(=O)N1,23250918,O=c1[nH]c(-c2ccc(Br)cc2)nc2nccnc12,1415635-31-2
COC(=O)C1=NC=CN=C1NC(=O)C1=CC=C(Br)C=C1,23250919,COC(=O)c1nccnc1NC(=O)c1ccc(Br)cc1,1415635-29-8
CC1=CC(Br)=CC(C#N)=C1N,23283730,Cc1cc(Br)cc(C#N)c1N,1093966-37-0
CCS(=O)(=O)C1=CC=CC=C1Br,23288876,CCS(=O)(=O)c1ccccc1Br,1299474-17-1
CN1N=CC=C1C1=CC(Cl)=CC=C1Br,23352417,Cn1nccc1-c1cc(Cl)ccc1Br,1423161-89-0
BrC1=CC=C(C=C1)C1=NN2C=CC=C2C(=O)N1,23360062,O=c1[nH]c(-c2ccc(Br)cc2)nn2cccc12,1427158-06-2
CC(C)C[C@H](NC(=O)C1=CC=C(Br)C=C1)C(O)=O,23364739,CC(C)C[C@H](NC(=O)c1ccc(Br)cc1)C(=O)O,1308988-23-9
OC1=CC=C(Br)C=C1\C=C\C=O,23364828,O=C/C=C/c1cc(Br)ccc1O,1346013-05-5
NCC1=CC(Br)=C(CO)C=C1,23441752,NCc1ccc(CO)c(Br)c1,1427086-31-4
CNC1=C(C)C(Br)=CC=C1,23448919,CNc1cccc(Br)c1C,1187928-43-3
CC(=O)OC(C(=C)C(=O)OC(C)(C)C)C1=C(Br)C=CC(F)=C1,23470062,C=C(C(=O)OC(C)(C)C)C(OC(C)=O)c1cc(F)ccc1Br,1431328-94-7
CC1=C(C=CC=C1)C(CC(O)=O)C1=CC=C(Br)C=C1,23495465,Cc1ccccc1C(CC(=O)O)c1ccc(Br)cc1,1354808-43-7
CC(C)(C)OC(=O)N1CCCC(C1)S(=O)(=O)C1=CC=C(Br)C=C1,23506353,CC(C)(C)OC(=O)N1CCCC(S(=O)(=O)c2ccc(Br)cc2)C1,887590-15-0
CCOC1=C(F)C=C(C=C1)C(=O)C1=C(Cl)C=CC(Br)=C1,23545638,CCOc1ccc(C(=O)c2cc(Br)ccc2Cl)cc1F,1358580-28-5
CC1=CC(Br)=C(C=C1)C(C)(C)O,23545890,Cc1ccc(C(C)(C)O)c(Br)c1,1437051-59-6
CC(C)(O)C1=CC=C(C(Br)=C1)C(C)(C)O,23545930,CC(C)(O)c1ccc(C(C)(C)O)c(Br)c1,1437052-76-0
CC(C)CN(CC1=CC=C(Br)C=C1)S(=O)(=O)CC1=CC=CC=C1,23715662,CC(C)CN(Cc1ccc(Br)cc1)S(=O)(=O)Cc1ccccc1,1445720-38-6
CON(C)C(=O)C1=CC(OC)=C(OC)C=C1Br,23752791,COc1cc(Br)c(C(=O)N(C)OC)cc1OC,0
CCOC(=O)C(F)(F)C(O)C1=C(Br)C=CC(F)=C1,23794864,CCOC(=O)C(F)(F)C(O)c1cc(F)ccc1Br,1446680-76-7
CCOC(=O)C(F)(F)C(F)C1=C(Br)C=CC(F)=C1,23794865,CCOC(=O)C(F)(F)C(F)c1cc(F)ccc1Br,1446680-84-7
FC(F)(F)C1=CC=CC(NC(=O)C2=CC(Br)=CC=C2)=C1,23879319,O=C(Nc1cccc(C(F)(F)F)c1)c1cccc(Br)c1,56661-33-7
CC1=CC(OCCNC(=O)OC(C)(C)C)=CC(C)=C1Br,23918697,Cc1cc(OCCNC(=O)OC(C)(C)C)cc(C)c1Br,1458654-20-0
CC(=O)CCC1=CC(C)=C(Br)C(C)=C1,23918705,CC(=O)CCc1cc(C)c(Br)c(C)c1,1458654-31-3
CC1=CC(OCCN)=CC(C)=C1Br,23918714,Cc1cc(OCCN)cc(C)c1Br,951914-08-2
CC(C)(C)OC(=O)C1=CC(Br)=C(C=C1)C(=O)OC(C)(C)C,24010233,CC(C)(C)OC(=O)c1ccc(C(=O)OC(C)(C)C)c(Br)c1,1456885-46-3
OCC1=NN2C=C(NC(=O)C2=C1)C1=CC=C(Br)C=C1,24014793,O=c1[nH]c(-c2ccc(Br)cc2)cn2nc(CO)cc12,1460286-75-2
FC1=CN2C=C(NC(=O)C2=C1)C1=CC=C(Br)C=C1,24014806,O=c1[nH]c(-c2ccc(Br)cc2)cn2cc(F)cc12,1460285-88-4
COC(=O)C1(CCC(=O)CC1)C1=CC=C(Br)C=C1,24041305,COC(=O)C1(c2ccc(Br)cc2)CCC(=O)CC1,1384265-30-8
OCC1(CCC2(CC1)OCCO2)C1=CC=C(Br)C=C1,24041307,OCC1(c2ccc(Br)cc2)CCC2(CC1)OCCO2,1477524-05-2
OCC1(CCC(=O)CC1)C1=CC=C(Br)C=C1,24041308,O=C1CCC(CO)(c2ccc(Br)cc2)CC1,1477524-06-3
FC1=CC(F)=C(C=C1Br)C#N,24642627,N#Cc1cc(Br)c(F)cc1F,0
COC1=CC(OC)=C(CNC(C)(CO)C2=C(F)C=CC(Br)=C2)C=C1,24643812,COc1ccc(CNC(C)(CO)c2cc(Br)ccc2F)c(OC)c1,0
COC1=CC=C(CN(C(=O)C(F)(F)F)C(C)(CSCC#N)C2=C(F)C=CC(Br)=C2)C(OC)=C1,24643816,COc1ccc(CN(C(=O)C(F)(F)F)C(C)(CSCC#N)c2cc(Br)ccc2F)c(OC)c1,0
CC(N)(CSCC#N)C1=C(F)C=CC(Br)=C1,24643818,CC(N)(CSCC#N)c1cc(Br)ccc1F,0
CCOC(=O)C1(CCC1)SCC(C)(NCC1=CC=C(OC)C=C1OC)C1=C(F)C=CC(Br)=C1,24643824,CCOC(=O)C1(SCC(C)(NCc2ccc(OC)cc2OC)c2cc(Br)ccc2F)CCC1,0
COC(=O)\C=C\C1=C(OC)C=CC(Br)=C1,26470579,COC(=O)/C=C/c1cc(Br)ccc1OC,1528736-46-0
COC(=O)C1=CC(Br)=CC(C(=O)OC)=C1I,26521975,COC(=O)c1cc(Br)cc(C(=O)OC)c1I,1428236-23-0
BrC1=CC=C(C=C1N(=O)=O)S(=O)(=O)NC1CC1,26801886,O=[N+]([O-])c1cc(S(=O)(=O)NC2CC2)ccc1Br,1449412-80-9
CC1=CC(C)=C(C(C)=C1)S(=O)(=O)NCC1=CC=C(Br)C=C1,26903926,Cc1cc(C)c(S(=O)(=O)NCc2ccc(Br)cc2)c(C)c1,1055339-40-6
CC(=O)C1=C(Br)C=C(OC2=CC=C(Cl)C=C2)C=C1,26913998,CC(=O)c1ccc(Oc2ccc(Cl)cc2)cc1Br,1612251-85-0
COC1=CC=C(C(Br)=C1N)C(F)(F)F,27032842,COc1ccc(C(F)(F)F)c(Br)c1N,1616829-13-0
BrC1=C(C=CC=C1)C(=O)C1=NC2=CC=CC=C2S1,27040846,O=C(c1nc2ccccc2s1)c1ccccc1Br,1616272-07-1
NNC(=O)CCCC1=CC(Br)=CC=C1,27061529,NNC(=O)CCCc1cccc(Br)c1,1596464-90-2
CC(C)(C)OC(=O)NCC(=O)NC1=CC=C(Br)C=C1,27121020,CC(C)(C)OC(=O)NCC(=O)Nc1ccc(Br)cc1,309262-79-1
BrC1=CC=C(C(NCC2CCOCC2)=C1)N(=O)=O,27188513,O=[N+]([O-])c1ccc(Br)cc1NCC1CCOCC1,0
COC(=O)C1=C(COC2=CC=C(OC)C=C2)C=C(Br)C=C1,27441050,COC(=O)c1ccc(Br)cc1COc1ccc(OC)cc1,0
COC1=CC=C(OCC2=C(C=CC(Br)=C2)C(C)=O)C=C1,27441051,COc1ccc(OCc2cc(Br)ccc2C(C)=O)cc1,0
CN1N=C(CO)C=C1C1=C(C=C(Br)C=C1)C1=C(N=C(C)O1)C1=CC2=C(OC(F)(F)O2)C=C1,27441066,Cc1nc(-c2ccc3c(c2)OC(F)(F)O3)c(-c2cc(Br)ccc2-c2cc(CO)nn2C)o1,0
COC(=O)C(C)(C)C(O)CC(=O)C1=C(COC2=CC=C(OC)C=C2)C=C(Br)C=C1,27441080,COC(=O)C(C)(C)C(O)CC(=O)c1ccc(Br)cc1COc1ccc(OC)cc1,0
COC(=O)C(C)(C)C(=O)CC(=O)C1=C(COC2=CC=C(OC)C=C2)C=C(Br)C=C1,27441081,COC(=O)C(C)(C)C(=O)CC(=O)c1ccc(Br)cc1COc1ccc(OC)cc1,0
COC(=O)C(C)(C)C1=NN(C)C(=C1)C1=C(COC2=CC=C(OC)C=C2)C=C(Br)C=C1,27441082,COC(=O)C(C)(C)c1cc(-c2ccc(Br)cc2COc2ccc(OC)cc2)n(C)n1,0
COC(=O)C(C)(C)C1=NN(C)C(=C1)C1=C(CO)C=C(Br)C=C1,27441083,COC(=O)C(C)(C)c1cc(-c2ccc(Br)cc2CO)n(C)n1,0
COC(=O)C(C)(C)C1=NN(C)C(=C1)C1=C(C=O)C=C(Br)C=C1,27441084,COC(=O)C(C)(C)c1cc(-c2ccc(Br)cc2C=O)n(C)n1,0
COC(=O)C(C)(C)C1=NN(C)C(=C1)C1=C(C=C(Br)C=C1)C(=O)C(O)C1=CC2=C(OC(F)(F)O2)C=C1,27441086,COC(=O)C(C)(C)c1cc(-c2ccc(Br)cc2C(=O)C(O)c2ccc3c(c2)OC(F)(F)O3)n(C)n1,0
CCOC(=O)C1=NN(C=C1)C1=C(C=C(Br)C=C1)C(O)C(=O)C1=CC=C(OC(F)(F)F)C=C1,27441183,CCOC(=O)c1ccn(-c2ccc(Br)cc2C(O)C(=O)c2ccc(OC(F)(F)F)cc2)n1,0
CCOC(=O)C1=NN(C=C1)C1=C(C=C(Br)C=C1)C(OC(C)=O)C(=O)C1=CC=C(OC(F)(F)F)C=C1,27441184,CCOC(=O)c1ccn(-c2ccc(Br)cc2C(OC(C)=O)C(=O)c2ccc(OC(F)(F)F)cc2)n1,0
CCOC(=O)C1=NN(C=C1)C1=C(C=C(Br)C=C1)C1=C(N=C(C)O1)C1=CC=C(OC(F)(F)F)C=C1,27441185,CCOC(=O)c1ccn(-c2ccc(Br)cc2-c2oc(C)nc2-c2ccc(OC(F)(F)F)cc2)n1,0
CC1=NC(=C(O1)C1=C(C=CC(Br)=C1)N1C=CC(CO)=N1)C1=CC=C(OC(F)(F)F)C=C1,27441201,Cc1nc(-c2ccc(OC(F)(F)F)cc2)c(-c2cc(Br)ccc2-n2ccc(CO)n2)o1,0
CC1=NC(=C(O1)C1=C(C=CC(Br)=C1)N1C=CC(C=O)=N1)C1=CC=C(OC(F)(F)F)C=C1,27441202,Cc1nc(-c2ccc(OC(F)(F)F)cc2)c(-c2cc(Br)ccc2-n2ccc(C=O)n2)o1,0
CC(O)C1=NN(C=C1)C1=C(C=C(Br)C=C1)C1=C(N=C(C)O1)C1=CC=C(OC(F)(F)F)C=C1,27441203,Cc1nc(-c2ccc(OC(F)(F)F)cc2)c(-c2cc(Br)ccc2-n2ccc(C(C)O)n2)o1,0
CC(=O)C1=NN(C=C1)C1=C(C=C(Br)C=C1)C1=C(N=C(C)O1)C1=CC=C(OC(F)(F)F)C=C1,27441204,CC(=O)c1ccn(-c2ccc(Br)cc2-c2oc(C)nc2-c2ccc(OC(F)(F)F)cc2)n1,0
CC1=NC(=C(O1)C1=C(C=CC(Br)=C1)N1C=CC(=N1)C(C)(F)F)C1=CC=C(OC(F)(F)F)C=C1,27441206,Cc1nc(-c2ccc(OC(F)(F)F)cc2)c(-c2cc(Br)ccc2-n2ccc(C(C)(F)F)n2)o1,0
CC(=O)C1=C(C=C(Br)C=C1)N1N=NC=C1C1=CC=C(OC(F)(F)F)C=C1,27441286,CC(=O)c1ccc(Br)cc1-n1nncc1-c1ccc(OC(F)(F)F)cc1,0
CCOC(=O)C(F)(F)C(=O)CC(=O)C1=C(C=C(Br)C=C1)N1N=NC=C1C1=CC=C(OC(F)(F)F)C=C1,27441297,CCOC(=O)C(F)(F)C(=O)CC(=O)c1ccc(Br)cc1-n1nncc1-c1ccc(OC(F)(F)F)cc1,0
CCOC(=O)C(F)(F)C1=NN(C)C(=C1)C1=C(C=C(Br)C=C1)N1N=NC=C1C1=CC=C(OC(F)(F)F)C=C1,27441308,CCOC(=O)C(F)(F)c1cc(-c2ccc(Br)cc2-n2nncc2-c2ccc(OC(F)(F)F)cc2)n(C)n1,0
CN1N=C(C=C1C1=C(C=C(Br)C=C1)N1N=NC=C1C1=CC=C(OC(F)(F)F)C=C1)C(F)(F)C(O)=O,27441319,Cn1nc(C(F)(F)C(=O)O)cc1-c1ccc(Br)cc1-n1nncc1-c1ccc(OC(F)(F)F)cc1,0
CON(C)C(=O)C(F)(F)C1=NN(C)C(=C1)C1=C(C=C(Br)C=C1)N1N=NC=C1C1=CC=C(OC(F)(F)F)C=C1,27441330,CON(C)C(=O)C(F)(F)c1cc(-c2ccc(Br)cc2-n2nncc2-c2ccc(OC(F)(F)F)cc2)n(C)n1,0
COC(=O)C1=CC(=NN1C)C1=C(C=C(Br)C=C1)N1N=NC=C1C1=CC=C(OC(F)(F)F)C=C1,27441358,COC(=O)c1cc(-c2ccc(Br)cc2-n2nncc2-c2ccc(OC(F)(F)F)cc2)nn1C,0
CN1N=C(C=C1C1=C(C=C(Br)C=C1)N1N=NC=C1C1=CC=C(OC(F)(F)F)C=C1)C(F)(F)C(C)(C)O,27441366,Cn1nc(C(F)(F)C(C)(C)O)cc1-c1ccc(Br)cc1-n1nncc1-c1ccc(OC(F)(F)F)cc1,0
CN1N=C(C=C1C1=C(C=C(Br)C=C1)N1N=NC=C1C1=CC=C(OC(F)(F)F)C=C1)C(F)(F)C(N)=O,27441368,Cn1nc(C(F)(F)C(N)=O)cc1-c1ccc(Br)cc1-n1nncc1-c1ccc(OC(F)(F)F)cc1,0
COC(=O)C1=NN(C)C(=C1)C1=C(C=C(Br)C=C1)C1=C(N=C(C)O1)C1=CC2=C(OC(F)(F)O2)C=C1,27441385,COC(=O)c1cc(-c2ccc(Br)cc2-c2oc(C)nc2-c2ccc3c(c2)OC(F)(F)O3)n(C)n1,0
CCOC(=O)C1=NN(C=C1)C1=C(C=O)C=C(Br)C=C1,27441396,CCOC(=O)c1ccn(-c2ccc(Br)cc2C=O)n1,0
COC(=O)C1=C(C=C(Br)C=C1)N1N=NC=C1C1=CC=C(OC(F)(F)F)C=C1,27441432,COC(=O)c1ccc(Br)cc1-n1nncc1-c1ccc(OC(F)(F)F)cc1,0
COC(=O)C(=O)CC(=O)C1=C(C=C(Br)C=C1)N1N=NC=C1C1=CC=C(OC(F)(F)F)C=C1,27441433,COC(=O)C(=O)CC(=O)c1ccc(Br)cc1-n1nncc1-c1ccc(OC(F)(F)F)cc1,0
COC(=O)C1=NN(C)C(=C1)C1=C(C=C(Br)C=C1)N1N=NC=C1C1=CC=C(OC(F)(F)F)C=C1,27441434,COC(=O)c1cc(-c2ccc(Br)cc2-n2nncc2-c2ccc(OC(F)(F)F)cc2)n(C)n1,0
O\N=C(/Cl)C1=C(F)C=CC(Br)=C1,27444580,O/N=C(\Cl)c1cc(Br)ccc1F,0
OC1=C(Br)C(OC2CCCCO2)=CC=C1,27465721,Oc1cccc(OC2CCCCO2)c1Br,0
FC1=C(C=CC=C1)C(Cl)C1=CC=C(Br)C=C1,27467434,Fc1ccccc1C(Cl)c1ccc(Br)cc1,0
CCOC(=O)C1=C(N)N(N=C1)C1=CC=CC(Br)=C1,27521554,CCOC(=O)c1cnn(-c2cccc(Br)c2)c1N,0
CC[C@@H](N1OC[C@@H]2COC[C@]12C1=C(F)C=CC(Br)=C1)C1=CC=CC=C1,27574969,CC[C@H](c1ccccc1)N1OC[C@@H]2COC[C@@]21c1cc(Br)ccc1F,0
FC1=CC=CC(F)=C1S(=O)(=O)NC1=C(F)C(Br)=CC=C1,27594188,O=S(=O)(Nc1cccc(Br)c1F)c1c(F)cccc1F,0
CC1=C(C#N)C(F)=CC(Br)=C1,27736535,Cc1cc(Br)cc(F)c1C#N,0
CC(C)(C)C1=CC=CC=C1OC1=CC=C(Br)C=C1N(=O)=O,27751326,CC(C)(C)c1ccccc1Oc1ccc(Br)cc1[N+](=O)[O-],0
CC(C)(C)C1=CC=CC=C1OC1=CC=C(Br)C=C1N,27751348,CC(C)(C)c1ccccc1Oc1ccc(Br)cc1N,0
ClC1=NC=NC=C1C(=O)C1=NN(CC2=CC=CC(Br)=C2)C=C1,27763129,O=C(c1ccn(Cc2cccc(Br)c2)n1)c1cncnc1Cl,0
NS(=O)(=O)OC[C@H]1C[C@H](C[C@@H]1O)NC1=NC=NC=C1C(=O)C1=NN(CC2=CC=CC(Br)=C2)C=C1,27763132,NS(=O)(=O)OC[C@H]1C[C@@H](Nc2ncncc2C(=O)c2ccn(Cc3cccc(Br)c3)n2)C[C@@H]1O,0
COC(=O)CC1=CC=CC=C1NC(=O)C1=CC(Br)=CC=C1,27776751,COC(=O)Cc1ccccc1NC(=O)c1cccc(Br)c1,0
COC(=O)CC1=C(OCC2=CC(Br)=CC=C2)C=CC=C1,27776987,COC(=O)Cc1ccccc1OCc1cccc(Br)c1,0
CC(C)(C)OC(=O)CC1=C(OCC2=CC(Br)=CC(CO)=C2)C=CC=C1,27777049,CC(C)(C)OC(=O)Cc1ccccc1OCc1cc(Br)cc(CO)c1,0
CCOC(=O)C1=NN=C(O1)C1=CC=C(Br)C=C1,27805718,CCOC(=O)c1nnc(-c2ccc(Br)cc2)o1,0
COC1=CC(NC(C)=O)=C(Br)C=C1C=O,27810041,COc1cc(NC(C)=O)c(Br)cc1C=O,0
COC1=C(Br)C=CC(NC(=O)[C@@H](CC(C)C)NC(=O)OC(C)(C)C)=C1,27810098,COc1cc(NC(=O)[C@@H](CC(C)C)NC(=O)OC(C)(C)C)ccc1Br,0
CCOC(=O)C1=C(N)C=C(Br)C(OC(F)(F)F)=C1,27866815,CCOC(=O)c1cc(OC(F)(F)F)c(Br)cc1N,0
CCOC(=O)C1=C(N)C(F)=C(Br)C(OC(F)(F)F)=C1,27866816,CCOC(=O)c1cc(OC(F)(F)F)c(Br)c(F)c1N,0
COC(=O)[C@@H]1CCCC[C@H]1C(=O)C(Cl)C1=CC=C(Br)C=C1,27959601,COC(=O)[C@@H]1CCCC[C@H]1C(=O)C(Cl)c1ccc(Br)cc1,0
OC(=O)[C@@H]1CCCC[C@H]1C1=C(N=C(O1)C1=CC(F)=C(F)C=C1)C1=CC=C(Br)C=C1,27959606,O=C(O)[C@@H]1CCCC[C@H]1c1oc(-c2ccc(F)c(F)c2)nc1-c1ccc(Br)cc1,0
OC(=O)[C@@H]1CCCC[C@H]1C1=C(N=C(O1)C1=CC(Cl)=CC=C1)C1=CC=C(Br)C=C1,27959631,O=C(O)[C@@H]1CCCC[C@H]1c1oc(-c2cccc(Cl)c2)nc1-c1ccc(Br)cc1,0
COC(=O)[C@@H]1CCCC[C@H]1C(=O)C(NC(=O)C1=CC=C(F)C=C1)C1=CC=C(Br)C=C1,27959640,COC(=O)[C@@H]1CCCC[C@H]1C(=O)C(NC(=O)c1ccc(F)cc1)c1ccc(Br)cc1,0
COC(=O)[C@@H]1CCCC[C@H]1C1=C(N=C(O1)C1=CC=C(F)C=C1)C1=CC=C(Br)C=C1,27959641,COC(=O)[C@@H]1CCCC[C@H]1c1oc(-c2ccc(F)cc2)nc1-c1ccc(Br)cc1,0
CC1=CC=CC2=C1C(CC1=CC=C(Br)C=C1)=CN2,28010160,Cc1cccc2[nH]cc(Cc3ccc(Br)cc3)c12,0
CC1=CC=CC2=C1C(CC1=CC=C(Br)C=C1)CN2,28010163,Cc1cccc2c1C(Cc1ccc(Br)cc1)CN2,0
CCOC(=O)C1=NN(C(\N=C\N(C)C)=C1C=O)C1=CC(Br)=CC=C1,28040241,CCOC(=O)c1nn(-c2cccc(Br)c2)c(/N=C/N(C)C)c1C=O,0
CCOC(=O)C1=NN(C(N)=C1C=O)C1=CC(Br)=CC=C1,28040242,CCOC(=O)c1nn(-c2cccc(Br)c2)c(N)c1C=O,0
CCOC(=O)C1=NN(C(N)=C1)C1=CC(Br)=CC=C1,28040553,CCOC(=O)c1cc(N)n(-c2cccc(Br)c2)n1,0
COC(=O)C1=NN(C2=CC=C(CO)C=C12)C1=CC(Br)=CC=C1,28040692,COC(=O)c1nn(-c2cccc(Br)c2)c2ccc(CO)cc12,0
CC(C)(C)[Si](C)(C)OCC1=CC(Br)=CC(=C1)B1OC(C)(C)C(C)(C)O1,28040710,CC1(C)OB(c2cc(Br)cc(CO[Si](C)(C)C(C)(C)C)c2)OC1(C)C,0
COC(=O)C1=NN(C2=NC=C(C=C12)C1CNC1)C1=CC(Br)=CC=C1,28040809,COC(=O)c1nn(-c2cccc(Br)c2)c2ncc(C3CNC3)cc12,0
COC(=O)C1=NN(C2=NC=C(C=C12)C1CN(C1)C(C)=O)C1=CC(Br)=CC=C1,28040810,COC(=O)c1nn(-c2cccc(Br)c2)c2ncc(C3CN(C(C)=O)C3)cc12,0
CC(=O)N1CC(C1)C1=CN=C2N(N=C(C(N)=O)C2=C1)C1=CC(Br)=CC=C1,28040811,CC(=O)N1CC(c2cnc3c(c2)c(C(N)=O)nn3-c2cccc(Br)c2)C1,0
CC(C)OC1=C(C=O)C=C(Br)C=C1F,28092894,CC(C)Oc1c(F)cc(Br)cc1C=O,0
COC1=C(OC(C)C)C(F)=CC(Br)=C1,28092896,COc1cc(Br)cc(F)c1OC(C)C,0
BrC1=CC=C(CNCC#C)C=C1,28223345,C#CCNCc1ccc(Br)cc1,0
FC1=C(C=CC(Br)=C1C#N)C(F)(F)F,28583922,N#Cc1c(Br)ccc(C(F)(F)F)c1F,0
COC(=O)\C=C(/CCC(C)C)NC1=CC=C(Br)C=C1,28714710,COC(=O)/C=C(\CCC(C)C)Nc1ccc(Br)cc1,0
NC1=CC=CC2=C1N(C1=C(Br)C=CC=C1)C1=C(O2)C=CC=C1,28739702,Nc1cccc2c1N(c1ccccc1Br)c1ccccc1O2,0
CCC1=CC(=CC(Br)=C1)C(=O)OC,28755307,CCc1cc(Br)cc(C(=O)OC)c1,0
CCOC(=O)C(C)(CC1CC(=NO1)C1=CC(F)=C(Br)C=C1)S(C)(=O)=O,28821615,CCOC(=O)C(C)(CC1CC(c2ccc(Br)c(F)c2)=NO1)S(C)(=O)=O,0
OC(=O)C1=C(OC=N1)C1=C(F)C=C(Br)C(F)=C1,28831840,O=C(O)c1ncoc1-c1cc(F)c(Br)cc1F,0
CC(O)C1=C(Br)C=CC(Cl)=C1,28888111,CC(O)c1cc(Cl)ccc1Br,0
CC(=C)C1=CC(Cl)=CC=C1Br,28888112,C=C(C)c1cc(Cl)ccc1Br,0
CCN1C(=O)C2=C3C1=CC=C(NS(=O)(=O)C1=C(OC)C=CC(Br)=C1)C3=CC=C2,29196191,CCN1C(=O)c2cccc3c(NS(=O)(=O)c4cc(Br)ccc4OC)ccc1c23,0
COC(=O)C1=C(C)C=C(Br)C(Cl)=C1,29346483,COC(=O)c1cc(Cl)c(Br)cc1C,0
OC(=O)C1=C(Br)C=CC(CN2CCOC3=C(C(F)=CC(=C3)C3CC3)C2=O)=C1,29347851,O=C(O)c1cc(CN2CCOc3cc(C4CC4)cc(F)c3C2=O)ccc1Br,0
OCC1=C(Br)C=CC(CN2CCOC3=C(C(F)=CC(=C3)C3CC3)C2=O)=C1,29347852,O=C1c2c(F)cc(C3CC3)cc2OCCN1Cc1ccc(Br)c(CO)c1,0
CC(C)(C)OC(=O)N(CC(O)=O)C1=CC=C(Br)C=C1,29443199,CC(C)(C)OC(=O)N(CC(=O)O)c1ccc(Br)cc1,0
BrC1=CC=C(NC2CCC2)C(=C1)N(=O)=O,29467274,O=[N+]([O-])c1cc(Br)ccc1NC1CCC1,0
NC1=C(C=C(Br)C=C1N(=O)=O)C(=O)N1CCOCC1,29525202,Nc1c(C(=O)N2CCOCC2)cc(Br)cc1[N+](=O)[O-],0
CC1=CC(Br)=CC(C=O)=C1SC(C)(C)C,29683576,Cc1cc(Br)cc(C=O)c1SC(C)(C)C,0
CN(C)C=CC(=O)C1=CC(Cl)=CC(Br)=C1O,29714604,CN(C)C=CC(=O)c1cc(Cl)cc(Br)c1O,0
CC(C)(C)OC(=O)CC1=C(OCC2=CC(Br)=CC(C=O)=C2)C=CC=C1,29750802,CC(C)(C)OC(=O)Cc1ccccc1OCc1cc(Br)cc(C=O)c1,0
COC(=O)C1=CC(Br)=CC(COC2=C(CC(=O)OC(C)(C)C)C=CC=C2)=C1,29750804,COC(=O)c1cc(Br)cc(COc2ccccc2CC(=O)OC(C)(C)C)c1,0
CC(C)(C)OC(=O)N1CCC(CC1)OC1=C(Br)C=C(C=O)C=C1,30031731,CC(C)(C)OC(=O)N1CCC(Oc2ccc(C=O)cc2Br)CC1,0
OC1=C(Br)C=C(C=C2SC(=O)NC2=O)C=C1,30286876,O=C1NC(=O)C(=Cc2ccc(O)c(Br)c2)S1,0
COC(=O)CC(NC(=O)N(CCCl)C1=CC(OC)=C(Br)C=C1)C1=CC(OC)=CC=C1,30356663,COC(=O)CC(NC(=O)N(CCCl)c1ccc(Br)c(OC)c1)c1cccc(OC)c1,0
COC1=CC=CC(CN2CC(N(C2=O)C2=CC=C(Br)C=C2)C(O)=O)=C1,30356761,COc1cccc(CN2CC(C(=O)O)N(c3ccc(Br)cc3)C2=O)c1,0
COC(CNC(=O)NC1=CC=C(Br)C=C1)OC,30356871,COC(CNC(=O)Nc1ccc(Br)cc1)OC,0
CCOC(=O)C(Cl)CN(CC1=CC(OC)=CC=C1)C(=O)NC1=CC=C(Br)C=C1,30356872,CCOC(=O)C(Cl)CN(Cc1cccc(OC)c1)C(=O)Nc1ccc(Br)cc1,0
COC1=CC=CC(=C1)C(N1CCN(C1=O)C1=CC=C(Br)C=C1)C(O)=O,30356894,COc1cccc(C(C(=O)O)N2CCN(c3ccc(Br)cc3)C2=O)c1,0
COC(=O)C(C)(N1CCN(C1=O)C1=CC=C(Br)C=C1)C1=CC(OC)=CC=C1,30357030,COC(=O)C(C)(c1cccc(OC)c1)N1CCN(c2ccc(Br)cc2)C1=O,0
COC1=CC=CC(=C1)C(C)(N1CCN(C1=O)C1=CC=C(Br)C=C1)C(O)=O,30357031,COc1cccc(C(C)(C(=O)O)N2CCN(c3ccc(Br)cc3)C2=O)c1,0
FC1=C(Br)C=C(C(I)=C1)N(=O)=O,30592147,O=[N+]([O-])c1cc(Br)c(F)cc1I,0
CCC(CC)NC(=O)COC1=CC(Br)=CC=C1,30611043,CCC(CC)NC(=O)COc1cccc(Br)c1,0
CC(C)(C)OC(=O)C1CC(O)(C1)C1=CC(F)=C(Br)C=C1,30701891,CC(C)(C)OC(=O)C1CC(O)(c2ccc(Br)c(F)c2)C1,0
COC1=CC(Br)=C(Cl)C(N)=C1C(O)=O,30745068,COc1cc(Br)c(Cl)c(N)c1C(=O)O,0
BrC1=CC=CC(=C1)S(=O)(=O)N=N#N,31133719,[N-]=[N+]=NS(=O)(=O)c1cccc(Br)c1,0
FC(F)C1=CC=CC(Br)=C1C=O,31160746,O=Cc1c(Br)cccc1C(F)F,0
BrC1=CC=CC(OC2COC2)=C1,31855300,Brc1cccc(OC2COC2)c1,0
CC1(C)CN(NC1=O)C1=CC=CC(Br)=C1,31887731,CC1(C)CN(c2cccc(Br)c2)NC1=O,0
CC(=C)C(=O)NC1=C(I)C=C(Br)C=C1,31891235,C=C(C)C(=O)Nc1ccc(Br)cc1I,0
OC(=O)C1=C(OC2=C(F)C=CC=C2)C=C(Br)C=C1,32161371,O=C(O)c1ccc(Br)cc1Oc1ccccc1F,0
COC1=CC=C(Br)C(C=O)=C1N,32470075,COc1ccc(Br)c(C=O)c1N,0
NC1=CC(Br)=C(F)C=C1I,32633571,Nc1cc(Br)c(F)cc1I,0
COC1=C(Br)C=CC=C1C1=NN(C)C=N1,32706363,COc1c(Br)cccc1-c1ncn(C)n1,0
COC(=O)C1=CC(Br)=C(C=C1C)C(F)(F)F,32719015,COC(=O)c1cc(Br)c(C(F)(F)F)cc1C,0
COC(=O)C1=C(N)C(Br)=CC(=C1)C#N,32730746,COC(=O)c1cc(C#N)cc(Br)c1N,0
COC1=CC(CO)=C(N)C(Br)=C1,32730755,COc1cc(Br)c(N)c(CO)c1,0
COC1=CC(C=O)=C(N)C(Br)=C1,32730756,COc1cc(Br)c(N)c(C=O)c1,0
COC1=C(Br)C(F)=C(N)C=C1,32841591,COc1ccc(N)c(F)c1Br,0
NC1=NN=C(N1)SCC1=CC=C(Br)C=C1,32856809,Nc1nnc(SCc2ccc(Br)cc2)[nH]1,0
CC1=CC(F)=C(Br)C=C1I,32940978,Cc1cc(F)c(Br)cc1I,0
CC(C)(C)OC(=O)N1CCN(CC1)C1=CC(N)=C(Br)C=C1,33078416,CC(C)(C)OC(=O)N1CCN(c2ccc(Br)c(N)c2)CC1,0
OC1=C(I)C=C(Cl)C(Br)=C1,33320343,Oc1cc(Br)c(Cl)cc1I,0
BrC1=CC=C(NC(=O)C#CC2=CC=CC=C2)C=C1,33390430,O=C(C#Cc1ccccc1)Nc1ccc(Br)cc1,0
OC(=O)C1=CC(O)=CC(Br)=C1Cl,33425159,O=C(O)c1cc(O)cc(Br)c1Cl,0
BrC1=CC=CC(=C1)N1CCOCC1=O,33503946,O=C1COCCN1c1cccc(Br)c1,0
CC1=CC(Br)=CC(=C1C#N)C(F)(F)F,33636114,Cc1cc(Br)cc(C(F)(F)F)c1C#N,0
COC(=O)C1=CC(Br)=C(OC)C=C1CBr,33696483,COC(=O)c1cc(Br)c(OC)cc1CBr,0
COC(=O)C1=C(C=CC(NS(=O)(=O)C2=CC(Cl)=CC(Cl)=C2)=C1)S(=O)(=O)NC1=C(C)C=C(F)C(Br)=C1,33716161,COC(=O)c1cc(NS(=O)(=O)c2cc(Cl)cc(Cl)c2)ccc1S(=O)(=O)Nc1cc(Br)c(F)cc1C,0
COC(=O)C1=CC(Cl)=C(Br)C(OC)=C1,34249847,COC(=O)c1cc(Cl)c(Br)c(OC)c1,0
CC1=CC(F)=CC(Br)=C1F,34342681,Cc1cc(F)cc(Br)c1F,0
COC(=O)C1=C(I)C=CC=C1Br,34456074,COC(=O)c1c(Br)cccc1I,0
CC(CC1=CC(Br)=CC=C1C)C(O)=O,34572078,Cc1ccc(Br)cc1CC(C)C(=O)O,0
FC(F)(C#N)C1=CC=C(Br)C(Cl)=C1,34607975,N#CC(F)(F)c1ccc(Br)c(Cl)c1,0
ClC1=CC(I)=CC(Br)=C1Cl,34633507,Clc1cc(I)cc(Br)c1Cl,0
CC(C)(C)OC(=O)N1CCC2(CC1)NC(=S)C(=N2)C1=CC=C(Br)C=C1,35078726,CC(C)(C)OC(=O)N1CCC2(CC1)N=C(c1ccc(Br)cc1)C(=S)N2,0
CC(C)(C)C#CC1=CC=C(Br)C=C1Cl,35080430,CC(C)(C)C#Cc1ccc(Br)cc1Cl,0
CC(C)(C)CC(O)C1=CC=C(Br)C=C1Cl,35080480,CC(C)(C)CC(O)c1ccc(Br)cc1Cl,0
BrCC1(CC1)C1=CC=CC(Br)=C1,35104728,BrCC1(c2cccc(Br)c2)CC1,0
BrC1=CC=CC(=C1)C1(CC#N)CC1,35104730,N#CCC1(c2cccc(Br)c2)CC1,0
OC(=O)CC1(CC1)C1=CC(Br)=CC=C1,35104731,O=C(O)CC1(c2cccc(Br)c2)CC1,0
CC(C)(C)OC(=O)N1CCC(CC2=C(Br)C=CC=C2)(CC1)C(O)=O,35220963,CC(C)(C)OC(=O)N1CCC(Cc2ccccc2Br)(C(=O)O)CC1,0
COC(=O)C1=CC(C)=NC(=C1)C1=C(OCCC[C@@H](C)CNC2=CC(Br)=CC=C2N(=O)=O)N(C)N=C1,35233988,COC(=O)c1cc(C)nc(-c2cnn(C)c2OCCC[C@@H](C)CNc2cc(Br)ccc2[N+](=O)[O-])c1,0
BrC1=CC=CC=C1CN1C(=O)C=NC2=C1C=CC=C2,35316704,O=c1cnc2ccccc2n1Cc1ccccc1Br,0
CC1=C(N)C(Br)=C(F)C(F)=C1,35487712,Cc1cc(F)c(F)c(Br)c1N,0
FC1=CC(Br)=C(C=C1S(Cl)(=O)=O)C(Cl)=O,35619815,O=C(Cl)c1cc(S(=O)(=O)Cl)c(F)cc1Br,0
OB(O)C1=C(Br)C=CC(Cl)=C1F,35664659,OB(O)c1c(Br)ccc(Cl)c1F,0
CCOC(=O)\C=C\COC1=C(Br)C=CC=C1OC,35826718,CCOC(=O)/C=C/COc1c(Br)cccc1OC,0
CC(=O)C1=C(C=C(Br)C=C1)C(O)=O,35863310,CC(=O)c1ccc(Br)cc1C(=O)O,0
CC(C)C(=O)C1=C(F)C(Br)=CC=C1,36111337,CC(C)C(=O)c1cccc(Br)c1F,0
CC(C)(C(O)=O)C1=C(Br)C=C(Cl)C=C1,36169031,CC(C)(C(=O)O)c1ccc(Cl)cc1Br,0
CC(O)C1=CC(Br)=CC=C1N1C=CC=N1,36255884,CC(O)c1cc(Br)ccc1-n1cccn1,0
COC(=O)C1=CC=C(Br)C(OCC=C)=C1,36424028,C=CCOc1cc(C(=O)OC)ccc1Br,0
CCOC(=O)C1=NN(C(OC)=C1)C1=CC=C(Br)C=C1,36557496,CCOC(=O)c1cc(OC)n(-c2ccc(Br)cc2)n1,0
FC1=CC2=C(NC3=CC(Br)=C(Cl)C=C3)N=CN=C2C=N1,36717937,Fc1cc2c(Nc3ccc(Cl)c(Br)c3)ncnc2cn1,0
FC(F)C1=CC(Br)=CC(I)=C1,37545402,FC(F)c1cc(Br)cc(I)c1,0
CC1(C)OB(OC1(C)C)C1=CC=CC(Br)=C1Cl,37700611,CC1(C)OB(c2cccc(Br)c2Cl)OC1(C)C,0
CCOC1=C(C=C(C)C(Br)=C1)N(=O)=O,38783211,CCOc1cc(Br)c(C)cc1[N+](=O)[O-],0
OC1(C2=CC=CC=C2Br)C2=C(C=CC=C2)C2=C(C=CC=C2)C2=C1C=CC=C2,39657564,OC1(c2ccccc2Br)c2ccccc2-c2ccccc2-c2ccccc21,0
COC1=CC=C(F)C=C1C(=O)NCC1=CC=C(Br)C=C1,39918152,COc1ccc(F)cc1C(=O)NCc1ccc(Br)cc1,0